ISO-10303-21;
HEADER;
/* Generated by software containing ST-Developer
 * from STEP Tools, Inc. (www.steptools.com) 
 */

FILE_DESCRIPTION(
/* description */ (''),
/* implementation_level */ '2;1');

FILE_NAME(
/* name */ 'k1.25.step',
/* time_stamp */ '2026-05-03T22:42:17-07:00',
/* author */ (''),
/* organization */ (''),
/* preprocessor_version */ 'ST-DEVELOPER v20.1',
/* originating_system */ 'Autodesk Translation Framework v14.24.0.0',
/* authorisation */ '');

FILE_SCHEMA (('AUTOMOTIVE_DESIGN { 1 0 10303 214 3 1 1 }'));
ENDSEC;

DATA;
#10=MECHANICAL_DESIGN_GEOMETRIC_PRESENTATION_REPRESENTATION('',(#191,#192),
#2321);
#11=SHAPE_REPRESENTATION_RELATIONSHIP('SRR','None',#2328,#12);
#12=ADVANCED_BREP_SHAPE_REPRESENTATION('',(#13),#2320);
#13=MANIFOLD_SOLID_BREP('Body61',#190);
#14=CYLINDRICAL_SURFACE('',#995,2.7);
#15=FACE_BOUND('',#272,.T.);
#16=FACE_BOUND('',#278,.T.);
#17=(
BOUNDED_SURFACE()
B_SPLINE_SURFACE(1,2,((#1820,#1821,#1822),(#1823,#1824,#1825)),
 .UNSPECIFIED.,.F.,.F.,.F.)
B_SPLINE_SURFACE_WITH_KNOTS((2,2),(3,3),(-4.33445599315944E-12,0.72645139554844),
(-1.26136986183862E-13,0.474580885357505),.UNSPECIFIED.)
GEOMETRIC_REPRESENTATION_ITEM()
RATIONAL_B_SPLINE_SURFACE(((1.,0.971978477321387,1.),(1.,0.971978477321387,
1.)))
REPRESENTATION_ITEM('')
SURFACE()
);
#18=CIRCLE('',#982,0.249999999999729);
#19=CIRCLE('',#983,0.25);
#20=CIRCLE('',#984,0.250000000000002);
#21=CIRCLE('',#985,0.249999999999999);
#22=CIRCLE('',#986,0.250000000002325);
#23=CIRCLE('',#987,0.250000000000001);
#24=CIRCLE('',#988,0.250000000000002);
#25=CIRCLE('',#989,0.250000000000002);
#26=CIRCLE('',#991,0.250000000000002);
#27=CIRCLE('',#993,0.250000000000002);
#28=CIRCLE('',#996,2.7);
#29=CIRCLE('',#997,2.7);
#30=CIRCLE('',#998,2.7);
#31=CIRCLE('',#999,2.7);
#32=CIRCLE('',#1000,2.7);
#33=CIRCLE('',#1001,2.7);
#34=LINE('',#1199,#98);
#35=LINE('',#1201,#99);
#36=LINE('',#1203,#100);
#37=LINE('',#1219,#101);
#38=LINE('',#1221,#102);
#39=LINE('',#1223,#103);
#40=LINE('',#1251,#104);
#41=LINE('',#1253,#105);
#42=LINE('',#1262,#106);
#43=LINE('',#1263,#107);
#44=LINE('',#1625,#108);
#45=LINE('',#1633,#109);
#46=LINE('',#1634,#110);
#47=LINE('',#1636,#111);
#48=LINE('',#1637,#112);
#49=LINE('',#1640,#113);
#50=LINE('',#1641,#114);
#51=LINE('',#1643,#115);
#52=LINE('',#1644,#116);
#53=LINE('',#1663,#117);
#54=LINE('',#1665,#118);
#55=LINE('',#1667,#119);
#56=LINE('',#1991,#120);
#57=LINE('',#1993,#121);
#58=LINE('',#2012,#122);
#59=LINE('',#2013,#123);
#60=LINE('',#2035,#124);
#61=LINE('',#2039,#125);
#62=LINE('',#2040,#126);
#63=LINE('',#2065,#127);
#64=LINE('',#2164,#128);
#65=LINE('',#2179,#129);
#66=LINE('',#2187,#130);
#67=LINE('',#2189,#131);
#68=LINE('',#2193,#132);
#69=LINE('',#2202,#133);
#70=LINE('',#2207,#134);
#71=LINE('',#2209,#135);
#72=LINE('',#2211,#136);
#73=LINE('',#2213,#137);
#74=LINE('',#2215,#138);
#75=LINE('',#2217,#139);
#76=LINE('',#2219,#140);
#77=LINE('',#2221,#141);
#78=LINE('',#2223,#142);
#79=LINE('',#2225,#143);
#80=LINE('',#2227,#144);
#81=LINE('',#2228,#145);
#82=LINE('',#2230,#146);
#83=LINE('',#2231,#147);
#84=LINE('',#2233,#148);
#85=LINE('',#2235,#149);
#86=LINE('',#2237,#150);
#87=LINE('',#2239,#151);
#88=LINE('',#2241,#152);
#89=LINE('',#2243,#153);
#90=LINE('',#2245,#154);
#91=LINE('',#2247,#155);
#92=LINE('',#2249,#156);
#93=LINE('',#2251,#157);
#94=LINE('',#2265,#158);
#95=LINE('',#2268,#159);
#96=LINE('',#2299,#160);
#97=LINE('',#2302,#161);
#98=VECTOR('',#1027,1.);
#99=VECTOR('',#1028,1.);
#100=VECTOR('',#1029,1.);
#101=VECTOR('',#1030,1.);
#102=VECTOR('',#1031,1.);
#103=VECTOR('',#1032,1.);
#104=VECTOR('',#1035,1.);
#105=VECTOR('',#1036,1.);
#106=VECTOR('',#1037,1.);
#107=VECTOR('',#1038,1.);
#108=VECTOR('',#1041,1.);
#109=VECTOR('',#1042,1.);
#110=VECTOR('',#1043,1.);
#111=VECTOR('',#1044,1.);
#112=VECTOR('',#1045,1.);
#113=VECTOR('',#1048,1.);
#114=VECTOR('',#1049,1.);
#115=VECTOR('',#1050,1.);
#116=VECTOR('',#1051,1.);
#117=VECTOR('',#1052,10.5675730862134);
#118=VECTOR('',#1053,1.);
#119=VECTOR('',#1054,10.0748128051564);
#120=VECTOR('',#1067,10.4865123828692);
#121=VECTOR('',#1068,10.5675730862227);
#122=VECTOR('',#1071,1.);
#123=VECTOR('',#1072,10.074812805169);
#124=VECTOR('',#1073,1.);
#125=VECTOR('',#1078,1.);
#126=VECTOR('',#1079,10.45227248018);
#127=VECTOR('',#1086,1.);
#128=VECTOR('',#1087,1.);
#129=VECTOR('',#1094,1.);
#130=VECTOR('',#1097,1.);
#131=VECTOR('',#1098,1.);
#132=VECTOR('',#1101,3.);
#133=VECTOR('',#1106,1.);
#134=VECTOR('',#1111,1.);
#135=VECTOR('',#1112,1.);
#136=VECTOR('',#1113,1.);
#137=VECTOR('',#1114,1.);
#138=VECTOR('',#1115,1.);
#139=VECTOR('',#1116,1.);
#140=VECTOR('',#1117,1.);
#141=VECTOR('',#1118,1.);
#142=VECTOR('',#1119,1.);
#143=VECTOR('',#1120,1.);
#144=VECTOR('',#1121,1.);
#145=VECTOR('',#1122,1.);
#146=VECTOR('',#1125,1.);
#147=VECTOR('',#1126,1.);
#148=VECTOR('',#1129,1.);
#149=VECTOR('',#1132,1.);
#150=VECTOR('',#1135,1.);
#151=VECTOR('',#1138,1.);
#152=VECTOR('',#1141,1.);
#153=VECTOR('',#1144,1.);
#154=VECTOR('',#1147,1.);
#155=VECTOR('',#1150,1.);
#156=VECTOR('',#1153,1.);
#157=VECTOR('',#1156,1.);
#158=VECTOR('',#1161,1.);
#159=VECTOR('',#1166,1.);
#160=VECTOR('',#1171,1.);
#161=VECTOR('',#1176,1.);
#162=PLANE('',#978);
#163=PLANE('',#979);
#164=PLANE('',#980);
#165=PLANE('',#981);
#166=PLANE('',#990);
#167=PLANE('',#992);
#168=PLANE('',#994);
#169=PLANE('',#1002);
#170=PLANE('',#1003);
#171=PLANE('',#1004);
#172=PLANE('',#1005);
#173=PLANE('',#1006);
#174=PLANE('',#1007);
#175=PLANE('',#1008);
#176=PLANE('',#1009);
#177=PLANE('',#1010);
#178=PLANE('',#1011);
#179=PLANE('',#1012);
#180=PLANE('',#1013);
#181=PLANE('',#1014);
#182=PLANE('',#1015);
#183=PLANE('',#1016);
#184=PLANE('',#1017);
#185=PLANE('',#1018);
#186=PLANE('',#1019);
#187=PLANE('',#1020);
#188=PLANE('',#1021);
#189=PLANE('',#1022);
#190=CLOSED_SHELL('',(#910,#911,#912,#913,#914,#915,#916,#917,#918,#919,
#920,#921,#922,#923,#924,#925,#926,#927,#928,#929,#930,#931,#932,#933,#934,
#935,#936,#937,#938,#939,#940,#941,#942,#943,#944,#945,#946,#947,#948,#949,
#950,#951,#952,#953,#954,#955,#956,#957,#958,#959,#960,#961,#962));
#191=STYLED_ITEM('',(#2338),#964);
#192=STYLED_ITEM('',(#2338),#13);
#193=FACE_OUTER_BOUND('',#247,.T.);
#194=FACE_OUTER_BOUND('',#248,.T.);
#195=FACE_OUTER_BOUND('',#249,.T.);
#196=FACE_OUTER_BOUND('',#250,.T.);
#197=FACE_OUTER_BOUND('',#251,.T.);
#198=FACE_OUTER_BOUND('',#252,.T.);
#199=FACE_OUTER_BOUND('',#253,.T.);
#200=FACE_OUTER_BOUND('',#254,.T.);
#201=FACE_OUTER_BOUND('',#255,.T.);
#202=FACE_OUTER_BOUND('',#256,.T.);
#203=FACE_OUTER_BOUND('',#257,.T.);
#204=FACE_OUTER_BOUND('',#258,.T.);
#205=FACE_OUTER_BOUND('',#259,.T.);
#206=FACE_OUTER_BOUND('',#260,.T.);
#207=FACE_OUTER_BOUND('',#261,.T.);
#208=FACE_OUTER_BOUND('',#262,.T.);
#209=FACE_OUTER_BOUND('',#263,.T.);
#210=FACE_OUTER_BOUND('',#264,.T.);
#211=FACE_OUTER_BOUND('',#265,.T.);
#212=FACE_OUTER_BOUND('',#266,.T.);
#213=FACE_OUTER_BOUND('',#267,.T.);
#214=FACE_OUTER_BOUND('',#268,.T.);
#215=FACE_OUTER_BOUND('',#269,.T.);
#216=FACE_OUTER_BOUND('',#270,.T.);
#217=FACE_OUTER_BOUND('',#271,.T.);
#218=FACE_OUTER_BOUND('',#273,.T.);
#219=FACE_OUTER_BOUND('',#274,.T.);
#220=FACE_OUTER_BOUND('',#275,.T.);
#221=FACE_OUTER_BOUND('',#276,.T.);
#222=FACE_OUTER_BOUND('',#277,.T.);
#223=FACE_OUTER_BOUND('',#279,.T.);
#224=FACE_OUTER_BOUND('',#280,.T.);
#225=FACE_OUTER_BOUND('',#281,.T.);
#226=FACE_OUTER_BOUND('',#282,.T.);
#227=FACE_OUTER_BOUND('',#283,.T.);
#228=FACE_OUTER_BOUND('',#284,.T.);
#229=FACE_OUTER_BOUND('',#285,.T.);
#230=FACE_OUTER_BOUND('',#286,.T.);
#231=FACE_OUTER_BOUND('',#287,.T.);
#232=FACE_OUTER_BOUND('',#288,.T.);
#233=FACE_OUTER_BOUND('',#289,.T.);
#234=FACE_OUTER_BOUND('',#290,.T.);
#235=FACE_OUTER_BOUND('',#291,.T.);
#236=FACE_OUTER_BOUND('',#292,.T.);
#237=FACE_OUTER_BOUND('',#293,.T.);
#238=FACE_OUTER_BOUND('',#294,.T.);
#239=FACE_OUTER_BOUND('',#295,.T.);
#240=FACE_OUTER_BOUND('',#296,.T.);
#241=FACE_OUTER_BOUND('',#297,.T.);
#242=FACE_OUTER_BOUND('',#298,.T.);
#243=FACE_OUTER_BOUND('',#299,.T.);
#244=FACE_OUTER_BOUND('',#300,.T.);
#245=FACE_OUTER_BOUND('',#301,.T.);
#246=FACE_OUTER_BOUND('',#302,.T.);
#247=EDGE_LOOP('',(#603,#604,#605,#606));
#248=EDGE_LOOP('',(#607,#608,#609,#610,#611,#612,#613,#614));
#249=EDGE_LOOP('',(#615,#616,#617,#618,#619,#620,#621,#622));
#250=EDGE_LOOP('',(#623,#624,#625,#626,#627,#628,#629,#630,#631,#632,#633,
#634));
#251=EDGE_LOOP('',(#635,#636,#637,#638,#639));
#252=EDGE_LOOP('',(#640,#641,#642,#643,#644));
#253=EDGE_LOOP('',(#645,#646,#647,#648,#649));
#254=EDGE_LOOP('',(#650,#651,#652,#653,#654,#655,#656,#657));
#255=EDGE_LOOP('',(#658,#659,#660,#661,#662,#663,#664,#665));
#256=EDGE_LOOP('',(#666,#667,#668,#669));
#257=EDGE_LOOP('',(#670,#671,#672,#673));
#258=EDGE_LOOP('',(#674,#675,#676,#677));
#259=EDGE_LOOP('',(#678,#679,#680,#681));
#260=EDGE_LOOP('',(#682,#683,#684,#685));
#261=EDGE_LOOP('',(#686,#687,#688,#689,#690,#691,#692,#693));
#262=EDGE_LOOP('',(#694,#695,#696,#697));
#263=EDGE_LOOP('',(#698,#699,#700,#701));
#264=EDGE_LOOP('',(#702,#703,#704,#705));
#265=EDGE_LOOP('',(#706,#707,#708,#709));
#266=EDGE_LOOP('',(#710,#711,#712,#713));
#267=EDGE_LOOP('',(#714,#715,#716,#717));
#268=EDGE_LOOP('',(#718,#719,#720,#721));
#269=EDGE_LOOP('',(#722,#723,#724,#725));
#270=EDGE_LOOP('',(#726,#727,#728,#729));
#271=EDGE_LOOP('',(#730,#731,#732,#733,#734,#735,#736,#737));
#272=EDGE_LOOP('',(#738,#739,#740,#741));
#273=EDGE_LOOP('',(#742,#743,#744,#745,#746));
#274=EDGE_LOOP('',(#747,#748,#749,#750));
#275=EDGE_LOOP('',(#751,#752,#753,#754));
#276=EDGE_LOOP('',(#755,#756,#757,#758,#759,#760,#761,#762,#763,#764,#765,
#766,#767,#768,#769,#770,#771,#772,#773,#774));
#277=EDGE_LOOP('',(#775));
#278=EDGE_LOOP('',(#776,#777,#778,#779,#780,#781,#782,#783,#784,#785,#786,
#787));
#279=EDGE_LOOP('',(#788,#789,#790,#791));
#280=EDGE_LOOP('',(#792,#793,#794,#795));
#281=EDGE_LOOP('',(#796,#797,#798,#799));
#282=EDGE_LOOP('',(#800,#801,#802,#803));
#283=EDGE_LOOP('',(#804,#805,#806,#807));
#284=EDGE_LOOP('',(#808,#809,#810,#811));
#285=EDGE_LOOP('',(#812,#813,#814,#815));
#286=EDGE_LOOP('',(#816,#817,#818,#819));
#287=EDGE_LOOP('',(#820,#821,#822,#823));
#288=EDGE_LOOP('',(#824,#825,#826,#827));
#289=EDGE_LOOP('',(#828,#829,#830,#831));
#290=EDGE_LOOP('',(#832,#833,#834,#835));
#291=EDGE_LOOP('',(#836,#837,#838,#839));
#292=EDGE_LOOP('',(#840,#841,#842,#843));
#293=EDGE_LOOP('',(#844,#845,#846,#847));
#294=EDGE_LOOP('',(#848,#849,#850,#851));
#295=EDGE_LOOP('',(#852,#853,#854,#855,#856));
#296=EDGE_LOOP('',(#857,#858,#859,#860));
#297=EDGE_LOOP('',(#861,#862,#863,#864));
#298=EDGE_LOOP('',(#865,#866,#867,#868));
#299=EDGE_LOOP('',(#869,#870,#871,#872));
#300=EDGE_LOOP('',(#873,#874,#875,#876));
#301=EDGE_LOOP('',(#877,#878,#879,#880));
#302=EDGE_LOOP('',(#881,#882,#883,#884));
#303=B_SPLINE_CURVE_WITH_KNOTS('',1,(#1186,#1187),.UNSPECIFIED.,.F.,.F.,
(2,2),(0.,0.59999999999998),.UNSPECIFIED.);
#304=B_SPLINE_CURVE_WITH_KNOTS('',1,(#1189,#1190),.UNSPECIFIED.,.F.,.F.,
(2,2),(0.,1.),.UNSPECIFIED.);
#305=B_SPLINE_CURVE_WITH_KNOTS('',1,(#1192,#1193),.UNSPECIFIED.,.F.,.F.,
(2,2),(0.,0.59999999999998),.UNSPECIFIED.);
#306=B_SPLINE_CURVE_WITH_KNOTS('',1,(#1194,#1195),.UNSPECIFIED.,.F.,.F.,
(2,2),(0.,1.),.UNSPECIFIED.);
#307=B_SPLINE_CURVE_WITH_KNOTS('',3,(#1205,#1206,#1207,#1208,#1209,#1210,
#1211,#1212,#1213,#1214,#1215,#1216,#1217),.UNSPECIFIED.,.F.,.F.,(4,3,3,
3,4),(0.0685987815928191,3.67723264955685,5.34532341833392,6.98570151681029,
7.22392709847701),.UNSPECIFIED.);
#308=B_SPLINE_CURVE_WITH_KNOTS('',3,(#1224,#1225,#1226,#1227,#1228,#1229,
#1230,#1231,#1232,#1233,#1234,#1235,#1236,#1237,#1238,#1239,#1240,#1241,
#1242),.UNSPECIFIED.,.F.,.F.,(4,3,3,3,3,3,4),(0.187260092915768,1.09191930845515,
2.8634186823291,3.77211771389608,5.19818421795239,7.07466829010069,7.4834835386164),
 .UNSPECIFIED.);
#309=B_SPLINE_CURVE_WITH_KNOTS('',3,(#1246,#1247,#1248,#1249),
 .UNSPECIFIED.,.F.,.F.,(4,4),(-4.23226333731624,-0.680012084230586),
 .UNSPECIFIED.);
#310=B_SPLINE_CURVE_WITH_KNOTS('',3,(#1255,#1256,#1257,#1258,#1259,#1260),
 .UNSPECIFIED.,.F.,.F.,(4,2,4),(0.0134591809295649,2.54166580741035,4.6586657090294),
 .UNSPECIFIED.);
#311=B_SPLINE_CURVE_WITH_KNOTS('',3,(#1264,#1265,#1266,#1267,#1268,#1269),
 .UNSPECIFIED.,.F.,.F.,(4,2,4),(0.0706442034324016,3.44398422053412,6.82033474364398),
 .UNSPECIFIED.);
#312=B_SPLINE_CURVE_WITH_KNOTS('',3,(#1288,#1289,#1290,#1291,#1292,#1293,
#1294),.UNSPECIFIED.,.F.,.F.,(4,3,4),(1.55389004232977,2.05406396399547,
2.55387234781643),.UNSPECIFIED.);
#313=B_SPLINE_CURVE_WITH_KNOTS('',3,(#1296,#1297,#1298,#1299),
 .UNSPECIFIED.,.F.,.F.,(4,4),(2.52771266147085,4.02862091758443),
 .UNSPECIFIED.);
#314=B_SPLINE_CURVE_WITH_KNOTS('',3,(#1301,#1302,#1303,#1304),
 .UNSPECIFIED.,.F.,.F.,(4,4),(0.0536127884279465,1.55389007025271),
 .UNSPECIFIED.);
#315=B_SPLINE_CURVE_WITH_KNOTS('',3,(#1306,#1307,#1308,#1309,#1310,#1311),
 .UNSPECIFIED.,.F.,.F.,(4,2,4),(1.5281861290177,2.02127251713994,2.52879163303777),
 .UNSPECIFIED.);
#316=B_SPLINE_CURVE_WITH_KNOTS('',3,(#1313,#1314,#1315,#1316),
 .UNSPECIFIED.,.F.,.F.,(4,4),(2.55386964892922,4.05414660247767),
 .UNSPECIFIED.);
#317=B_SPLINE_CURVE_WITH_KNOTS('',3,(#1318,#1319,#1320,#1321),
 .UNSPECIFIED.,.F.,.F.,(4,4),(0.0261989013529328,1.52710715739063),
 .UNSPECIFIED.);
#318=B_SPLINE_CURVE_WITH_KNOTS('',3,(#1323,#1324,#1325,#1326,#1327,#1328,
#1329),.UNSPECIFIED.,.F.,.F.,(4,3,4),(1.55388753411464,2.05369216962401,
2.55386962100115),.UNSPECIFIED.);
#319=B_SPLINE_CURVE_WITH_KNOTS('',3,(#1331,#1332,#1333,#1334),
 .UNSPECIFIED.,.F.,.F.,(4,4),(2.51543616909493,4.01634442510156),
 .UNSPECIFIED.);
#320=B_SPLINE_CURVE_WITH_KNOTS('',3,(#1336,#1337,#1338,#1339),
 .UNSPECIFIED.,.F.,.F.,(4,4),(0.0536097434026495,1.55388756203914),
 .UNSPECIFIED.);
#321=B_SPLINE_CURVE_WITH_KNOTS('',3,(#1341,#1342,#1343,#1344,#1345,#1346),
 .UNSPECIFIED.,.F.,.F.,(4,2,4),(1.51374807715389,2.02127251714055,2.51435358114682),
 .UNSPECIFIED.);
#322=B_SPLINE_CURVE_WITH_KNOTS('',3,(#1348,#1349,#1350,#1351),
 .UNSPECIFIED.,.F.,.F.,(4,4),(2.55387237574084,4.05415052204353),
 .UNSPECIFIED.);
#323=B_SPLINE_CURVE_WITH_KNOTS('',3,(#1352,#1353,#1354,#1355),
 .UNSPECIFIED.,.F.,.F.,(4,4),(0.0139224090129116,1.51483066509465),
 .UNSPECIFIED.);
#324=B_SPLINE_CURVE_WITH_KNOTS('',3,(#1381,#1382,#1383,#1384,#1385,#1386,
#1387,#1388,#1389,#1390,#1391,#1392,#1393),.UNSPECIFIED.,.F.,.F.,(4,3,3,
3,4),(2.42443511187851,3.6851012687597,5.34529912057395,6.98972910767509,
7.22373194062304),.UNSPECIFIED.);
#325=B_SPLINE_CURVE_WITH_KNOTS('',3,(#1395,#1396,#1397,#1398,#1399,#1400,
#1401,#1402,#1403,#1404,#1405,#1406,#1407,#1408,#1409,#1410,#1411,#1412,
#1413,#1414,#1415,#1416,#1417,#1418,#1419),.UNSPECIFIED.,.F.,.F.,(4,3,3,
3,3,3,3,3,4),(0.0690336540520905,0.549659690179477,0.796307148341083,1.37625106219558,
1.78335671205219,2.41192048831632,2.7840694356242,3.26934195265489,3.6705970494542),
 .UNSPECIFIED.);
#326=B_SPLINE_CURVE_WITH_KNOTS('',3,(#1421,#1422,#1423,#1424,#1425,#1426),
 .UNSPECIFIED.,.F.,.F.,(4,2,4),(0.239907252898532,2.54166580737869,2.69699448284542),
 .UNSPECIFIED.);
#327=B_SPLINE_CURVE_WITH_KNOTS('',3,(#1427,#1428,#1429,#1430,#1431,#1432,
#1433,#1434,#1435,#1436,#1437,#1438,#1439),.UNSPECIFIED.,.F.,.F.,(4,3,3,
3,4),(0.141889606552091,1.78790321436337,2.02122061329182,3.66617900258892,
7.29703561623201),.UNSPECIFIED.);
#328=B_SPLINE_CURVE_WITH_KNOTS('',3,(#1465,#1466,#1467,#1468,#1469,#1470),
 .UNSPECIFIED.,.F.,.F.,(4,2,4),(2.40834493758806,3.44398422141574,6.84050084409176),
 .UNSPECIFIED.);
#329=B_SPLINE_CURVE_WITH_KNOTS('',3,(#1472,#1473,#1474,#1475,#1476,#1477,
#1478,#1479,#1480,#1481,#1482,#1483,#1484,#1485,#1486,#1487,#1488,#1489,
#1490,#1491,#1492,#1493,#1494,#1495,#1496,#1497,#1498,#1499),
 .UNSPECIFIED.,.F.,.F.,(4,3,3,3,3,3,3,3,3,4),(0.0539507704193965,0.533119960879145,
1.03122813325942,1.06552586201892,1.71177323017085,2.13747943163642,2.69095658272907,
2.96404466752161,3.44297546775799,3.65360502061757),.UNSPECIFIED.);
#330=B_SPLINE_CURVE_WITH_KNOTS('',3,(#1500,#1501,#1502,#1503,#1504,#1505,
#1506,#1507,#1508,#1509,#1510,#1511,#1512),.UNSPECIFIED.,.F.,.F.,(4,3,3,
3,4),(0.125869584421652,1.76557263971445,2.00352263531229,3.67086156755983,
4.92321275595088),.UNSPECIFIED.);
#331=B_SPLINE_CURVE_WITH_KNOTS('',3,(#1547,#1548,#1549,#1550,#1551,#1552,
#1553,#1554,#1555,#1556,#1557,#1558,#1559),.UNSPECIFIED.,.F.,.F.,(4,3,3,
3,4),(0.178675189933578,1.16408875534525,2.93551720864675,3.80834255036576,
5.19491095962652),.UNSPECIFIED.);
#332=B_SPLINE_CURVE_WITH_KNOTS('',3,(#1561,#1562,#1563,#1564,#1565,#1566),
 .UNSPECIFIED.,.F.,.F.,(4,2,4),(0.438101503255714,2.56558715708204,5.07112738838265),
 .UNSPECIFIED.);
#333=B_SPLINE_CURVE_WITH_KNOTS('',3,(#1568,#1569,#1570,#1571,#1572,#1573,
#1574,#1575,#1576,#1577,#1578,#1579,#1580,#1581,#1582,#1583,#1584,#1585,
#1586),.UNSPECIFIED.,.F.,.F.,(4,3,3,3,3,3,4),(0.0713216324872178,1.94005125607636,
2.35272616137379,3.81148715690957,5.58228294318363,6.45389935684698,7.48922371880249),
 .UNSPECIFIED.);
#334=B_SPLINE_CURVE_WITH_KNOTS('',3,(#1588,#1589,#1590,#1591,#1592,#1593),
 .UNSPECIFIED.,.F.,.F.,(4,2,4),(2.43414146304742,2.56557371676593,4.89124030760625),
 .UNSPECIFIED.);
#335=B_SPLINE_CURVE_WITH_KNOTS('',3,(#1594,#1595,#1596,#1597,#1598,#1599,
#1600,#1601,#1602,#1603,#1604,#1605,#1606,#1607,#1608,#1609,#1610,#1611,
#1612,#1613,#1614,#1615,#1616,#1617,#1618,#1619,#1620,#1621),
 .UNSPECIFIED.,.F.,.F.,(4,3,3,3,3,3,3,3,3,4),(0.0757914213571877,0.469378373444816,
0.966030870315719,1.08405429699514,1.72893767010488,2.15600357726722,2.70684260016439,
3.03305846009574,3.51107154720474,3.6782875485572),.UNSPECIFIED.);
#336=B_SPLINE_CURVE_WITH_KNOTS('',3,(#1626,#1627,#1628,#1629,#1630,#1631),
 .UNSPECIFIED.,.F.,.F.,(4,2,4),(0.0685524618733894,3.4438494869279,6.81689277640717),
 .UNSPECIFIED.);
#337=B_SPLINE_CURVE_WITH_KNOTS('',3,(#1668,#1669,#1670,#1671),
 .UNSPECIFIED.,.F.,.F.,(4,4),(-10.6870546505471,-6.15147708396707E-14),
 .UNSPECIFIED.);
#338=B_SPLINE_CURVE_WITH_KNOTS('',3,(#1699,#1700,#1701,#1702,#1703),
 .UNSPECIFIED.,.F.,.F.,(4,1,4),(0.,0.571428571428571,1.),.UNSPECIFIED.);
#339=B_SPLINE_CURVE_WITH_KNOTS('',3,(#1705,#1706,#1707,#1708,#1709),
 .UNSPECIFIED.,.F.,.F.,(4,1,4),(-2.28923383535459,-1.30813362020262,0.),
 .UNSPECIFIED.);
#340=B_SPLINE_CURVE_WITH_KNOTS('',3,(#1712,#1713,#1714,#1715,#1716),
 .UNSPECIFIED.,.F.,.F.,(4,1,4),(0.,1.30813362020262,2.28923383535459),
 .UNSPECIFIED.);
#341=B_SPLINE_CURVE_WITH_KNOTS('',3,(#1738,#1739,#1740,#1741),
 .UNSPECIFIED.,.F.,.F.,(4,4),(-13.7109358430694,0.),.UNSPECIFIED.);
#342=B_SPLINE_CURVE_WITH_KNOTS('',3,(#1744,#1745,#1746,#1747),
 .UNSPECIFIED.,.F.,.F.,(4,4),(0.,13.7109358430694),.UNSPECIFIED.);
#343=B_SPLINE_CURVE_WITH_KNOTS('',3,(#1774,#1775,#1776,#1777,#1778),
 .UNSPECIFIED.,.F.,.F.,(4,1,4),(0.,0.571428571428571,1.),.UNSPECIFIED.);
#344=B_SPLINE_CURVE_WITH_KNOTS('',3,(#1779,#1780,#1781,#1782,#1783),
 .UNSPECIFIED.,.F.,.F.,(4,1,4),(-4.79620680487552E-14,0.981100216411697,
2.28923383829402),.UNSPECIFIED.);
#345=B_SPLINE_CURVE_WITH_KNOTS('',3,(#1784,#1785,#1786,#1787,#1788),
 .UNSPECIFIED.,.F.,.F.,(4,1,4),(-2.28923383829402,-0.981100216411697,4.79620680487552E-14),
 .UNSPECIFIED.);
#346=B_SPLINE_CURVE_WITH_KNOTS('',3,(#1810,#1811,#1812,#1813),
 .UNSPECIFIED.,.F.,.F.,(4,4),(-1.31934944873321E-12,10.6870546680373),
 .UNSPECIFIED.);
#347=B_SPLINE_CURVE_WITH_KNOTS('',3,(#1816,#1817,#1818,#1819),
 .UNSPECIFIED.,.F.,.F.,(4,4),(-10.6870546680373,1.31934944873321E-12),
 .UNSPECIFIED.);
#348=B_SPLINE_CURVE_WITH_KNOTS('',3,(#1827,#1828,#1829,#1830),
 .UNSPECIFIED.,.F.,.F.,(4,4),(6.15147708396707E-14,10.6870546505471),
 .UNSPECIFIED.);
#349=B_SPLINE_CURVE_WITH_KNOTS('',3,(#1832,#1833,#1834,#1835,#1836,#1837),
 .UNSPECIFIED.,.F.,.F.,(4,1,1,4),(0.,0.636757534886097,1.27351506977219,
2.22865137210134),.UNSPECIFIED.);
#350=B_SPLINE_CURVE_WITH_KNOTS('',3,(#1839,#1840,#1841,#1842),
 .UNSPECIFIED.,.F.,.F.,(4,4),(0.,13.7541235575858),.UNSPECIFIED.);
#351=B_SPLINE_CURVE_WITH_KNOTS('',3,(#1843,#1844,#1845,#1846,#1847,#1848),
 .UNSPECIFIED.,.F.,.F.,(4,1,1,4),(0.,0.955146250317884,1.59191041719647,
2.22867458407506),.UNSPECIFIED.);
#352=B_SPLINE_CURVE_WITH_KNOTS('',3,(#1881,#1882,#1883,#1884,#1885,#1886),
 .UNSPECIFIED.,.F.,.F.,(4,1,1,4),(-2.22865137210134,-1.27351506977219,-0.636757534886097,
0.),.UNSPECIFIED.);
#353=B_SPLINE_CURVE_WITH_KNOTS('',3,(#1909,#1910,#1911,#1912),
 .UNSPECIFIED.,.F.,.F.,(4,4),(-13.7541235575858,0.),.UNSPECIFIED.);
#354=B_SPLINE_CURVE_WITH_KNOTS('',3,(#1964,#1965,#1966,#1967,#1968,#1969),
 .UNSPECIFIED.,.F.,.F.,(4,1,1,4),(-2.22867458407506,-1.59191041719647,-0.955146250317884,
0.),.UNSPECIFIED.);
#355=B_SPLINE_CURVE_WITH_KNOTS('',3,(#2099,#2100,#2101,#2102,#2103,#2104),
 .UNSPECIFIED.,.F.,.F.,(4,2,4),(0.0474676786562427,3.44398776033693,4.47962628815728),
 .UNSPECIFIED.);
#356=B_SPLINE_CURVE_WITH_KNOTS('',3,(#2106,#2107,#2108,#2109,#2110,#2111,
#2112,#2113,#2114,#2115,#2116,#2117,#2118),.UNSPECIFIED.,.F.,.F.,(4,3,3,
3,4),(2.42708272499114,3.7751310046198,5.54337124197409,6.4505330054181,
7.42700644033023),.UNSPECIFIED.);
#357=B_SPLINE_CURVE_WITH_KNOTS('',3,(#2119,#2120,#2121,#2122,#2123,#2124,
#2125,#2126,#2127,#2128,#2129,#2130,#2131,#2132,#2133,#2134,#2135,#2136,
#2137,#2138,#2139,#2140,#2141,#2142,#2143),.UNSPECIFIED.,.F.,.F.,(4,3,3,
3,3,3,3,3,4),(0.0712075968193528,0.556701937985367,1.00562325494597,1.6116211285892,
2.06978698737972,2.6393114047076,2.91651373945268,3.27767451578141,3.67052689385086),
 .UNSPECIFIED.);
#358=B_SPLINE_CURVE_WITH_KNOTS('',3,(#2168,#2169,#2170,#2171),
 .UNSPECIFIED.,.F.,.F.,(4,4),(-2.95860074632218,0.),.UNSPECIFIED.);
#359=B_SPLINE_CURVE_WITH_KNOTS('',3,(#2173,#2174,#2175,#2176),
 .UNSPECIFIED.,.F.,.F.,(4,4),(-3.07464573165683,-0.0928042052669205),
 .UNSPECIFIED.);
#360=B_SPLINE_CURVE_WITH_KNOTS('',3,(#2181,#2182,#2183,#2184),
 .UNSPECIFIED.,.F.,.F.,(4,4),(-3.07464573165683,-0.116197900359713),
 .UNSPECIFIED.);
#361=B_SPLINE_CURVE_WITH_KNOTS('',3,(#2197,#2198,#2199,#2200),
 .UNSPECIFIED.,.F.,.F.,(4,4),(-2.79526210450132,0.),.UNSPECIFIED.);
#362=B_SPLINE_CURVE_WITH_KNOTS('',1,(#2262,#2263),.UNSPECIFIED.,.F.,.F.,
(2,2),(11.6803684448236,17.7620334579619),.UNSPECIFIED.);
#363=B_SPLINE_CURVE_WITH_KNOTS('',1,(#2270,#2271),.UNSPECIFIED.,.F.,.F.,
(2,2),(2.88843874283015,6.3196315551905),.UNSPECIFIED.);
#364=B_SPLINE_CURVE_WITH_KNOTS('',1,(#2296,#2297),.UNSPECIFIED.,.F.,.F.,
(2,2),(0.395024820156509,6.3196315551753),.UNSPECIFIED.);
#365=B_SPLINE_CURVE_WITH_KNOTS('',1,(#2304,#2305),.UNSPECIFIED.,.F.,.F.,
(2,2),(11.6803684448357,16.3767366288574),.UNSPECIFIED.);
#366=VERTEX_POINT('',#1184);
#367=VERTEX_POINT('',#1185);
#368=VERTEX_POINT('',#1188);
#369=VERTEX_POINT('',#1191);
#370=VERTEX_POINT('',#1197);
#371=VERTEX_POINT('',#1198);
#372=VERTEX_POINT('',#1200);
#373=VERTEX_POINT('',#1202);
#374=VERTEX_POINT('',#1204);
#375=VERTEX_POINT('',#1218);
#376=VERTEX_POINT('',#1220);
#377=VERTEX_POINT('',#1222);
#378=VERTEX_POINT('',#1244);
#379=VERTEX_POINT('',#1245);
#380=VERTEX_POINT('',#1250);
#381=VERTEX_POINT('',#1252);
#382=VERTEX_POINT('',#1254);
#383=VERTEX_POINT('',#1261);
#384=VERTEX_POINT('',#1286);
#385=VERTEX_POINT('',#1287);
#386=VERTEX_POINT('',#1295);
#387=VERTEX_POINT('',#1300);
#388=VERTEX_POINT('',#1305);
#389=VERTEX_POINT('',#1312);
#390=VERTEX_POINT('',#1317);
#391=VERTEX_POINT('',#1322);
#392=VERTEX_POINT('',#1330);
#393=VERTEX_POINT('',#1335);
#394=VERTEX_POINT('',#1340);
#395=VERTEX_POINT('',#1347);
#396=VERTEX_POINT('',#1380);
#397=VERTEX_POINT('',#1394);
#398=VERTEX_POINT('',#1420);
#399=VERTEX_POINT('',#1464);
#400=VERTEX_POINT('',#1471);
#401=VERTEX_POINT('',#1545);
#402=VERTEX_POINT('',#1546);
#403=VERTEX_POINT('',#1560);
#404=VERTEX_POINT('',#1567);
#405=VERTEX_POINT('',#1587);
#406=VERTEX_POINT('',#1623);
#407=VERTEX_POINT('',#1624);
#408=VERTEX_POINT('',#1632);
#409=VERTEX_POINT('',#1635);
#410=VERTEX_POINT('',#1639);
#411=VERTEX_POINT('',#1642);
#412=VERTEX_POINT('',#1661);
#413=VERTEX_POINT('',#1662);
#414=VERTEX_POINT('',#1664);
#415=VERTEX_POINT('',#1666);
#416=VERTEX_POINT('',#1697);
#417=VERTEX_POINT('',#1698);
#418=VERTEX_POINT('',#1704);
#419=VERTEX_POINT('',#1710);
#420=VERTEX_POINT('',#1737);
#421=VERTEX_POINT('',#1742);
#422=VERTEX_POINT('',#1773);
#423=VERTEX_POINT('',#1809);
#424=VERTEX_POINT('',#1814);
#425=VERTEX_POINT('',#1826);
#426=VERTEX_POINT('',#1831);
#427=VERTEX_POINT('',#1838);
#428=VERTEX_POINT('',#1880);
#429=VERTEX_POINT('',#1908);
#430=VERTEX_POINT('',#1990);
#431=VERTEX_POINT('',#1992);
#432=VERTEX_POINT('',#2011);
#433=VERTEX_POINT('',#2034);
#434=VERTEX_POINT('',#2038);
#435=VERTEX_POINT('',#2063);
#436=VERTEX_POINT('',#2098);
#437=VERTEX_POINT('',#2105);
#438=VERTEX_POINT('',#2167);
#439=VERTEX_POINT('',#2172);
#440=VERTEX_POINT('',#2177);
#441=VERTEX_POINT('',#2180);
#442=VERTEX_POINT('',#2185);
#443=VERTEX_POINT('',#2188);
#444=VERTEX_POINT('',#2190);
#445=VERTEX_POINT('',#2192);
#446=VERTEX_POINT('',#2195);
#447=VERTEX_POINT('',#2201);
#448=VERTEX_POINT('',#2205);
#449=VERTEX_POINT('',#2206);
#450=VERTEX_POINT('',#2208);
#451=VERTEX_POINT('',#2210);
#452=VERTEX_POINT('',#2212);
#453=VERTEX_POINT('',#2214);
#454=VERTEX_POINT('',#2216);
#455=VERTEX_POINT('',#2218);
#456=VERTEX_POINT('',#2220);
#457=VERTEX_POINT('',#2222);
#458=VERTEX_POINT('',#2224);
#459=VERTEX_POINT('',#2226);
#460=EDGE_CURVE('',#366,#367,#303,.T.);
#461=EDGE_CURVE('',#367,#368,#304,.T.);
#462=EDGE_CURVE('',#369,#368,#305,.T.);
#463=EDGE_CURVE('',#366,#369,#306,.T.);
#464=EDGE_CURVE('',#370,#371,#34,.T.);
#465=EDGE_CURVE('',#372,#370,#35,.T.);
#466=EDGE_CURVE('',#373,#372,#36,.T.);
#467=EDGE_CURVE('',#374,#373,#307,.F.);
#468=EDGE_CURVE('',#374,#375,#37,.T.);
#469=EDGE_CURVE('',#376,#375,#38,.F.);
#470=EDGE_CURVE('',#376,#377,#39,.F.);
#471=EDGE_CURVE('',#371,#377,#308,.F.);
#472=EDGE_CURVE('',#378,#379,#309,.T.);
#473=EDGE_CURVE('',#380,#378,#40,.T.);
#474=EDGE_CURVE('',#381,#380,#41,.T.);
#475=EDGE_CURVE('',#382,#381,#310,.F.);
#476=EDGE_CURVE('',#383,#382,#42,.T.);
#477=EDGE_CURVE('',#375,#383,#43,.T.);
#478=EDGE_CURVE('',#379,#374,#311,.F.);
#479=EDGE_CURVE('',#384,#385,#312,.T.);
#480=EDGE_CURVE('',#386,#384,#313,.T.);
#481=EDGE_CURVE('',#387,#386,#314,.T.);
#482=EDGE_CURVE('',#388,#387,#315,.T.);
#483=EDGE_CURVE('',#389,#388,#316,.T.);
#484=EDGE_CURVE('',#390,#389,#317,.T.);
#485=EDGE_CURVE('',#391,#390,#318,.T.);
#486=EDGE_CURVE('',#392,#391,#319,.T.);
#487=EDGE_CURVE('',#393,#392,#320,.T.);
#488=EDGE_CURVE('',#394,#393,#321,.T.);
#489=EDGE_CURVE('',#395,#394,#322,.T.);
#490=EDGE_CURVE('',#385,#395,#323,.T.);
#491=EDGE_CURVE('',#396,#381,#324,.T.);
#492=EDGE_CURVE('',#397,#396,#325,.T.);
#493=EDGE_CURVE('',#398,#397,#326,.T.);
#494=EDGE_CURVE('',#398,#382,#327,.F.);
#495=EDGE_CURVE('',#399,#373,#328,.T.);
#496=EDGE_CURVE('',#400,#399,#329,.T.);
#497=EDGE_CURVE('',#379,#400,#330,.T.);
#498=EDGE_CURVE('',#401,#402,#331,.T.);
#499=EDGE_CURVE('',#401,#403,#332,.F.);
#500=EDGE_CURVE('',#403,#404,#333,.F.);
#501=EDGE_CURVE('',#405,#404,#334,.T.);
#502=EDGE_CURVE('',#402,#405,#335,.T.);
#503=EDGE_CURVE('',#406,#407,#44,.T.);
#504=EDGE_CURVE('',#377,#406,#336,.F.);
#505=EDGE_CURVE('',#408,#376,#45,.F.);
#506=EDGE_CURVE('',#403,#408,#46,.T.);
#507=EDGE_CURVE('',#409,#401,#47,.T.);
#508=EDGE_CURVE('',#407,#409,#48,.T.);
#509=EDGE_CURVE('',#404,#410,#49,.T.);
#510=EDGE_CURVE('',#383,#408,#50,.F.);
#511=EDGE_CURVE('',#411,#398,#51,.T.);
#512=EDGE_CURVE('',#410,#411,#52,.T.);
#513=EDGE_CURVE('',#412,#413,#53,.T.);
#514=EDGE_CURVE('',#414,#413,#54,.T.);
#515=EDGE_CURVE('',#415,#414,#55,.T.);
#516=EDGE_CURVE('',#412,#415,#337,.T.);
#517=EDGE_CURVE('',#416,#417,#338,.T.);
#518=EDGE_CURVE('',#417,#418,#339,.T.);
#519=EDGE_CURVE('',#418,#419,#18,.T.);
#520=EDGE_CURVE('',#419,#416,#340,.T.);
#521=EDGE_CURVE('',#418,#420,#341,.T.);
#522=EDGE_CURVE('',#420,#421,#19,.T.);
#523=EDGE_CURVE('',#421,#419,#342,.T.);
#524=EDGE_CURVE('',#422,#412,#343,.T.);
#525=EDGE_CURVE('',#422,#421,#344,.T.);
#526=EDGE_CURVE('',#420,#412,#345,.T.);
#527=EDGE_CURVE('',#416,#423,#346,.T.);
#528=EDGE_CURVE('',#424,#423,#20,.T.);
#529=EDGE_CURVE('',#424,#417,#347,.T.);
#530=EDGE_CURVE('',#425,#422,#348,.T.);
#531=EDGE_CURVE('',#426,#425,#349,.T.);
#532=EDGE_CURVE('',#427,#426,#350,.T.);
#533=EDGE_CURVE('',#423,#427,#351,.T.);
#534=EDGE_CURVE('',#425,#415,#21,.T.);
#535=EDGE_CURVE('',#415,#428,#352,.T.);
#536=EDGE_CURVE('',#428,#426,#22,.T.);
#537=EDGE_CURVE('',#428,#429,#353,.T.);
#538=EDGE_CURVE('',#429,#427,#23,.T.);
#539=EDGE_CURVE('',#429,#424,#354,.T.);
#540=EDGE_CURVE('',#418,#430,#56,.T.);
#541=EDGE_CURVE('',#417,#431,#57,.T.);
#542=EDGE_CURVE('',#430,#431,#24,.T.);
#543=EDGE_CURVE('',#431,#432,#58,.T.);
#544=EDGE_CURVE('',#424,#432,#59,.T.);
#545=EDGE_CURVE('',#429,#433,#60,.T.);
#546=EDGE_CURVE('',#432,#433,#25,.T.);
#547=EDGE_CURVE('',#433,#434,#61,.T.);
#548=EDGE_CURVE('',#428,#434,#62,.T.);
#549=EDGE_CURVE('',#434,#414,#26,.T.);
#550=EDGE_CURVE('',#413,#435,#27,.T.);
#551=EDGE_CURVE('',#435,#430,#63,.T.);
#552=EDGE_CURVE('',#371,#436,#355,.T.);
#553=EDGE_CURVE('',#437,#406,#356,.T.);
#554=EDGE_CURVE('',#436,#437,#357,.T.);
#555=EDGE_CURVE('',#420,#435,#64,.T.);
#556=EDGE_CURVE('',#400,#438,#358,.T.);
#557=EDGE_CURVE('',#439,#399,#359,.T.);
#558=EDGE_CURVE('',#440,#439,#28,.T.);
#559=EDGE_CURVE('',#436,#440,#65,.T.);
#560=EDGE_CURVE('',#441,#437,#360,.T.);
#561=EDGE_CURVE('',#442,#441,#29,.T.);
#562=EDGE_CURVE('',#402,#442,#66,.T.);
#563=EDGE_CURVE('',#443,#405,#67,.T.);
#564=EDGE_CURVE('',#444,#443,#30,.T.);
#565=EDGE_CURVE('',#444,#445,#68,.T.);
#566=EDGE_CURVE('',#445,#445,#31,.F.);
#567=EDGE_CURVE('',#446,#444,#32,.T.);
#568=EDGE_CURVE('',#397,#446,#361,.T.);
#569=EDGE_CURVE('',#447,#396,#69,.T.);
#570=EDGE_CURVE('',#438,#447,#33,.T.);
#571=EDGE_CURVE('',#448,#449,#70,.F.);
#572=EDGE_CURVE('',#448,#450,#71,.T.);
#573=EDGE_CURVE('',#450,#451,#72,.T.);
#574=EDGE_CURVE('',#451,#452,#73,.T.);
#575=EDGE_CURVE('',#453,#452,#74,.F.);
#576=EDGE_CURVE('',#453,#454,#75,.T.);
#577=EDGE_CURVE('',#454,#455,#76,.T.);
#578=EDGE_CURVE('',#455,#456,#77,.T.);
#579=EDGE_CURVE('',#456,#457,#78,.T.);
#580=EDGE_CURVE('',#457,#458,#79,.T.);
#581=EDGE_CURVE('',#458,#459,#80,.T.);
#582=EDGE_CURVE('',#459,#449,#81,.T.);
#583=EDGE_CURVE('',#449,#385,#82,.T.);
#584=EDGE_CURVE('',#459,#384,#83,.T.);
#585=EDGE_CURVE('',#458,#386,#84,.T.);
#586=EDGE_CURVE('',#448,#395,#85,.T.);
#587=EDGE_CURVE('',#457,#387,#86,.T.);
#588=EDGE_CURVE('',#450,#394,#87,.T.);
#589=EDGE_CURVE('',#456,#388,#88,.T.);
#590=EDGE_CURVE('',#451,#393,#89,.T.);
#591=EDGE_CURVE('',#455,#389,#90,.T.);
#592=EDGE_CURVE('',#452,#392,#91,.T.);
#593=EDGE_CURVE('',#454,#390,#92,.T.);
#594=EDGE_CURVE('',#453,#391,#93,.T.);
#595=EDGE_CURVE('',#441,#407,#362,.T.);
#596=EDGE_CURVE('',#442,#409,#94,.T.);
#597=EDGE_CURVE('',#410,#443,#95,.F.);
#598=EDGE_CURVE('',#411,#446,#363,.T.);
#599=EDGE_CURVE('',#378,#438,#364,.T.);
#600=EDGE_CURVE('',#380,#447,#96,.F.);
#601=EDGE_CURVE('',#440,#370,#97,.F.);
#602=EDGE_CURVE('',#439,#372,#365,.T.);
#603=ORIENTED_EDGE('',*,*,#460,.T.);
#604=ORIENTED_EDGE('',*,*,#461,.T.);
#605=ORIENTED_EDGE('',*,*,#462,.F.);
#606=ORIENTED_EDGE('',*,*,#463,.F.);
#607=ORIENTED_EDGE('',*,*,#464,.F.);
#608=ORIENTED_EDGE('',*,*,#465,.F.);
#609=ORIENTED_EDGE('',*,*,#466,.F.);
#610=ORIENTED_EDGE('',*,*,#467,.F.);
#611=ORIENTED_EDGE('',*,*,#468,.T.);
#612=ORIENTED_EDGE('',*,*,#469,.F.);
#613=ORIENTED_EDGE('',*,*,#470,.T.);
#614=ORIENTED_EDGE('',*,*,#471,.F.);
#615=ORIENTED_EDGE('',*,*,#472,.F.);
#616=ORIENTED_EDGE('',*,*,#473,.F.);
#617=ORIENTED_EDGE('',*,*,#474,.F.);
#618=ORIENTED_EDGE('',*,*,#475,.F.);
#619=ORIENTED_EDGE('',*,*,#476,.F.);
#620=ORIENTED_EDGE('',*,*,#477,.F.);
#621=ORIENTED_EDGE('',*,*,#468,.F.);
#622=ORIENTED_EDGE('',*,*,#478,.F.);
#623=ORIENTED_EDGE('',*,*,#479,.F.);
#624=ORIENTED_EDGE('',*,*,#480,.F.);
#625=ORIENTED_EDGE('',*,*,#481,.F.);
#626=ORIENTED_EDGE('',*,*,#482,.F.);
#627=ORIENTED_EDGE('',*,*,#483,.F.);
#628=ORIENTED_EDGE('',*,*,#484,.F.);
#629=ORIENTED_EDGE('',*,*,#485,.F.);
#630=ORIENTED_EDGE('',*,*,#486,.F.);
#631=ORIENTED_EDGE('',*,*,#487,.F.);
#632=ORIENTED_EDGE('',*,*,#488,.F.);
#633=ORIENTED_EDGE('',*,*,#489,.F.);
#634=ORIENTED_EDGE('',*,*,#490,.F.);
#635=ORIENTED_EDGE('',*,*,#491,.F.);
#636=ORIENTED_EDGE('',*,*,#492,.F.);
#637=ORIENTED_EDGE('',*,*,#493,.F.);
#638=ORIENTED_EDGE('',*,*,#494,.T.);
#639=ORIENTED_EDGE('',*,*,#475,.T.);
#640=ORIENTED_EDGE('',*,*,#495,.F.);
#641=ORIENTED_EDGE('',*,*,#496,.F.);
#642=ORIENTED_EDGE('',*,*,#497,.F.);
#643=ORIENTED_EDGE('',*,*,#478,.T.);
#644=ORIENTED_EDGE('',*,*,#467,.T.);
#645=ORIENTED_EDGE('',*,*,#498,.F.);
#646=ORIENTED_EDGE('',*,*,#499,.T.);
#647=ORIENTED_EDGE('',*,*,#500,.T.);
#648=ORIENTED_EDGE('',*,*,#501,.F.);
#649=ORIENTED_EDGE('',*,*,#502,.F.);
#650=ORIENTED_EDGE('',*,*,#503,.F.);
#651=ORIENTED_EDGE('',*,*,#504,.F.);
#652=ORIENTED_EDGE('',*,*,#470,.F.);
#653=ORIENTED_EDGE('',*,*,#505,.F.);
#654=ORIENTED_EDGE('',*,*,#506,.F.);
#655=ORIENTED_EDGE('',*,*,#499,.F.);
#656=ORIENTED_EDGE('',*,*,#507,.F.);
#657=ORIENTED_EDGE('',*,*,#508,.F.);
#658=ORIENTED_EDGE('',*,*,#509,.F.);
#659=ORIENTED_EDGE('',*,*,#500,.F.);
#660=ORIENTED_EDGE('',*,*,#506,.T.);
#661=ORIENTED_EDGE('',*,*,#510,.F.);
#662=ORIENTED_EDGE('',*,*,#476,.T.);
#663=ORIENTED_EDGE('',*,*,#494,.F.);
#664=ORIENTED_EDGE('',*,*,#511,.F.);
#665=ORIENTED_EDGE('',*,*,#512,.F.);
#666=ORIENTED_EDGE('',*,*,#513,.T.);
#667=ORIENTED_EDGE('',*,*,#514,.F.);
#668=ORIENTED_EDGE('',*,*,#515,.F.);
#669=ORIENTED_EDGE('',*,*,#516,.F.);
#670=ORIENTED_EDGE('',*,*,#517,.T.);
#671=ORIENTED_EDGE('',*,*,#518,.T.);
#672=ORIENTED_EDGE('',*,*,#519,.T.);
#673=ORIENTED_EDGE('',*,*,#520,.T.);
#674=ORIENTED_EDGE('',*,*,#519,.F.);
#675=ORIENTED_EDGE('',*,*,#521,.T.);
#676=ORIENTED_EDGE('',*,*,#522,.T.);
#677=ORIENTED_EDGE('',*,*,#523,.T.);
#678=ORIENTED_EDGE('',*,*,#524,.F.);
#679=ORIENTED_EDGE('',*,*,#525,.T.);
#680=ORIENTED_EDGE('',*,*,#522,.F.);
#681=ORIENTED_EDGE('',*,*,#526,.T.);
#682=ORIENTED_EDGE('',*,*,#517,.F.);
#683=ORIENTED_EDGE('',*,*,#527,.T.);
#684=ORIENTED_EDGE('',*,*,#528,.F.);
#685=ORIENTED_EDGE('',*,*,#529,.T.);
#686=ORIENTED_EDGE('',*,*,#520,.F.);
#687=ORIENTED_EDGE('',*,*,#523,.F.);
#688=ORIENTED_EDGE('',*,*,#525,.F.);
#689=ORIENTED_EDGE('',*,*,#530,.F.);
#690=ORIENTED_EDGE('',*,*,#531,.F.);
#691=ORIENTED_EDGE('',*,*,#532,.F.);
#692=ORIENTED_EDGE('',*,*,#533,.F.);
#693=ORIENTED_EDGE('',*,*,#527,.F.);
#694=ORIENTED_EDGE('',*,*,#534,.T.);
#695=ORIENTED_EDGE('',*,*,#535,.T.);
#696=ORIENTED_EDGE('',*,*,#536,.T.);
#697=ORIENTED_EDGE('',*,*,#531,.T.);
#698=ORIENTED_EDGE('',*,*,#536,.F.);
#699=ORIENTED_EDGE('',*,*,#537,.T.);
#700=ORIENTED_EDGE('',*,*,#538,.T.);
#701=ORIENTED_EDGE('',*,*,#532,.T.);
#702=ORIENTED_EDGE('',*,*,#524,.T.);
#703=ORIENTED_EDGE('',*,*,#516,.T.);
#704=ORIENTED_EDGE('',*,*,#534,.F.);
#705=ORIENTED_EDGE('',*,*,#530,.T.);
#706=ORIENTED_EDGE('',*,*,#538,.F.);
#707=ORIENTED_EDGE('',*,*,#539,.T.);
#708=ORIENTED_EDGE('',*,*,#528,.T.);
#709=ORIENTED_EDGE('',*,*,#533,.T.);
#710=ORIENTED_EDGE('',*,*,#540,.F.);
#711=ORIENTED_EDGE('',*,*,#518,.F.);
#712=ORIENTED_EDGE('',*,*,#541,.T.);
#713=ORIENTED_EDGE('',*,*,#542,.F.);
#714=ORIENTED_EDGE('',*,*,#543,.F.);
#715=ORIENTED_EDGE('',*,*,#541,.F.);
#716=ORIENTED_EDGE('',*,*,#529,.F.);
#717=ORIENTED_EDGE('',*,*,#544,.T.);
#718=ORIENTED_EDGE('',*,*,#539,.F.);
#719=ORIENTED_EDGE('',*,*,#545,.T.);
#720=ORIENTED_EDGE('',*,*,#546,.F.);
#721=ORIENTED_EDGE('',*,*,#544,.F.);
#722=ORIENTED_EDGE('',*,*,#547,.F.);
#723=ORIENTED_EDGE('',*,*,#545,.F.);
#724=ORIENTED_EDGE('',*,*,#537,.F.);
#725=ORIENTED_EDGE('',*,*,#548,.T.);
#726=ORIENTED_EDGE('',*,*,#535,.F.);
#727=ORIENTED_EDGE('',*,*,#515,.T.);
#728=ORIENTED_EDGE('',*,*,#549,.F.);
#729=ORIENTED_EDGE('',*,*,#548,.F.);
#730=ORIENTED_EDGE('',*,*,#547,.T.);
#731=ORIENTED_EDGE('',*,*,#549,.T.);
#732=ORIENTED_EDGE('',*,*,#514,.T.);
#733=ORIENTED_EDGE('',*,*,#550,.T.);
#734=ORIENTED_EDGE('',*,*,#551,.T.);
#735=ORIENTED_EDGE('',*,*,#542,.T.);
#736=ORIENTED_EDGE('',*,*,#543,.T.);
#737=ORIENTED_EDGE('',*,*,#546,.T.);
#738=ORIENTED_EDGE('',*,*,#505,.T.);
#739=ORIENTED_EDGE('',*,*,#469,.T.);
#740=ORIENTED_EDGE('',*,*,#477,.T.);
#741=ORIENTED_EDGE('',*,*,#510,.T.);
#742=ORIENTED_EDGE('',*,*,#552,.F.);
#743=ORIENTED_EDGE('',*,*,#471,.T.);
#744=ORIENTED_EDGE('',*,*,#504,.T.);
#745=ORIENTED_EDGE('',*,*,#553,.F.);
#746=ORIENTED_EDGE('',*,*,#554,.F.);
#747=ORIENTED_EDGE('',*,*,#526,.F.);
#748=ORIENTED_EDGE('',*,*,#555,.T.);
#749=ORIENTED_EDGE('',*,*,#550,.F.);
#750=ORIENTED_EDGE('',*,*,#513,.F.);
#751=ORIENTED_EDGE('',*,*,#551,.F.);
#752=ORIENTED_EDGE('',*,*,#555,.F.);
#753=ORIENTED_EDGE('',*,*,#521,.F.);
#754=ORIENTED_EDGE('',*,*,#540,.T.);
#755=ORIENTED_EDGE('',*,*,#556,.F.);
#756=ORIENTED_EDGE('',*,*,#496,.T.);
#757=ORIENTED_EDGE('',*,*,#557,.F.);
#758=ORIENTED_EDGE('',*,*,#558,.F.);
#759=ORIENTED_EDGE('',*,*,#559,.F.);
#760=ORIENTED_EDGE('',*,*,#554,.T.);
#761=ORIENTED_EDGE('',*,*,#560,.F.);
#762=ORIENTED_EDGE('',*,*,#561,.F.);
#763=ORIENTED_EDGE('',*,*,#562,.F.);
#764=ORIENTED_EDGE('',*,*,#502,.T.);
#765=ORIENTED_EDGE('',*,*,#563,.F.);
#766=ORIENTED_EDGE('',*,*,#564,.F.);
#767=ORIENTED_EDGE('',*,*,#565,.T.);
#768=ORIENTED_EDGE('',*,*,#566,.T.);
#769=ORIENTED_EDGE('',*,*,#565,.F.);
#770=ORIENTED_EDGE('',*,*,#567,.F.);
#771=ORIENTED_EDGE('',*,*,#568,.F.);
#772=ORIENTED_EDGE('',*,*,#492,.T.);
#773=ORIENTED_EDGE('',*,*,#569,.F.);
#774=ORIENTED_EDGE('',*,*,#570,.F.);
#775=ORIENTED_EDGE('',*,*,#566,.F.);
#776=ORIENTED_EDGE('',*,*,#571,.F.);
#777=ORIENTED_EDGE('',*,*,#572,.T.);
#778=ORIENTED_EDGE('',*,*,#573,.T.);
#779=ORIENTED_EDGE('',*,*,#574,.T.);
#780=ORIENTED_EDGE('',*,*,#575,.F.);
#781=ORIENTED_EDGE('',*,*,#576,.T.);
#782=ORIENTED_EDGE('',*,*,#577,.T.);
#783=ORIENTED_EDGE('',*,*,#578,.T.);
#784=ORIENTED_EDGE('',*,*,#579,.T.);
#785=ORIENTED_EDGE('',*,*,#580,.T.);
#786=ORIENTED_EDGE('',*,*,#581,.T.);
#787=ORIENTED_EDGE('',*,*,#582,.T.);
#788=ORIENTED_EDGE('',*,*,#479,.T.);
#789=ORIENTED_EDGE('',*,*,#583,.F.);
#790=ORIENTED_EDGE('',*,*,#582,.F.);
#791=ORIENTED_EDGE('',*,*,#584,.T.);
#792=ORIENTED_EDGE('',*,*,#480,.T.);
#793=ORIENTED_EDGE('',*,*,#584,.F.);
#794=ORIENTED_EDGE('',*,*,#581,.F.);
#795=ORIENTED_EDGE('',*,*,#585,.T.);
#796=ORIENTED_EDGE('',*,*,#490,.T.);
#797=ORIENTED_EDGE('',*,*,#586,.F.);
#798=ORIENTED_EDGE('',*,*,#571,.T.);
#799=ORIENTED_EDGE('',*,*,#583,.T.);
#800=ORIENTED_EDGE('',*,*,#481,.T.);
#801=ORIENTED_EDGE('',*,*,#585,.F.);
#802=ORIENTED_EDGE('',*,*,#580,.F.);
#803=ORIENTED_EDGE('',*,*,#587,.T.);
#804=ORIENTED_EDGE('',*,*,#489,.T.);
#805=ORIENTED_EDGE('',*,*,#588,.F.);
#806=ORIENTED_EDGE('',*,*,#572,.F.);
#807=ORIENTED_EDGE('',*,*,#586,.T.);
#808=ORIENTED_EDGE('',*,*,#482,.T.);
#809=ORIENTED_EDGE('',*,*,#587,.F.);
#810=ORIENTED_EDGE('',*,*,#579,.F.);
#811=ORIENTED_EDGE('',*,*,#589,.T.);
#812=ORIENTED_EDGE('',*,*,#488,.T.);
#813=ORIENTED_EDGE('',*,*,#590,.F.);
#814=ORIENTED_EDGE('',*,*,#573,.F.);
#815=ORIENTED_EDGE('',*,*,#588,.T.);
#816=ORIENTED_EDGE('',*,*,#483,.T.);
#817=ORIENTED_EDGE('',*,*,#589,.F.);
#818=ORIENTED_EDGE('',*,*,#578,.F.);
#819=ORIENTED_EDGE('',*,*,#591,.T.);
#820=ORIENTED_EDGE('',*,*,#487,.T.);
#821=ORIENTED_EDGE('',*,*,#592,.F.);
#822=ORIENTED_EDGE('',*,*,#574,.F.);
#823=ORIENTED_EDGE('',*,*,#590,.T.);
#824=ORIENTED_EDGE('',*,*,#484,.T.);
#825=ORIENTED_EDGE('',*,*,#591,.F.);
#826=ORIENTED_EDGE('',*,*,#577,.F.);
#827=ORIENTED_EDGE('',*,*,#593,.T.);
#828=ORIENTED_EDGE('',*,*,#485,.T.);
#829=ORIENTED_EDGE('',*,*,#593,.F.);
#830=ORIENTED_EDGE('',*,*,#576,.F.);
#831=ORIENTED_EDGE('',*,*,#594,.T.);
#832=ORIENTED_EDGE('',*,*,#486,.T.);
#833=ORIENTED_EDGE('',*,*,#594,.F.);
#834=ORIENTED_EDGE('',*,*,#575,.T.);
#835=ORIENTED_EDGE('',*,*,#592,.T.);
#836=ORIENTED_EDGE('',*,*,#560,.T.);
#837=ORIENTED_EDGE('',*,*,#553,.T.);
#838=ORIENTED_EDGE('',*,*,#503,.T.);
#839=ORIENTED_EDGE('',*,*,#595,.F.);
#840=ORIENTED_EDGE('',*,*,#561,.T.);
#841=ORIENTED_EDGE('',*,*,#595,.T.);
#842=ORIENTED_EDGE('',*,*,#508,.T.);
#843=ORIENTED_EDGE('',*,*,#596,.F.);
#844=ORIENTED_EDGE('',*,*,#562,.T.);
#845=ORIENTED_EDGE('',*,*,#596,.T.);
#846=ORIENTED_EDGE('',*,*,#507,.T.);
#847=ORIENTED_EDGE('',*,*,#498,.T.);
#848=ORIENTED_EDGE('',*,*,#563,.T.);
#849=ORIENTED_EDGE('',*,*,#501,.T.);
#850=ORIENTED_EDGE('',*,*,#509,.T.);
#851=ORIENTED_EDGE('',*,*,#597,.T.);
#852=ORIENTED_EDGE('',*,*,#567,.T.);
#853=ORIENTED_EDGE('',*,*,#564,.T.);
#854=ORIENTED_EDGE('',*,*,#597,.F.);
#855=ORIENTED_EDGE('',*,*,#512,.T.);
#856=ORIENTED_EDGE('',*,*,#598,.T.);
#857=ORIENTED_EDGE('',*,*,#493,.T.);
#858=ORIENTED_EDGE('',*,*,#568,.T.);
#859=ORIENTED_EDGE('',*,*,#598,.F.);
#860=ORIENTED_EDGE('',*,*,#511,.T.);
#861=ORIENTED_EDGE('',*,*,#497,.T.);
#862=ORIENTED_EDGE('',*,*,#556,.T.);
#863=ORIENTED_EDGE('',*,*,#599,.F.);
#864=ORIENTED_EDGE('',*,*,#472,.T.);
#865=ORIENTED_EDGE('',*,*,#570,.T.);
#866=ORIENTED_EDGE('',*,*,#600,.F.);
#867=ORIENTED_EDGE('',*,*,#473,.T.);
#868=ORIENTED_EDGE('',*,*,#599,.T.);
#869=ORIENTED_EDGE('',*,*,#569,.T.);
#870=ORIENTED_EDGE('',*,*,#491,.T.);
#871=ORIENTED_EDGE('',*,*,#474,.T.);
#872=ORIENTED_EDGE('',*,*,#600,.T.);
#873=ORIENTED_EDGE('',*,*,#559,.T.);
#874=ORIENTED_EDGE('',*,*,#601,.T.);
#875=ORIENTED_EDGE('',*,*,#464,.T.);
#876=ORIENTED_EDGE('',*,*,#552,.T.);
#877=ORIENTED_EDGE('',*,*,#558,.T.);
#878=ORIENTED_EDGE('',*,*,#602,.T.);
#879=ORIENTED_EDGE('',*,*,#465,.T.);
#880=ORIENTED_EDGE('',*,*,#601,.F.);
#881=ORIENTED_EDGE('',*,*,#557,.T.);
#882=ORIENTED_EDGE('',*,*,#495,.T.);
#883=ORIENTED_EDGE('',*,*,#466,.T.);
#884=ORIENTED_EDGE('',*,*,#602,.F.);
#885=B_SPLINE_SURFACE_WITH_KNOTS('',1,1,((#1180,#1181),(#1182,#1183)),
 .UNSPECIFIED.,.F.,.F.,.F.,(2,2),(2,2),(-0.999392117738483,0.599999999999914),
(-9.14198434289023E-12,0.0348625157267106),.UNSPECIFIED.);
#886=B_SPLINE_SURFACE_WITH_KNOTS('',3,3,((#1270,#1271,#1272,#1273),(#1274,
#1275,#1276,#1277),(#1278,#1279,#1280,#1281),(#1282,#1283,#1284,#1285)),
 .UNSPECIFIED.,.F.,.F.,.F.,(4,4),(4,4),(0.326282113992847,0.394080878878797),
(0.195127270256821,0.261188263830916),.UNSPECIFIED.);
#887=B_SPLINE_SURFACE_WITH_KNOTS('',3,3,((#1356,#1357,#1358,#1359,#1360,
#1361),(#1362,#1363,#1364,#1365,#1366,#1367),(#1368,#1369,#1370,#1371,#1372,
#1373),(#1374,#1375,#1376,#1377,#1378,#1379)),.UNSPECIFIED.,.F.,.F.,.F.,
(4,4),(4,2,4),(0.365417697695919,0.447233079909628),(0.104502622025255,
0.135594538673483,0.222794553122835),.UNSPECIFIED.);
#888=B_SPLINE_SURFACE_WITH_KNOTS('',3,3,((#1440,#1441,#1442,#1443,#1444,
#1445),(#1446,#1447,#1448,#1449,#1450,#1451),(#1452,#1453,#1454,#1455,#1456,
#1457),(#1458,#1459,#1460,#1461,#1462,#1463)),.UNSPECIFIED.,.F.,.F.,.F.,
(4,4),(4,2,4),(0.239674157877314,0.354638428033434),(0.104499434927685,
0.135594538673483,0.222794556132315),.UNSPECIFIED.);
#889=B_SPLINE_SURFACE_WITH_KNOTS('',3,3,((#1513,#1514,#1515,#1516,#1517,
#1518,#1519,#1520),(#1521,#1522,#1523,#1524,#1525,#1526,#1527,#1528),(#1529,
#1530,#1531,#1532,#1533,#1534,#1535,#1536),(#1537,#1538,#1539,#1540,#1541,
#1542,#1543,#1544)),.UNSPECIFIED.,.F.,.F.,.F.,(4,4),(4,2,2,4),(0.36540176203665,
0.447233295614332),(0.233526655159724,0.271189077347092,0.338986346683896,
0.356134176915453),.UNSPECIFIED.);
#890=B_SPLINE_SURFACE_WITH_KNOTS('',3,3,((#1645,#1646,#1647,#1648),(#1649,
#1650,#1651,#1652),(#1653,#1654,#1655,#1656),(#1657,#1658,#1659,#1660)),
 .UNSPECIFIED.,.F.,.F.,.F.,(4,4),(4,4),(-4.54500440457848E-14,1.),(0.0259738184199999,
1.),.UNSPECIFIED.);
#891=B_SPLINE_SURFACE_WITH_KNOTS('',3,3,((#1672,#1673,#1674,#1675,#1676),
(#1677,#1678,#1679,#1680,#1681),(#1682,#1683,#1684,#1685,#1686),(#1687,
#1688,#1689,#1690,#1691),(#1692,#1693,#1694,#1695,#1696)),.UNSPECIFIED.,
 .F.,.F.,.F.,(4,1,4),(4,1,4),(0.,0.571428571428571,1.),(0.,1.30813362020262,
2.28923383535459),.UNSPECIFIED.);
#892=B_SPLINE_SURFACE_WITH_KNOTS('',3,3,((#1717,#1718,#1719,#1720),(#1721,
#1722,#1723,#1724),(#1725,#1726,#1727,#1728),(#1729,#1730,#1731,#1732),
(#1733,#1734,#1735,#1736)),.UNSPECIFIED.,.F.,.F.,.F.,(4,1,4),(4,4),(0.,
0.571428571428571,1.),(0.,13.7109358430694),.UNSPECIFIED.);
#893=B_SPLINE_SURFACE_WITH_KNOTS('',3,3,((#1748,#1749,#1750,#1751,#1752),
(#1753,#1754,#1755,#1756,#1757),(#1758,#1759,#1760,#1761,#1762),(#1763,
#1764,#1765,#1766,#1767),(#1768,#1769,#1770,#1771,#1772)),.UNSPECIFIED.,
 .F.,.F.,.F.,(4,1,4),(4,1,4),(0.,0.571428571428571,1.),(-4.79620680487552E-14,
0.981100216411697,2.28923383829402),.UNSPECIFIED.);
#894=B_SPLINE_SURFACE_WITH_KNOTS('',3,3,((#1789,#1790,#1791,#1792),(#1793,
#1794,#1795,#1796),(#1797,#1798,#1799,#1800),(#1801,#1802,#1803,#1804),
(#1805,#1806,#1807,#1808)),.UNSPECIFIED.,.F.,.F.,.F.,(4,1,4),(4,4),(0.,
0.571428571428571,1.),(-1.31934944873321E-12,10.6870546680373),
 .UNSPECIFIED.);
#895=B_SPLINE_SURFACE_WITH_KNOTS('',3,3,((#1849,#1850,#1851,#1852,#1853,
#1854),(#1855,#1856,#1857,#1858,#1859,#1860),(#1861,#1862,#1863,#1864,#1865,
#1866),(#1867,#1868,#1869,#1870,#1871,#1872),(#1873,#1874,#1875,#1876,#1877,
#1878)),.UNSPECIFIED.,.F.,.F.,.F.,(4,1,4),(4,1,1,4),(0.,0.5,1.),(0.,0.636757534886097,
1.27351506977219,2.22865137210134),.UNSPECIFIED.);
#896=B_SPLINE_SURFACE_WITH_KNOTS('',3,3,((#1888,#1889,#1890,#1891),(#1892,
#1893,#1894,#1895),(#1896,#1897,#1898,#1899),(#1900,#1901,#1902,#1903),
(#1904,#1905,#1906,#1907)),.UNSPECIFIED.,.F.,.F.,.F.,(4,1,4),(4,4),(0.,
0.5,1.),(0.,13.7541235575858),.UNSPECIFIED.);
#897=B_SPLINE_SURFACE_WITH_KNOTS('',3,3,((#1914,#1915,#1916,#1917),(#1918,
#1919,#1920,#1921),(#1922,#1923,#1924,#1925),(#1926,#1927,#1928,#1929),
(#1930,#1931,#1932,#1933)),.UNSPECIFIED.,.F.,.F.,.F.,(4,1,4),(4,4),(0.,
0.571428571428571,1.),(6.15147708396707E-14,10.6870546505471),
 .UNSPECIFIED.);
#898=B_SPLINE_SURFACE_WITH_KNOTS('',3,3,((#1934,#1935,#1936,#1937,#1938,
#1939),(#1940,#1941,#1942,#1943,#1944,#1945),(#1946,#1947,#1948,#1949,#1950,
#1951),(#1952,#1953,#1954,#1955,#1956,#1957),(#1958,#1959,#1960,#1961,#1962,
#1963)),.UNSPECIFIED.,.F.,.F.,.F.,(4,1,4),(4,1,1,4),(0.,0.5,1.),(0.,0.955146250317884,
1.59191041719647,2.22867458407506),.UNSPECIFIED.);
#899=B_SPLINE_SURFACE_WITH_KNOTS('',3,3,((#1970,#1971,#1972,#1973),(#1974,
#1975,#1976,#1977),(#1978,#1979,#1980,#1981),(#1982,#1983,#1984,#1985),
(#1986,#1987,#1988,#1989)),.UNSPECIFIED.,.F.,.F.,.F.,(4,1,4),(4,4),(-1.46613098997075E-15,
0.428571428571436,1.00000000000002),(0.0245128938078701,1.),
 .UNSPECIFIED.);
#900=B_SPLINE_SURFACE_WITH_KNOTS('',3,3,((#1995,#1996,#1997,#1998),(#1999,
#2000,#2001,#2002),(#2003,#2004,#2005,#2006),(#2007,#2008,#2009,#2010)),
 .UNSPECIFIED.,.F.,.F.,.F.,(4,4),(4,4),(-1.41705544058545E-15,1.00000000000012),
(0.0259738247904291,1.),.UNSPECIFIED.);
#901=B_SPLINE_SURFACE_WITH_KNOTS('',3,3,((#2014,#2015,#2016,#2017),(#2018,
#2019,#2020,#2021),(#2022,#2023,#2024,#2025),(#2026,#2027,#2028,#2029),
(#2030,#2031,#2032,#2033)),.UNSPECIFIED.,.F.,.F.,.F.,(4,1,4),(4,4),(-1.07818210598834E-15,
0.428571428571428,1.),(0.0255427458179577,1.),.UNSPECIFIED.);
#902=B_SPLINE_SURFACE_WITH_KNOTS('',3,3,((#2041,#2042,#2043,#2044),(#2045,
#2046,#2047,#2048),(#2049,#2050,#2051,#2052),(#2053,#2054,#2055,#2056),
(#2057,#2058,#2059,#2060)),.UNSPECIFIED.,.F.,.F.,.F.,(4,1,4),(4,4),(0.,
0.571428571428571,1.),(0.0253267742381775,1.),.UNSPECIFIED.);
#903=B_SPLINE_SURFACE_WITH_KNOTS('',3,3,((#2066,#2067,#2068,#2069,#2070,
#2071,#2072,#2073),(#2074,#2075,#2076,#2077,#2078,#2079,#2080,#2081),(#2082,
#2083,#2084,#2085,#2086,#2087,#2088,#2089),(#2090,#2091,#2092,#2093,#2094,
#2095,#2096,#2097)),.UNSPECIFIED.,.F.,.F.,.F.,(4,4),(4,2,2,4),(0.239674131053851,
0.354638519821871),(0.233526657562272,0.271189077347092,0.338986346683896,
0.355179454795208),.UNSPECIFIED.);
#904=B_SPLINE_SURFACE_WITH_KNOTS('',3,3,((#2144,#2145,#2146,#2147),(#2148,
#2149,#2150,#2151),(#2152,#2153,#2154,#2155),(#2156,#2157,#2158,#2159),
(#2160,#2161,#2162,#2163)),.UNSPECIFIED.,.F.,.F.,.F.,(4,1,4),(4,4),(-1.97426671188107E-14,
0.42857142857162,1.00000000000047),(0.0245128931041076,1.),
 .UNSPECIFIED.);
#905=B_SPLINE_SURFACE_WITH_KNOTS('',1,1,((#2253,#2254,#2255),(#2256,#2257,
#2258),(#2259,#2260,#2261)),.UNSPECIFIED.,.F.,.F.,.F.,(2,1,2),(2,1,2),(2.02504679691629E-13,
17.9999999999998,66.4999999999987),(0.,3.,10.5),.UNSPECIFIED.);
#906=B_SPLINE_SURFACE_WITH_KNOTS('',1,1,((#2272,#2273,#2274),(#2275,#2276,
#2277),(#2278,#2279,#2280),(#2281,#2282,#2283)),.UNSPECIFIED.,.F.,.F.,.F.,
(2,1,1,2),(2,1,2),(-66.2000000000287,-3.43547412740008E-12,18.0000000000034,
20.7000000000045),(0.,3.,10.5),.UNSPECIFIED.);
#907=B_SPLINE_SURFACE_WITH_KNOTS('',1,1,((#2284,#2285,#2286,#2287),(#2288,
#2289,#2290,#2291),(#2292,#2293,#2294,#2295)),.UNSPECIFIED.,.F.,.F.,.F.,
(2,1,2),(2,1,1,2),(-48.4999999999987,2.02504679691629E-13,17.9999999999998),
(-113.999999999985,0.,3.,39.6500020000385),.UNSPECIFIED.);
#908=B_SPLINE_SURFACE_WITH_KNOTS('',1,1,((#2306,#2307,#2308),(#2309,#2310,
#2311),(#2312,#2313,#2314),(#2315,#2316,#2317)),.UNSPECIFIED.,.F.,.F.,.F.,
(2,1,1,2),(2,1,2),(-66.2000000000287,-3.43547412740008E-12,18.0000000000034,
20.7000000000045),(0.,3.,10.5),.UNSPECIFIED.);
#909=ADVANCED_FACE('',(#193),#885,.T.);
#910=ADVANCED_FACE('',(#194),#162,.F.);
#911=ADVANCED_FACE('',(#195),#163,.T.);
#912=ADVANCED_FACE('',(#196),#886,.F.);
#913=ADVANCED_FACE('',(#197),#887,.F.);
#914=ADVANCED_FACE('',(#198),#888,.F.);
#915=ADVANCED_FACE('',(#199),#889,.F.);
#916=ADVANCED_FACE('',(#200),#164,.F.);
#917=ADVANCED_FACE('',(#201),#165,.F.);
#918=ADVANCED_FACE('',(#202),#890,.T.);
#919=ADVANCED_FACE('',(#203),#891,.F.);
#920=ADVANCED_FACE('',(#204),#892,.F.);
#921=ADVANCED_FACE('',(#205),#893,.F.);
#922=ADVANCED_FACE('',(#206),#894,.F.);
#923=ADVANCED_FACE('',(#207),#17,.T.);
#924=ADVANCED_FACE('',(#208),#895,.F.);
#925=ADVANCED_FACE('',(#209),#896,.F.);
#926=ADVANCED_FACE('',(#210),#897,.F.);
#927=ADVANCED_FACE('',(#211),#898,.F.);
#928=ADVANCED_FACE('',(#212),#899,.T.);
#929=ADVANCED_FACE('',(#213),#900,.T.);
#930=ADVANCED_FACE('',(#214),#901,.T.);
#931=ADVANCED_FACE('',(#215),#166,.T.);
#932=ADVANCED_FACE('',(#216),#902,.T.);
#933=ADVANCED_FACE('',(#217,#15),#167,.F.);
#934=ADVANCED_FACE('',(#218),#903,.F.);
#935=ADVANCED_FACE('',(#219),#904,.T.);
#936=ADVANCED_FACE('',(#220),#168,.T.);
#937=ADVANCED_FACE('',(#221),#14,.T.);
#938=ADVANCED_FACE('',(#222,#16),#169,.T.);
#939=ADVANCED_FACE('',(#223),#170,.T.);
#940=ADVANCED_FACE('',(#224),#171,.T.);
#941=ADVANCED_FACE('',(#225),#172,.T.);
#942=ADVANCED_FACE('',(#226),#173,.T.);
#943=ADVANCED_FACE('',(#227),#174,.T.);
#944=ADVANCED_FACE('',(#228),#175,.T.);
#945=ADVANCED_FACE('',(#229),#176,.T.);
#946=ADVANCED_FACE('',(#230),#177,.T.);
#947=ADVANCED_FACE('',(#231),#178,.T.);
#948=ADVANCED_FACE('',(#232),#179,.T.);
#949=ADVANCED_FACE('',(#233),#180,.T.);
#950=ADVANCED_FACE('',(#234),#181,.T.);
#951=ADVANCED_FACE('',(#235),#905,.F.);
#952=ADVANCED_FACE('',(#236),#182,.F.);
#953=ADVANCED_FACE('',(#237),#183,.T.);
#954=ADVANCED_FACE('',(#238),#184,.T.);
#955=ADVANCED_FACE('',(#239),#185,.F.);
#956=ADVANCED_FACE('',(#240),#906,.F.);
#957=ADVANCED_FACE('',(#241),#907,.F.);
#958=ADVANCED_FACE('',(#242),#186,.F.);
#959=ADVANCED_FACE('',(#243),#187,.T.);
#960=ADVANCED_FACE('',(#244),#188,.T.);
#961=ADVANCED_FACE('',(#245),#189,.F.);
#962=ADVANCED_FACE('',(#246),#908,.F.);
#963=OPEN_SHELL('',(#909));
#964=SHELL_BASED_SURFACE_MODEL('Body28',(#963));
#965=DERIVED_UNIT_ELEMENT(#967,1.);
#966=DERIVED_UNIT_ELEMENT(#2323,-3.);
#967=(
MASS_UNIT()
NAMED_UNIT(*)
SI_UNIT(.KILO.,.GRAM.)
);
#968=DERIVED_UNIT((#965,#966));
#969=MEASURE_REPRESENTATION_ITEM('density measure',
POSITIVE_RATIO_MEASURE(7850.),#968);
#970=PROPERTY_DEFINITION_REPRESENTATION(#975,#972);
#971=PROPERTY_DEFINITION_REPRESENTATION(#976,#973);
#972=REPRESENTATION('material name',(#974),#2320);
#973=REPRESENTATION('density',(#969),#2320);
#974=DESCRIPTIVE_REPRESENTATION_ITEM('Steel','Steel');
#975=PROPERTY_DEFINITION('material property','material name',#2330);
#976=PROPERTY_DEFINITION('material property','density of part',#2330);
#977=AXIS2_PLACEMENT_3D('',#1179,#1023,#1024);
#978=AXIS2_PLACEMENT_3D('',#1196,#1025,#1026);
#979=AXIS2_PLACEMENT_3D('',#1243,#1033,#1034);
#980=AXIS2_PLACEMENT_3D('',#1622,#1039,#1040);
#981=AXIS2_PLACEMENT_3D('',#1638,#1046,#1047);
#982=AXIS2_PLACEMENT_3D('',#1711,#1055,#1056);
#983=AXIS2_PLACEMENT_3D('',#1743,#1057,#1058);
#984=AXIS2_PLACEMENT_3D('',#1815,#1059,#1060);
#985=AXIS2_PLACEMENT_3D('',#1879,#1061,#1062);
#986=AXIS2_PLACEMENT_3D('',#1887,#1063,#1064);
#987=AXIS2_PLACEMENT_3D('',#1913,#1065,#1066);
#988=AXIS2_PLACEMENT_3D('',#1994,#1069,#1070);
#989=AXIS2_PLACEMENT_3D('',#2036,#1074,#1075);
#990=AXIS2_PLACEMENT_3D('',#2037,#1076,#1077);
#991=AXIS2_PLACEMENT_3D('',#2061,#1080,#1081);
#992=AXIS2_PLACEMENT_3D('',#2062,#1082,#1083);
#993=AXIS2_PLACEMENT_3D('',#2064,#1084,#1085);
#994=AXIS2_PLACEMENT_3D('',#2165,#1088,#1089);
#995=AXIS2_PLACEMENT_3D('',#2166,#1090,#1091);
#996=AXIS2_PLACEMENT_3D('',#2178,#1092,#1093);
#997=AXIS2_PLACEMENT_3D('',#2186,#1095,#1096);
#998=AXIS2_PLACEMENT_3D('',#2191,#1099,#1100);
#999=AXIS2_PLACEMENT_3D('',#2194,#1102,#1103);
#1000=AXIS2_PLACEMENT_3D('',#2196,#1104,#1105);
#1001=AXIS2_PLACEMENT_3D('',#2203,#1107,#1108);
#1002=AXIS2_PLACEMENT_3D('',#2204,#1109,#1110);
#1003=AXIS2_PLACEMENT_3D('',#2229,#1123,#1124);
#1004=AXIS2_PLACEMENT_3D('',#2232,#1127,#1128);
#1005=AXIS2_PLACEMENT_3D('',#2234,#1130,#1131);
#1006=AXIS2_PLACEMENT_3D('',#2236,#1133,#1134);
#1007=AXIS2_PLACEMENT_3D('',#2238,#1136,#1137);
#1008=AXIS2_PLACEMENT_3D('',#2240,#1139,#1140);
#1009=AXIS2_PLACEMENT_3D('',#2242,#1142,#1143);
#1010=AXIS2_PLACEMENT_3D('',#2244,#1145,#1146);
#1011=AXIS2_PLACEMENT_3D('',#2246,#1148,#1149);
#1012=AXIS2_PLACEMENT_3D('',#2248,#1151,#1152);
#1013=AXIS2_PLACEMENT_3D('',#2250,#1154,#1155);
#1014=AXIS2_PLACEMENT_3D('',#2252,#1157,#1158);
#1015=AXIS2_PLACEMENT_3D('',#2264,#1159,#1160);
#1016=AXIS2_PLACEMENT_3D('',#2266,#1162,#1163);
#1017=AXIS2_PLACEMENT_3D('',#2267,#1164,#1165);
#1018=AXIS2_PLACEMENT_3D('',#2269,#1167,#1168);
#1019=AXIS2_PLACEMENT_3D('',#2298,#1169,#1170);
#1020=AXIS2_PLACEMENT_3D('',#2300,#1172,#1173);
#1021=AXIS2_PLACEMENT_3D('',#2301,#1174,#1175);
#1022=AXIS2_PLACEMENT_3D('',#2303,#1177,#1178);
#1023=DIRECTION('axis',(0.,0.,1.));
#1024=DIRECTION('refdir',(1.,0.,0.));
#1025=DIRECTION('center_axis',(3.04878835501587E-13,0.996398007205858,0.0847998304019228));
#1026=DIRECTION('ref_axis',(-1.,3.05980976775076E-13,0.));
#1027=DIRECTION('',(-1.71388881026204E-14,-0.0847998304019228,0.996398007205858));
#1028=DIRECTION('',(1.,-3.05980976775076E-13,0.));
#1029=DIRECTION('',(2.59471349367411E-14,0.0847998304019228,-0.996398007205858));
#1030=DIRECTION('',(-0.322487783801301,0.0802692829415662,-0.943164074546403));
#1031=DIRECTION('',(1.,-3.0597830384993E-13,-3.1406870464246E-17));
#1032=DIRECTION('',(0.307181537659929,0.0806998379269186,-0.948223095626473));
#1033=DIRECTION('center_axis',(0.946450232904348,0.0112553542497395,-0.322653488491939));
#1034=DIRECTION('ref_axis',(-0.0118913367601302,0.999929295555469,-6.93889390390723E-18));
#1035=DIRECTION('',(-0.0118913367601302,0.999929295555469,0.));
#1036=DIRECTION('',(-0.322673927789771,1.30431212322248E-13,-0.946510188177983));
#1037=DIRECTION('',(0.301943307514208,0.32292940925592,0.896965348096014));
#1038=DIRECTION('',(0.0118913367601302,-0.999929295555469,-1.52791030950673E-17));
#1039=DIRECTION('center_axis',(0.951325893333488,-1.05282102480508E-13,
0.308186704244751));
#1040=DIRECTION('ref_axis',(1.10668807837864E-13,1.,0.));
#1041=DIRECTION('',(0.308186704244751,-3.41066551502471E-14,-0.951325893333488));
#1042=DIRECTION('',(-1.10663978743134E-13,-1.,-1.49066873908435E-17));
#1043=DIRECTION('',(0.291559846987972,-0.324022423013051,-0.900001291670796));
#1044=DIRECTION('',(-0.308186704244751,1.24575188741094E-13,0.951325893333488));
#1045=DIRECTION('',(-1.10668807837864E-13,-1.,0.));
#1046=DIRECTION('center_axis',(-2.15465320833926E-17,-0.940880095846728,
0.33873978986746));
#1047=DIRECTION('ref_axis',(0.,-0.33873978986746,-0.940880095846728));
#1048=DIRECTION('',(-6.84626764809178E-14,-0.33873978986746,-0.940880095846728));
#1049=DIRECTION('',(-1.,3.42076412572844E-17,3.14068704642415E-17));
#1050=DIRECTION('',(0.,0.33873978986746,0.940880095846728));
#1051=DIRECTION('',(-1.,2.29004016330074E-17,0.));
#1052=DIRECTION('',(0.283887319776317,-0.44546146208763,-0.849100745179846));
#1053=DIRECTION('',(0.,-1.,0.));
#1054=DIRECTION('',(0.29777228202692,0.228186493438144,-0.926964180682773));
#1055=DIRECTION('center_axis',(-0.992271600173724,0.0420325053455725,0.116749047032735));
#1056=DIRECTION('ref_axis',(8.31335000840217E-13,-0.940880095846864,0.338739789867085));
#1057=DIRECTION('center_axis',(-0.992271600139532,-0.0420325054496579,-0.116749047285866));
#1058=DIRECTION('ref_axis',(1.07611697330867E-11,-0.940880095844998,0.338739789872267));
#1059=DIRECTION('center_axis',(1.63258755069983E-5,0.999394941843096,0.0347814598874358));
#1060=DIRECTION('ref_axis',(-0.952782632917831,-0.0105459553277355,0.303469993963803));
#1061=DIRECTION('center_axis',(-1.63274554180846E-5,0.999394941669547,0.0347814648733692));
#1062=DIRECTION('ref_axis',(-0.138669162072116,-0.0344476956118635,0.989739470647326));
#1063=DIRECTION('center_axis',(0.993262780706193,-0.00982692415495274,0.115466358847299));
#1064=DIRECTION('ref_axis',(-2.27018404073241E-12,0.996398007205979,0.0847998304004991));
#1065=DIRECTION('center_axis',(0.993262781660105,0.00982692372640772,-0.11546635067805));
#1066=DIRECTION('ref_axis',(-2.51006326834612E-10,0.996398007195603,0.0847998305224172));
#1067=DIRECTION('',(-0.429122651623377,-0.305965437746469,-0.849846398338154));
#1068=DIRECTION('',(-0.283887319779165,-0.445461462087239,-0.849100745179099));
#1069=DIRECTION('center_axis',(0.,0.,-1.));
#1070=DIRECTION('ref_axis',(-1.,-7.10542735760095E-15,0.));
#1071=DIRECTION('',(0.,1.,0.));
#1072=DIRECTION('',(-0.297772282029797,0.228186493439303,-0.926964180681563));
#1073=DIRECTION('',(-0.430528385912501,0.0765383797198968,-0.899325961680985));
#1074=DIRECTION('center_axis',(0.,0.,-1.));
#1075=DIRECTION('ref_axis',(-7.10542735760095E-15,1.,0.));
#1076=DIRECTION('center_axis',(0.,0.996398007205757,0.0847998304031115));
#1077=DIRECTION('ref_axis',(0.,-0.0847998304031115,0.996398007205757));
#1078=DIRECTION('',(1.,0.,0.));
#1079=DIRECTION('',(0.430528385910544,0.0765383797185897,-0.899325961682034));
#1080=DIRECTION('center_axis',(0.,0.,-1.));
#1081=DIRECTION('ref_axis',(1.,7.10542735760095E-15,0.));
#1082=DIRECTION('center_axis',(3.14068704642415E-17,-1.49066873908469E-17,
1.));
#1083=DIRECTION('ref_axis',(1.,0.,-3.14068704642415E-17));
#1084=DIRECTION('center_axis',(0.,0.,-1.));
#1085=DIRECTION('ref_axis',(7.10542735760095E-15,-1.,0.));
#1086=DIRECTION('',(-1.,0.,0.));
#1087=DIRECTION('',(0.42912265162083,-0.305965437746879,-0.849846398339293));
#1088=DIRECTION('center_axis',(-2.15465320833926E-17,-0.940880095846728,
0.33873978986746));
#1089=DIRECTION('ref_axis',(0.,-0.33873978986746,-0.940880095846728));
#1090=DIRECTION('center_axis',(0.,0.,1.));
#1091=DIRECTION('ref_axis',(0.,1.,0.));
#1092=DIRECTION('center_axis',(0.,0.,1.));
#1093=DIRECTION('ref_axis',(0.,1.,0.));
#1094=DIRECTION('',(0.,0.,-1.));
#1095=DIRECTION('center_axis',(0.,0.,1.));
#1096=DIRECTION('ref_axis',(0.,1.,0.));
#1097=DIRECTION('',(0.,0.,-1.));
#1098=DIRECTION('',(0.,0.,1.));
#1099=DIRECTION('center_axis',(0.,0.,1.));
#1100=DIRECTION('ref_axis',(0.,1.,0.));
#1101=DIRECTION('',(0.,0.,-1.));
#1102=DIRECTION('center_axis',(0.,-3.06161699786838E-16,-1.));
#1103=DIRECTION('ref_axis',(0.,1.,0.));
#1104=DIRECTION('center_axis',(0.,0.,1.));
#1105=DIRECTION('ref_axis',(0.,1.,0.));
#1106=DIRECTION('',(0.,0.,1.));
#1107=DIRECTION('center_axis',(0.,0.,1.));
#1108=DIRECTION('ref_axis',(0.,1.,0.));
#1109=DIRECTION('center_axis',(0.,-3.06161699786838E-16,-1.));
#1110=DIRECTION('ref_axis',(0.,1.,-3.06161699786838E-16));
#1111=DIRECTION('',(0.,-1.,3.06161699786838E-16));
#1112=DIRECTION('',(-1.,0.,0.));
#1113=DIRECTION('',(0.,-1.,3.06161699786838E-16));
#1114=DIRECTION('',(1.,0.,0.));
#1115=DIRECTION('',(0.,-1.,3.06161699786838E-16));
#1116=DIRECTION('',(1.,0.,0.));
#1117=DIRECTION('',(0.,1.,-3.06161699786838E-16));
#1118=DIRECTION('',(1.,0.,0.));
#1119=DIRECTION('',(0.,1.,-3.06161699786838E-16));
#1120=DIRECTION('',(-1.,0.,0.));
#1121=DIRECTION('',(0.,1.,-3.06161699786838E-16));
#1122=DIRECTION('',(-1.,0.,0.));
#1123=DIRECTION('center_axis',(0.,-1.,0.));
#1124=DIRECTION('ref_axis',(1.,0.,0.));
#1125=DIRECTION('',(0.,0.,1.));
#1126=DIRECTION('',(0.,0.,1.));
#1127=DIRECTION('center_axis',(-1.,0.,0.));
#1128=DIRECTION('ref_axis',(0.,-1.,3.06161699786838E-16));
#1129=DIRECTION('',(0.,0.,1.));
#1130=DIRECTION('center_axis',(1.,0.,0.));
#1131=DIRECTION('ref_axis',(0.,1.,-3.06161699786838E-16));
#1132=DIRECTION('',(0.,0.,1.));
#1133=DIRECTION('center_axis',(0.,-1.,0.));
#1134=DIRECTION('ref_axis',(1.,0.,0.));
#1135=DIRECTION('',(0.,0.,1.));
#1136=DIRECTION('center_axis',(0.,-1.,0.));
#1137=DIRECTION('ref_axis',(1.,0.,0.));
#1138=DIRECTION('',(0.,0.,1.));
#1139=DIRECTION('center_axis',(-1.,0.,0.));
#1140=DIRECTION('ref_axis',(0.,-1.,3.06161699786838E-16));
#1141=DIRECTION('',(0.,0.,1.));
#1142=DIRECTION('center_axis',(1.,0.,0.));
#1143=DIRECTION('ref_axis',(0.,1.,-3.06161699786838E-16));
#1144=DIRECTION('',(0.,0.,1.));
#1145=DIRECTION('center_axis',(0.,1.,0.));
#1146=DIRECTION('ref_axis',(-1.,0.,0.));
#1147=DIRECTION('',(0.,0.,1.));
#1148=DIRECTION('center_axis',(0.,1.,0.));
#1149=DIRECTION('ref_axis',(-1.,0.,0.));
#1150=DIRECTION('',(0.,0.,1.));
#1151=DIRECTION('center_axis',(-1.,0.,0.));
#1152=DIRECTION('ref_axis',(0.,-1.,3.06161699786838E-16));
#1153=DIRECTION('',(0.,0.,1.));
#1154=DIRECTION('center_axis',(0.,1.,0.));
#1155=DIRECTION('ref_axis',(-1.,0.,0.));
#1156=DIRECTION('',(0.,0.,1.));
#1157=DIRECTION('center_axis',(1.,0.,0.));
#1158=DIRECTION('ref_axis',(0.,1.,-3.06161699786838E-16));
#1159=DIRECTION('center_axis',(0.,0.,1.));
#1160=DIRECTION('ref_axis',(1.,0.,0.));
#1161=DIRECTION('',(1.,-4.04219867454635E-13,0.));
#1162=DIRECTION('center_axis',(-4.04219867454635E-13,-1.,0.));
#1163=DIRECTION('ref_axis',(0.,0.,-1.));
#1164=DIRECTION('center_axis',(1.,-2.02109933727317E-13,0.));
#1165=DIRECTION('ref_axis',(0.,0.,-1.));
#1166=DIRECTION('',(-2.02109933727317E-13,-1.,0.));
#1167=DIRECTION('center_axis',(0.,0.,1.));
#1168=DIRECTION('ref_axis',(1.,0.,0.));
#1169=DIRECTION('center_axis',(0.,0.,1.));
#1170=DIRECTION('ref_axis',(1.,0.,0.));
#1171=DIRECTION('',(-1.,4.04219867454635E-13,0.));
#1172=DIRECTION('center_axis',(-4.04219867454635E-13,-1.,0.));
#1173=DIRECTION('ref_axis',(0.,0.,-1.));
#1174=DIRECTION('center_axis',(1.,-2.02109933727317E-13,0.));
#1175=DIRECTION('ref_axis',(0.,0.,-1.));
#1176=DIRECTION('',(-2.02109933727317E-13,-1.,0.));
#1177=DIRECTION('center_axis',(0.,0.,1.));
#1178=DIRECTION('ref_axis',(1.,0.,0.));
#1179=CARTESIAN_POINT('',(0.,0.,0.));
#1180=CARTESIAN_POINT('Ctrl Pts',(247.655043830175,278.537362314228,10.154746994852));
#1181=CARTESIAN_POINT('Ctrl Pts',(247.655043830175,278.572203637668,10.155962389855));
#1182=CARTESIAN_POINT('Ctrl Pts',(247.655043830175,278.593121147087,8.55632711921155));
#1183=CARTESIAN_POINT('Ctrl Pts',(247.655043830175,278.627962470528,8.55754251421461));
#1184=CARTESIAN_POINT('',(247.655043830175,278.572203637659,9.15596238985472));
#1185=CARTESIAN_POINT('',(247.655043830175,278.593121147096,8.5563271192118));
#1186=CARTESIAN_POINT('Ctrl Pts',(247.655043830175,278.572203637659,9.15596238985472));
#1187=CARTESIAN_POINT('Ctrl Pts',(247.655043830175,278.593121147096,8.5563271192118));
#1188=CARTESIAN_POINT('',(247.655043830175,278.593121147096,9.5563271192118));
#1189=CARTESIAN_POINT('Ctrl Pts',(247.655043830175,278.593121147096,8.5563271192118));
#1190=CARTESIAN_POINT('Ctrl Pts',(247.655043830175,278.593121147096,9.5563271192118));
#1191=CARTESIAN_POINT('',(247.655043830175,278.572203637659,10.1559623898547));
#1192=CARTESIAN_POINT('Ctrl Pts',(247.655043830175,278.572203637659,10.1559623898547));
#1193=CARTESIAN_POINT('Ctrl Pts',(247.655043830175,278.593121147096,9.5563271192118));
#1194=CARTESIAN_POINT('Ctrl Pts',(247.655043830175,278.572203637659,9.15596238985472));
#1195=CARTESIAN_POINT('Ctrl Pts',(247.655043830175,278.572203637659,10.1559623898547));
#1196=CARTESIAN_POINT('Origin',(100.335710974432,255.458714254369,5.03089797610032));
#1197=CARTESIAN_POINT('',(97.9067899915844,255.518131179811,4.33274910222287));
#1198=CARTESIAN_POINT('',(97.9067899915844,255.25123953933,7.4687258778008));
#1199=CARTESIAN_POINT('',(97.9067899915844,255.398528832579,5.73807668213854));
#1200=CARTESIAN_POINT('',(97.2567899915839,255.518131179811,4.33274910222279));
#1201=CARTESIAN_POINT('',(98.958750483007,255.518131179811,4.33274910222287));
#1202=CARTESIAN_POINT('',(97.2567899915794,255.251236838012,7.46875761829553));
#1203=CARTESIAN_POINT('',(97.2567899915794,255.458714254369,5.03089797610032));
#1204=CARTESIAN_POINT('',(90.1228596073156,255.21199984255,7.9297923150663));
#1205=CARTESIAN_POINT('Ctrl Pts',(97.2567899915781,255.251236838003,7.46875761829525));
#1206=CARTESIAN_POINT('Ctrl Pts',(96.0539096660863,255.250682482501,7.47527129532597));
#1207=CARTESIAN_POINT('Ctrl Pts',(94.8507031940283,255.247078634196,7.51761592278532));
#1208=CARTESIAN_POINT('Ctrl Pts',(93.6503884669089,255.240427411504,7.59576809594915));
#1209=CARTESIAN_POINT('Ctrl Pts',(93.0955430878683,255.237352884389,7.63189393125069));
#1210=CARTESIAN_POINT('Ctrl Pts',(92.541680928546,255.233629180949,7.67564226840576));
#1211=CARTESIAN_POINT('Ctrl Pts',(91.9886102286508,255.229254838357,7.72704111993422));
#1212=CARTESIAN_POINT('Ctrl Pts',(91.444727917209,255.224953168497,7.77758606143997));
#1213=CARTESIAN_POINT('Ctrl Pts',(90.9016437832454,255.22002237329,7.83552727989328));
#1214=CARTESIAN_POINT('Ctrl Pts',(90.359166938836,255.214462148645,7.90086018244669));
#1215=CARTESIAN_POINT('Ctrl Pts',(90.280385186068,255.213654659352,7.91034821982491));
#1216=CARTESIAN_POINT('Ctrl Pts',(90.201616262748,255.212833891987,7.91999223927349));
#1217=CARTESIAN_POINT('Ctrl Pts',(90.1228596073185,255.211999842545,7.92979231506617));
#1218=CARTESIAN_POINT('',(87.4114955735558,255.886875784258,9.45893363635264E-11));
#1219=CARTESIAN_POINT('',(90.0503034293683,255.230059541764,7.71759084925885));
#1220=CARTESIAN_POINT('',(107.747438840927,255.886875784249,9.45887812520141E-11));
#1221=CARTESIAN_POINT('',(100.149375483011,255.886875784249,9.45887812520141E-11));
#1222=CARTESIAN_POINT('',(105.173116417204,255.210574063944,7.94654521357257));
#1223=CARTESIAN_POINT('',(105.589695575777,255.320013813603,6.66062815513287));
#1224=CARTESIAN_POINT('Ctrl Pts',(105.173116417183,255.210574063952,7.9465452131093));
#1225=CARTESIAN_POINT('Ctrl Pts',(104.874020248684,255.213799200767,7.90864984475934));
#1226=CARTESIAN_POINT('Ctrl Pts',(104.574750416737,255.216832681184,7.87300621413162));
#1227=CARTESIAN_POINT('Ctrl Pts',(104.275296845054,255.219674622509,7.83961385163913));
#1228=CARTESIAN_POINT('Ctrl Pts',(103.688908284998,255.225239698497,7.77422508619958));
#1229=CARTESIAN_POINT('Ctrl Pts',(103.101838475714,255.230070353493,7.71746769094259));
#1230=CARTESIAN_POINT('Ctrl Pts',(102.514027375193,255.234168244983,7.66931582491636));
#1231=CARTESIAN_POINT('Ctrl Pts',(102.212506874725,255.236270277919,7.64461609616032));
#1232=CARTESIAN_POINT('Ctrl Pts',(101.910791133209,255.238179475603,7.62218149891908));
#1233=CARTESIAN_POINT('Ctrl Pts',(101.608871113246,255.239895879596,7.60201377897659));
#1234=CARTESIAN_POINT('Ctrl Pts',(101.135053041361,255.242589517568,7.57036357512916));
#1235=CARTESIAN_POINT('Ctrl Pts',(100.661083465299,255.244805683717,7.54431912979914));
#1236=CARTESIAN_POINT('Ctrl Pts',(100.186974955098,255.246545039074,7.52388095055148));
#1237=CARTESIAN_POINT('Ctrl Pts',(99.5631211128468,255.248833763067,7.49698745174702));
#1238=CARTESIAN_POINT('Ctrl Pts',(98.939059897169,255.25029691527,7.47980084944503));
#1239=CARTESIAN_POINT('Ctrl Pts',(98.3148146346731,255.250937770868,7.47227146970059));
#1240=CARTESIAN_POINT('Ctrl Pts',(98.1788150885486,255.251077389181,7.47063110125991));
#1241=CARTESIAN_POINT('Ctrl Pts',(98.0428067969355,255.251177971176,7.46944929940615));
#1242=CARTESIAN_POINT('Ctrl Pts',(97.9067899915845,255.251239539328,7.46872587780094));
#1243=CARTESIAN_POINT('Origin',(89.6957488732937,248.248938883239,6.43403668661659));
#1244=CARTESIAN_POINT('',(88.97681481174,248.466394550956,4.33274910222311));
#1245=CARTESIAN_POINT('',(90.1230336760705,248.46639455096,7.6949911042456));
#1246=CARTESIAN_POINT('Ctrl Pts',(88.97681481174,248.46639455096,4.33274910222287));
#1247=CARTESIAN_POINT('Ctrl Pts',(89.3588877665161,248.46639455096,5.45349643622739));
#1248=CARTESIAN_POINT('Ctrl Pts',(89.7409607212853,248.46639455096,6.57424377023242));
#1249=CARTESIAN_POINT('Ctrl Pts',(90.1230336760636,248.46639455096,7.69499110423706));
#1250=CARTESIAN_POINT('',(88.9845447271728,247.81639455096,4.33274910222287));
#1251=CARTESIAN_POINT('',(88.9787668581289,248.302249138919,4.33274910222287));
#1252=CARTESIAN_POINT('',(90.1230504491787,247.81639455095,7.67236588675055));
#1253=CARTESIAN_POINT('',(90.019077564541,247.81639455095,7.36737875848324));
#1254=CARTESIAN_POINT('',(90.1231702451946,243.173999533051,7.51077327614855));
#1255=CARTESIAN_POINT('Ctrl Pts',(90.1230504491787,247.816394550946,7.67236588675139));
#1256=CARTESIAN_POINT('Ctrl Pts',(90.1230721826209,246.974169074283,7.64304967969362));
#1257=CARTESIAN_POINT('Ctrl Pts',(90.1230939160587,246.131943597611,7.61373347264722));
#1258=CARTESIAN_POINT('Ctrl Pts',(90.123133848067,244.584478591637,7.55986926911634));
#1259=CARTESIAN_POINT('Ctrl Pts',(90.1231520466263,243.879239062321,7.53532127262803));
#1260=CARTESIAN_POINT('Ctrl Pts',(90.1231702451901,243.173999533014,7.51077327614796));
#1261=CARTESIAN_POINT('',(87.5948365366776,240.469937907656,9.45893363635264E-11));
#1262=CARTESIAN_POINT('',(91.0016281062599,244.113513246625,10.1203567361276));
#1263=CARTESIAN_POINT('',(87.5040027291288,248.108051858044,9.45887812520141E-11));
#1264=CARTESIAN_POINT('Ctrl Pts',(90.1228596073156,255.211999842541,7.92979231506643));
#1265=CARTESIAN_POINT('Ctrl Pts',(90.1228886058198,254.088233741263,7.89067623428051));
#1266=CARTESIAN_POINT('Ctrl Pts',(90.122917604333,252.964467639999,7.8515601535153));
#1267=CARTESIAN_POINT('Ctrl Pts',(90.122975627246,250.715932542803,7.77329308324198));
#1268=CARTESIAN_POINT('Ctrl Pts',(90.1230046516594,249.591163546879,7.73414209373366));
#1269=CARTESIAN_POINT('Ctrl Pts',(90.1230336760705,248.466394550969,7.69499110424634));
#1270=CARTESIAN_POINT('Ctrl Pts',(95.5817899450505,250.140312618118,7.32319943706458));
#1271=CARTESIAN_POINT('Ctrl Pts',(96.9141711435285,250.141849188119,7.27905193999394));
#1272=CARTESIAN_POINT('Ctrl Pts',(98.2489379931173,250.141853648322,7.27892450498712));
#1273=CARTESIAN_POINT('Ctrl Pts',(99.5817899636795,250.140317939025,7.32304869831539));
#1274=CARTESIAN_POINT('Ctrl Pts',(95.581789969873,248.806954908545,7.27679217693079));
#1275=CARTESIAN_POINT('Ctrl Pts',(96.914171168351,248.808491478545,7.23264467986015));
#1276=CARTESIAN_POINT('Ctrl Pts',(98.2489380179398,248.808495938748,7.23251724485333));
#1277=CARTESIAN_POINT('Ctrl Pts',(99.581789988502,248.806960229451,7.2766414381816));
#1278=CARTESIAN_POINT('Ctrl Pts',(95.5817899946955,247.473597198971,7.230384916797));
#1279=CARTESIAN_POINT('Ctrl Pts',(96.9141711931735,247.475133768972,7.18623741972636));
#1280=CARTESIAN_POINT('Ctrl Pts',(98.2489380427623,247.475138229175,7.18610998471954));
#1281=CARTESIAN_POINT('Ctrl Pts',(99.5817900133246,247.473602519877,7.23023417804781));
#1282=CARTESIAN_POINT('Ctrl Pts',(95.581790019518,246.140239489397,7.18397765666321));
#1283=CARTESIAN_POINT('Ctrl Pts',(96.914171217996,246.141776059398,7.13983015959257));
#1284=CARTESIAN_POINT('Ctrl Pts',(98.2489380675849,246.141780519601,7.13970272458575));
#1285=CARTESIAN_POINT('Ctrl Pts',(99.5817900381471,246.140244810304,7.18382691791402));
#1286=CARTESIAN_POINT('',(98.0817899915814,250.141394550965,7.29206594972717));
#1287=CARTESIAN_POINT('',(97.0817899915801,250.141394550965,7.29211451075134));
#1288=CARTESIAN_POINT('Ctrl Pts',(98.0817900126949,250.141394559971,7.29206569105));
#1289=CARTESIAN_POINT('Ctrl Pts',(97.9150623155742,250.141394560769,7.29069277428091));
#1290=CARTESIAN_POINT('Ctrl Pts',(97.7483318688151,250.141394561205,7.29001092817833));
#1291=CARTESIAN_POINT('Ctrl Pts',(97.5816072149494,250.141394561205,7.29001964955502));
#1292=CARTESIAN_POINT('Ctrl Pts',(97.4150044040816,250.141394561205,7.29002836455809));
#1293=CARTESIAN_POINT('Ctrl Pts',(97.2483958280364,250.141394560766,7.29072663869235));
#1294=CARTESIAN_POINT('Ctrl Pts',(97.081790010546,250.141394559969,7.29211425198926));
#1295=CARTESIAN_POINT('',(98.0817899915814,248.641394550964,7.23985873630847));
#1296=CARTESIAN_POINT('Ctrl Pts',(98.0817899915837,248.641394550973,7.2398587363088));
#1297=CARTESIAN_POINT('Ctrl Pts',(98.0817899915837,249.141394550984,7.25726114078217));
#1298=CARTESIAN_POINT('Ctrl Pts',(98.0817899915814,249.641394550999,7.27466354525547));
#1299=CARTESIAN_POINT('Ctrl Pts',(98.0817899915814,250.141394551015,7.29206594972892));
#1300=CARTESIAN_POINT('',(99.5817899915801,248.641394550955,7.27087895639891));
#1301=CARTESIAN_POINT('Ctrl Pts',(99.5817899915778,248.641394550964,7.27087895639903));
#1302=CARTESIAN_POINT('Ctrl Pts',(99.0819684607231,248.641394550964,7.25431227244598));
#1303=CARTESIAN_POINT('Ctrl Pts',(98.5818915929508,248.641394550964,7.24397674631911));
#1304=CARTESIAN_POINT('Ctrl Pts',(98.0817899915814,248.641394550964,7.23985873630852));
#1305=CARTESIAN_POINT('',(99.5817899915801,247.641394550965,7.23607414698962));
#1306=CARTESIAN_POINT('Ctrl Pts',(99.5817899915801,247.641394550992,7.23607414699066));
#1307=CARTESIAN_POINT('Ctrl Pts',(99.5817899915801,247.805657218655,7.2417912778318));
#1308=CARTESIAN_POINT('Ctrl Pts',(99.5817899915801,247.969919886318,7.24750840867284));
#1309=CARTESIAN_POINT('Ctrl Pts',(99.5817899915801,248.303253219638,7.25911001180889));
#1310=CARTESIAN_POINT('Ctrl Pts',(99.5817899915801,248.472323885298,7.26499448410383));
#1311=CARTESIAN_POINT('Ctrl Pts',(99.5817899915801,248.641394550955,7.27087895639882));
#1312=CARTESIAN_POINT('',(98.0817899915814,247.641394550965,7.20505392736279));
#1313=CARTESIAN_POINT('Ctrl Pts',(98.0817899915837,247.641394550965,7.20505392736272));
#1314=CARTESIAN_POINT('Ctrl Pts',(98.5818915930417,247.641394550965,7.20917193721976));
#1315=CARTESIAN_POINT('Ctrl Pts',(99.0819684608141,247.641394550965,7.21950746319436));
#1316=CARTESIAN_POINT('Ctrl Pts',(99.5817899915778,247.641394550965,7.23607414698946));
#1317=CARTESIAN_POINT('',(98.0817899915814,246.141394550964,7.15284671394388));
#1318=CARTESIAN_POINT('Ctrl Pts',(98.0817899915814,246.141394550964,7.1528467139438));
#1319=CARTESIAN_POINT('Ctrl Pts',(98.0817899915814,246.641394550957,7.17024911841637));
#1320=CARTESIAN_POINT('Ctrl Pts',(98.0817899915837,247.141394550936,7.18765152288884));
#1321=CARTESIAN_POINT('Ctrl Pts',(98.0817899915837,247.641394550928,7.20505392736174));
#1322=CARTESIAN_POINT('',(97.0817899915801,246.141394550964,7.15289527620133));
#1323=CARTESIAN_POINT('Ctrl Pts',(97.0817900105452,246.14139455997,7.15289501743932));
#1324=CARTESIAN_POINT('Ctrl Pts',(97.2483946149293,246.141394560768,7.15150741404062));
#1325=CARTESIAN_POINT('Ctrl Pts',(97.4150019778187,246.141394561207,7.1508091397661));
#1326=CARTESIAN_POINT('Ctrl Pts',(97.5816035756678,246.141394561207,7.15080041457924));
#1327=CARTESIAN_POINT('Ctrl Pts',(97.748329442552,246.141394561207,7.15079168288422));
#1328=CARTESIAN_POINT('Ctrl Pts',(97.9150611024671,246.141394560767,7.15147352871386));
#1329=CARTESIAN_POINT('Ctrl Pts',(98.0817900126948,246.141394559965,7.15284645526639));
#1330=CARTESIAN_POINT('',(97.0817899915801,247.641394550965,7.20510248915746));
#1331=CARTESIAN_POINT('Ctrl Pts',(97.0817899915801,247.641394550969,7.20510248915782));
#1332=CARTESIAN_POINT('Ctrl Pts',(97.0817899915801,247.141394550986,7.18770008483951));
#1333=CARTESIAN_POINT('Ctrl Pts',(97.0817899915801,246.641394551002,7.17029768052113));
#1334=CARTESIAN_POINT('Ctrl Pts',(97.0817899915801,246.141394551023,7.1528952762029));
#1335=CARTESIAN_POINT('',(95.5817899915814,247.641394550965,7.23622507154897));
#1336=CARTESIAN_POINT('Ctrl Pts',(95.5817899915746,247.641394550965,7.23622507154895));
#1337=CARTESIAN_POINT('Ctrl Pts',(96.0816112886641,247.641394550965,7.21964378855776));
#1338=CARTESIAN_POINT('Ctrl Pts',(96.5816882040599,247.641394550965,7.20926762869451));
#1339=CARTESIAN_POINT('Ctrl Pts',(97.0817899915801,247.641394550965,7.20510248915762));
#1340=CARTESIAN_POINT('',(95.5817899915814,248.641394550964,7.27102987972388));
#1341=CARTESIAN_POINT('Ctrl Pts',(95.5817899915814,248.641394550937,7.2710298797227));
#1342=CARTESIAN_POINT('Ctrl Pts',(95.5817899915814,248.472322111652,7.2651453459058));
#1343=CARTESIAN_POINT('Ctrl Pts',(95.5817899915814,248.303249672363,7.25926081208854));
#1344=CARTESIAN_POINT('Ctrl Pts',(95.5817899915814,247.969916339039,7.24765920936385));
#1345=CARTESIAN_POINT('Ctrl Pts',(95.5817899915814,247.805655444995,7.24194214045622));
#1346=CARTESIAN_POINT('Ctrl Pts',(95.5817899915814,247.641394550956,7.23622507154861));
#1347=CARTESIAN_POINT('',(97.0817899915801,248.641394550964,7.23990729779505));
#1348=CARTESIAN_POINT('Ctrl Pts',(97.0817899915801,248.641394550964,7.23990729779509));
#1349=CARTESIAN_POINT('Ctrl Pts',(96.581688203969,248.641394550964,7.2440724371786));
#1350=CARTESIAN_POINT('Ctrl Pts',(96.0816112885641,248.641394550964,7.25444859689032));
#1351=CARTESIAN_POINT('Ctrl Pts',(95.5817899915769,248.641394550964,7.2710298797238));
#1352=CARTESIAN_POINT('Ctrl Pts',(97.0817899915801,250.141394550965,7.29211451075121));
#1353=CARTESIAN_POINT('Ctrl Pts',(97.0817899915801,249.641394550958,7.27471210643212));
#1354=CARTESIAN_POINT('Ctrl Pts',(97.0817899915801,249.141394550943,7.2573097021129));
#1355=CARTESIAN_POINT('Ctrl Pts',(97.0817899915801,248.641394550937,7.23990729779413));
#1356=CARTESIAN_POINT('Ctrl Pts',(90.1230504491743,247.816394550959,7.67236588675138));
#1357=CARTESIAN_POINT('Ctrl Pts',(90.7431925597406,247.819084982745,7.59506564187095));
#1358=CARTESIAN_POINT('Ctrl Pts',(91.3651862506172,247.821442788362,7.52732230065006));
#1359=CARTESIAN_POINT('Ctrl Pts',(93.7370581232144,247.829128152986,7.30651027107874));
#1360=CARTESIAN_POINT('Ctrl Pts',(95.496414798246,247.832135747799,7.22009801482145));
#1361=CARTESIAN_POINT('Ctrl Pts',(97.2567899474338,247.832468139405,7.21054879325417));
#1362=CARTESIAN_POINT('Ctrl Pts',(90.1230504791286,246.207380421869,7.61636445764389));
#1363=CARTESIAN_POINT('Ctrl Pts',(90.7431925896949,246.210070853655,7.53906421276345));
#1364=CARTESIAN_POINT('Ctrl Pts',(91.3651862805715,246.212428659272,7.47132087154256));
#1365=CARTESIAN_POINT('Ctrl Pts',(93.7370581531687,246.220114023896,7.25050884197124));
#1366=CARTESIAN_POINT('Ctrl Pts',(95.4964148282003,246.223121618709,7.16409658571394));
#1367=CARTESIAN_POINT('Ctrl Pts',(97.2567899773881,246.223454010315,7.15454736414667));
#1368=CARTESIAN_POINT('Ctrl Pts',(90.1230505090829,244.598366292779,7.56036302853639));
#1369=CARTESIAN_POINT('Ctrl Pts',(90.7431926196491,244.601056724565,7.48306278365595));
#1370=CARTESIAN_POINT('Ctrl Pts',(91.3651863105257,244.603414530182,7.41531944243506));
#1371=CARTESIAN_POINT('Ctrl Pts',(93.7370581831229,244.611099894806,7.19450741286374));
#1372=CARTESIAN_POINT('Ctrl Pts',(95.4964148581545,244.614107489618,7.10809515660644));
#1373=CARTESIAN_POINT('Ctrl Pts',(97.2567900073424,244.614439881224,7.09854593503916));
#1374=CARTESIAN_POINT('Ctrl Pts',(90.1230505390372,242.989352163689,7.50436159942889));
#1375=CARTESIAN_POINT('Ctrl Pts',(90.7431926496034,242.992042595475,7.42706135454845));
#1376=CARTESIAN_POINT('Ctrl Pts',(91.36518634048,242.994400401092,7.35931801332756));
#1377=CARTESIAN_POINT('Ctrl Pts',(93.7370582130771,243.002085765715,7.13850598375624));
#1378=CARTESIAN_POINT('Ctrl Pts',(95.4964148881088,243.005093360528,7.05209372749894));
#1379=CARTESIAN_POINT('Ctrl Pts',(97.2567900372967,243.005425752134,7.04254450593166));
#1380=CARTESIAN_POINT('',(94.9014215467605,247.81639455095,7.26872672336764));
#1381=CARTESIAN_POINT('Ctrl Pts',(94.9014215189836,247.816394576624,7.2687259855646));
#1382=CARTESIAN_POINT('Ctrl Pts',(94.4815276886573,247.816394577605,7.28739693153941));
#1383=CARTESIAN_POINT('Ctrl Pts',(94.0618499848813,247.816394573878,7.31045199534792));
#1384=CARTESIAN_POINT('Ctrl Pts',(93.6425259359913,247.816394567547,7.33789002143471));
#1385=CARTESIAN_POINT('Ctrl Pts',(93.090309139014,247.816394559209,7.37402374407984));
#1386=CARTESIAN_POINT('Ctrl Pts',(92.5390653398706,247.81639486815,7.41773065535032));
#1387=CARTESIAN_POINT('Ctrl Pts',(91.9886103666527,247.816394849867,7.46903794543559));
#1388=CARTESIAN_POINT('Ctrl Pts',(91.4433833845075,247.816394831759,7.51985794034217));
#1389=CARTESIAN_POINT('Ctrl Pts',(90.8989632683596,247.816394569985,7.57813240623493));
#1390=CARTESIAN_POINT('Ctrl Pts',(90.3551623472758,247.816394553362,7.64385572648553));
#1391=CARTESIAN_POINT('Ctrl Pts',(90.2777793287883,247.816394550997,7.65320817277393));
#1392=CARTESIAN_POINT('Ctrl Pts',(90.2004088691199,247.816394550684,7.66271153729111));
#1393=CARTESIAN_POINT('Ctrl Pts',(90.1230504491758,247.816394550948,7.67236588675084));
#1394=CARTESIAN_POINT('',(97.2567899915794,245.461026106145,7.12801120672419));
#1395=CARTESIAN_POINT('Ctrl Pts',(97.2567899915819,245.461026106146,7.12801120672396));
#1396=CARTESIAN_POINT('Ctrl Pts',(97.0978938201355,245.480292497464,7.12954475231201));
#1397=CARTESIAN_POINT('Ctrl Pts',(96.941162155471,245.513633360954,7.1321879616624));
#1398=CARTESIAN_POINT('Ctrl Pts',(96.7884274836343,245.560585295975,7.13583596359262));
#1399=CARTESIAN_POINT('Ctrl Pts',(96.7100471718118,245.584680069372,7.13770804362122));
#1400=CARTESIAN_POINT('Ctrl Pts',(96.6327194402329,245.612359393572,7.139843856382));
#1401=CARTESIAN_POINT('Ctrl Pts',(96.5566916294565,245.643560824146,7.14222397050551));
#1402=CARTESIAN_POINT('Ctrl Pts',(96.3779269050107,245.716924966582,7.1478203495291));
#1403=CARTESIAN_POINT('Ctrl Pts',(96.2079521338412,245.809103351504,7.15472107008204));
#1404=CARTESIAN_POINT('Ctrl Pts',(96.0495443785518,245.918283361026,7.16254802383514));
#1405=CARTESIAN_POINT('Ctrl Pts',(95.9383462253877,245.994924908021,7.1680423432304));
#1406=CARTESIAN_POINT('Ctrl Pts',(95.8328477325413,246.079944365113,7.17399141541208));
#1407=CARTESIAN_POINT('Ctrl Pts',(95.7340070618675,246.172715239092,7.18024979985476));
#1408=CARTESIAN_POINT('Ctrl Pts',(95.5813988501438,246.315951794262,7.18991263248798));
#1409=CARTESIAN_POINT('Ctrl Pts',(95.4462742632484,246.476154524427,7.20020641604646));
#1410=CARTESIAN_POINT('Ctrl Pts',(95.3311225185963,246.649920627247,7.2105531372005));
#1411=CARTESIAN_POINT('Ctrl Pts',(95.262945505903,246.752800994656,7.21667904125506));
#1412=CARTESIAN_POINT('Ctrl Pts',(95.2017695983087,246.860435820322,7.22282398841988));
#1413=CARTESIAN_POINT('Ctrl Pts',(95.1481109384405,246.972118564876,7.22887723819568));
#1414=CARTESIAN_POINT('Ctrl Pts',(95.0781414459227,247.117749949979,7.2367705179745));
#1415=CARTESIAN_POINT('Ctrl Pts',(95.0215027538772,247.269123332816,7.24444337438861));
#1416=CARTESIAN_POINT('Ctrl Pts',(94.9787379839967,247.424375433737,7.25169354258443));
#1417=CARTESIAN_POINT('Ctrl Pts',(94.9433772716634,247.552748037989,7.25768845645061));
#1418=CARTESIAN_POINT('Ctrl Pts',(94.9175022555459,247.68377252345,7.26339505647429));
#1419=CARTESIAN_POINT('Ctrl Pts',(94.901421518989,247.816394576633,7.26872598556467));
#1420=CARTESIAN_POINT('',(97.2567899915839,243.005425752126,7.04254450617973));
#1421=CARTESIAN_POINT('Ctrl Pts',(97.2567899915794,243.005425752126,7.04254450617973));
#1422=CARTESIAN_POINT('Ctrl Pts',(97.2567899915794,243.772214310056,7.06923243524515));
#1423=CARTESIAN_POINT('Ctrl Pts',(97.2567899915725,244.539002867969,7.0959203643106));
#1424=CARTESIAN_POINT('Ctrl Pts',(97.2567899915725,245.357536319316,7.12440926449204));
#1425=CARTESIAN_POINT('Ctrl Pts',(97.2567899915725,245.409281212737,7.12621023560815));
#1426=CARTESIAN_POINT('Ctrl Pts',(97.2567899915725,245.461026106145,7.12801120672409));
#1427=CARTESIAN_POINT('Ctrl Pts',(90.1231702451959,243.173999533037,7.51077327614837));
#1428=CARTESIAN_POINT('Ctrl Pts',(90.666892934982,243.149259828509,7.44205659851524));
#1429=CARTESIAN_POINT('Ctrl Pts',(91.2113267997542,243.127234689903,7.38087448872456));
#1430=CARTESIAN_POINT('Ctrl Pts',(91.7566584491708,243.107924358436,7.32723508428737));
#1431=CARTESIAN_POINT('Ctrl Pts',(91.8339575440212,243.10518717796,7.31963186262264));
#1432=CARTESIAN_POINT('Ctrl Pts',(91.9112746961558,243.10250454102,7.31218027386222));
#1433=CARTESIAN_POINT('Ctrl Pts',(91.9886104544578,243.099876445412,7.30488042420194));
#1434=CARTESIAN_POINT('Ctrl Pts',(92.533850993722,243.081347574707,7.25341427125137));
#1435=CARTESIAN_POINT('Ctrl Pts',(93.0799825674329,243.065529841638,7.20948874305695));
#1436=CARTESIAN_POINT('Ctrl Pts',(93.6271835203253,243.052424361439,7.17308683613014));
#1437=CARTESIAN_POINT('Ctrl Pts',(94.8350002836704,243.023497111602,7.09273823079323));
#1438=CARTESIAN_POINT('Ctrl Pts',(96.0459622614982,243.007823366201,7.0492040937187));
#1439=CARTESIAN_POINT('Ctrl Pts',(97.256789991581,243.005425752126,7.04254450617965));
#1440=CARTESIAN_POINT('Ctrl Pts',(90.1228596068837,255.235162422179,7.93059848422193));
#1441=CARTESIAN_POINT('Ctrl Pts',(90.7430649058928,255.23785319795,7.85328835611664));
#1442=CARTESIAN_POINT('Ctrl Pts',(91.365122208002,255.240211279882,7.7855370759416));
#1443=CARTESIAN_POINT('Ctrl Pts',(93.7370580454462,255.247896851767,7.56471909146343));
#1444=CARTESIAN_POINT('Ctrl Pts',(95.4964147815733,255.250904446591,7.47830683488702));
#1445=CARTESIAN_POINT('Ctrl Pts',(97.2567899915861,255.251236838025,7.46875761829594));
#1446=CARTESIAN_POINT('Ctrl Pts',(90.1228596489746,252.974228964232,7.85190712752538));
#1447=CARTESIAN_POINT('Ctrl Pts',(90.7430649479837,252.976919740003,7.7745969994201));
#1448=CARTESIAN_POINT('Ctrl Pts',(91.3651222500928,252.979277821935,7.70684571924505));
#1449=CARTESIAN_POINT('Ctrl Pts',(93.7370580875371,252.98696339382,7.48602773476688));
#1450=CARTESIAN_POINT('Ctrl Pts',(95.4964148236641,252.989970988644,7.39961547819047));
#1451=CARTESIAN_POINT('Ctrl Pts',(97.2567900336769,252.990303380077,7.39006626159938));
#1452=CARTESIAN_POINT('Ctrl Pts',(90.1228596910654,250.713295506285,7.77321577082884));
#1453=CARTESIAN_POINT('Ctrl Pts',(90.7430649900745,250.715986282056,7.69590564272355));
#1454=CARTESIAN_POINT('Ctrl Pts',(91.3651222921836,250.718344363988,7.62815436254851));
#1455=CARTESIAN_POINT('Ctrl Pts',(93.7370581296279,250.726029935872,7.40733637807033));
#1456=CARTESIAN_POINT('Ctrl Pts',(95.4964148657549,250.729037530697,7.32092412149391));
#1457=CARTESIAN_POINT('Ctrl Pts',(97.2567900757677,250.72936992213,7.31137490490282));
#1458=CARTESIAN_POINT('Ctrl Pts',(90.1228597331561,248.452362048337,7.69452441413229));
#1459=CARTESIAN_POINT('Ctrl Pts',(90.7430650321652,248.455052824109,7.617214286027));
#1460=CARTESIAN_POINT('Ctrl Pts',(91.3651223342743,248.457410906041,7.54946300585196));
#1461=CARTESIAN_POINT('Ctrl Pts',(93.7370581717186,248.465096477925,7.32864502137378));
#1462=CARTESIAN_POINT('Ctrl Pts',(95.4964149078457,248.468104072749,7.24223276479735));
#1463=CARTESIAN_POINT('Ctrl Pts',(97.2567901178585,248.468436464182,7.23268354820627));
#1464=CARTESIAN_POINT('',(97.2567899915839,250.821762995779,7.31459062861277));
#1465=CARTESIAN_POINT('Ctrl Pts',(97.2567899915839,250.821762995802,7.31459062861383));
#1466=CARTESIAN_POINT('Ctrl Pts',(97.2567899915839,251.166767188984,7.32659843355525));
#1467=CARTESIAN_POINT('Ctrl Pts',(97.2567899915839,251.511771382161,7.33860623849644));
#1468=CARTESIAN_POINT('Ctrl Pts',(97.2567899915839,252.988262662907,7.38999523505711));
#1469=CARTESIAN_POINT('Ctrl Pts',(97.2567899915839,254.119749750471,7.42937642667658));
#1470=CARTESIAN_POINT('Ctrl Pts',(97.2567899915839,255.251236838026,7.46875761829569));
#1471=CARTESIAN_POINT('',(94.9014215467651,248.466394550969,7.29134984854505));
#1472=CARTESIAN_POINT('Ctrl Pts',(94.901421518989,248.466394576645,7.29134911073217));
#1473=CARTESIAN_POINT('Ctrl Pts',(94.9206211343189,248.62473825262,7.29600650430447));
#1474=CARTESIAN_POINT('Ctrl Pts',(94.9537784470698,248.7807697268,7.29996753770481));
#1475=CARTESIAN_POINT('Ctrl Pts',(95.0003514588755,248.932702398569,7.30326114920135));
#1476=CARTESIAN_POINT('Ctrl Pts',(95.0487652514454,249.09064015201,7.30668493945276));
#1477=CARTESIAN_POINT('Ctrl Pts',(95.1116762872555,249.24414868569,7.3093877062829));
#1478=CARTESIAN_POINT('Ctrl Pts',(95.1884787554943,249.391219138951,7.31145748104139));
#1479=CARTESIAN_POINT('Ctrl Pts',(95.193767065082,249.401345819849,7.31159999742075));
#1480=CARTESIAN_POINT('Ctrl Pts',(95.1991212367976,249.411441976159,7.31173953294458));
#1481=CARTESIAN_POINT('Ctrl Pts',(95.2045410731881,249.421506951769,7.31187612515504));
#1482=CARTESIAN_POINT('Ctrl Pts',(95.3066631408602,249.611154027121,7.31444983365006));
#1483=CARTESIAN_POINT('Ctrl Pts',(95.4308721192429,249.787455031398,7.31594268248174));
#1484=CARTESIAN_POINT('Ctrl Pts',(95.5742420143901,249.946871678897,7.31671704130464));
#1485=CARTESIAN_POINT('Ctrl Pts',(95.6686848801957,250.051885113074,7.31722713909275));
#1486=CARTESIAN_POINT('Ctrl Pts',(95.7714422751702,250.149571817551,7.31742704581391));
#1487=CARTESIAN_POINT('Ctrl Pts',(95.8816762909386,250.238920122254,7.31742786810943));
#1488=CARTESIAN_POINT('Ctrl Pts',(96.024995812221,250.355085320157,7.31742893720775));
#1489=CARTESIAN_POINT('Ctrl Pts',(96.1796578324465,250.456105489873,7.31709721270295));
#1490=CARTESIAN_POINT('Ctrl Pts',(96.3431646044094,250.540521022192,7.31667390635111));
#1491=CARTESIAN_POINT('Ctrl Pts',(96.4238395719628,250.582172020797,7.31646504511686));
#1492=CARTESIAN_POINT('Ctrl Pts',(96.5066676664834,250.619780678059,7.31623321387094));
#1493=CARTESIAN_POINT('Ctrl Pts',(96.5913482212123,250.653171836976,7.31600253750591));
#1494=CARTESIAN_POINT('Ctrl Pts',(96.7398575455805,250.71173189798,7.31559798664737));
#1495=CARTESIAN_POINT('Ctrl Pts',(96.8930973228402,250.756938745906,7.31520281445212));
#1496=CARTESIAN_POINT('Ctrl Pts',(97.0492436213259,250.78835406858,7.31491162831953));
#1497=CARTESIAN_POINT('Ctrl Pts',(97.1179153898037,250.802170251136,7.31478356721994));
#1498=CARTESIAN_POINT('Ctrl Pts',(97.1871492851969,250.813318950751,7.31467496143579));
#1499=CARTESIAN_POINT('Ctrl Pts',(97.2567899915899,250.821762995785,7.314590628613));
#1500=CARTESIAN_POINT('Ctrl Pts',(90.1230336760657,248.46639455096,7.69499110424679));
#1501=CARTESIAN_POINT('Ctrl Pts',(90.6653395029921,248.466394548873,7.62731105184638));
#1502=CARTESIAN_POINT('Ctrl Pts',(91.2082250625235,248.466394712431,7.567048296698));
#1503=CARTESIAN_POINT('Ctrl Pts',(91.751879442527,248.466394816423,7.51419998564368));
#1504=CARTESIAN_POINT('Ctrl Pts',(91.8307733354858,248.466394831514,7.50653075837589));
#1505=CARTESIAN_POINT('Ctrl Pts',(91.9096834401813,248.466394842323,7.49901776005479));
#1506=CARTESIAN_POINT('Ctrl Pts',(91.9886103545519,248.466394845063,7.49166107097678));
#1507=CARTESIAN_POINT('Ctrl Pts',(92.5416589763917,248.46639486426,7.44011202983734));
#1508=CARTESIAN_POINT('Ctrl Pts',(93.0954980613358,248.466394559334,7.39623561186281));
#1509=CARTESIAN_POINT('Ctrl Pts',(93.6503193417845,248.466394567678,7.36000370039065));
#1510=CARTESIAN_POINT('Ctrl Pts',(94.0670498142812,248.466394573945,7.33278963683664));
#1511=CARTESIAN_POINT('Ctrl Pts',(94.484128868842,248.466394577617,7.30990439287171));
#1512=CARTESIAN_POINT('Ctrl Pts',(94.901421518989,248.466394576643,7.29134911073209));
#1513=CARTESIAN_POINT('Ctrl Pts',(97.9067899017032,247.833409449427,7.21054971865014));
#1514=CARTESIAN_POINT('Ctrl Pts',(98.6671543652324,247.833268463792,7.21460087701765));
#1515=CARTESIAN_POINT('Ctrl Pts',(99.4274817714285,247.832627986074,7.23300327298678));
#1516=CARTESIAN_POINT('Ctrl Pts',(101.554162074252,247.82943159988,7.32484189815089));
#1517=CARTESIAN_POINT('Ctrl Pts',(102.918486466139,247.825753435922,7.4305223912653));
#1518=CARTESIAN_POINT('Ctrl Pts',(104.618472403072,247.819144083294,7.62042098590084));
#1519=CARTESIAN_POINT('Ctrl Pts',(104.961159382395,247.817707718243,7.66169032425583));
#1520=CARTESIAN_POINT('Ctrl Pts',(105.303287801716,247.816170062062,7.70586992482278));
#1521=CARTESIAN_POINT('Ctrl Pts',(97.9067899316634,246.224077681133,7.1545372341709));
#1522=CARTESIAN_POINT('Ctrl Pts',(98.6671543951927,246.223936695498,7.1585883925384));
#1523=CARTESIAN_POINT('Ctrl Pts',(99.4274818013887,246.223296217781,7.17699078850754));
#1524=CARTESIAN_POINT('Ctrl Pts',(101.554162104212,246.220099831586,7.26882941367165));
#1525=CARTESIAN_POINT('Ctrl Pts',(102.918486496099,246.216421667629,7.37450990678606));
#1526=CARTESIAN_POINT('Ctrl Pts',(104.618472433033,246.209812315,7.56440850142159));
#1527=CARTESIAN_POINT('Ctrl Pts',(104.961159412355,246.20837594995,7.60567783977658));
#1528=CARTESIAN_POINT('Ctrl Pts',(105.303287831676,246.206838293768,7.64985744034354));
#1529=CARTESIAN_POINT('Ctrl Pts',(97.9067899616236,244.61474591284,7.09852474969165));
#1530=CARTESIAN_POINT('Ctrl Pts',(98.6671544251529,244.614604927204,7.10257590805916));
#1531=CARTESIAN_POINT('Ctrl Pts',(99.4274818313489,244.613964449487,7.12097830402829));
#1532=CARTESIAN_POINT('Ctrl Pts',(101.554162134172,244.610768063292,7.2128169291924));
#1533=CARTESIAN_POINT('Ctrl Pts',(102.91848652606,244.607089899335,7.31849742230681));
#1534=CARTESIAN_POINT('Ctrl Pts',(104.618472462993,244.600480546707,7.50839601694235));
#1535=CARTESIAN_POINT('Ctrl Pts',(104.961159442315,244.599044181656,7.54966535529734));
#1536=CARTESIAN_POINT('Ctrl Pts',(105.303287861636,244.597506525475,7.59384495586429));
#1537=CARTESIAN_POINT('Ctrl Pts',(97.9067899915838,243.005414144546,7.04251226521241));
#1538=CARTESIAN_POINT('Ctrl Pts',(98.667154455113,243.00527315891,7.04656342357991));
#1539=CARTESIAN_POINT('Ctrl Pts',(99.4274818613091,243.004632681193,7.06496581954904));
#1540=CARTESIAN_POINT('Ctrl Pts',(101.554162164133,243.001436294998,7.15680444471315));
#1541=CARTESIAN_POINT('Ctrl Pts',(102.91848655602,242.997758131042,7.26248493782756));
#1542=CARTESIAN_POINT('Ctrl Pts',(104.618472492953,242.991148778413,7.4523835324631));
#1543=CARTESIAN_POINT('Ctrl Pts',(104.961159472275,242.989712413362,7.49365287081809));
#1544=CARTESIAN_POINT('Ctrl Pts',(105.303287891596,242.988174757181,7.53783247138505));
#1545=CARTESIAN_POINT('',(105.253173859767,247.81639455095,7.69941995796411));
#1546=CARTESIAN_POINT('',(100.262158436401,247.81639455095,7.26857380726646));
#1547=CARTESIAN_POINT('Ctrl Pts',(105.253173859747,247.816394550955,7.69941995774288));
#1548=CARTESIAN_POINT('Ctrl Pts',(104.927428658474,247.816394551447,7.65758258643717));
#1549=CARTESIAN_POINT('Ctrl Pts',(104.601474040837,247.816394570504,7.6184241707505));
#1550=CARTESIAN_POINT('Ctrl Pts',(104.275296982898,247.816394544455,7.58194410466399));
#1551=CARTESIAN_POINT('Ctrl Pts',(103.688944874984,247.816394497629,7.51636572284319));
#1552=CARTESIAN_POINT('Ctrl Pts',(103.101897176168,247.816394338773,7.45944157824012));
#1553=CARTESIAN_POINT('Ctrl Pts',(102.514093582312,247.816394432269,7.41114705420437));
#1554=CARTESIAN_POINT('Ctrl Pts',(102.224468634878,247.816394478336,7.38735118236653));
#1555=CARTESIAN_POINT('Ctrl Pts',(101.934659996689,247.81639455851,7.36565116387087));
#1556=CARTESIAN_POINT('Ctrl Pts',(101.644659644623,247.816394557054,7.34604863165469));
#1557=CARTESIAN_POINT('Ctrl Pts',(101.183967702109,247.816394554741,7.3149082258567));
#1558=CARTESIAN_POINT('Ctrl Pts',(100.723130714232,247.8163945857,7.28908332990979));
#1559=CARTESIAN_POINT('Ctrl Pts',(100.262158438411,247.816394550095,7.26857383186516));
#1560=CARTESIAN_POINT('',(105.303287887909,243.186223165003,7.54472550835041));
#1561=CARTESIAN_POINT('Ctrl Pts',(105.303287887905,243.186223165003,7.54472550835066));
#1562=CARTESIAN_POINT('Ctrl Pts',(105.295618115119,243.894948236571,7.56840094064167));
#1563=CARTESIAN_POINT('Ctrl Pts',(105.287947876304,244.603673255051,7.59207781148567));
#1564=CARTESIAN_POINT('Ctrl Pts',(105.271243380757,246.147063737612,7.64364207086373));
#1565=CARTESIAN_POINT('Ctrl Pts',(105.262208943625,246.981729181157,7.67153001623076));
#1566=CARTESIAN_POINT('Ctrl Pts',(105.253173859767,247.816394550987,7.69941995796621));
#1567=CARTESIAN_POINT('',(97.9067899915844,243.005414144595,7.0425122652142));
#1568=CARTESIAN_POINT('Ctrl Pts',(97.9067899915871,243.005414144591,7.04251226521399));
#1569=CARTESIAN_POINT('Ctrl Pts',(98.5296749576906,243.006625590497,7.04587712820301));
#1570=CARTESIAN_POINT('Ctrl Pts',(99.1523149532052,243.011352710826,7.0590012870826));
#1571=CARTESIAN_POINT('Ctrl Pts',(99.7746919857579,243.01960425201,7.08191726108571));
#1572=CARTESIAN_POINT('Ctrl Pts',(99.9121326190769,243.021426454609,7.08697783661368));
#1573=CARTESIAN_POINT('Ctrl Pts',(100.049560422095,243.023420524505,7.09251612764298));
#1574=CARTESIAN_POINT('Ctrl Pts',(100.186975182611,243.025586543967,7.09853282698242));
#1575=CARTESIAN_POINT('Ctrl Pts',(100.672721445051,243.033243187649,7.11980120605169));
#1576=CARTESIAN_POINT('Ctrl Pts',(101.158284789052,243.043048508596,7.14704496560181));
#1577=CARTESIAN_POINT('Ctrl Pts',(101.643654127416,243.055007296604,7.18026149314439));
#1578=CARTESIAN_POINT('Ctrl Pts',(102.232845904958,243.069524117109,7.22058316853602));
#1579=CARTESIAN_POINT('Ctrl Pts',(102.82111250436,243.0871904918,7.26966008876332));
#1580=CARTESIAN_POINT('Ctrl Pts',(103.408519474834,243.10800776995,7.32747974133129));
#1581=CARTESIAN_POINT('Ctrl Pts',(103.697651378656,243.118254395487,7.35593957763833));
#1582=CARTESIAN_POINT('Ctrl Pts',(103.986574910644,243.129264387869,7.38651837501364));
#1583=CARTESIAN_POINT('Ctrl Pts',(104.275297069937,243.141037749151,7.41921920536643));
#1584=CARTESIAN_POINT('Ctrl Pts',(104.618247341027,243.155022396027,7.45806194144814));
#1585=CARTESIAN_POINT('Ctrl Pts',(104.960905797569,243.170084122989,7.49989787700757));
#1586=CARTESIAN_POINT('Ctrl Pts',(105.303287887908,243.186223164998,7.54472550835056));
#1587=CARTESIAN_POINT('',(97.9067899915844,245.461026106141,7.12797937024822));
#1588=CARTESIAN_POINT('Ctrl Pts',(97.906789991589,245.461026106145,7.12797937024845));
#1589=CARTESIAN_POINT('Ctrl Pts',(97.906789991589,245.417241866439,7.12645546815294));
#1590=CARTESIAN_POINT('Ctrl Pts',(97.906789991589,245.373457626733,7.12493156605761));
#1591=CARTESIAN_POINT('Ctrl Pts',(97.906789991589,244.554920306205,7.09644253104575));
#1592=CARTESIAN_POINT('Ctrl Pts',(97.9067899915844,243.780167225364,7.06947739812842));
#1593=CARTESIAN_POINT('Ctrl Pts',(97.9067899915844,243.005414144545,7.0425122652124));
#1594=CARTESIAN_POINT('Ctrl Pts',(100.262158438411,247.816394550091,7.26857383186502));
#1595=CARTESIAN_POINT('Ctrl Pts',(100.246399210407,247.686425180798,7.26334911593062));
#1596=CARTESIAN_POINT('Ctrl Pts',(100.221236942014,247.558019926608,7.25776466099136));
#1597=CARTESIAN_POINT('Ctrl Pts',(100.186975100575,247.432167890206,7.2519030481671));
#1598=CARTESIAN_POINT('Ctrl Pts',(100.143741377995,247.273359962798,7.24450650051881));
#1599=CARTESIAN_POINT('Ctrl Pts',(100.086018598678,247.118617560579,7.23666730846484));
#1600=CARTESIAN_POINT('Ctrl Pts',(100.014414393237,246.969926268576,7.22860247925421));
#1601=CARTESIAN_POINT('Ctrl Pts',(99.9973985245073,246.93459159109,7.22668597065913));
#1602=CARTESIAN_POINT('Ctrl Pts',(99.979598739313,246.899598622235,7.22475695297047));
#1603=CARTESIAN_POINT('Ctrl Pts',(99.9610231796744,246.864973993545,7.22281875975178));
#1604=CARTESIAN_POINT('Ctrl Pts',(99.8595257929567,246.675784036607,7.21222841682383));
#1605=CARTESIAN_POINT('Ctrl Pts',(99.7360580852719,246.499808162396,7.20148362713622));
#1606=CARTESIAN_POINT('Ctrl Pts',(99.593505429847,246.340561680882,7.19118832971558));
#1607=CARTESIAN_POINT('Ctrl Pts',(99.4991017257882,246.23510270035,7.18437039841856));
#1608=CARTESIAN_POINT('Ctrl Pts',(99.3963281898738,246.136980480158,7.17775119223032));
#1609=CARTESIAN_POINT('Ctrl Pts',(99.2860244115551,246.047215703927,7.17151378832528));
#1610=CARTESIAN_POINT('Ctrl Pts',(99.1437521663302,245.931435116433,7.16346864724788));
#1611=CARTESIAN_POINT('Ctrl Pts',(98.9902458785932,245.830611440349,7.15613553032129));
#1612=CARTESIAN_POINT('Ctrl Pts',(98.8279583183922,245.746177463546,7.1498518034591));
#1613=CARTESIAN_POINT('Ctrl Pts',(98.7318489764493,245.696174284386,7.14613047785087));
#1614=CARTESIAN_POINT('Ctrl Pts',(98.6326599895552,245.651919329704,7.14277643787056));
#1615=CARTESIAN_POINT('Ctrl Pts',(98.5309018631489,245.613710501451,7.13985088442894));
#1616=CARTESIAN_POINT('Ctrl Pts',(98.3817928743002,245.557722051712,7.13556399029175));
#1617=CARTESIAN_POINT('Ctrl Pts',(98.22815506948,245.515086736129,7.1322283374041));
#1618=CARTESIAN_POINT('Ctrl Pts',(98.0717982756239,245.486231242784,7.12996242933017));
#1619=CARTESIAN_POINT('Ctrl Pts',(98.017102371771,245.476137167235,7.12916978139275));
#1620=CARTESIAN_POINT('Ctrl Pts',(97.9620737662015,245.467729348912,7.12850757947983));
#1621=CARTESIAN_POINT('Ctrl Pts',(97.9067899915914,245.461026106139,7.12797937024825));
#1622=CARTESIAN_POINT('Origin',(105.772064923058,248.72231319453,6.09768147434898));
#1623=CARTESIAN_POINT('',(105.246137610291,248.46639455096,7.72113979929949));
#1624=CARTESIAN_POINT('',(106.343823449542,248.466394550956,4.3327491022228));
#1625=CARTESIAN_POINT('',(105.772064923058,248.46639455096,6.09768147434898));
#1626=CARTESIAN_POINT('Ctrl Pts',(105.246137610291,248.46639455096,7.72113979929981));
#1627=CARTESIAN_POINT('Ctrl Pts',(105.233965694372,249.590800128385,7.75871266868595));
#1628=CARTESIAN_POINT('Ctrl Pts',(105.221792604686,250.715205572037,7.79628916130838));
#1629=CARTESIAN_POINT('Ctrl Pts',(105.197452205753,252.963265409608,7.87142430323485));
#1630=CARTESIAN_POINT('Ctrl Pts',(105.185284898066,254.086919803717,7.90898294770012));
#1631=CARTESIAN_POINT('Ctrl Pts',(105.173116417204,255.210574064054,7.94654521357643));
#1632=CARTESIAN_POINT('',(107.747438840925,240.469937907656,9.45887812520141E-11));
#1633=CARTESIAN_POINT('',(107.747438840925,248.431853872739,9.45876710289895E-11));
#1634=CARTESIAN_POINT('',(105.069531124259,243.446006649369,8.26629739622978));
#1635=CARTESIAN_POINT('',(106.343823449542,247.81639455095,4.33274910222287));
#1636=CARTESIAN_POINT('',(105.421949908887,247.81639455095,7.17843373924926));
#1637=CARTESIAN_POINT('',(106.343823449542,248.594353872745,4.33274910222287));
#1638=CARTESIAN_POINT('Origin',(104.311394456727,243.526005023277,8.48850004250373));
#1639=CARTESIAN_POINT('',(97.9067899915844,242.029833293782,4.33274910222287));
#1640=CARTESIAN_POINT('',(97.9067899915844,243.367588767151,8.04848470712315));
#1641=CARTESIAN_POINT('',(102.137217224156,240.469937907656,9.45876710289895E-11));
#1642=CARTESIAN_POINT('',(97.2567899915839,242.029833293782,4.33274910222339));
#1643=CARTESIAN_POINT('',(97.2567899915839,243.526005023277,8.48850004250373));
#1644=CARTESIAN_POINT('',(100.946592224154,242.029833293782,4.33274910222287));
#1645=CARTESIAN_POINT('Ctrl Pts',(106.040961446864,254.652170496471,9.09642135155407));
#1646=CARTESIAN_POINT('Ctrl Pts',(107.01498762844,255.39857851463,6.06428090106757));
#1647=CARTESIAN_POINT('Ctrl Pts',(107.989013810015,256.144986532789,3.03214045058108));
#1648=CARTESIAN_POINT('Ctrl Pts',(108.96303999159,256.891394550949,9.45887812520141E-11));
#1649=CARTESIAN_POINT('Ctrl Pts',(106.040961446864,253.756814962222,9.06530662239005));
#1650=CARTESIAN_POINT('Ctrl Pts',(107.01498762844,254.758041593832,6.04353774829157));
#1651=CARTESIAN_POINT('Ctrl Pts',(107.989013810015,255.759268225441,3.02176887419307));
#1652=CARTESIAN_POINT('Ctrl Pts',(108.96303999159,256.76049485705,9.45887812520141E-11));
#1653=CARTESIAN_POINT('Ctrl Pts',(106.040961446864,244.87192628079,8.77098754836056));
#1654=CARTESIAN_POINT('Ctrl Pts',(107.01498762844,243.088715602142,5.8473250322719));
#1655=CARTESIAN_POINT('Ctrl Pts',(107.989013810015,241.305504923495,2.92366251618325));
#1656=CARTESIAN_POINT('Ctrl Pts',(108.96303999159,239.522294244848,9.45887812520141E-11));
#1657=CARTESIAN_POINT('Ctrl Pts',(106.040961446864,243.976570746541,8.73987281919656));
#1658=CARTESIAN_POINT('Ctrl Pts',(107.01498762844,242.448178681344,5.8265818794959));
#1659=CARTESIAN_POINT('Ctrl Pts',(107.989013810015,240.919786616146,2.91329093979525));
#1660=CARTESIAN_POINT('Ctrl Pts',(108.96303999159,239.391394550948,9.45887812520141E-11));
#1661=CARTESIAN_POINT('',(106.044251133389,243.971408738703,8.7300334389781));
#1662=CARTESIAN_POINT('',(108.96303999159,239.391394550948,9.45887812520141E-11));
#1663=CARTESIAN_POINT('',(105.963039991605,244.098841108653,8.97293418234083));
#1664=CARTESIAN_POINT('',(108.96303999159,256.891394550948,9.45887812520141E-11));
#1665=CARTESIAN_POINT('',(108.96303999159,239.391394550948,9.45887812520141E-11));
#1666=CARTESIAN_POINT('',(106.040976680461,254.652182170162,9.09637392941105));
#1667=CARTESIAN_POINT('',(105.963039991605,254.592458344896,9.33899059755868));
#1668=CARTESIAN_POINT('Ctrl Pts',(106.044251133388,243.971408738703,8.73003343897792));
#1669=CARTESIAN_POINT('Ctrl Pts',(106.04486083152,247.535271961308,8.85207140488811));
#1670=CARTESIAN_POINT('Ctrl Pts',(106.040795113969,251.095197545411,8.97333439229806));
#1671=CARTESIAN_POINT('Ctrl Pts',(106.040976680462,254.652182170162,9.09637392941108));
#1672=CARTESIAN_POINT('Ctrl Pts',(90.7727719910251,242.429178823604,8.66625939085546));
#1673=CARTESIAN_POINT('Ctrl Pts',(90.3419219332108,242.447514237244,8.71695544761937));
#1674=CARTESIAN_POINT('Ctrl Pts',(89.6380995788615,242.883817828434,8.82366290080952));
#1675=CARTESIAN_POINT('Ctrl Pts',(89.3906491420886,243.638761397509,8.88550434468401));
#1676=CARTESIAN_POINT('Ctrl Pts',(89.3906554124262,243.96559693286,8.89687891310262));
#1677=CARTESIAN_POINT('Ctrl Pts',(90.7701721457594,242.37244891909,8.66458697800024));
#1678=CARTESIAN_POINT('Ctrl Pts',(90.3199232078869,242.396671683618,8.71766548781615));
#1679=CARTESIAN_POINT('Ctrl Pts',(89.5959423428758,242.847394186109,8.82787667792591));
#1680=CARTESIAN_POINT('Ctrl Pts',(89.331157664098,243.62367930912,8.89315494286194));
#1681=CARTESIAN_POINT('Ctrl Pts',(89.3255020728085,243.965280692549,8.90600179732093));
#1682=CARTESIAN_POINT('Ctrl Pts',(90.7615691879616,242.274760832691,8.62663895359291));
#1683=CARTESIAN_POINT('Ctrl Pts',(90.278088550787,242.308771451873,8.69059815914511));
#1684=CARTESIAN_POINT('Ctrl Pts',(89.5182588127938,242.784884914388,8.80622671645643));
#1685=CARTESIAN_POINT('Ctrl Pts',(89.2218847708846,243.59890961055,8.86814192440452));
#1686=CARTESIAN_POINT('Ctrl Pts',(89.205596045235,243.966381927074,8.87442542080626));
#1687=CARTESIAN_POINT('Ctrl Pts',(90.7492246173226,242.216919039039,8.54254463668083));
#1688=CARTESIAN_POINT('Ctrl Pts',(90.2455782845939,242.250269684299,8.62180734340963));
#1689=CARTESIAN_POINT('Ctrl Pts',(89.4571351413195,242.746014240411,8.74078927627157));
#1690=CARTESIAN_POINT('Ctrl Pts',(89.1490673349213,243.589139645223,8.78574414433815));
#1691=CARTESIAN_POINT('Ctrl Pts',(89.1352437367006,243.969783972018,8.77671036901508));
#1692=CARTESIAN_POINT('Ctrl Pts',(90.7439372898826,242.202596701027,8.5027630604837));
#1693=CARTESIAN_POINT('Ctrl Pts',(90.2350691602838,242.233186694669,8.58772950673522));
#1694=CARTESIAN_POINT('Ctrl Pts',(89.4365350163526,242.735643243415,8.70794048993889));
#1695=CARTESIAN_POINT('Ctrl Pts',(89.1289172721291,243.588503801369,8.74488519507824));
#1696=CARTESIAN_POINT('Ctrl Pts',(89.1193288470413,243.971408734359,8.73003343069086));
#1697=CARTESIAN_POINT('',(89.3906554124283,243.965596932862,8.89687891310245));
#1698=CARTESIAN_POINT('',(89.1193288470413,243.97140873436,8.73003343069059));
#1699=CARTESIAN_POINT('Ctrl Pts',(89.3906554124262,243.96559693286,8.89687891310262));
#1700=CARTESIAN_POINT('Ctrl Pts',(89.3255020728085,243.965280692549,8.90600179732093));
#1701=CARTESIAN_POINT('Ctrl Pts',(89.205596045235,243.966381927074,8.87442542080626));
#1702=CARTESIAN_POINT('Ctrl Pts',(89.1352437367006,243.969783972018,8.77671036901508));
#1703=CARTESIAN_POINT('Ctrl Pts',(89.1193288470413,243.971408734359,8.73003343069086));
#1704=CARTESIAN_POINT('',(90.743937289883,242.202596701027,8.50276306048318));
#1705=CARTESIAN_POINT('Ctrl Pts',(89.1193288470413,243.971408734359,8.73003343069086));
#1706=CARTESIAN_POINT('Ctrl Pts',(89.1289172721291,243.588503801369,8.74488519507824));
#1707=CARTESIAN_POINT('Ctrl Pts',(89.4365350163526,242.735643243415,8.70794048993889));
#1708=CARTESIAN_POINT('Ctrl Pts',(90.2350691602838,242.233186694669,8.58772950673522));
#1709=CARTESIAN_POINT('Ctrl Pts',(90.7439372898826,242.202596701027,8.5027630604837));
#1710=CARTESIAN_POINT('',(90.7727719910235,242.4291788236,8.66625939085533));
#1711=CARTESIAN_POINT('Origin',(90.743937289883,242.437816724992,8.41807811301651));
#1712=CARTESIAN_POINT('Ctrl Pts',(90.7727719910251,242.429178823604,8.66625939085546));
#1713=CARTESIAN_POINT('Ctrl Pts',(90.3419219332108,242.447514237244,8.71695544761937));
#1714=CARTESIAN_POINT('Ctrl Pts',(89.6380995788615,242.883817828434,8.82366290080952));
#1715=CARTESIAN_POINT('Ctrl Pts',(89.3906491420886,243.638761397509,8.88550434468401));
#1716=CARTESIAN_POINT('Ctrl Pts',(89.3906554124262,243.96559693286,8.89687891310262));
#1717=CARTESIAN_POINT('Ctrl Pts',(104.390807991966,242.429178822664,8.66625939119061));
#1718=CARTESIAN_POINT('Ctrl Pts',(99.874940951175,242.236999923047,8.13489900680563));
#1719=CARTESIAN_POINT('Ctrl Pts',(95.2886390319968,242.23699992369,8.1348990075966));
#1720=CARTESIAN_POINT('Ctrl Pts',(90.7727719910251,242.429178823602,8.66625939085538));
#1721=CARTESIAN_POINT('Ctrl Pts',(104.393407837256,242.372448918363,8.66458697810039));
#1722=CARTESIAN_POINT('Ctrl Pts',(99.8758545130582,242.180373930141,8.13282774835864));
#1723=CARTESIAN_POINT('Ctrl Pts',(95.2877254701037,242.180373930712,8.13282774922767));
#1724=CARTESIAN_POINT('Ctrl Pts',(90.7701721457595,242.372448919088,8.66458697800016));
#1725=CARTESIAN_POINT('Ctrl Pts',(104.402010804187,242.274760925931,8.62663884239639));
#1726=CARTESIAN_POINT('Ctrl Pts',(99.8787371964593,242.082862674228,8.09409095758023));
#1727=CARTESIAN_POINT('Ctrl Pts',(95.2848427866942,242.082862674628,8.09409095850228));
#1728=CARTESIAN_POINT('Ctrl Pts',(90.7615691788426,242.274760926149,8.62663884243933));
#1729=CARTESIAN_POINT('Ctrl Pts',(104.414355365689,242.216919039119,8.54254463691049));
#1730=CARTESIAN_POINT('Ctrl Pts',(99.882876713897,242.024923764061,8.00925834276245));
#1731=CARTESIAN_POINT('Ctrl Pts',(95.280703269256,242.02492376436,8.0092583435926));
#1732=CARTESIAN_POINT('Ctrl Pts',(90.7492246173229,242.216919039037,8.54254463668062));
#1733=CARTESIAN_POINT('Ctrl Pts',(104.419642693122,242.202596701159,8.50276306085754));
#1734=CARTESIAN_POINT('Ctrl Pts',(99.8846519436471,242.010495039367,7.969183495167));
#1735=CARTESIAN_POINT('Ctrl Pts',(95.2789280395057,242.010495039648,7.96918349594867));
#1736=CARTESIAN_POINT('Ctrl Pts',(90.7439372898829,242.202596701025,8.50276306048344));
#1737=CARTESIAN_POINT('',(104.419642693122,242.202596701159,8.50276306085868));
#1738=CARTESIAN_POINT('Ctrl Pts',(90.7439372898829,242.202596701025,8.50276306048344));
#1739=CARTESIAN_POINT('Ctrl Pts',(95.2789280395057,242.010495039648,7.96918349594867));
#1740=CARTESIAN_POINT('Ctrl Pts',(99.8846519436471,242.010495039367,7.969183495167));
#1741=CARTESIAN_POINT('Ctrl Pts',(104.419642693122,242.202596701159,8.50276306085754));
#1742=CARTESIAN_POINT('',(104.390807991967,242.429178822663,8.66625939119056));
#1743=CARTESIAN_POINT('Origin',(104.419642693122,242.437816725119,8.41807811339061));
#1744=CARTESIAN_POINT('Ctrl Pts',(104.390807991966,242.429178822664,8.66625939119061));
#1745=CARTESIAN_POINT('Ctrl Pts',(99.874940951175,242.236999923047,8.13489900680563));
#1746=CARTESIAN_POINT('Ctrl Pts',(95.2886390319968,242.23699992369,8.1348990075966));
#1747=CARTESIAN_POINT('Ctrl Pts',(90.7727719910251,242.429178823602,8.66625939085538));
#1748=CARTESIAN_POINT('Ctrl Pts',(105.77292456776,243.965596935917,8.89687892131145));
#1749=CARTESIAN_POINT('Ctrl Pts',(105.7729308387,243.6387614002,8.88550435125856));
#1750=CARTESIAN_POINT('Ctrl Pts',(105.525473744808,242.883822393396,8.8236622217975));
#1751=CARTESIAN_POINT('Ctrl Pts',(104.821658050317,242.447514236301,8.71695544812728));
#1752=CARTESIAN_POINT('Ctrl Pts',(104.39080799197,242.429178822667,8.66625939119121));
#1753=CARTESIAN_POINT('Ctrl Pts',(105.838077907415,243.965280695668,8.90600180560293));
#1754=CARTESIAN_POINT('Ctrl Pts',(105.832422316705,243.623679311943,8.89315494941095));
#1755=CARTESIAN_POINT('Ctrl Pts',(105.567632056109,242.847397440296,8.82787379682855));
#1756=CARTESIAN_POINT('Ctrl Pts',(104.843656775655,242.396671682904,8.71766548810044));
#1757=CARTESIAN_POINT('Ctrl Pts',(104.39340783726,242.372448918365,8.66458697810099));
#1758=CARTESIAN_POINT('Ctrl Pts',(105.957983748016,243.966381939469,8.87442517281725));
#1759=CARTESIAN_POINT('Ctrl Pts',(105.941695022882,243.598909622719,8.86814167459721));
#1760=CARTESIAN_POINT('Ctrl Pts',(105.645318339013,242.784886021671,8.80622801532772));
#1761=CARTESIAN_POINT('Ctrl Pts',(104.88549144404,242.30877156735,8.69059802172594));
#1762=CARTESIAN_POINT('Ctrl Pts',(104.402010806359,242.274760948145,8.62663881598047));
#1763=CARTESIAN_POINT('Ctrl Pts',(106.028336243719,243.969783976103,8.7767103773271));
#1764=CARTESIAN_POINT('Ctrl Pts',(106.01451264604,243.589139649083,8.78574415090251));
#1765=CARTESIAN_POINT('Ctrl Pts',(105.706442300109,242.746015546842,8.74079186268714));
#1766=CARTESIAN_POINT('Ctrl Pts',(104.918001699006,242.25026968444,8.62180734384567));
#1767=CARTESIAN_POINT('Ctrl Pts',(104.414355365693,242.216919039122,8.54254463691107));
#1768=CARTESIAN_POINT('Ctrl Pts',(106.044251133389,243.971408738704,8.73003343897841));
#1769=CARTESIAN_POINT('Ctrl Pts',(106.034662708879,243.588503805486,8.74488520165828));
#1770=CARTESIAN_POINT('Ctrl Pts',(105.727042621698,242.73564532129,8.70794278358752));
#1771=CARTESIAN_POINT('Ctrl Pts',(104.928510823362,242.233186694881,8.58772950732956));
#1772=CARTESIAN_POINT('Ctrl Pts',(104.419642693126,242.202596701162,8.50276306085811));
#1773=CARTESIAN_POINT('',(105.772924567757,243.965596935918,8.8968789213113));
#1774=CARTESIAN_POINT('Ctrl Pts',(105.77292456776,243.965596935917,8.89687892131145));
#1775=CARTESIAN_POINT('Ctrl Pts',(105.838077907415,243.965280695668,8.90600180560293));
#1776=CARTESIAN_POINT('Ctrl Pts',(105.957983748016,243.966381939469,8.87442517281725));
#1777=CARTESIAN_POINT('Ctrl Pts',(106.028336243719,243.969783976103,8.7767103773271));
#1778=CARTESIAN_POINT('Ctrl Pts',(106.044251133389,243.971408738704,8.73003343897841));
#1779=CARTESIAN_POINT('Ctrl Pts',(105.77292456776,243.965596935917,8.89687892131145));
#1780=CARTESIAN_POINT('Ctrl Pts',(105.7729308387,243.6387614002,8.88550435125856));
#1781=CARTESIAN_POINT('Ctrl Pts',(105.525473744808,242.883822393396,8.8236622217975));
#1782=CARTESIAN_POINT('Ctrl Pts',(104.821658050317,242.447514236301,8.71695544812728));
#1783=CARTESIAN_POINT('Ctrl Pts',(104.39080799197,242.429178822667,8.66625939119121));
#1784=CARTESIAN_POINT('Ctrl Pts',(104.419642693126,242.202596701162,8.50276306085811));
#1785=CARTESIAN_POINT('Ctrl Pts',(104.928510823362,242.233186694881,8.58772950732956));
#1786=CARTESIAN_POINT('Ctrl Pts',(105.727042621698,242.73564532129,8.70794278358752));
#1787=CARTESIAN_POINT('Ctrl Pts',(106.034662708879,243.588503805486,8.74488520165828));
#1788=CARTESIAN_POINT('Ctrl Pts',(106.044251133389,243.971408738704,8.73003343897841));
#1789=CARTESIAN_POINT('Ctrl Pts',(89.3906554124279,243.965596932857,8.89687891310227));
#1790=CARTESIAN_POINT('Ctrl Pts',(89.3907237147708,247.525793108483,9.02078127561543));
#1791=CARTESIAN_POINT('Ctrl Pts',(89.395408317068,251.086010626271,9.14403741580282));
#1792=CARTESIAN_POINT('Ctrl Pts',(89.3954662300507,254.646206751366,9.26794123791637));
#1793=CARTESIAN_POINT('Ctrl Pts',(89.3255020728102,243.965280692546,8.90600179732058));
#1794=CARTESIAN_POINT('Ctrl Pts',(89.3251701574298,247.526441019112,9.03000538257803));
#1795=CARTESIAN_POINT('Ctrl Pts',(89.3294705078853,251.08656991848,9.15329073346411));
#1796=CARTESIAN_POINT('Ctrl Pts',(89.3293781307013,254.645885969547,9.27718946023937));
#1797=CARTESIAN_POINT('Ctrl Pts',(89.2055961722935,243.966381933127,8.87442524672146));
#1798=CARTESIAN_POINT('Ctrl Pts',(89.2045126955199,247.529233237325,8.99795997405976));
#1799=CARTESIAN_POINT('Ctrl Pts',(89.2080690306069,251.089227083559,9.12074118632524));
#1800=CARTESIAN_POINT('Ctrl Pts',(89.2076947194328,254.647029635889,9.24438497840012));
#1801=CARTESIAN_POINT('Ctrl Pts',(89.1352437367023,243.969783972016,8.77671036901473));
#1802=CARTESIAN_POINT('Ctrl Pts',(89.1343346180397,247.533498463637,8.89915996109413));
#1803=CARTESIAN_POINT('Ctrl Pts',(89.1381002380901,251.09343486521,9.02083349028728));
#1804=CARTESIAN_POINT('Ctrl Pts',(89.1378010081589,254.650523334421,9.14403141141579));
#1805=CARTESIAN_POINT('Ctrl Pts',(89.1193288470431,243.971408734356,8.7300334306905));
#1806=CARTESIAN_POINT('Ctrl Pts',(89.1187191428511,247.535271963663,8.85207137902146));
#1807=CARTESIAN_POINT('Ctrl Pts',(89.122784855325,251.095197554752,8.97333434907857));
#1808=CARTESIAN_POINT('Ctrl Pts',(89.122603283154,254.652182185158,9.09637386844173));
#1809=CARTESIAN_POINT('',(89.3954662300484,254.646206751363,9.26794123791634));
#1810=CARTESIAN_POINT('Ctrl Pts',(89.3906554124279,243.965596932857,8.89687891310227));
#1811=CARTESIAN_POINT('Ctrl Pts',(89.3907237147708,247.525793108483,9.02078127561543));
#1812=CARTESIAN_POINT('Ctrl Pts',(89.395408317068,251.086010626271,9.14403741580282));
#1813=CARTESIAN_POINT('Ctrl Pts',(89.3954662300507,254.646206751366,9.26794123791637));
#1814=CARTESIAN_POINT('',(89.1226032831537,254.652182185159,9.09637386844159));
#1815=CARTESIAN_POINT('Origin',(89.3607989413817,254.654818673989,9.02050636995064));
#1816=CARTESIAN_POINT('Ctrl Pts',(89.122603283154,254.652182185158,9.09637386844173));
#1817=CARTESIAN_POINT('Ctrl Pts',(89.122784855325,251.095197554752,8.97333434907857));
#1818=CARTESIAN_POINT('Ctrl Pts',(89.1187191428511,247.535271963663,8.85207137902146));
#1819=CARTESIAN_POINT('Ctrl Pts',(89.1193288470431,243.971408734356,8.7300334306905));
#1820=CARTESIAN_POINT('Ctrl Pts',(84.23141135474,269.29518649541,10.737388382669));
#1821=CARTESIAN_POINT('Ctrl Pts',(98.1389470596787,269.407494635207,7.51059631612456));
#1822=CARTESIAN_POINT('Ctrl Pts',(111.984908117254,269.286331003545,10.9918362259493));
#1823=CARTESIAN_POINT('Ctrl Pts',(84.2314121526465,226.435132753118,9.24565240733019));
#1824=CARTESIAN_POINT('Ctrl Pts',(98.1389478575875,226.547440892914,6.01886034078577));
#1825=CARTESIAN_POINT('Ctrl Pts',(111.98490891516,226.426277261257,9.50010025061054));
#1826=CARTESIAN_POINT('',(105.768113731715,254.646206735088,9.26794129858322));
#1827=CARTESIAN_POINT('Ctrl Pts',(105.768113731714,254.646206735093,9.26794129858322));
#1828=CARTESIAN_POINT('Ctrl Pts',(105.768171650858,251.086010616493,9.14403745898715));
#1829=CARTESIAN_POINT('Ctrl Pts',(105.772856258847,247.52579310499,9.02078130125879));
#1830=CARTESIAN_POINT('Ctrl Pts',(105.772924567758,243.965596935916,8.89687892131116));
#1831=CARTESIAN_POINT('',(104.414507209387,256.124617958262,9.1456848886096));
#1832=CARTESIAN_POINT('Ctrl Pts',(104.414507209388,256.124617958257,9.14568488860977));
#1833=CARTESIAN_POINT('Ctrl Pts',(104.624440706874,256.122535772218,9.17008938410231));
#1834=CARTESIAN_POINT('Ctrl Pts',(105.041536543659,256.006291137866,9.21713555460346));
#1835=CARTESIAN_POINT('Ctrl Pts',(105.600459145751,255.494361670676,9.27357407053882));
#1836=CARTESIAN_POINT('Ctrl Pts',(105.768108555293,254.964392864701,9.27901498156309));
#1837=CARTESIAN_POINT('Ctrl Pts',(105.768113731712,254.646206735093,9.26794129858295));
#1838=CARTESIAN_POINT('',(90.7490727448521,256.124617964124,9.14568483234262));
#1839=CARTESIAN_POINT('Ctrl Pts',(90.7490727448494,256.124617964122,9.14568483234274));
#1840=CARTESIAN_POINT('Ctrl Pts',(95.283689310757,256.16959370446,8.61854160390678));
#1841=CARTESIAN_POINT('Ctrl Pts',(99.8798906478417,256.169593702472,8.61854162294622));
#1842=CARTESIAN_POINT('Ctrl Pts',(104.414507209387,256.124617958242,9.1456848886092));
#1843=CARTESIAN_POINT('Ctrl Pts',(89.3954662300497,254.646206751366,9.26794123791652));
#1844=CARTESIAN_POINT('Ctrl Pts',(89.3954714059726,254.964396195015,9.27901503465097));
#1845=CARTESIAN_POINT('Ctrl Pts',(89.5631135523548,255.494350715757,9.27357471657167));
#1846=CARTESIAN_POINT('Ctrl Pts',(90.1220357372507,256.006295245706,9.2171365471447));
#1847=CARTESIAN_POINT('Ctrl Pts',(90.539137060501,256.122535756577,9.17008958030883));
#1848=CARTESIAN_POINT('Ctrl Pts',(90.7490727447045,256.124617964122,9.14568483235964));
#1849=CARTESIAN_POINT('Ctrl Pts',(104.414507209388,256.124617958257,9.14568488860977));
#1850=CARTESIAN_POINT('Ctrl Pts',(104.624440706874,256.122535772218,9.17008938410231));
#1851=CARTESIAN_POINT('Ctrl Pts',(105.041536543659,256.006291137866,9.21713555460346));
#1852=CARTESIAN_POINT('Ctrl Pts',(105.600459145751,255.494361670676,9.27357407053882));
#1853=CARTESIAN_POINT('Ctrl Pts',(105.768108555293,254.964392864701,9.27901498156309));
#1854=CARTESIAN_POINT('Ctrl Pts',(105.768113731712,254.646206735093,9.26794129858295));
#1855=CARTESIAN_POINT('Ctrl Pts',(104.414872610592,256.187952990297,9.14793185597937));
#1856=CARTESIAN_POINT('Ctrl Pts',(104.635572847868,256.183325176236,9.17343225830715));
#1857=CARTESIAN_POINT('Ctrl Pts',(105.070704469999,256.057703288647,9.22247582241181));
#1858=CARTESIAN_POINT('Ctrl Pts',(105.649378640802,255.524199847782,9.28114481487009));
#1859=CARTESIAN_POINT('Ctrl Pts',(105.824226350741,254.976406793867,9.28725573881069));
#1860=CARTESIAN_POINT('Ctrl Pts',(105.825940818891,254.645926051036,9.27603349359257));
#1861=CARTESIAN_POINT('Ctrl Pts',(104.421482447616,256.315750426827,9.10194920408295));
#1862=CARTESIAN_POINT('Ctrl Pts',(104.663246682472,256.306067933764,9.13392700520727));
#1863=CARTESIAN_POINT('Ctrl Pts',(105.133984371185,256.161650361603,9.19273264768923));
#1864=CARTESIAN_POINT('Ctrl Pts',(105.752025867608,255.585126693206,9.25882534927569));
#1865=CARTESIAN_POINT('Ctrl Pts',(105.941698269501,255.001688170089,9.26404695103068));
#1866=CARTESIAN_POINT('Ctrl Pts',(105.947121854504,254.646841366816,9.24979010833183));
#1867=CARTESIAN_POINT('Ctrl Pts',(104.436098030696,256.377016895853,8.98143744735748));
#1868=CARTESIAN_POINT('Ctrl Pts',(104.68717506832,256.369744590661,9.02247932722064));
#1869=CARTESIAN_POINT('Ctrl Pts',(105.178357030507,256.221993961217,9.09561835175738));
#1870=CARTESIAN_POINT('Ctrl Pts',(105.821782408126,255.62280767256,9.17093351058932));
#1871=CARTESIAN_POINT('Ctrl Pts',(106.018284709105,255.017963426533,9.17223912982867));
#1872=CARTESIAN_POINT('Ctrl Pts',(106.023246001194,254.650246843987,9.15197439650019));
#1873=CARTESIAN_POINT('Ctrl Pts',(104.443442272625,256.382354956453,8.91871523531638));
#1874=CARTESIAN_POINT('Ctrl Pts',(104.694923219813,256.378624556575,8.96254743385538));
#1875=CARTESIAN_POINT('Ctrl Pts',(105.1905635548,256.234468323723,9.0409014099625));
#1876=CARTESIAN_POINT('Ctrl Pts',(105.840812211424,255.632097435275,9.11971128151733));
#1877=CARTESIAN_POINT('Ctrl Pts',(106.037833042402,255.02181929644,9.11908912533744));
#1878=CARTESIAN_POINT('Ctrl Pts',(106.04097668046,254.652182170162,9.09637392941087));
#1879=CARTESIAN_POINT('Origin',(105.802781022232,254.654818658996,9.02050643092139));
#1880=CARTESIAN_POINT('',(104.443442272623,256.382354956454,8.91871523531519));
#1881=CARTESIAN_POINT('Ctrl Pts',(106.04097668046,254.652182170162,9.09637392941087));
#1882=CARTESIAN_POINT('Ctrl Pts',(106.037833042402,255.02181929644,9.11908912533744));
#1883=CARTESIAN_POINT('Ctrl Pts',(105.840812211424,255.632097435275,9.11971128151733));
#1884=CARTESIAN_POINT('Ctrl Pts',(105.1905635548,256.234468323723,9.0409014099625));
#1885=CARTESIAN_POINT('Ctrl Pts',(104.694923219813,256.378624556575,8.96254743385538));
#1886=CARTESIAN_POINT('Ctrl Pts',(104.443442272625,256.382354956453,8.91871523531638));
#1887=CARTESIAN_POINT('Origin',(104.443442272623,256.133255454656,8.89751527771487));
#1888=CARTESIAN_POINT('Ctrl Pts',(90.7490727448494,256.124617964122,9.14568483234274));
#1889=CARTESIAN_POINT('Ctrl Pts',(95.283689310757,256.16959370446,8.61854160390678));
#1890=CARTESIAN_POINT('Ctrl Pts',(99.8798906478417,256.169593702472,8.61854162294622));
#1891=CARTESIAN_POINT('Ctrl Pts',(104.414507209387,256.124617958242,9.1456848886092));
#1892=CARTESIAN_POINT('Ctrl Pts',(90.7487073436405,256.187952995989,9.14793179942887));
#1893=CARTESIAN_POINT('Ctrl Pts',(95.2835283354797,256.232913164778,8.62073493879926));
#1894=CARTESIAN_POINT('Ctrl Pts',(99.8800516231565,256.232913162849,8.62073495793285));
#1895=CARTESIAN_POINT('Ctrl Pts',(104.414872610591,256.187952990281,9.14793185597873));
#1896=CARTESIAN_POINT('Ctrl Pts',(90.7420975105273,256.315750460771,9.10194917949194));
#1897=CARTESIAN_POINT('Ctrl Pts',(95.2813397729137,256.360695974353,8.57421169924915));
#1898=CARTESIAN_POINT('Ctrl Pts',(99.8822401862041,256.360695972612,8.57421171849474));
#1899=CARTESIAN_POINT('Ctrl Pts',(104.421482444147,256.315750455624,9.10194923635793));
#1900=CARTESIAN_POINT('Ctrl Pts',(90.7274819250539,256.37701690066,8.98143739069441));
#1901=CARTESIAN_POINT('Ctrl Pts',(95.2764185846459,256.422023221803,8.45260660083423));
#1902=CARTESIAN_POINT('Ctrl Pts',(99.887161375507,256.422023220167,8.45260662000732));
#1903=CARTESIAN_POINT('Ctrl Pts',(104.436098030694,256.377016895838,8.98143744735641));
#1904=CARTESIAN_POINT('Ctrl Pts',(90.7201376836657,256.382354961249,8.91871517877249));
#1905=CARTESIAN_POINT('Ctrl Pts',(95.2739573583781,256.427408534417,8.38933569407263));
#1906=CARTESIAN_POINT('Ctrl Pts',(99.8896226022944,256.427408532788,8.38933571320549));
#1907=CARTESIAN_POINT('Ctrl Pts',(104.443442272622,256.382354956437,8.91871523531525));
#1908=CARTESIAN_POINT('',(90.7201376836042,256.382354961252,8.91871517880219));
#1909=CARTESIAN_POINT('Ctrl Pts',(104.443442272622,256.382354956437,8.91871523531525));
#1910=CARTESIAN_POINT('Ctrl Pts',(99.8896226022944,256.427408532788,8.38933571320549));
#1911=CARTESIAN_POINT('Ctrl Pts',(95.2739573583781,256.427408534417,8.38933569407263));
#1912=CARTESIAN_POINT('Ctrl Pts',(90.7201376836657,256.382354961249,8.91871517877249));
#1913=CARTESIAN_POINT('Origin',(90.7201376836656,256.133255459449,8.89751522117159));
#1914=CARTESIAN_POINT('Ctrl Pts',(105.768113731714,254.646206735093,9.26794129858322));
#1915=CARTESIAN_POINT('Ctrl Pts',(105.768171650858,251.086010616493,9.14403745898715));
#1916=CARTESIAN_POINT('Ctrl Pts',(105.772856258847,247.52579310499,9.02078130125879));
#1917=CARTESIAN_POINT('Ctrl Pts',(105.772924567758,243.965596935916,8.89687892131116));
#1918=CARTESIAN_POINT('Ctrl Pts',(105.834201831347,254.645885953313,9.27718952145135));
#1919=CARTESIAN_POINT('Ctrl Pts',(105.834109460277,251.08656990852,9.15329077703446));
#1920=CARTESIAN_POINT('Ctrl Pts',(105.838409816294,247.526441015635,9.0300054084543));
#1921=CARTESIAN_POINT('Ctrl Pts',(105.838077907413,243.965280695667,8.90600180560265));
#1922=CARTESIAN_POINT('Ctrl Pts',(105.955885054739,254.647029628786,9.24438478739846));
#1923=CARTESIAN_POINT('Ctrl Pts',(105.955510749476,251.089227082344,9.12074097750292));
#1924=CARTESIAN_POINT('Ctrl Pts',(105.95906710251,247.529233242525,8.99795975893601));
#1925=CARTESIAN_POINT('Ctrl Pts',(105.957983631998,243.966381944998,8.87442501385925));
#1926=CARTESIAN_POINT('Ctrl Pts',(106.025778955377,254.650523319155,9.14403147263051));
#1927=CARTESIAN_POINT('Ctrl Pts',(106.025479731173,251.093434855634,9.02083353371604));
#1928=CARTESIAN_POINT('Ctrl Pts',(106.029245356288,247.533498461025,8.89915998704555));
#1929=CARTESIAN_POINT('Ctrl Pts',(106.028336243717,243.969783976102,8.77671037732666));
#1930=CARTESIAN_POINT('Ctrl Pts',(106.040976680462,254.652182170162,9.09637392941108));
#1931=CARTESIAN_POINT('Ctrl Pts',(106.040795113969,251.095197545411,8.97333439229806));
#1932=CARTESIAN_POINT('Ctrl Pts',(106.04486083152,247.535271961308,8.85207140488811));
#1933=CARTESIAN_POINT('Ctrl Pts',(106.044251133388,243.971408738703,8.73003343897792));
#1934=CARTESIAN_POINT('Ctrl Pts',(89.3954662300497,254.646206751366,9.26794123791652));
#1935=CARTESIAN_POINT('Ctrl Pts',(89.3954714059726,254.964396195015,9.27901503465097));
#1936=CARTESIAN_POINT('Ctrl Pts',(89.5631135523548,255.494350715757,9.27357471657167));
#1937=CARTESIAN_POINT('Ctrl Pts',(90.1220357372507,256.006295245706,9.2171365471447));
#1938=CARTESIAN_POINT('Ctrl Pts',(90.539137060501,256.122535756577,9.17008958030883));
#1939=CARTESIAN_POINT('Ctrl Pts',(90.7490727447045,256.124617964122,9.14568483235964));
#1940=CARTESIAN_POINT('Ctrl Pts',(89.3376391431189,254.645926067275,9.27603343244915));
#1941=CARTESIAN_POINT('Ctrl Pts',(89.3393536286188,254.976410252209,9.28725579289996));
#1942=CARTESIAN_POINT('Ctrl Pts',(89.5141939849776,255.524188475659,9.28114624586708));
#1943=CARTESIAN_POINT('Ctrl Pts',(90.0928675795086,256.05770737397,9.22247761792337));
#1944=CARTESIAN_POINT('Ctrl Pts',(90.5280048073706,256.183325133844,9.17343246555198));
#1945=CARTESIAN_POINT('Ctrl Pts',(90.7487073434954,256.187952995989,9.1479317994458));
#1946=CARTESIAN_POINT('Ctrl Pts',(89.216457757653,254.646841363367,9.24979060377671));
#1947=CARTESIAN_POINT('Ctrl Pts',(89.2218813987218,255.001691862556,9.26404759326056));
#1948=CARTESIAN_POINT('Ctrl Pts',(89.4115460426274,255.585114503095,9.25882660579846));
#1949=CARTESIAN_POINT('Ctrl Pts',(90.0295866039632,256.161654380621,9.19273453198272));
#1950=CARTESIAN_POINT('Ctrl Pts',(90.5003308258575,256.306068436764,9.13392795022981));
#1951=CARTESIAN_POINT('Ctrl Pts',(90.7420975789594,256.31575103068,9.10194981793063));
#1952=CARTESIAN_POINT('Ctrl Pts',(89.1403339623253,254.650246859298,9.15197433524495));
#1953=CARTESIAN_POINT('Ctrl Pts',(89.1452953056489,255.017967271949,9.17223927804058));
#1954=CARTESIAN_POINT('Ctrl Pts',(89.341789687348,255.62279568222,9.17093429637874));
#1955=CARTESIAN_POINT('Ctrl Pts',(89.9852139363251,256.221998855712,9.09562021478677));
#1956=CARTESIAN_POINT('Ctrl Pts',(90.4764022719478,256.369744519779,9.02247969629688));
#1957=CARTESIAN_POINT('Ctrl Pts',(90.7274819249077,256.37701690066,8.98143739071171));
#1958=CARTESIAN_POINT('Ctrl Pts',(89.122603283153,254.652182185158,9.09637386844188));
#1959=CARTESIAN_POINT('Ctrl Pts',(89.1257469534689,255.021823161643,9.11908929943099));
#1960=CARTESIAN_POINT('Ctrl Pts',(89.322759367349,255.632085118613,9.1197121458163));
#1961=CARTESIAN_POINT('Ctrl Pts',(89.9730067309251,256.234473157986,9.04090356476703));
#1962=CARTESIAN_POINT('Ctrl Pts',(90.4686541167296,256.378624522661,8.96254783219533));
#1963=CARTESIAN_POINT('Ctrl Pts',(90.7201376835192,256.382354961249,8.91871517878985));
#1964=CARTESIAN_POINT('Ctrl Pts',(90.7201376835192,256.382354961249,8.91871517878985));
#1965=CARTESIAN_POINT('Ctrl Pts',(90.4686541167296,256.378624522661,8.96254783219533));
#1966=CARTESIAN_POINT('Ctrl Pts',(89.9730067309251,256.234473157986,9.04090356476703));
#1967=CARTESIAN_POINT('Ctrl Pts',(89.322759367349,255.632085118613,9.1197121458163));
#1968=CARTESIAN_POINT('Ctrl Pts',(89.1257469534689,255.021823161643,9.11908929943099));
#1969=CARTESIAN_POINT('Ctrl Pts',(89.122603283153,254.652182185158,9.09637386844188));
#1970=CARTESIAN_POINT('Ctrl Pts',(90.8402319694602,242.271255029078,8.69346771405565));
#1971=CARTESIAN_POINT('Ctrl Pts',(89.3770013101664,241.227968203035,5.7956451427353));
#1972=CARTESIAN_POINT('Ctrl Pts',(87.9137706508726,240.184681376992,2.89782257141494));
#1973=CARTESIAN_POINT('Ctrl Pts',(86.4505399915788,239.141394550948,9.45887812520141E-11));
#1974=CARTESIAN_POINT('Ctrl Pts',(90.4557839085224,242.271255029079,8.69346771405566));
#1975=CARTESIAN_POINT('Ctrl Pts',(89.1017303403514,241.228342563006,5.79566037986016));
#1976=CARTESIAN_POINT('Ctrl Pts',(87.7484936909357,240.184307017021,2.89780733429009));
#1977=CARTESIAN_POINT('Ctrl Pts',(86.3944401227647,239.141394550948,9.45887812520141E-11));
#1978=CARTESIAN_POINT('Ctrl Pts',(89.5572119806999,242.584317829639,8.70434942208019));
#1979=CARTESIAN_POINT('Ctrl Pts',(88.4588561690024,241.451700898977,5.80289095465609));
#1980=CARTESIAN_POINT('Ctrl Pts',(87.3616734958475,240.319722276358,2.90145846751869));
#1981=CARTESIAN_POINT('Ctrl Pts',(86.2633176841499,239.187105345696,9.45887812520141E-11));
#1982=CARTESIAN_POINT('Ctrl Pts',(89.1270013101716,243.471161040783,8.73517508667501));
#1983=CARTESIAN_POINT('Ctrl Pts',(88.153100309808,242.086956539267,5.82347655211433));
#1984=CARTESIAN_POINT('Ctrl Pts',(87.1744409919424,240.700799227378,2.91169853465526));
#1985=CARTESIAN_POINT('Ctrl Pts',(86.2005399915788,239.316594725863,9.45887812520141E-11));
#1986=CARTESIAN_POINT('Ctrl Pts',(89.127001310172,243.983447971079,8.75298159958643));
#1987=CARTESIAN_POINT('Ctrl Pts',(88.1515142039743,242.452763497702,5.83532106642248));
#1988=CARTESIAN_POINT('Ctrl Pts',(87.1760270977765,240.922079024325,2.91766053325854));
#1989=CARTESIAN_POINT('Ctrl Pts',(86.2005399915788,239.391394550948,9.45887812520141E-11));
#1990=CARTESIAN_POINT('',(86.4505399915788,239.141394550948,9.45887812520141E-11));
#1991=CARTESIAN_POINT('',(90.9505399915975,242.349904902608,8.9119247798044));
#1992=CARTESIAN_POINT('',(86.2005399915779,239.391394550948,9.45887812520141E-11));
#1993=CARTESIAN_POINT('',(89.2005399915979,244.098841108653,8.97293418234083));
#1994=CARTESIAN_POINT('Origin',(86.4505399915788,239.391394550948,9.45887812520141E-11));
#1995=CARTESIAN_POINT('Ctrl Pts',(89.1226185172261,243.976570716553,8.73987276203512));
#1996=CARTESIAN_POINT('Ctrl Pts',(88.14859234201,242.448178661351,5.82658184138828));
#1997=CARTESIAN_POINT('Ctrl Pts',(87.174566166794,240.91978660615,2.91329092074143));
#1998=CARTESIAN_POINT('Ctrl Pts',(86.2005399915779,239.391394550948,9.45893363635264E-11));
#1999=CARTESIAN_POINT('Ctrl Pts',(89.1226185172261,244.871926245801,8.77098749099562));
#2000=CARTESIAN_POINT('Ctrl Pts',(88.14859234201,243.088715578817,5.84732499402861));
#2001=CARTESIAN_POINT('Ctrl Pts',(87.174566166794,241.305504911832,2.9236624970616));
#2002=CARTESIAN_POINT('Ctrl Pts',(86.2005399915779,239.522294244848,9.45893363635264E-11));
#2003=CARTESIAN_POINT('Ctrl Pts',(89.1226185172261,253.756814981857,9.0653065630998));
#2004=CARTESIAN_POINT('Ctrl Pts',(88.14859234201,254.758041606922,6.04353770876472));
#2005=CARTESIAN_POINT('Ctrl Pts',(87.174566166794,255.759268231987,3.02176885442966));
#2006=CARTESIAN_POINT('Ctrl Pts',(86.2005399915779,256.760494857053,9.45893363635264E-11));
#2007=CARTESIAN_POINT('Ctrl Pts',(89.1226185172261,254.652170511102,9.0964212920602));
#2008=CARTESIAN_POINT('Ctrl Pts',(88.14859234201,255.398578524384,6.064280861405));
#2009=CARTESIAN_POINT('Ctrl Pts',(87.174566166794,256.144986537667,3.03214043074979));
#2010=CARTESIAN_POINT('Ctrl Pts',(86.2005399915779,256.891394550949,9.45893363635264E-11));
#2011=CARTESIAN_POINT('',(86.2005399915779,256.891394550948,9.45893363635264E-11));
#2012=CARTESIAN_POINT('',(86.2005399915779,256.891394550948,9.45893363635264E-11));
#2013=CARTESIAN_POINT('',(89.2005399915979,254.592458344882,9.33899059755817));
#2014=CARTESIAN_POINT('Ctrl Pts',(89.1239117541425,254.651179488043,9.10044713453086));
#2015=CARTESIAN_POINT('Ctrl Pts',(88.1494544999546,255.397917842345,6.06696475638544));
#2016=CARTESIAN_POINT('Ctrl Pts',(87.1749972457667,256.144656196647,3.03348237824002));
#2017=CARTESIAN_POINT('Ctrl Pts',(86.2005399915788,256.891394550948,9.45893363635264E-11));
#2018=CARTESIAN_POINT('Ctrl Pts',(89.123911754142,255.03504828423,9.11378792004822));
#2019=CARTESIAN_POINT('Ctrl Pts',(88.1498287301038,255.672802155263,6.07586967719875));
#2020=CARTESIAN_POINT('Ctrl Pts',(87.1746230156169,256.30974054873,3.03791824294405));
#2021=CARTESIAN_POINT('Ctrl Pts',(86.2005399915788,256.947494419763,9.45893363635264E-11));
#2022=CARTESIAN_POINT('Ctrl Pts',(89.4368843194885,255.932263322078,9.14496928592573));
#2023=CARTESIAN_POINT('Ctrl Pts',(88.3731279386653,256.314770533066,6.09666204442115));
#2024=CARTESIAN_POINT('Ctrl Pts',(87.3100075289834,256.696109213014,3.04830724159917));
#2025=CARTESIAN_POINT('Ctrl Pts',(86.2462511481602,257.078616424003,9.45893363635264E-11));
#2026=CARTESIAN_POINT('Ctrl Pts',(90.3234624173302,256.361828747578,9.15989818940576));
#2027=CARTESIAN_POINT('Ctrl Pts',(89.0082057114433,256.620100707708,6.10653434949606));
#2028=CARTESIAN_POINT('Ctrl Pts',(87.6909968723802,256.883122590819,3.0533638400043));
#2029=CARTESIAN_POINT('Ctrl Pts',(86.3757401664933,257.141394550948,9.45893363635264E-11));
#2030=CARTESIAN_POINT('Ctrl Pts',(90.835597635412,256.361828747579,9.15989818940581));
#2031=CARTESIAN_POINT('Ctrl Pts',(89.3739117541342,256.621684015369,6.10659879296873));
#2032=CARTESIAN_POINT('Ctrl Pts',(87.9122258728565,256.881539283159,3.05329939653166));
#2033=CARTESIAN_POINT('Ctrl Pts',(86.4505399915788,257.141394550948,9.45893363635264E-11));
#2034=CARTESIAN_POINT('',(86.4505399915788,257.141394550949,9.45887812520141E-11));
#2035=CARTESIAN_POINT('',(90.9505399915929,256.341394550923,9.40000000009461));
#2036=CARTESIAN_POINT('Origin',(86.4505399915788,256.891394550948,9.45893363635264E-11));
#2037=CARTESIAN_POINT('Origin',(95.7130399916014,256.341394550923,9.40000000009461));
#2038=CARTESIAN_POINT('',(108.71303999159,257.141394550949,9.45887812520141E-11));
#2039=CARTESIAN_POINT('',(103.950539991583,257.141394550949,9.45887812520141E-11));
#2040=CARTESIAN_POINT('',(104.2130399916,256.341394550941,9.40000000009512));
#2041=CARTESIAN_POINT('Ctrl Pts',(104.32701047567,256.36165597033,9.16192832225624));
#2042=CARTESIAN_POINT('Ctrl Pts',(105.78902031431,256.621568830536,6.10795221486902));
#2043=CARTESIAN_POINT('Ctrl Pts',(107.25103015295,256.881481690742,3.0539761074818));
#2044=CARTESIAN_POINT('Ctrl Pts',(108.71303999159,257.141394550948,9.45887812520141E-11));
#2045=CARTESIAN_POINT('Ctrl Pts',(104.839242621572,256.361655970331,9.16192832225625));
#2046=CARTESIAN_POINT('Ctrl Pts',(106.154790831329,256.619985171963,6.1078877571136));
#2047=CARTESIAN_POINT('Ctrl Pts',(107.472291606918,256.883065349316,3.05404056523724));
#2048=CARTESIAN_POINT('Ctrl Pts',(108.787839816675,257.141394550948,9.45887812520141E-11));
#2049=CARTESIAN_POINT('Ctrl Pts',(105.725986272082,255.932006561701,9.14699601651594));
#2050=CARTESIAN_POINT('Ctrl Pts',(106.789978416081,256.314598548785,6.09801317048589));
#2051=CARTESIAN_POINT('Ctrl Pts',(107.853336363467,256.69602404371,3.04898284612464));
#2052=CARTESIAN_POINT('Ctrl Pts',(108.917328507466,257.078616030794,9.45887812520141E-11));
#2053=CARTESIAN_POINT('Ctrl Pts',(106.039020314317,255.03462442367,9.11580783335577));
#2054=CARTESIAN_POINT('Ctrl Pts',(107.013319226983,255.672519641801,6.07721628852255));
#2055=CARTESIAN_POINT('Ctrl Pts',(107.988741078923,256.309599201631,3.03859154492781));
#2056=CARTESIAN_POINT('Ctrl Pts',(108.96303999159,256.947494419763,9.45887812520141E-11));
#2057=CARTESIAN_POINT('Ctrl Pts',(106.039020314317,254.650682983174,9.10246409108425));
#2058=CARTESIAN_POINT('Ctrl Pts',(107.013693540074,255.397586839099,6.06830939408769));
#2059=CARTESIAN_POINT('Ctrl Pts',(107.988366765832,256.144490695024,3.03415469709114));
#2060=CARTESIAN_POINT('Ctrl Pts',(108.96303999159,256.891394550948,9.45887812520141E-11));
#2061=CARTESIAN_POINT('Origin',(108.71303999159,256.891394550948,9.45887812520141E-11));
#2062=CARTESIAN_POINT('Origin',(99.9630399915873,248.141394550948,9.45887812520141E-11));
#2063=CARTESIAN_POINT('',(108.71303999159,239.141394550948,9.45887812520141E-11));
#2064=CARTESIAN_POINT('Origin',(108.71303999159,239.391394550948,9.45887812520141E-11));
#2065=CARTESIAN_POINT('',(91.2130399915873,239.141394550948,9.45887812520141E-11));
#2066=CARTESIAN_POINT('Ctrl Pts',(97.9067899091234,255.251239539344,7.4687258773616));
#2067=CARTESIAN_POINT('Ctrl Pts',(98.667154324143,255.251098553653,7.47277703730168));
#2068=CARTESIAN_POINT('Ctrl Pts',(99.4274816817873,255.250458075947,7.49117943296418));
#2069=CARTESIAN_POINT('Ctrl Pts',(101.55416193615,255.247261689831,7.58301805585753));
#2070=CARTESIAN_POINT('Ctrl Pts',(102.918486328098,255.24358352587,7.68869854906788));
#2071=CARTESIAN_POINT('Ctrl Pts',(104.599365639762,255.237048457654,7.87646281886711));
#2072=CARTESIAN_POINT('Ctrl Pts',(104.922998868934,255.235697433502,7.91528016117798));
#2073=CARTESIAN_POINT('Ctrl Pts',(105.246137484297,255.234256041407,7.95669392440916));
#2074=CARTESIAN_POINT('Ctrl Pts',(97.9067899512143,252.990303748727,7.39003443947693));
#2075=CARTESIAN_POINT('Ctrl Pts',(98.6671543662339,252.990162763037,7.39408559941701));
#2076=CARTESIAN_POINT('Ctrl Pts',(99.4274817238782,252.98952228533,7.41248799507952));
#2077=CARTESIAN_POINT('Ctrl Pts',(101.554161978241,252.986325899214,7.50432661797287));
#2078=CARTESIAN_POINT('Ctrl Pts',(102.918486370189,252.982647735254,7.61000711118323));
#2079=CARTESIAN_POINT('Ctrl Pts',(104.599365681853,252.976112667037,7.79777138098246));
#2080=CARTESIAN_POINT('Ctrl Pts',(104.922998911025,252.974761642885,7.83658872329332));
#2081=CARTESIAN_POINT('Ctrl Pts',(105.246137526388,252.97332025079,7.87800248652451));
#2082=CARTESIAN_POINT('Ctrl Pts',(97.9067899933052,250.72936795811,7.31134300159227));
#2083=CARTESIAN_POINT('Ctrl Pts',(98.6671544083248,250.72922697242,7.31539416153235));
#2084=CARTESIAN_POINT('Ctrl Pts',(99.427481765969,250.728586494714,7.33379655719486));
#2085=CARTESIAN_POINT('Ctrl Pts',(101.554162020332,250.725390108598,7.42563518008821));
#2086=CARTESIAN_POINT('Ctrl Pts',(102.91848641228,250.721711944637,7.53131567329857));
#2087=CARTESIAN_POINT('Ctrl Pts',(104.599365723944,250.715176876421,7.7190799430978));
#2088=CARTESIAN_POINT('Ctrl Pts',(104.922998953116,250.713825852269,7.75789728540867));
#2089=CARTESIAN_POINT('Ctrl Pts',(105.246137568479,250.712384460174,7.79931104863986));
#2090=CARTESIAN_POINT('Ctrl Pts',(97.906790035396,248.468432167494,7.2326515637076));
#2091=CARTESIAN_POINT('Ctrl Pts',(98.6671544504156,248.468291181803,7.23670272364769));
#2092=CARTESIAN_POINT('Ctrl Pts',(99.4274818080599,248.467650704097,7.25510511931019));
#2093=CARTESIAN_POINT('Ctrl Pts',(101.554162062422,248.464454317981,7.34694374220355));
#2094=CARTESIAN_POINT('Ctrl Pts',(102.918486454371,248.460776154021,7.45262423541391));
#2095=CARTESIAN_POINT('Ctrl Pts',(104.599365766035,248.454241085804,7.64038850521314));
#2096=CARTESIAN_POINT('Ctrl Pts',(104.922998995207,248.452890061652,7.67920584752401));
#2097=CARTESIAN_POINT('Ctrl Pts',(105.24613761057,248.451448669557,7.7206196107552));
#2098=CARTESIAN_POINT('',(97.9067899915844,250.821762995788,7.31455879321199));
#2099=CARTESIAN_POINT('Ctrl Pts',(97.9067899915844,255.25123953933,7.46872587780088));
#2100=CARTESIAN_POINT('Ctrl Pts',(97.9067899915844,254.119751299472,7.4293446458493));
#2101=CARTESIAN_POINT('Ctrl Pts',(97.906789991589,252.988263059619,7.38996341389788));
#2102=CARTESIAN_POINT('Ctrl Pts',(97.906789991589,251.511770878437,7.33857438570154));
#2103=CARTESIAN_POINT('Ctrl Pts',(97.906789991589,251.166766937108,7.32656658945688));
#2104=CARTESIAN_POINT('Ctrl Pts',(97.906789991589,250.821762995779,7.31455879321198));
#2105=CARTESIAN_POINT('',(100.262158436406,248.466394550946,7.29119693352016));
#2106=CARTESIAN_POINT('Ctrl Pts',(100.26215843841,248.466394550101,7.29119695799789));
#2107=CARTESIAN_POINT('Ctrl Pts',(100.711140474322,248.466394582873,7.31117298837024));
#2108=CARTESIAN_POINT('Ctrl Pts',(101.159997595854,248.466394554518,7.33619172675991));
#2109=CARTESIAN_POINT('Ctrl Pts',(101.608719058738,248.466394556878,7.36625316527228));
#2110=CARTESIAN_POINT('Ctrl Pts',(102.197311375223,248.466394559975,7.40568504717318));
#2111=CARTESIAN_POINT('Ctrl Pts',(102.785128951825,248.466394325702,7.45375469626138));
#2112=CARTESIAN_POINT('Ctrl Pts',(103.372236778016,248.466394393065,7.51046183673662));
#2113=CARTESIAN_POINT('Ctrl Pts',(103.673441195656,248.466394427624,7.53955434830075));
#2114=CARTESIAN_POINT('Ctrl Pts',(103.974458683819,248.466394512633,7.57092108461787));
#2115=CARTESIAN_POINT('Ctrl Pts',(104.275296970777,248.466394539151,7.6045672296153));
#2116=CARTESIAN_POINT('Ctrl Pts',(104.599120799399,248.466394567696,7.64078410746569));
#2117=CARTESIAN_POINT('Ctrl Pts',(104.922730118706,248.466394551071,7.67964136750797));
#2118=CARTESIAN_POINT('Ctrl Pts',(105.246137610288,248.466394550951,7.72113979929889));
#2119=CARTESIAN_POINT('Ctrl Pts',(97.9067899915887,250.821762995787,7.31455879321202));
#2120=CARTESIAN_POINT('Ctrl Pts',(98.0672619467759,250.802305521709,7.31473759670773));
#2121=CARTESIAN_POINT('Ctrl Pts',(98.2254132033878,250.768506242068,7.31504952226907));
#2122=CARTESIAN_POINT('Ctrl Pts',(98.3793689009565,250.720903587097,7.31541997943898));
#2123=CARTESIAN_POINT('Ctrl Pts',(98.5217268825967,250.67688691224,7.31576252950907));
#2124=CARTESIAN_POINT('Ctrl Pts',(98.6604975796325,250.621068220658,7.31615420070875));
#2125=CARTESIAN_POINT('Ctrl Pts',(98.7942008755583,250.553874574007,7.31649644713271));
#2126=CARTESIAN_POINT('Ctrl Pts',(98.9746866470833,250.463170025002,7.31695844479292));
#2127=CARTESIAN_POINT('Ctrl Pts',(99.1439943332291,250.352714462238,7.31732487315285));
#2128=CARTESIAN_POINT('Ctrl Pts',(99.2991329190603,250.224836877545,7.31728649341914));
#2129=CARTESIAN_POINT('Ctrl Pts',(99.4164257454881,250.128154783499,7.31725747634759));
#2130=CARTESIAN_POINT('Ctrl Pts',(99.5256195385685,250.021514071404,7.31699526850454));
#2131=CARTESIAN_POINT('Ctrl Pts',(99.6254249472137,249.9059217331,7.31635269764283));
#2132=CARTESIAN_POINT('Ctrl Pts',(99.7494883537602,249.762234337244,7.31555394804465));
#2133=CARTESIAN_POINT('Ctrl Pts',(99.8578791048085,249.606063747527,7.31417082985144));
#2134=CARTESIAN_POINT('Ctrl Pts',(99.9489382728383,249.440089347218,7.31196944284552));
#2135=CARTESIAN_POINT('Ctrl Pts',(99.993259136369,249.359305293236,7.31089797057998));
#2136=CARTESIAN_POINT('Ctrl Pts',(100.033474144979,249.276198672701,7.30963329163528));
#2137=CARTESIAN_POINT('Ctrl Pts',(100.069392067796,249.191078271842,7.3081531462502));
#2138=CARTESIAN_POINT('Ctrl Pts',(100.116188733199,249.080176788531,7.30622469764017));
#2139=CARTESIAN_POINT('Ctrl Pts',(100.15544795199,248.966433383631,7.3039397478784));
#2140=CARTESIAN_POINT('Ctrl Pts',(100.186975074168,248.850626279269,7.30127222106374));
#2141=CARTESIAN_POINT('Ctrl Pts',(100.221268678937,248.724657183708,7.29837062066473));
#2142=CARTESIAN_POINT('Ctrl Pts',(100.246413624721,248.59624633754,7.29501590927621));
#2143=CARTESIAN_POINT('Ctrl Pts',(100.262158438414,248.466394550092,7.29119695799775));
#2144=CARTESIAN_POINT('Ctrl Pts',(106.036578670918,243.983447974392,8.75298160590124));
#2145=CARTESIAN_POINT('Ctrl Pts',(107.012065777809,242.452763499911,5.83532107063236));
#2146=CARTESIAN_POINT('Ctrl Pts',(107.987552884699,240.92207902543,2.91766053536347));
#2147=CARTESIAN_POINT('Ctrl Pts',(108.96303999159,239.391394550948,9.45887812520141E-11));
#2148=CARTESIAN_POINT('Ctrl Pts',(106.036578670919,243.599232776433,8.73962672120804));
#2149=CARTESIAN_POINT('Ctrl Pts',(107.011691152155,242.1776479652,5.82640673867572));
#2150=CARTESIAN_POINT('Ctrl Pts',(107.987927510353,240.756879493367,2.9132199826269));
#2151=CARTESIAN_POINT('Ctrl Pts',(108.96303999159,239.335294682134,9.45887812520141E-11));
#2152=CARTESIAN_POINT('Ctrl Pts',(105.723323256619,242.701208568258,8.70841241782916));
#2153=CARTESIAN_POINT('Ctrl Pts',(106.788203865704,241.535140173864,5.80559241353926));
#2154=CARTESIAN_POINT('Ctrl Pts',(107.852448168371,240.370241141378,2.90282000438449));
#2155=CARTESIAN_POINT('Ctrl Pts',(108.917328777456,239.204172746984,9.45887812520141E-11));
#2156=CARTESIAN_POINT('Ctrl Pts',(104.835945425473,242.271255031336,8.69346772032753));
#2157=CARTESIAN_POINT('Ctrl Pts',(106.152592157113,241.229553185516,5.79570965849611));
#2158=CARTESIAN_POINT('Ctrl Pts',(107.471193085035,240.183096396769,2.897758061926));
#2159=CARTESIAN_POINT('Ctrl Pts',(108.787839816675,239.141394550948,9.45887812520141E-11));
#2160=CARTESIAN_POINT('Ctrl Pts',(104.323348010573,242.271255031336,8.69346772032753));
#2161=CARTESIAN_POINT('Ctrl Pts',(105.786578670912,241.22796820454,5.79564514691655));
#2162=CARTESIAN_POINT('Ctrl Pts',(107.249809331251,240.184681377744,2.89782257350557));
#2163=CARTESIAN_POINT('Ctrl Pts',(108.713039991589,239.141394550948,9.45887812520141E-11));
#2164=CARTESIAN_POINT('',(104.213039991605,242.349904902608,8.9119247798044));
#2165=CARTESIAN_POINT('Origin',(104.213039991605,242.349904902608,8.9119247798044));
#2166=CARTESIAN_POINT('Origin',(97.5817899915819,248.141394550962,9.38193966959489E-11));
#2167=CARTESIAN_POINT('',(94.901421546756,248.466394550956,4.33274910222287));
#2168=CARTESIAN_POINT('Ctrl Pts',(94.9014215467651,248.466394550969,7.29134984854505));
#2169=CARTESIAN_POINT('Ctrl Pts',(94.9014215467651,248.466394550969,6.30514959977099));
#2170=CARTESIAN_POINT('Ctrl Pts',(94.901421546756,248.46639455096,5.31894935099693));
#2171=CARTESIAN_POINT('Ctrl Pts',(94.901421546756,248.46639455096,4.33274910222287));
#2172=CARTESIAN_POINT('',(97.2567899915839,250.821762995788,4.33274910222287));
#2173=CARTESIAN_POINT('Ctrl Pts',(97.2567899915839,250.821762995788,4.33274910222287));
#2174=CARTESIAN_POINT('Ctrl Pts',(97.2567899915839,250.821762995788,5.32669627768617));
#2175=CARTESIAN_POINT('Ctrl Pts',(97.2567899915794,250.821762995779,6.32064345314947));
#2176=CARTESIAN_POINT('Ctrl Pts',(97.2567899915794,250.821762995779,7.31459062861277));
#2177=CARTESIAN_POINT('',(97.9067899915844,250.821762995788,4.33274910222287));
#2178=CARTESIAN_POINT('Origin',(97.5817899915819,248.141394550962,4.33274910222287));
#2179=CARTESIAN_POINT('',(97.9067899915844,250.821762995788,9.38193966959489E-11));
#2180=CARTESIAN_POINT('',(100.262158436406,248.466394550956,4.33274910222287));
#2181=CARTESIAN_POINT('Ctrl Pts',(100.262158436406,248.466394550956,4.33274910222287));
#2182=CARTESIAN_POINT('Ctrl Pts',(100.262158436406,248.466394550956,5.3188983793219));
#2183=CARTESIAN_POINT('Ctrl Pts',(100.262158436406,248.46639455096,6.30504765642094));
#2184=CARTESIAN_POINT('Ctrl Pts',(100.262158436406,248.46639455096,7.29119693351998));
#2185=CARTESIAN_POINT('',(100.262158436401,247.81639455095,4.33274910222287));
#2186=CARTESIAN_POINT('Origin',(97.5817899915819,248.141394550962,4.33274910222287));
#2187=CARTESIAN_POINT('',(100.262158436401,247.81639455095,9.38193966959489E-11));
#2188=CARTESIAN_POINT('',(97.9067899915844,245.461026106141,4.33274910222287));
#2189=CARTESIAN_POINT('',(97.9067899915844,245.461026106141,9.38193966959489E-11));
#2190=CARTESIAN_POINT('',(97.5817899915819,245.441394550962,4.33274910222287));
#2191=CARTESIAN_POINT('Origin',(97.5817899915819,248.141394550962,4.33274910222287));
#2192=CARTESIAN_POINT('',(97.5817899915819,245.441394550967,0.20000000009382));
#2193=CARTESIAN_POINT('',(97.5817899915819,245.441394550962,9.38193966959489E-11));
#2194=CARTESIAN_POINT('Origin',(97.5817899915819,248.141394550962,0.20000000009382));
#2195=CARTESIAN_POINT('',(97.2567899915839,245.461026106141,4.33274910222287));
#2196=CARTESIAN_POINT('Origin',(97.5817899915819,248.141394550962,4.33274910222287));
#2197=CARTESIAN_POINT('Ctrl Pts',(97.2567899915794,245.461026106145,7.12801120672419));
#2198=CARTESIAN_POINT('Ctrl Pts',(97.2567899915794,245.461026106145,6.19625717189041));
#2199=CARTESIAN_POINT('Ctrl Pts',(97.2567899915794,245.461026106141,5.26450313705664));
#2200=CARTESIAN_POINT('Ctrl Pts',(97.2567899915794,245.461026106141,4.33274910222287));
#2201=CARTESIAN_POINT('',(94.9014215467605,247.81639455096,4.33274910222287));
#2202=CARTESIAN_POINT('',(94.9014215467605,247.81639455095,9.38193966959489E-11));
#2203=CARTESIAN_POINT('Origin',(97.5817899915819,248.141394550962,4.33274910222287));
#2204=CARTESIAN_POINT('Origin',(88.581789991581,239.149367041969,0.20000000009382));
#2205=CARTESIAN_POINT('',(97.0817899915801,248.641394550964,0.200000000093817));
#2206=CARTESIAN_POINT('',(97.0817899915801,250.141394550965,0.200000000093816));
#2207=CARTESIAN_POINT('',(97.0817899915801,243.895380796466,0.200000000093818));
#2208=CARTESIAN_POINT('',(95.5817899915814,248.641394550964,0.200000000093817));
#2209=CARTESIAN_POINT('',(92.0817899915801,248.641394550964,0.200000000093817));
#2210=CARTESIAN_POINT('',(95.5817899915814,247.641394550965,0.200000000093817));
#2211=CARTESIAN_POINT('',(95.5817899915814,243.395380796464,0.200000000093818));
#2212=CARTESIAN_POINT('',(97.0817899915801,247.641394550965,0.200000000093817));
#2213=CARTESIAN_POINT('',(92.8317899915805,247.641394550965,0.200000000093817));
#2214=CARTESIAN_POINT('',(97.0817899915801,246.141394550964,0.200000000093817));
#2215=CARTESIAN_POINT('',(97.0817899915801,243.895380796466,0.200000000093818));
#2216=CARTESIAN_POINT('',(98.0817899915814,246.141394550964,0.200000000093817));
#2217=CARTESIAN_POINT('',(93.3317899915801,246.141394550964,0.200000000093818));
#2218=CARTESIAN_POINT('',(98.0817899915814,247.641394550965,0.200000000093817));
#2219=CARTESIAN_POINT('',(98.0817899915814,243.395380796464,0.200000000093818));
#2220=CARTESIAN_POINT('',(99.5817899915801,247.641394550965,0.200000000093817));
#2221=CARTESIAN_POINT('',(92.8317899915805,247.641394550965,0.200000000093817));
#2222=CARTESIAN_POINT('',(99.5817899915801,248.641394550964,0.200000000093817));
#2223=CARTESIAN_POINT('',(99.5817899915801,243.895380796466,0.200000000093818));
#2224=CARTESIAN_POINT('',(98.0817899915814,248.641394550964,0.200000000093817));
#2225=CARTESIAN_POINT('',(93.3317899915801,248.641394550964,0.200000000093817));
#2226=CARTESIAN_POINT('',(98.0817899915814,250.141394550965,0.200000000093816));
#2227=CARTESIAN_POINT('',(98.0817899915814,244.645380796464,0.200000000093818));
#2228=CARTESIAN_POINT('',(92.8317899915805,250.141394550965,0.200000000093816));
#2229=CARTESIAN_POINT('Origin',(97.0817899915801,250.141394550965,9.3816066026875E-11));
#2230=CARTESIAN_POINT('',(97.0817899915801,250.141394550965,9.3816066026875E-11));
#2231=CARTESIAN_POINT('',(98.0817899915814,250.141394550965,9.3816066026875E-11));
#2232=CARTESIAN_POINT('Origin',(98.0817899915814,250.141394550965,9.3816066026875E-11));
#2233=CARTESIAN_POINT('',(98.0817899915814,248.641394550964,9.3816066026875E-11));
#2234=CARTESIAN_POINT('Origin',(97.0817899915801,248.641394550964,9.3816066026875E-11));
#2235=CARTESIAN_POINT('',(97.0817899915801,248.641394550964,9.3816066026875E-11));
#2236=CARTESIAN_POINT('Origin',(98.0817899915814,248.641394550964,9.3816066026875E-11));
#2237=CARTESIAN_POINT('',(99.5817899915801,248.641394550964,9.3816066026875E-11));
#2238=CARTESIAN_POINT('Origin',(95.5817899915814,248.641394550964,9.3816066026875E-11));
#2239=CARTESIAN_POINT('',(95.5817899915814,248.641394550964,9.3816066026875E-11));
#2240=CARTESIAN_POINT('Origin',(99.5817899915801,248.641394550964,9.3816066026875E-11));
#2241=CARTESIAN_POINT('',(99.5817899915801,247.641394550965,9.38166211383873E-11));
#2242=CARTESIAN_POINT('Origin',(95.5817899915814,247.641394550965,9.38166211383873E-11));
#2243=CARTESIAN_POINT('',(95.5817899915814,247.641394550965,9.38166211383873E-11));
#2244=CARTESIAN_POINT('Origin',(97.0817899915801,247.641394550965,9.38166211383873E-11));
#2245=CARTESIAN_POINT('',(98.0817899915814,247.641394550965,9.38166211383873E-11));
#2246=CARTESIAN_POINT('Origin',(97.0817899915801,247.641394550965,9.38166211383873E-11));
#2247=CARTESIAN_POINT('',(97.0817899915801,247.641394550965,9.38166211383873E-11));
#2248=CARTESIAN_POINT('Origin',(98.0817899915814,247.641394550965,9.38166211383873E-11));
#2249=CARTESIAN_POINT('',(98.0817899915814,246.141394550964,9.38166211383873E-11));
#2250=CARTESIAN_POINT('Origin',(98.0817899915814,246.141394550964,9.38177313614119E-11));
#2251=CARTESIAN_POINT('',(97.0817899915801,246.141394550964,9.38166211383873E-11));
#2252=CARTESIAN_POINT('Origin',(97.0817899915801,248.641394550964,9.3816066026875E-11));
#2253=CARTESIAN_POINT('Ctrl Pts',(88.581789991581,248.46639455096,4.33274910222287));
#2254=CARTESIAN_POINT('Ctrl Pts',(88.581789991581,248.46639455096,7.33274910222287));
#2255=CARTESIAN_POINT('Ctrl Pts',(88.581789991581,248.46639455096,14.8327491022229));
#2256=CARTESIAN_POINT('Ctrl Pts',(106.581789991581,248.466394550956,4.33274910222287));
#2257=CARTESIAN_POINT('Ctrl Pts',(106.581789991581,248.466394550956,7.33274910222287));
#2258=CARTESIAN_POINT('Ctrl Pts',(106.581789991581,248.466394550956,14.8327491022229));
#2259=CARTESIAN_POINT('Ctrl Pts',(155.081789991582,248.466394550933,4.33274910222287));
#2260=CARTESIAN_POINT('Ctrl Pts',(155.081789991582,248.466394550933,7.33274910222287));
#2261=CARTESIAN_POINT('Ctrl Pts',(155.081789991582,248.466394550933,14.8327491022229));
#2262=CARTESIAN_POINT('Ctrl Pts',(100.262158436406,248.466394550956,4.33274910222287));
#2263=CARTESIAN_POINT('Ctrl Pts',(106.343823449542,248.466394550956,4.33274910222287));
#2264=CARTESIAN_POINT('Origin',(97.5817899915819,248.466394550956,4.33274910222287));
#2265=CARTESIAN_POINT('',(97.5817899915819,247.81639455095,4.33274910222287));
#2266=CARTESIAN_POINT('Origin',(97.5817899915819,247.81639455095,5.83274910222287));
#2267=CARTESIAN_POINT('Origin',(97.9067899915844,248.141394550948,5.83274910222287));
#2268=CARTESIAN_POINT('',(97.9067899915844,248.141394550948,4.33274910222287));
#2269=CARTESIAN_POINT('Origin',(97.5817899915819,248.466394550956,4.33274910222287));
#2270=CARTESIAN_POINT('Ctrl Pts',(97.2567899915839,242.029833293782,4.33274910222287));
#2271=CARTESIAN_POINT('Ctrl Pts',(97.2567899915839,245.461026106141,4.33274910222287));
#2272=CARTESIAN_POINT('Ctrl Pts',(97.2567899915657,172.941394550953,4.33274910222287));
#2273=CARTESIAN_POINT('Ctrl Pts',(97.2567899915657,172.941394550953,7.33274910222287));
#2274=CARTESIAN_POINT('Ctrl Pts',(97.2567899915657,172.941394550953,14.8327491022229));
#2275=CARTESIAN_POINT('Ctrl Pts',(97.2567899915794,239.141394550948,4.33274910222287));
#2276=CARTESIAN_POINT('Ctrl Pts',(97.2567899915794,239.141394550948,7.33274910222287));
#2277=CARTESIAN_POINT('Ctrl Pts',(97.2567899915794,239.141394550948,14.8327491022229));
#2278=CARTESIAN_POINT('Ctrl Pts',(97.2567899915839,257.141394550949,4.33274910222287));
#2279=CARTESIAN_POINT('Ctrl Pts',(97.2567899915839,257.141394550949,7.33274910222287));
#2280=CARTESIAN_POINT('Ctrl Pts',(97.2567899915839,257.141394550949,14.8327491022229));
#2281=CARTESIAN_POINT('Ctrl Pts',(97.2567899915839,259.841394550945,4.33274910222287));
#2282=CARTESIAN_POINT('Ctrl Pts',(97.2567899915839,259.841394550945,7.33274910222287));
#2283=CARTESIAN_POINT('Ctrl Pts',(97.2567899915839,259.841394550945,14.8327491022229));
#2284=CARTESIAN_POINT('Ctrl Pts',(40.0817899915819,248.466394550983,-109.667250897763));
#2285=CARTESIAN_POINT('Ctrl Pts',(40.0817899915819,248.466394550983,4.33274910222287));
#2286=CARTESIAN_POINT('Ctrl Pts',(40.0817899915819,248.466394550983,7.33274910222287));
#2287=CARTESIAN_POINT('Ctrl Pts',(40.0817899915819,248.466394550983,43.9827511022614));
#2288=CARTESIAN_POINT('Ctrl Pts',(88.581789991581,248.46639455096,-109.667250897763));
#2289=CARTESIAN_POINT('Ctrl Pts',(88.581789991581,248.46639455096,4.33274910222287));
#2290=CARTESIAN_POINT('Ctrl Pts',(88.581789991581,248.46639455096,7.33274910222287));
#2291=CARTESIAN_POINT('Ctrl Pts',(88.581789991581,248.46639455096,43.9827511022614));
#2292=CARTESIAN_POINT('Ctrl Pts',(106.581789991581,248.466394550956,-109.667250897763));
#2293=CARTESIAN_POINT('Ctrl Pts',(106.581789991581,248.466394550956,4.33274910222287));
#2294=CARTESIAN_POINT('Ctrl Pts',(106.581789991581,248.466394550956,7.33274910222287));
#2295=CARTESIAN_POINT('Ctrl Pts',(106.581789991581,248.466394550956,43.9827511022614));
#2296=CARTESIAN_POINT('Ctrl Pts',(88.97681481174,248.466394550956,4.33274910222287));
#2297=CARTESIAN_POINT('Ctrl Pts',(94.901421546756,248.466394550956,4.33274910222287));
#2298=CARTESIAN_POINT('Origin',(97.5817899915819,248.466394550956,4.33274910222287));
#2299=CARTESIAN_POINT('',(97.5817899915819,247.81639455096,4.33274910222287));
#2300=CARTESIAN_POINT('Origin',(97.5817899915819,247.81639455095,5.83274910222287));
#2301=CARTESIAN_POINT('Origin',(97.9067899915844,248.141394550948,5.83274910222287));
#2302=CARTESIAN_POINT('',(97.9067899915844,248.141394550948,4.33274910222287));
#2303=CARTESIAN_POINT('Origin',(97.5817899915819,248.466394550956,4.33274910222287));
#2304=CARTESIAN_POINT('Ctrl Pts',(97.2567899915839,250.821762995788,4.33274910222287));
#2305=CARTESIAN_POINT('Ctrl Pts',(97.2567899915839,255.518131179811,4.33274910222287));
#2306=CARTESIAN_POINT('Ctrl Pts',(97.2567899915657,172.941394550953,4.33274910222287));
#2307=CARTESIAN_POINT('Ctrl Pts',(97.2567899915657,172.941394550953,7.33274910222287));
#2308=CARTESIAN_POINT('Ctrl Pts',(97.2567899915657,172.941394550953,14.8327491022229));
#2309=CARTESIAN_POINT('Ctrl Pts',(97.2567899915794,239.141394550948,4.33274910222287));
#2310=CARTESIAN_POINT('Ctrl Pts',(97.2567899915794,239.141394550948,7.33274910222287));
#2311=CARTESIAN_POINT('Ctrl Pts',(97.2567899915794,239.141394550948,14.8327491022229));
#2312=CARTESIAN_POINT('Ctrl Pts',(97.2567899915839,257.141394550949,4.33274910222287));
#2313=CARTESIAN_POINT('Ctrl Pts',(97.2567899915839,257.141394550949,7.33274910222287));
#2314=CARTESIAN_POINT('Ctrl Pts',(97.2567899915839,257.141394550949,14.8327491022229));
#2315=CARTESIAN_POINT('Ctrl Pts',(97.2567899915839,259.841394550945,4.33274910222287));
#2316=CARTESIAN_POINT('Ctrl Pts',(97.2567899915839,259.841394550945,7.33274910222287));
#2317=CARTESIAN_POINT('Ctrl Pts',(97.2567899915839,259.841394550945,14.8327491022229));
#2318=UNCERTAINTY_MEASURE_WITH_UNIT(LENGTH_MEASURE(0.01),#2322,
'DISTANCE_ACCURACY_VALUE',
'Maximum model space distance between geometric entities at asserted c
onnectivities');
#2319=UNCERTAINTY_MEASURE_WITH_UNIT(LENGTH_MEASURE(0.01),#2322,
'DISTANCE_ACCURACY_VALUE',
'Maximum model space distance between geometric entities at asserted c
onnectivities');
#2320=(
GEOMETRIC_REPRESENTATION_CONTEXT(3)
GLOBAL_UNCERTAINTY_ASSIGNED_CONTEXT((#2318))
GLOBAL_UNIT_ASSIGNED_CONTEXT((#2322,#2324,#2325))
REPRESENTATION_CONTEXT('','3D')
);
#2321=(
GEOMETRIC_REPRESENTATION_CONTEXT(3)
GLOBAL_UNCERTAINTY_ASSIGNED_CONTEXT((#2319))
GLOBAL_UNIT_ASSIGNED_CONTEXT((#2322,#2324,#2325))
REPRESENTATION_CONTEXT('','3D')
);
#2322=(
LENGTH_UNIT()
NAMED_UNIT(*)
SI_UNIT(.MILLI.,.METRE.)
);
#2323=(
LENGTH_UNIT()
NAMED_UNIT(*)
SI_UNIT($,.METRE.)
);
#2324=(
NAMED_UNIT(*)
PLANE_ANGLE_UNIT()
SI_UNIT($,.RADIAN.)
);
#2325=(
NAMED_UNIT(*)
SI_UNIT($,.STERADIAN.)
SOLID_ANGLE_UNIT()
);
#2326=SHAPE_DEFINITION_REPRESENTATION(#2327,#2328);
#2327=PRODUCT_DEFINITION_SHAPE('',$,#2330);
#2328=SHAPE_REPRESENTATION('',(#977,#964),#2320);
#2329=PRODUCT_DEFINITION_CONTEXT('part definition',#2334,'design');
#2330=PRODUCT_DEFINITION(
'_CHERRYMX CAD_CAM KEYCAPS.0a65399a-5414-456f-92bb-ff9080eeff1a',
'_CHERRYMX CAD_CAM KEYCAPS.0a65399a-5414-456f-92bb-ff9080eeff1a',#2331,
#2329);
#2331=PRODUCT_DEFINITION_FORMATION('',$,#2336);
#2332=PRODUCT_RELATED_PRODUCT_CATEGORY(
'_CHERRYMX CAD_CAM KEYCAPS.0a65399a-5414-456f-92bb-ff9080eeff1a',
'_CHERRYMX CAD_CAM KEYCAPS.0a65399a-5414-456f-92bb-ff9080eeff1a',(#2336));
#2333=APPLICATION_PROTOCOL_DEFINITION('international standard',
'automotive_design',2009,#2334);
#2334=APPLICATION_CONTEXT(
'Core Data for Automotive Mechanical Design Process');
#2335=PRODUCT_CONTEXT('part definition',#2334,'mechanical');
#2336=PRODUCT(
'_CHERRYMX CAD_CAM KEYCAPS.0a65399a-5414-456f-92bb-ff9080eeff1a',
'_CHERRYMX CAD_CAM KEYCAPS.0a65399a-5414-456f-92bb-ff9080eeff1a',$,(#2335));
#2337=PRESENTATION_STYLE_ASSIGNMENT((#2339));
#2338=PRESENTATION_STYLE_ASSIGNMENT((#2340));
#2339=SURFACE_STYLE_USAGE(.BOTH.,#2341);
#2340=SURFACE_STYLE_USAGE(.BOTH.,#2342);
#2341=SURFACE_SIDE_STYLE('',(#2343));
#2342=SURFACE_SIDE_STYLE('',(#2344));
#2343=SURFACE_STYLE_FILL_AREA(#2345);
#2344=SURFACE_STYLE_FILL_AREA(#2346);
#2345=FILL_AREA_STYLE('Steel - Satin',(#2347));
#2346=FILL_AREA_STYLE('Generic',(#2348));
#2347=FILL_AREA_STYLE_COLOUR('Steel - Satin',#2349);
#2348=FILL_AREA_STYLE_COLOUR('Generic',#2350);
#2349=COLOUR_RGB('Steel - Satin',0.627450980392157,0.627450980392157,0.627450980392157);
#2350=COLOUR_RGB('Generic',1.,1.,1.);
ENDSEC;
END-ISO-10303-21;
