ISO-10303-21;
HEADER;
/* Generated by software containing ST-Developer
 * from STEP Tools, Inc. (www.steptools.com) 
 */

FILE_DESCRIPTION(
/* description */ (''),
/* implementation_level */ '2;1');

FILE_NAME(
/* name */ 'k1.5.step',
/* time_stamp */ '2026-05-03T22:43:08-07:00',
/* author */ (''),
/* organization */ (''),
/* preprocessor_version */ 'ST-DEVELOPER v20.1',
/* originating_system */ 'Autodesk Translation Framework v14.24.0.0',
/* authorisation */ '');

FILE_SCHEMA (('AUTOMOTIVE_DESIGN { 1 0 10303 214 3 1 1 }'));
ENDSEC;

DATA;
#10=MECHANICAL_DESIGN_GEOMETRIC_PRESENTATION_REPRESENTATION('',(#191,#192),
#2271);
#11=SHAPE_REPRESENTATION_RELATIONSHIP('SRR','None',#2278,#12);
#12=ADVANCED_BREP_SHAPE_REPRESENTATION('',(#13),#2270);
#13=MANIFOLD_SOLID_BREP('Body64',#190);
#14=CYLINDRICAL_SURFACE('',#995,2.7);
#15=FACE_BOUND('',#272,.T.);
#16=FACE_BOUND('',#278,.T.);
#17=(
BOUNDED_SURFACE()
B_SPLINE_SURFACE(1,2,((#1780,#1781,#1782),(#1783,#1784,#1785)),
 .UNSPECIFIED.,.F.,.F.,.F.)
B_SPLINE_SURFACE_WITH_KNOTS((2,2),(3,3),(3.52769504347398E-12,0.441762759344758),
(-3.79134640709995E-14,0.332821234195032),.UNSPECIFIED.)
GEOMETRIC_REPRESENTATION_ITEM()
RATIONAL_B_SPLINE_SURFACE(((1.,0.986185676869301,1.),(1.,0.986185676869301,
1.)))
REPRESENTATION_ITEM('')
SURFACE()
);
#18=CIRCLE('',#982,0.24999999999993);
#19=CIRCLE('',#983,0.250000000000001);
#20=CIRCLE('',#984,0.249999999999999);
#21=CIRCLE('',#985,0.250000000000001);
#22=CIRCLE('',#986,0.250000000000554);
#23=CIRCLE('',#987,0.25);
#24=CIRCLE('',#988,0.250000000000002);
#25=CIRCLE('',#989,0.250000000000002);
#26=CIRCLE('',#991,0.250000000000002);
#27=CIRCLE('',#993,0.250000000000002);
#28=CIRCLE('',#996,2.7);
#29=CIRCLE('',#997,2.7);
#30=CIRCLE('',#998,2.7);
#31=CIRCLE('',#999,2.7);
#32=CIRCLE('',#1000,2.7);
#33=CIRCLE('',#1001,2.7);
#34=LINE('',#1199,#98);
#35=LINE('',#1201,#99);
#36=LINE('',#1203,#100);
#37=LINE('',#1212,#101);
#38=LINE('',#1214,#102);
#39=LINE('',#1216,#103);
#40=LINE('',#1226,#104);
#41=LINE('',#1228,#105);
#42=LINE('',#1230,#106);
#43=LINE('',#1246,#107);
#44=LINE('',#1247,#108);
#45=LINE('',#1582,#109);
#46=LINE('',#1590,#110);
#47=LINE('',#1591,#111);
#48=LINE('',#1593,#112);
#49=LINE('',#1594,#113);
#50=LINE('',#1597,#114);
#51=LINE('',#1598,#115);
#52=LINE('',#1604,#116);
#53=LINE('',#1623,#117);
#54=LINE('',#1625,#118);
#55=LINE('',#1627,#119);
#56=LINE('',#1944,#120);
#57=LINE('',#1946,#121);
#58=LINE('',#1965,#122);
#59=LINE('',#1966,#123);
#60=LINE('',#1988,#124);
#61=LINE('',#1992,#125);
#62=LINE('',#1993,#126);
#63=LINE('',#2018,#127);
#64=LINE('',#2106,#128);
#65=LINE('',#2118,#129);
#66=LINE('',#2126,#130);
#67=LINE('',#2128,#131);
#68=LINE('',#2132,#132);
#69=LINE('',#2143,#133);
#70=LINE('',#2153,#134);
#71=LINE('',#2155,#135);
#72=LINE('',#2157,#136);
#73=LINE('',#2159,#137);
#74=LINE('',#2161,#138);
#75=LINE('',#2163,#139);
#76=LINE('',#2165,#140);
#77=LINE('',#2167,#141);
#78=LINE('',#2169,#142);
#79=LINE('',#2171,#143);
#80=LINE('',#2173,#144);
#81=LINE('',#2174,#145);
#82=LINE('',#2176,#146);
#83=LINE('',#2177,#147);
#84=LINE('',#2179,#148);
#85=LINE('',#2181,#149);
#86=LINE('',#2183,#150);
#87=LINE('',#2185,#151);
#88=LINE('',#2187,#152);
#89=LINE('',#2189,#153);
#90=LINE('',#2191,#154);
#91=LINE('',#2193,#155);
#92=LINE('',#2195,#156);
#93=LINE('',#2197,#157);
#94=LINE('',#2213,#158);
#95=LINE('',#2216,#159);
#96=LINE('',#2249,#160);
#97=LINE('',#2252,#161);
#98=VECTOR('',#1027,1.);
#99=VECTOR('',#1028,1.);
#100=VECTOR('',#1029,1.);
#101=VECTOR('',#1030,1.);
#102=VECTOR('',#1031,1.);
#103=VECTOR('',#1032,1.);
#104=VECTOR('',#1035,1.);
#105=VECTOR('',#1036,1.);
#106=VECTOR('',#1037,1.);
#107=VECTOR('',#1038,1.);
#108=VECTOR('',#1039,1.);
#109=VECTOR('',#1042,1.);
#110=VECTOR('',#1043,1.);
#111=VECTOR('',#1044,1.);
#112=VECTOR('',#1045,1.);
#113=VECTOR('',#1046,1.);
#114=VECTOR('',#1049,1.);
#115=VECTOR('',#1050,1.);
#116=VECTOR('',#1051,1.);
#117=VECTOR('',#1052,10.5675730862134);
#118=VECTOR('',#1053,1.);
#119=VECTOR('',#1054,10.0748128051564);
#120=VECTOR('',#1067,10.4865123828692);
#121=VECTOR('',#1068,10.5675730862227);
#122=VECTOR('',#1071,1.);
#123=VECTOR('',#1072,10.074812805169);
#124=VECTOR('',#1073,1.);
#125=VECTOR('',#1078,1.);
#126=VECTOR('',#1079,10.45227248018);
#127=VECTOR('',#1086,1.);
#128=VECTOR('',#1087,1.);
#129=VECTOR('',#1094,1.);
#130=VECTOR('',#1097,1.);
#131=VECTOR('',#1098,1.);
#132=VECTOR('',#1101,3.);
#133=VECTOR('',#1106,1.);
#134=VECTOR('',#1111,1.);
#135=VECTOR('',#1112,1.);
#136=VECTOR('',#1113,1.);
#137=VECTOR('',#1114,1.);
#138=VECTOR('',#1115,1.);
#139=VECTOR('',#1116,1.);
#140=VECTOR('',#1117,1.);
#141=VECTOR('',#1118,1.);
#142=VECTOR('',#1119,1.);
#143=VECTOR('',#1120,1.);
#144=VECTOR('',#1121,1.);
#145=VECTOR('',#1122,1.);
#146=VECTOR('',#1125,1.);
#147=VECTOR('',#1126,1.);
#148=VECTOR('',#1129,1.);
#149=VECTOR('',#1132,1.);
#150=VECTOR('',#1135,1.);
#151=VECTOR('',#1138,1.);
#152=VECTOR('',#1141,1.);
#153=VECTOR('',#1144,1.);
#154=VECTOR('',#1147,1.);
#155=VECTOR('',#1150,1.);
#156=VECTOR('',#1153,1.);
#157=VECTOR('',#1156,1.);
#158=VECTOR('',#1161,1.);
#159=VECTOR('',#1166,1.);
#160=VECTOR('',#1171,1.);
#161=VECTOR('',#1176,1.);
#162=PLANE('',#978);
#163=PLANE('',#979);
#164=PLANE('',#980);
#165=PLANE('',#981);
#166=PLANE('',#990);
#167=PLANE('',#992);
#168=PLANE('',#994);
#169=PLANE('',#1002);
#170=PLANE('',#1003);
#171=PLANE('',#1004);
#172=PLANE('',#1005);
#173=PLANE('',#1006);
#174=PLANE('',#1007);
#175=PLANE('',#1008);
#176=PLANE('',#1009);
#177=PLANE('',#1010);
#178=PLANE('',#1011);
#179=PLANE('',#1012);
#180=PLANE('',#1013);
#181=PLANE('',#1014);
#182=PLANE('',#1015);
#183=PLANE('',#1016);
#184=PLANE('',#1017);
#185=PLANE('',#1018);
#186=PLANE('',#1019);
#187=PLANE('',#1020);
#188=PLANE('',#1021);
#189=PLANE('',#1022);
#190=CLOSED_SHELL('',(#910,#911,#912,#913,#914,#915,#916,#917,#918,#919,
#920,#921,#922,#923,#924,#925,#926,#927,#928,#929,#930,#931,#932,#933,#934,
#935,#936,#937,#938,#939,#940,#941,#942,#943,#944,#945,#946,#947,#948,#949,
#950,#951,#952,#953,#954,#955,#956,#957,#958,#959,#960,#961,#962));
#191=STYLED_ITEM('',(#2288),#964);
#192=STYLED_ITEM('',(#2288),#13);
#193=FACE_OUTER_BOUND('',#247,.T.);
#194=FACE_OUTER_BOUND('',#248,.T.);
#195=FACE_OUTER_BOUND('',#249,.T.);
#196=FACE_OUTER_BOUND('',#250,.T.);
#197=FACE_OUTER_BOUND('',#251,.T.);
#198=FACE_OUTER_BOUND('',#252,.T.);
#199=FACE_OUTER_BOUND('',#253,.T.);
#200=FACE_OUTER_BOUND('',#254,.T.);
#201=FACE_OUTER_BOUND('',#255,.T.);
#202=FACE_OUTER_BOUND('',#256,.T.);
#203=FACE_OUTER_BOUND('',#257,.T.);
#204=FACE_OUTER_BOUND('',#258,.T.);
#205=FACE_OUTER_BOUND('',#259,.T.);
#206=FACE_OUTER_BOUND('',#260,.T.);
#207=FACE_OUTER_BOUND('',#261,.T.);
#208=FACE_OUTER_BOUND('',#262,.T.);
#209=FACE_OUTER_BOUND('',#263,.T.);
#210=FACE_OUTER_BOUND('',#264,.T.);
#211=FACE_OUTER_BOUND('',#265,.T.);
#212=FACE_OUTER_BOUND('',#266,.T.);
#213=FACE_OUTER_BOUND('',#267,.T.);
#214=FACE_OUTER_BOUND('',#268,.T.);
#215=FACE_OUTER_BOUND('',#269,.T.);
#216=FACE_OUTER_BOUND('',#270,.T.);
#217=FACE_OUTER_BOUND('',#271,.T.);
#218=FACE_OUTER_BOUND('',#273,.T.);
#219=FACE_OUTER_BOUND('',#274,.T.);
#220=FACE_OUTER_BOUND('',#275,.T.);
#221=FACE_OUTER_BOUND('',#276,.T.);
#222=FACE_OUTER_BOUND('',#277,.T.);
#223=FACE_OUTER_BOUND('',#279,.T.);
#224=FACE_OUTER_BOUND('',#280,.T.);
#225=FACE_OUTER_BOUND('',#281,.T.);
#226=FACE_OUTER_BOUND('',#282,.T.);
#227=FACE_OUTER_BOUND('',#283,.T.);
#228=FACE_OUTER_BOUND('',#284,.T.);
#229=FACE_OUTER_BOUND('',#285,.T.);
#230=FACE_OUTER_BOUND('',#286,.T.);
#231=FACE_OUTER_BOUND('',#287,.T.);
#232=FACE_OUTER_BOUND('',#288,.T.);
#233=FACE_OUTER_BOUND('',#289,.T.);
#234=FACE_OUTER_BOUND('',#290,.T.);
#235=FACE_OUTER_BOUND('',#291,.T.);
#236=FACE_OUTER_BOUND('',#292,.T.);
#237=FACE_OUTER_BOUND('',#293,.T.);
#238=FACE_OUTER_BOUND('',#294,.T.);
#239=FACE_OUTER_BOUND('',#295,.T.);
#240=FACE_OUTER_BOUND('',#296,.T.);
#241=FACE_OUTER_BOUND('',#297,.T.);
#242=FACE_OUTER_BOUND('',#298,.T.);
#243=FACE_OUTER_BOUND('',#299,.T.);
#244=FACE_OUTER_BOUND('',#300,.T.);
#245=FACE_OUTER_BOUND('',#301,.T.);
#246=FACE_OUTER_BOUND('',#302,.T.);
#247=EDGE_LOOP('',(#603,#604,#605,#606));
#248=EDGE_LOOP('',(#607,#608,#609,#610,#611,#612,#613,#614));
#249=EDGE_LOOP('',(#615,#616,#617,#618,#619,#620,#621,#622));
#250=EDGE_LOOP('',(#623,#624,#625,#626,#627,#628,#629,#630,#631,#632,#633,
#634));
#251=EDGE_LOOP('',(#635,#636,#637,#638,#639));
#252=EDGE_LOOP('',(#640,#641,#642,#643,#644));
#253=EDGE_LOOP('',(#645,#646,#647,#648,#649));
#254=EDGE_LOOP('',(#650,#651,#652,#653,#654,#655,#656,#657));
#255=EDGE_LOOP('',(#658,#659,#660,#661,#662,#663,#664,#665));
#256=EDGE_LOOP('',(#666,#667,#668,#669));
#257=EDGE_LOOP('',(#670,#671,#672,#673));
#258=EDGE_LOOP('',(#674,#675,#676,#677));
#259=EDGE_LOOP('',(#678,#679,#680,#681));
#260=EDGE_LOOP('',(#682,#683,#684,#685));
#261=EDGE_LOOP('',(#686,#687,#688,#689,#690,#691,#692,#693));
#262=EDGE_LOOP('',(#694,#695,#696,#697));
#263=EDGE_LOOP('',(#698,#699,#700,#701));
#264=EDGE_LOOP('',(#702,#703,#704,#705));
#265=EDGE_LOOP('',(#706,#707,#708,#709));
#266=EDGE_LOOP('',(#710,#711,#712,#713));
#267=EDGE_LOOP('',(#714,#715,#716,#717));
#268=EDGE_LOOP('',(#718,#719,#720,#721));
#269=EDGE_LOOP('',(#722,#723,#724,#725));
#270=EDGE_LOOP('',(#726,#727,#728,#729));
#271=EDGE_LOOP('',(#730,#731,#732,#733,#734,#735,#736,#737));
#272=EDGE_LOOP('',(#738,#739,#740,#741));
#273=EDGE_LOOP('',(#742,#743,#744,#745,#746));
#274=EDGE_LOOP('',(#747,#748,#749,#750));
#275=EDGE_LOOP('',(#751,#752,#753,#754));
#276=EDGE_LOOP('',(#755,#756,#757,#758,#759,#760,#761,#762,#763,#764,#765,
#766,#767,#768,#769,#770,#771,#772,#773,#774));
#277=EDGE_LOOP('',(#775));
#278=EDGE_LOOP('',(#776,#777,#778,#779,#780,#781,#782,#783,#784,#785,#786,
#787));
#279=EDGE_LOOP('',(#788,#789,#790,#791));
#280=EDGE_LOOP('',(#792,#793,#794,#795));
#281=EDGE_LOOP('',(#796,#797,#798,#799));
#282=EDGE_LOOP('',(#800,#801,#802,#803));
#283=EDGE_LOOP('',(#804,#805,#806,#807));
#284=EDGE_LOOP('',(#808,#809,#810,#811));
#285=EDGE_LOOP('',(#812,#813,#814,#815));
#286=EDGE_LOOP('',(#816,#817,#818,#819));
#287=EDGE_LOOP('',(#820,#821,#822,#823));
#288=EDGE_LOOP('',(#824,#825,#826,#827));
#289=EDGE_LOOP('',(#828,#829,#830,#831));
#290=EDGE_LOOP('',(#832,#833,#834,#835));
#291=EDGE_LOOP('',(#836,#837,#838,#839));
#292=EDGE_LOOP('',(#840,#841,#842,#843));
#293=EDGE_LOOP('',(#844,#845,#846,#847));
#294=EDGE_LOOP('',(#848,#849,#850,#851,#852));
#295=EDGE_LOOP('',(#853,#854,#855,#856));
#296=EDGE_LOOP('',(#857,#858,#859,#860));
#297=EDGE_LOOP('',(#861,#862,#863,#864));
#298=EDGE_LOOP('',(#865,#866,#867,#868));
#299=EDGE_LOOP('',(#869,#870,#871,#872));
#300=EDGE_LOOP('',(#873,#874,#875,#876));
#301=EDGE_LOOP('',(#877,#878,#879,#880));
#302=EDGE_LOOP('',(#881,#882,#883,#884));
#303=B_SPLINE_CURVE_WITH_KNOTS('',1,(#1186,#1187),.UNSPECIFIED.,.F.,.F.,
(2,2),(0.,0.59999999999998),.UNSPECIFIED.);
#304=B_SPLINE_CURVE_WITH_KNOTS('',1,(#1189,#1190),.UNSPECIFIED.,.F.,.F.,
(2,2),(0.,1.),.UNSPECIFIED.);
#305=B_SPLINE_CURVE_WITH_KNOTS('',1,(#1192,#1193),.UNSPECIFIED.,.F.,.F.,
(2,2),(0.,0.59999999999998),.UNSPECIFIED.);
#306=B_SPLINE_CURVE_WITH_KNOTS('',1,(#1194,#1195),.UNSPECIFIED.,.F.,.F.,
(2,2),(0.,1.),.UNSPECIFIED.);
#307=B_SPLINE_CURVE_WITH_KNOTS('',3,(#1205,#1206,#1207,#1208,#1209,#1210),
 .UNSPECIFIED.,.F.,.F.,(4,2,4),(0.0702203550373207,3.4444215673416,6.81640079115772),
 .UNSPECIFIED.);
#308=B_SPLINE_CURVE_WITH_KNOTS('',3,(#1217,#1218,#1219,#1220,#1221,#1222),
 .UNSPECIFIED.,.F.,.F.,(4,2,4),(0.447480899377728,2.56620507316245,5.07216745964719),
 .UNSPECIFIED.);
#309=B_SPLINE_CURVE_WITH_KNOTS('',3,(#1232,#1233,#1234,#1235,#1236,#1237,
#1238,#1239,#1240,#1241,#1242,#1243,#1244),.UNSPECIFIED.,.F.,.F.,(4,3,3,
3,4),(0.0930446431493762,1.25670781535869,4.11177912793921,4.88486580293353,
9.6236637219112),.UNSPECIFIED.);
#310=B_SPLINE_CURVE_WITH_KNOTS('',3,(#1248,#1249,#1250,#1251,#1252,#1253),
 .UNSPECIFIED.,.F.,.F.,(4,2,4),(0.203158813957785,4.97591793779247,9.8613736705509),
 .UNSPECIFIED.);
#311=B_SPLINE_CURVE_WITH_KNOTS('',3,(#1280,#1281,#1282,#1283,#1284,#1285),
 .UNSPECIFIED.,.F.,.F.,(4,2,4),(1.54845057153158,2.04853412743384,2.54844410969951),
 .UNSPECIFIED.);
#312=B_SPLINE_CURVE_WITH_KNOTS('',3,(#1287,#1288,#1289,#1290),
 .UNSPECIFIED.,.F.,.F.,(4,4),(2.52767602888932,4.02858428490857),
 .UNSPECIFIED.);
#313=B_SPLINE_CURVE_WITH_KNOTS('',3,(#1292,#1293,#1294,#1295),
 .UNSPECIFIED.,.F.,.F.,(4,4),(0.0483457776129912,1.54845059945154),
 .UNSPECIFIED.);
#314=B_SPLINE_CURVE_WITH_KNOTS('',3,(#1297,#1298,#1299,#1300,#1301,#1302),
 .UNSPECIFIED.,.F.,.F.,(4,2,4),(1.52773529278097,2.02125319522848,2.52834079680646),
 .UNSPECIFIED.);
#315=B_SPLINE_CURVE_WITH_KNOTS('',3,(#1304,#1305,#1306,#1307),
 .UNSPECIFIED.,.F.,.F.,(4,4),(2.54943357801748,4.05030271057607),
 .UNSPECIFIED.);
#316=B_SPLINE_CURVE_WITH_KNOTS('',3,(#1309,#1310,#1311,#1312),
 .UNSPECIFIED.,.F.,.F.,(4,4),(0.0261622687856864,1.52707052485058),
 .UNSPECIFIED.);
#317=B_SPLINE_CURVE_WITH_KNOTS('',3,(#1314,#1315,#1316,#1317,#1318,#1319),
 .UNSPECIFIED.,.F.,.F.,(4,2,4),(1.54893051023022,2.04909388566684,2.549433550078),
 .UNSPECIFIED.);
#318=B_SPLINE_CURVE_WITH_KNOTS('',3,(#1321,#1322,#1323,#1324),
 .UNSPECIFIED.,.F.,.F.,(4,4),(2.51543619496733,4.01634445097702),
 .UNSPECIFIED.);
#319=B_SPLINE_CURVE_WITH_KNOTS('',3,(#1326,#1327,#1328,#1329,#1330,#1331,
#1332),.UNSPECIFIED.,.F.,.F.,(4,3,4),(0.0483496274241174,0.560188064860125,
1.54893053816573),.UNSPECIFIED.);
#320=B_SPLINE_CURVE_WITH_KNOTS('',3,(#1334,#1335,#1336,#1337,#1338,#1339),
 .UNSPECIFIED.,.F.,.F.,(4,2,4),(1.51416582663502,2.02125319522611,2.51477133069903),
 .UNSPECIFIED.);
#321=B_SPLINE_CURVE_WITH_KNOTS('',3,(#1341,#1342,#1343,#1344,#1345,#1346,
#1347),.UNSPECIFIED.,.F.,.F.,(4,3,4),(2.54844413762241,3.53668311644793,
4.0482608835879),.UNSPECIFIED.);
#322=B_SPLINE_CURVE_WITH_KNOTS('',3,(#1348,#1349,#1350,#1351),
 .UNSPECIFIED.,.F.,.F.,(4,4),(0.0139224348800291,1.5148306909351),
 .UNSPECIFIED.);
#323=B_SPLINE_CURVE_WITH_KNOTS('',3,(#1377,#1378,#1379,#1380,#1381,#1382),
 .UNSPECIFIED.,.F.,.F.,(4,2,4),(2.40914969244157,3.44441331834154,6.84135043643604),
 .UNSPECIFIED.);
#324=B_SPLINE_CURVE_WITH_KNOTS('',3,(#1384,#1385,#1386,#1387,#1388,#1389,
#1390,#1391,#1392,#1393,#1394,#1395,#1396,#1397,#1398,#1399,#1400,#1401,
#1402,#1403,#1404,#1405,#1406,#1407,#1408),.UNSPECIFIED.,.F.,.F.,(4,3,3,
3,3,3,3,3,4),(0.0539676170744416,0.606080440411831,1.08283040603254,1.83486768687298,
2.15322809549701,2.40086715335823,3.0227873166165,3.56092650610411,3.6539946451698),
 .UNSPECIFIED.);
#325=B_SPLINE_CURVE_WITH_KNOTS('',3,(#1410,#1411,#1412,#1413,#1414,#1415,
#1416),.UNSPECIFIED.,.F.,.F.,(4,3,4),(0.140649415058539,4.87323840144774,
7.30535356625415),.UNSPECIFIED.);
#326=B_SPLINE_CURVE_WITH_KNOTS('',3,(#1417,#1418,#1419,#1420,#1421,#1422),
 .UNSPECIFIED.,.F.,.F.,(4,2,4),(0.0721663995600775,3.44441331833084,6.819337572412),
 .UNSPECIFIED.);
#327=B_SPLINE_CURVE_WITH_KNOTS('',3,(#1448,#1449,#1450,#1451,#1452,#1453,
#1454,#1455,#1456,#1457),.UNSPECIFIED.,.F.,.F.,(4,3,3,4),(2.45059825359825,
4.97953120291735,7.65065092214401,9.82561209761631),.UNSPECIFIED.);
#328=B_SPLINE_CURVE_WITH_KNOTS('',3,(#1459,#1460,#1461,#1462,#1463,#1464,
#1465,#1466,#1467,#1468,#1469,#1470,#1471,#1472,#1473,#1474,#1475,#1476,
#1477,#1478,#1479,#1480,#1481,#1482,#1483),.UNSPECIFIED.,.F.,.F.,(4,3,3,
3,3,3,3,3,4),(0.0957274728585241,0.636514382720566,0.795723243562181,1.44201200068962,
1.77315667942831,2.49672980092237,2.77176441636494,3.32022247450889,3.69520642403446),
 .UNSPECIFIED.);
#329=B_SPLINE_CURVE_WITH_KNOTS('',3,(#1484,#1485,#1486,#1487,#1488,#1489),
 .UNSPECIFIED.,.F.,.F.,(4,2,4),(0.0474762212087072,3.44441342482434,4.47967639605051),
 .UNSPECIFIED.);
#330=B_SPLINE_CURVE_WITH_KNOTS('',3,(#1516,#1517,#1518,#1519,#1520,#1521),
 .UNSPECIFIED.,.F.,.F.,(4,2,4),(0.239904976825418,2.54232173449632,2.69718485839242),
 .UNSPECIFIED.);
#331=B_SPLINE_CURVE_WITH_KNOTS('',3,(#1523,#1524,#1525,#1526,#1527,#1528,
#1529,#1530,#1531,#1532,#1533,#1534,#1535),.UNSPECIFIED.,.F.,.F.,(4,3,3,
3,4),(0.153618813054057,4.85900376122723,7.72208000024963,8.51266273554843,
9.6748963779232),.UNSPECIFIED.);
#332=B_SPLINE_CURVE_WITH_KNOTS('',3,(#1537,#1538,#1539,#1540,#1541,#1542),
 .UNSPECIFIED.,.F.,.F.,(4,2,4),(0.0135300356736385,2.54232173488948,4.64790954388655),
 .UNSPECIFIED.);
#333=B_SPLINE_CURVE_WITH_KNOTS('',3,(#1544,#1545,#1546,#1547,#1548,#1549,
#1550),.UNSPECIFIED.,.F.,.F.,(4,3,4),(2.44981179561095,4.89123691580276,
9.62345359808311),.UNSPECIFIED.);
#334=B_SPLINE_CURVE_WITH_KNOTS('',3,(#1551,#1552,#1553,#1554,#1555,#1556,
#1557,#1558,#1559,#1560,#1561,#1562,#1563,#1564,#1565,#1566,#1567,#1568,
#1569,#1570,#1571,#1572,#1573,#1574,#1575,#1576,#1577,#1578),
 .UNSPECIFIED.,.F.,.F.,(4,3,3,3,3,3,3,3,3,4),(0.0935892415121067,0.626358279829831,
1.22108007800611,1.3468823539855,1.50682049439433,2.46272182911044,3.05461203426656,
3.10924809205303,3.64718538225472,3.69170560114356),.UNSPECIFIED.);
#335=B_SPLINE_CURVE_WITH_KNOTS('',3,(#1583,#1584,#1585,#1586,#1587,#1588),
 .UNSPECIFIED.,.F.,.F.,(4,2,4),(0.0957249836436165,5.01386718426553,9.88753503888217),
 .UNSPECIFIED.);
#336=B_SPLINE_CURVE_WITH_KNOTS('',3,(#1600,#1601,#1602,#1603),
 .UNSPECIFIED.,.F.,.F.,(4,4),(-4.26567498265885,-0.682072027646194),
 .UNSPECIFIED.);
#337=B_SPLINE_CURVE_WITH_KNOTS('',3,(#1628,#1629,#1630,#1631),
 .UNSPECIFIED.,.F.,.F.,(4,4),(-10.6823105782209,-5.20359562641525E-14),
 .UNSPECIFIED.);
#338=B_SPLINE_CURVE_WITH_KNOTS('',3,(#1659,#1660,#1661,#1662,#1663),
 .UNSPECIFIED.,.F.,.F.,(4,1,4),(0.,0.571428571428571,1.),.UNSPECIFIED.);
#339=B_SPLINE_CURVE_WITH_KNOTS('',3,(#1665,#1666,#1667,#1668,#1669),
 .UNSPECIFIED.,.F.,.F.,(4,1,4),(-2.29348238438474,-0.982921021879176,0.),
 .UNSPECIFIED.);
#340=B_SPLINE_CURVE_WITH_KNOTS('',3,(#1672,#1673,#1674,#1675,#1676),
 .UNSPECIFIED.,.F.,.F.,(4,1,4),(0.,0.982921021879176,2.29348238438474),
 .UNSPECIFIED.);
#341=B_SPLINE_CURVE_WITH_KNOTS('',3,(#1698,#1699,#1700,#1701),
 .UNSPECIFIED.,.F.,.F.,(4,4),(-18.429072974144,0.),.UNSPECIFIED.);
#342=B_SPLINE_CURVE_WITH_KNOTS('',3,(#1704,#1705,#1706,#1707),
 .UNSPECIFIED.,.F.,.F.,(4,4),(0.,18.429072974144),.UNSPECIFIED.);
#343=B_SPLINE_CURVE_WITH_KNOTS('',3,(#1734,#1735,#1736,#1737,#1738),
 .UNSPECIFIED.,.F.,.F.,(4,1,4),(0.,0.571428571428571,1.),.UNSPECIFIED.);
#344=B_SPLINE_CURVE_WITH_KNOTS('',3,(#1739,#1740,#1741,#1742,#1743),
 .UNSPECIFIED.,.F.,.F.,(4,1,4),(-4.16794948936821E-14,0.98292102282959,
2.29348238660243),.UNSPECIFIED.);
#345=B_SPLINE_CURVE_WITH_KNOTS('',3,(#1744,#1745,#1746,#1747,#1748),
 .UNSPECIFIED.,.F.,.F.,(4,1,4),(-2.29348238660243,-0.98292102282959,4.16794948936821E-14),
 .UNSPECIFIED.);
#346=B_SPLINE_CURVE_WITH_KNOTS('',3,(#1770,#1771,#1772,#1773),
 .UNSPECIFIED.,.F.,.F.,(4,4),(-1.31625828583926E-12,10.6823105920394),
 .UNSPECIFIED.);
#347=B_SPLINE_CURVE_WITH_KNOTS('',3,(#1776,#1777,#1778,#1779),
 .UNSPECIFIED.,.F.,.F.,(4,4),(-10.6823105920394,1.31625828583926E-12),
 .UNSPECIFIED.);
#348=B_SPLINE_CURVE_WITH_KNOTS('',3,(#1787,#1788,#1789,#1790),
 .UNSPECIFIED.,.F.,.F.,(4,4),(5.20359562641525E-14,10.6823105782209),
 .UNSPECIFIED.);
#349=B_SPLINE_CURVE_WITH_KNOTS('',3,(#1792,#1793,#1794,#1795,#1796),
 .UNSPECIFIED.,.F.,.F.,(4,1,4),(0.,0.959458837372724,2.23873728720302),
 .UNSPECIFIED.);
#350=B_SPLINE_CURVE_WITH_KNOTS('',3,(#1798,#1799,#1800,#1801),
 .UNSPECIFIED.,.F.,.F.,(4,4),(0.,18.4756835665187),.UNSPECIFIED.);
#351=B_SPLINE_CURVE_WITH_KNOTS('',3,(#1802,#1803,#1804,#1805,#1806,#1807),
 .UNSPECIFIED.,.F.,.F.,(4,1,1,4),(0.,0.959469325857935,1.59911554309656,
2.23876176033518),.UNSPECIFIED.);
#352=B_SPLINE_CURVE_WITH_KNOTS('',3,(#1835,#1836,#1837,#1838,#1839),
 .UNSPECIFIED.,.F.,.F.,(4,1,4),(-2.23873728720302,-0.959458837372724,0.),
 .UNSPECIFIED.);
#353=B_SPLINE_CURVE_WITH_KNOTS('',3,(#1862,#1863,#1864,#1865),
 .UNSPECIFIED.,.F.,.F.,(4,4),(-18.4756835665187,0.),.UNSPECIFIED.);
#354=B_SPLINE_CURVE_WITH_KNOTS('',3,(#1917,#1918,#1919,#1920,#1921,#1922),
 .UNSPECIFIED.,.F.,.F.,(4,1,1,4),(-2.23876176033518,-1.59911554309656,-0.959469325857935,
0.),.UNSPECIFIED.);
#355=B_SPLINE_CURVE_WITH_KNOTS('',3,(#2044,#2045,#2046,#2047,#2048,#2049,
#2050,#2051,#2052,#2053),.UNSPECIFIED.,.F.,.F.,(4,3,3,4),(0.191307085749941,
2.37380097438003,5.01070745208825,7.57456447704859),.UNSPECIFIED.);
#356=B_SPLINE_CURVE_WITH_KNOTS('',3,(#2055,#2056,#2057,#2058,#2059,#2060),
 .UNSPECIFIED.,.F.,.F.,(4,2,4),(2.43508150960733,2.56613196937324,4.89235894604281),
 .UNSPECIFIED.);
#357=B_SPLINE_CURVE_WITH_KNOTS('',3,(#2061,#2062,#2063,#2064,#2065,#2066,
#2067,#2068,#2069,#2070,#2071,#2072,#2073,#2074,#2075,#2076,#2077,#2078,
#2079,#2080,#2081,#2082,#2083,#2084,#2085),.UNSPECIFIED.,.F.,.F.,(4,3,3,
3,3,3,3,3,4),(0.0775243001668976,0.629174184444271,1.07343554268517,1.80221917948999,
2.1203915449933,2.75329188897266,2.98470162054827,3.40348479758961,3.67804376191761),
 .UNSPECIFIED.);
#358=B_SPLINE_CURVE_WITH_KNOTS('',3,(#2110,#2111,#2112,#2113,#2114,#2115),
 .UNSPECIFIED.,.F.,.F.,(4,2,4),(-3.38178443817194,-1.76727215865207,-0.400470993683367),
 .UNSPECIFIED.);
#359=B_SPLINE_CURVE_WITH_KNOTS('',3,(#2120,#2121,#2122,#2123),
 .UNSPECIFIED.,.F.,.F.,(4,4),(-3.38178443817194,-0.446373515310056),
 .UNSPECIFIED.);
#360=B_SPLINE_CURVE_WITH_KNOTS('',3,(#2136,#2137,#2138,#2139,#2140,#2141),
 .UNSPECIFIED.,.F.,.F.,(4,2,4),(-2.79473402238706,-1.63847828049594,0.),
 .UNSPECIFIED.);
#361=B_SPLINE_CURVE_WITH_KNOTS('',3,(#2146,#2147,#2148,#2149),
 .UNSPECIFIED.,.F.,.F.,(4,4),(-2.93542604334518,0.),.UNSPECIFIED.);
#362=B_SPLINE_CURVE_WITH_KNOTS('',1,(#2208,#2209,#2210,#2211),
 .UNSPECIFIED.,.F.,.F.,(2,1,1,2),(11.6803684448243,18.,19.,20.1432834579619),
 .UNSPECIFIED.);
#363=B_SPLINE_CURVE_WITH_KNOTS('',1,(#2217,#2218),.UNSPECIFIED.,.F.,.F.,
(2,2),(2.88843874283015,6.3196315551905),.UNSPECIFIED.);
#364=B_SPLINE_CURVE_WITH_KNOTS('',1,(#2244,#2245,#2246,#2247),
 .UNSPECIFIED.,.F.,.F.,(2,1,1,2),(-1.98622517984195,-0.999999999999914,
0.,6.31963155517576),.UNSPECIFIED.);
#365=B_SPLINE_CURVE_WITH_KNOTS('',1,(#2254,#2255),.UNSPECIFIED.,.F.,.F.,
(2,2),(11.680368444836,16.3767366288581),.UNSPECIFIED.);
#366=VERTEX_POINT('',#1184);
#367=VERTEX_POINT('',#1185);
#368=VERTEX_POINT('',#1188);
#369=VERTEX_POINT('',#1191);
#370=VERTEX_POINT('',#1197);
#371=VERTEX_POINT('',#1198);
#372=VERTEX_POINT('',#1200);
#373=VERTEX_POINT('',#1202);
#374=VERTEX_POINT('',#1204);
#375=VERTEX_POINT('',#1211);
#376=VERTEX_POINT('',#1213);
#377=VERTEX_POINT('',#1215);
#378=VERTEX_POINT('',#1224);
#379=VERTEX_POINT('',#1225);
#380=VERTEX_POINT('',#1227);
#381=VERTEX_POINT('',#1229);
#382=VERTEX_POINT('',#1231);
#383=VERTEX_POINT('',#1245);
#384=VERTEX_POINT('',#1278);
#385=VERTEX_POINT('',#1279);
#386=VERTEX_POINT('',#1286);
#387=VERTEX_POINT('',#1291);
#388=VERTEX_POINT('',#1296);
#389=VERTEX_POINT('',#1303);
#390=VERTEX_POINT('',#1308);
#391=VERTEX_POINT('',#1313);
#392=VERTEX_POINT('',#1320);
#393=VERTEX_POINT('',#1325);
#394=VERTEX_POINT('',#1333);
#395=VERTEX_POINT('',#1340);
#396=VERTEX_POINT('',#1376);
#397=VERTEX_POINT('',#1383);
#398=VERTEX_POINT('',#1409);
#399=VERTEX_POINT('',#1447);
#400=VERTEX_POINT('',#1458);
#401=VERTEX_POINT('',#1514);
#402=VERTEX_POINT('',#1515);
#403=VERTEX_POINT('',#1522);
#404=VERTEX_POINT('',#1536);
#405=VERTEX_POINT('',#1543);
#406=VERTEX_POINT('',#1580);
#407=VERTEX_POINT('',#1581);
#408=VERTEX_POINT('',#1589);
#409=VERTEX_POINT('',#1592);
#410=VERTEX_POINT('',#1596);
#411=VERTEX_POINT('',#1599);
#412=VERTEX_POINT('',#1621);
#413=VERTEX_POINT('',#1622);
#414=VERTEX_POINT('',#1624);
#415=VERTEX_POINT('',#1626);
#416=VERTEX_POINT('',#1657);
#417=VERTEX_POINT('',#1658);
#418=VERTEX_POINT('',#1664);
#419=VERTEX_POINT('',#1670);
#420=VERTEX_POINT('',#1697);
#421=VERTEX_POINT('',#1702);
#422=VERTEX_POINT('',#1733);
#423=VERTEX_POINT('',#1769);
#424=VERTEX_POINT('',#1774);
#425=VERTEX_POINT('',#1786);
#426=VERTEX_POINT('',#1791);
#427=VERTEX_POINT('',#1797);
#428=VERTEX_POINT('',#1834);
#429=VERTEX_POINT('',#1861);
#430=VERTEX_POINT('',#1943);
#431=VERTEX_POINT('',#1945);
#432=VERTEX_POINT('',#1964);
#433=VERTEX_POINT('',#1987);
#434=VERTEX_POINT('',#1991);
#435=VERTEX_POINT('',#2016);
#436=VERTEX_POINT('',#2043);
#437=VERTEX_POINT('',#2054);
#438=VERTEX_POINT('',#2109);
#439=VERTEX_POINT('',#2116);
#440=VERTEX_POINT('',#2119);
#441=VERTEX_POINT('',#2124);
#442=VERTEX_POINT('',#2127);
#443=VERTEX_POINT('',#2129);
#444=VERTEX_POINT('',#2131);
#445=VERTEX_POINT('',#2134);
#446=VERTEX_POINT('',#2142);
#447=VERTEX_POINT('',#2144);
#448=VERTEX_POINT('',#2151);
#449=VERTEX_POINT('',#2152);
#450=VERTEX_POINT('',#2154);
#451=VERTEX_POINT('',#2156);
#452=VERTEX_POINT('',#2158);
#453=VERTEX_POINT('',#2160);
#454=VERTEX_POINT('',#2162);
#455=VERTEX_POINT('',#2164);
#456=VERTEX_POINT('',#2166);
#457=VERTEX_POINT('',#2168);
#458=VERTEX_POINT('',#2170);
#459=VERTEX_POINT('',#2172);
#460=EDGE_CURVE('',#366,#367,#303,.T.);
#461=EDGE_CURVE('',#367,#368,#304,.T.);
#462=EDGE_CURVE('',#369,#368,#305,.T.);
#463=EDGE_CURVE('',#366,#369,#306,.T.);
#464=EDGE_CURVE('',#370,#371,#34,.T.);
#465=EDGE_CURVE('',#372,#370,#35,.T.);
#466=EDGE_CURVE('',#373,#372,#36,.T.);
#467=EDGE_CURVE('',#374,#373,#307,.F.);
#468=EDGE_CURVE('',#375,#374,#37,.F.);
#469=EDGE_CURVE('',#376,#375,#38,.F.);
#470=EDGE_CURVE('',#377,#376,#39,.T.);
#471=EDGE_CURVE('',#371,#377,#308,.F.);
#472=EDGE_CURVE('',#378,#379,#40,.T.);
#473=EDGE_CURVE('',#380,#378,#41,.T.);
#474=EDGE_CURVE('',#381,#380,#42,.T.);
#475=EDGE_CURVE('',#382,#381,#309,.F.);
#476=EDGE_CURVE('',#382,#383,#43,.T.);
#477=EDGE_CURVE('',#375,#383,#44,.F.);
#478=EDGE_CURVE('',#379,#374,#310,.F.);
#479=EDGE_CURVE('',#384,#385,#311,.T.);
#480=EDGE_CURVE('',#386,#384,#312,.T.);
#481=EDGE_CURVE('',#387,#386,#313,.T.);
#482=EDGE_CURVE('',#388,#387,#314,.T.);
#483=EDGE_CURVE('',#389,#388,#315,.T.);
#484=EDGE_CURVE('',#390,#389,#316,.T.);
#485=EDGE_CURVE('',#391,#390,#317,.T.);
#486=EDGE_CURVE('',#392,#391,#318,.T.);
#487=EDGE_CURVE('',#393,#392,#319,.T.);
#488=EDGE_CURVE('',#394,#393,#320,.T.);
#489=EDGE_CURVE('',#395,#394,#321,.T.);
#490=EDGE_CURVE('',#385,#395,#322,.T.);
#491=EDGE_CURVE('',#396,#381,#323,.T.);
#492=EDGE_CURVE('',#397,#396,#324,.T.);
#493=EDGE_CURVE('',#398,#397,#325,.T.);
#494=EDGE_CURVE('',#398,#382,#326,.F.);
#495=EDGE_CURVE('',#399,#373,#327,.T.);
#496=EDGE_CURVE('',#400,#399,#328,.T.);
#497=EDGE_CURVE('',#379,#400,#329,.T.);
#498=EDGE_CURVE('',#401,#402,#330,.T.);
#499=EDGE_CURVE('',#401,#403,#331,.F.);
#500=EDGE_CURVE('',#403,#404,#332,.F.);
#501=EDGE_CURVE('',#405,#404,#333,.T.);
#502=EDGE_CURVE('',#402,#405,#334,.T.);
#503=EDGE_CURVE('',#406,#407,#45,.T.);
#504=EDGE_CURVE('',#377,#406,#335,.F.);
#505=EDGE_CURVE('',#408,#376,#46,.F.);
#506=EDGE_CURVE('',#408,#403,#47,.T.);
#507=EDGE_CURVE('',#409,#401,#48,.T.);
#508=EDGE_CURVE('',#407,#409,#49,.T.);
#509=EDGE_CURVE('',#404,#410,#50,.T.);
#510=EDGE_CURVE('',#383,#408,#51,.T.);
#511=EDGE_CURVE('',#411,#398,#336,.T.);
#512=EDGE_CURVE('',#410,#411,#52,.T.);
#513=EDGE_CURVE('',#412,#413,#53,.T.);
#514=EDGE_CURVE('',#414,#413,#54,.T.);
#515=EDGE_CURVE('',#415,#414,#55,.T.);
#516=EDGE_CURVE('',#412,#415,#337,.T.);
#517=EDGE_CURVE('',#416,#417,#338,.T.);
#518=EDGE_CURVE('',#417,#418,#339,.T.);
#519=EDGE_CURVE('',#418,#419,#18,.T.);
#520=EDGE_CURVE('',#419,#416,#340,.T.);
#521=EDGE_CURVE('',#418,#420,#341,.T.);
#522=EDGE_CURVE('',#420,#421,#19,.T.);
#523=EDGE_CURVE('',#421,#419,#342,.T.);
#524=EDGE_CURVE('',#422,#412,#343,.T.);
#525=EDGE_CURVE('',#422,#421,#344,.T.);
#526=EDGE_CURVE('',#420,#412,#345,.T.);
#527=EDGE_CURVE('',#416,#423,#346,.T.);
#528=EDGE_CURVE('',#424,#423,#20,.T.);
#529=EDGE_CURVE('',#424,#417,#347,.T.);
#530=EDGE_CURVE('',#425,#422,#348,.T.);
#531=EDGE_CURVE('',#426,#425,#349,.T.);
#532=EDGE_CURVE('',#427,#426,#350,.T.);
#533=EDGE_CURVE('',#423,#427,#351,.T.);
#534=EDGE_CURVE('',#425,#415,#21,.T.);
#535=EDGE_CURVE('',#415,#428,#352,.T.);
#536=EDGE_CURVE('',#428,#426,#22,.T.);
#537=EDGE_CURVE('',#428,#429,#353,.T.);
#538=EDGE_CURVE('',#429,#427,#23,.T.);
#539=EDGE_CURVE('',#429,#424,#354,.T.);
#540=EDGE_CURVE('',#418,#430,#56,.T.);
#541=EDGE_CURVE('',#417,#431,#57,.T.);
#542=EDGE_CURVE('',#430,#431,#24,.T.);
#543=EDGE_CURVE('',#431,#432,#58,.T.);
#544=EDGE_CURVE('',#424,#432,#59,.T.);
#545=EDGE_CURVE('',#429,#433,#60,.T.);
#546=EDGE_CURVE('',#432,#433,#25,.T.);
#547=EDGE_CURVE('',#433,#434,#61,.T.);
#548=EDGE_CURVE('',#428,#434,#62,.T.);
#549=EDGE_CURVE('',#434,#414,#26,.T.);
#550=EDGE_CURVE('',#413,#435,#27,.T.);
#551=EDGE_CURVE('',#435,#430,#63,.T.);
#552=EDGE_CURVE('',#371,#436,#355,.T.);
#553=EDGE_CURVE('',#437,#406,#356,.T.);
#554=EDGE_CURVE('',#436,#437,#357,.T.);
#555=EDGE_CURVE('',#420,#435,#64,.T.);
#556=EDGE_CURVE('',#438,#396,#358,.T.);
#557=EDGE_CURVE('',#439,#438,#28,.T.);
#558=EDGE_CURVE('',#400,#439,#65,.T.);
#559=EDGE_CURVE('',#440,#399,#359,.T.);
#560=EDGE_CURVE('',#441,#440,#29,.T.);
#561=EDGE_CURVE('',#436,#441,#66,.T.);
#562=EDGE_CURVE('',#442,#437,#67,.T.);
#563=EDGE_CURVE('',#443,#442,#30,.T.);
#564=EDGE_CURVE('',#443,#444,#68,.T.);
#565=EDGE_CURVE('',#444,#444,#31,.F.);
#566=EDGE_CURVE('',#445,#443,#32,.T.);
#567=EDGE_CURVE('',#402,#445,#360,.T.);
#568=EDGE_CURVE('',#446,#405,#69,.T.);
#569=EDGE_CURVE('',#447,#446,#33,.T.);
#570=EDGE_CURVE('',#397,#447,#361,.T.);
#571=EDGE_CURVE('',#448,#449,#70,.F.);
#572=EDGE_CURVE('',#448,#450,#71,.T.);
#573=EDGE_CURVE('',#450,#451,#72,.T.);
#574=EDGE_CURVE('',#451,#452,#73,.T.);
#575=EDGE_CURVE('',#453,#452,#74,.F.);
#576=EDGE_CURVE('',#453,#454,#75,.T.);
#577=EDGE_CURVE('',#454,#455,#76,.T.);
#578=EDGE_CURVE('',#455,#456,#77,.T.);
#579=EDGE_CURVE('',#456,#457,#78,.T.);
#580=EDGE_CURVE('',#457,#458,#79,.T.);
#581=EDGE_CURVE('',#458,#459,#80,.T.);
#582=EDGE_CURVE('',#459,#449,#81,.T.);
#583=EDGE_CURVE('',#449,#385,#82,.T.);
#584=EDGE_CURVE('',#459,#384,#83,.T.);
#585=EDGE_CURVE('',#458,#386,#84,.T.);
#586=EDGE_CURVE('',#448,#395,#85,.T.);
#587=EDGE_CURVE('',#457,#387,#86,.T.);
#588=EDGE_CURVE('',#450,#394,#87,.T.);
#589=EDGE_CURVE('',#456,#388,#88,.T.);
#590=EDGE_CURVE('',#451,#393,#89,.T.);
#591=EDGE_CURVE('',#455,#389,#90,.T.);
#592=EDGE_CURVE('',#452,#392,#91,.T.);
#593=EDGE_CURVE('',#454,#390,#92,.T.);
#594=EDGE_CURVE('',#453,#391,#93,.T.);
#595=EDGE_CURVE('',#440,#372,#362,.T.);
#596=EDGE_CURVE('',#441,#370,#94,.T.);
#597=EDGE_CURVE('',#407,#442,#95,.F.);
#598=EDGE_CURVE('',#409,#445,#363,.T.);
#599=EDGE_CURVE('',#411,#447,#364,.T.);
#600=EDGE_CURVE('',#410,#446,#96,.F.);
#601=EDGE_CURVE('',#439,#378,#97,.F.);
#602=EDGE_CURVE('',#438,#380,#365,.T.);
#603=ORIENTED_EDGE('',*,*,#460,.T.);
#604=ORIENTED_EDGE('',*,*,#461,.T.);
#605=ORIENTED_EDGE('',*,*,#462,.F.);
#606=ORIENTED_EDGE('',*,*,#463,.F.);
#607=ORIENTED_EDGE('',*,*,#464,.F.);
#608=ORIENTED_EDGE('',*,*,#465,.F.);
#609=ORIENTED_EDGE('',*,*,#466,.F.);
#610=ORIENTED_EDGE('',*,*,#467,.F.);
#611=ORIENTED_EDGE('',*,*,#468,.F.);
#612=ORIENTED_EDGE('',*,*,#469,.F.);
#613=ORIENTED_EDGE('',*,*,#470,.F.);
#614=ORIENTED_EDGE('',*,*,#471,.F.);
#615=ORIENTED_EDGE('',*,*,#472,.F.);
#616=ORIENTED_EDGE('',*,*,#473,.F.);
#617=ORIENTED_EDGE('',*,*,#474,.F.);
#618=ORIENTED_EDGE('',*,*,#475,.F.);
#619=ORIENTED_EDGE('',*,*,#476,.T.);
#620=ORIENTED_EDGE('',*,*,#477,.F.);
#621=ORIENTED_EDGE('',*,*,#468,.T.);
#622=ORIENTED_EDGE('',*,*,#478,.F.);
#623=ORIENTED_EDGE('',*,*,#479,.F.);
#624=ORIENTED_EDGE('',*,*,#480,.F.);
#625=ORIENTED_EDGE('',*,*,#481,.F.);
#626=ORIENTED_EDGE('',*,*,#482,.F.);
#627=ORIENTED_EDGE('',*,*,#483,.F.);
#628=ORIENTED_EDGE('',*,*,#484,.F.);
#629=ORIENTED_EDGE('',*,*,#485,.F.);
#630=ORIENTED_EDGE('',*,*,#486,.F.);
#631=ORIENTED_EDGE('',*,*,#487,.F.);
#632=ORIENTED_EDGE('',*,*,#488,.F.);
#633=ORIENTED_EDGE('',*,*,#489,.F.);
#634=ORIENTED_EDGE('',*,*,#490,.F.);
#635=ORIENTED_EDGE('',*,*,#491,.F.);
#636=ORIENTED_EDGE('',*,*,#492,.F.);
#637=ORIENTED_EDGE('',*,*,#493,.F.);
#638=ORIENTED_EDGE('',*,*,#494,.T.);
#639=ORIENTED_EDGE('',*,*,#475,.T.);
#640=ORIENTED_EDGE('',*,*,#495,.F.);
#641=ORIENTED_EDGE('',*,*,#496,.F.);
#642=ORIENTED_EDGE('',*,*,#497,.F.);
#643=ORIENTED_EDGE('',*,*,#478,.T.);
#644=ORIENTED_EDGE('',*,*,#467,.T.);
#645=ORIENTED_EDGE('',*,*,#498,.F.);
#646=ORIENTED_EDGE('',*,*,#499,.T.);
#647=ORIENTED_EDGE('',*,*,#500,.T.);
#648=ORIENTED_EDGE('',*,*,#501,.F.);
#649=ORIENTED_EDGE('',*,*,#502,.F.);
#650=ORIENTED_EDGE('',*,*,#503,.F.);
#651=ORIENTED_EDGE('',*,*,#504,.F.);
#652=ORIENTED_EDGE('',*,*,#470,.T.);
#653=ORIENTED_EDGE('',*,*,#505,.F.);
#654=ORIENTED_EDGE('',*,*,#506,.T.);
#655=ORIENTED_EDGE('',*,*,#499,.F.);
#656=ORIENTED_EDGE('',*,*,#507,.F.);
#657=ORIENTED_EDGE('',*,*,#508,.F.);
#658=ORIENTED_EDGE('',*,*,#509,.F.);
#659=ORIENTED_EDGE('',*,*,#500,.F.);
#660=ORIENTED_EDGE('',*,*,#506,.F.);
#661=ORIENTED_EDGE('',*,*,#510,.F.);
#662=ORIENTED_EDGE('',*,*,#476,.F.);
#663=ORIENTED_EDGE('',*,*,#494,.F.);
#664=ORIENTED_EDGE('',*,*,#511,.F.);
#665=ORIENTED_EDGE('',*,*,#512,.F.);
#666=ORIENTED_EDGE('',*,*,#513,.T.);
#667=ORIENTED_EDGE('',*,*,#514,.F.);
#668=ORIENTED_EDGE('',*,*,#515,.F.);
#669=ORIENTED_EDGE('',*,*,#516,.F.);
#670=ORIENTED_EDGE('',*,*,#517,.T.);
#671=ORIENTED_EDGE('',*,*,#518,.T.);
#672=ORIENTED_EDGE('',*,*,#519,.T.);
#673=ORIENTED_EDGE('',*,*,#520,.T.);
#674=ORIENTED_EDGE('',*,*,#519,.F.);
#675=ORIENTED_EDGE('',*,*,#521,.T.);
#676=ORIENTED_EDGE('',*,*,#522,.T.);
#677=ORIENTED_EDGE('',*,*,#523,.T.);
#678=ORIENTED_EDGE('',*,*,#524,.F.);
#679=ORIENTED_EDGE('',*,*,#525,.T.);
#680=ORIENTED_EDGE('',*,*,#522,.F.);
#681=ORIENTED_EDGE('',*,*,#526,.T.);
#682=ORIENTED_EDGE('',*,*,#517,.F.);
#683=ORIENTED_EDGE('',*,*,#527,.T.);
#684=ORIENTED_EDGE('',*,*,#528,.F.);
#685=ORIENTED_EDGE('',*,*,#529,.T.);
#686=ORIENTED_EDGE('',*,*,#520,.F.);
#687=ORIENTED_EDGE('',*,*,#523,.F.);
#688=ORIENTED_EDGE('',*,*,#525,.F.);
#689=ORIENTED_EDGE('',*,*,#530,.F.);
#690=ORIENTED_EDGE('',*,*,#531,.F.);
#691=ORIENTED_EDGE('',*,*,#532,.F.);
#692=ORIENTED_EDGE('',*,*,#533,.F.);
#693=ORIENTED_EDGE('',*,*,#527,.F.);
#694=ORIENTED_EDGE('',*,*,#534,.T.);
#695=ORIENTED_EDGE('',*,*,#535,.T.);
#696=ORIENTED_EDGE('',*,*,#536,.T.);
#697=ORIENTED_EDGE('',*,*,#531,.T.);
#698=ORIENTED_EDGE('',*,*,#536,.F.);
#699=ORIENTED_EDGE('',*,*,#537,.T.);
#700=ORIENTED_EDGE('',*,*,#538,.T.);
#701=ORIENTED_EDGE('',*,*,#532,.T.);
#702=ORIENTED_EDGE('',*,*,#524,.T.);
#703=ORIENTED_EDGE('',*,*,#516,.T.);
#704=ORIENTED_EDGE('',*,*,#534,.F.);
#705=ORIENTED_EDGE('',*,*,#530,.T.);
#706=ORIENTED_EDGE('',*,*,#538,.F.);
#707=ORIENTED_EDGE('',*,*,#539,.T.);
#708=ORIENTED_EDGE('',*,*,#528,.T.);
#709=ORIENTED_EDGE('',*,*,#533,.T.);
#710=ORIENTED_EDGE('',*,*,#540,.F.);
#711=ORIENTED_EDGE('',*,*,#518,.F.);
#712=ORIENTED_EDGE('',*,*,#541,.T.);
#713=ORIENTED_EDGE('',*,*,#542,.F.);
#714=ORIENTED_EDGE('',*,*,#543,.F.);
#715=ORIENTED_EDGE('',*,*,#541,.F.);
#716=ORIENTED_EDGE('',*,*,#529,.F.);
#717=ORIENTED_EDGE('',*,*,#544,.T.);
#718=ORIENTED_EDGE('',*,*,#539,.F.);
#719=ORIENTED_EDGE('',*,*,#545,.T.);
#720=ORIENTED_EDGE('',*,*,#546,.F.);
#721=ORIENTED_EDGE('',*,*,#544,.F.);
#722=ORIENTED_EDGE('',*,*,#547,.F.);
#723=ORIENTED_EDGE('',*,*,#545,.F.);
#724=ORIENTED_EDGE('',*,*,#537,.F.);
#725=ORIENTED_EDGE('',*,*,#548,.T.);
#726=ORIENTED_EDGE('',*,*,#535,.F.);
#727=ORIENTED_EDGE('',*,*,#515,.T.);
#728=ORIENTED_EDGE('',*,*,#549,.F.);
#729=ORIENTED_EDGE('',*,*,#548,.F.);
#730=ORIENTED_EDGE('',*,*,#547,.T.);
#731=ORIENTED_EDGE('',*,*,#549,.T.);
#732=ORIENTED_EDGE('',*,*,#514,.T.);
#733=ORIENTED_EDGE('',*,*,#550,.T.);
#734=ORIENTED_EDGE('',*,*,#551,.T.);
#735=ORIENTED_EDGE('',*,*,#542,.T.);
#736=ORIENTED_EDGE('',*,*,#543,.T.);
#737=ORIENTED_EDGE('',*,*,#546,.T.);
#738=ORIENTED_EDGE('',*,*,#469,.T.);
#739=ORIENTED_EDGE('',*,*,#477,.T.);
#740=ORIENTED_EDGE('',*,*,#510,.T.);
#741=ORIENTED_EDGE('',*,*,#505,.T.);
#742=ORIENTED_EDGE('',*,*,#552,.F.);
#743=ORIENTED_EDGE('',*,*,#471,.T.);
#744=ORIENTED_EDGE('',*,*,#504,.T.);
#745=ORIENTED_EDGE('',*,*,#553,.F.);
#746=ORIENTED_EDGE('',*,*,#554,.F.);
#747=ORIENTED_EDGE('',*,*,#526,.F.);
#748=ORIENTED_EDGE('',*,*,#555,.T.);
#749=ORIENTED_EDGE('',*,*,#550,.F.);
#750=ORIENTED_EDGE('',*,*,#513,.F.);
#751=ORIENTED_EDGE('',*,*,#551,.F.);
#752=ORIENTED_EDGE('',*,*,#555,.F.);
#753=ORIENTED_EDGE('',*,*,#521,.F.);
#754=ORIENTED_EDGE('',*,*,#540,.T.);
#755=ORIENTED_EDGE('',*,*,#556,.F.);
#756=ORIENTED_EDGE('',*,*,#557,.F.);
#757=ORIENTED_EDGE('',*,*,#558,.F.);
#758=ORIENTED_EDGE('',*,*,#496,.T.);
#759=ORIENTED_EDGE('',*,*,#559,.F.);
#760=ORIENTED_EDGE('',*,*,#560,.F.);
#761=ORIENTED_EDGE('',*,*,#561,.F.);
#762=ORIENTED_EDGE('',*,*,#554,.T.);
#763=ORIENTED_EDGE('',*,*,#562,.F.);
#764=ORIENTED_EDGE('',*,*,#563,.F.);
#765=ORIENTED_EDGE('',*,*,#564,.T.);
#766=ORIENTED_EDGE('',*,*,#565,.T.);
#767=ORIENTED_EDGE('',*,*,#564,.F.);
#768=ORIENTED_EDGE('',*,*,#566,.F.);
#769=ORIENTED_EDGE('',*,*,#567,.F.);
#770=ORIENTED_EDGE('',*,*,#502,.T.);
#771=ORIENTED_EDGE('',*,*,#568,.F.);
#772=ORIENTED_EDGE('',*,*,#569,.F.);
#773=ORIENTED_EDGE('',*,*,#570,.F.);
#774=ORIENTED_EDGE('',*,*,#492,.T.);
#775=ORIENTED_EDGE('',*,*,#565,.F.);
#776=ORIENTED_EDGE('',*,*,#571,.F.);
#777=ORIENTED_EDGE('',*,*,#572,.T.);
#778=ORIENTED_EDGE('',*,*,#573,.T.);
#779=ORIENTED_EDGE('',*,*,#574,.T.);
#780=ORIENTED_EDGE('',*,*,#575,.F.);
#781=ORIENTED_EDGE('',*,*,#576,.T.);
#782=ORIENTED_EDGE('',*,*,#577,.T.);
#783=ORIENTED_EDGE('',*,*,#578,.T.);
#784=ORIENTED_EDGE('',*,*,#579,.T.);
#785=ORIENTED_EDGE('',*,*,#580,.T.);
#786=ORIENTED_EDGE('',*,*,#581,.T.);
#787=ORIENTED_EDGE('',*,*,#582,.T.);
#788=ORIENTED_EDGE('',*,*,#479,.T.);
#789=ORIENTED_EDGE('',*,*,#583,.F.);
#790=ORIENTED_EDGE('',*,*,#582,.F.);
#791=ORIENTED_EDGE('',*,*,#584,.T.);
#792=ORIENTED_EDGE('',*,*,#480,.T.);
#793=ORIENTED_EDGE('',*,*,#584,.F.);
#794=ORIENTED_EDGE('',*,*,#581,.F.);
#795=ORIENTED_EDGE('',*,*,#585,.T.);
#796=ORIENTED_EDGE('',*,*,#490,.T.);
#797=ORIENTED_EDGE('',*,*,#586,.F.);
#798=ORIENTED_EDGE('',*,*,#571,.T.);
#799=ORIENTED_EDGE('',*,*,#583,.T.);
#800=ORIENTED_EDGE('',*,*,#481,.T.);
#801=ORIENTED_EDGE('',*,*,#585,.F.);
#802=ORIENTED_EDGE('',*,*,#580,.F.);
#803=ORIENTED_EDGE('',*,*,#587,.T.);
#804=ORIENTED_EDGE('',*,*,#489,.T.);
#805=ORIENTED_EDGE('',*,*,#588,.F.);
#806=ORIENTED_EDGE('',*,*,#572,.F.);
#807=ORIENTED_EDGE('',*,*,#586,.T.);
#808=ORIENTED_EDGE('',*,*,#482,.T.);
#809=ORIENTED_EDGE('',*,*,#587,.F.);
#810=ORIENTED_EDGE('',*,*,#579,.F.);
#811=ORIENTED_EDGE('',*,*,#589,.T.);
#812=ORIENTED_EDGE('',*,*,#488,.T.);
#813=ORIENTED_EDGE('',*,*,#590,.F.);
#814=ORIENTED_EDGE('',*,*,#573,.F.);
#815=ORIENTED_EDGE('',*,*,#588,.T.);
#816=ORIENTED_EDGE('',*,*,#483,.T.);
#817=ORIENTED_EDGE('',*,*,#589,.F.);
#818=ORIENTED_EDGE('',*,*,#578,.F.);
#819=ORIENTED_EDGE('',*,*,#591,.T.);
#820=ORIENTED_EDGE('',*,*,#487,.T.);
#821=ORIENTED_EDGE('',*,*,#592,.F.);
#822=ORIENTED_EDGE('',*,*,#574,.F.);
#823=ORIENTED_EDGE('',*,*,#590,.T.);
#824=ORIENTED_EDGE('',*,*,#484,.T.);
#825=ORIENTED_EDGE('',*,*,#591,.F.);
#826=ORIENTED_EDGE('',*,*,#577,.F.);
#827=ORIENTED_EDGE('',*,*,#593,.T.);
#828=ORIENTED_EDGE('',*,*,#485,.T.);
#829=ORIENTED_EDGE('',*,*,#593,.F.);
#830=ORIENTED_EDGE('',*,*,#576,.F.);
#831=ORIENTED_EDGE('',*,*,#594,.T.);
#832=ORIENTED_EDGE('',*,*,#486,.T.);
#833=ORIENTED_EDGE('',*,*,#594,.F.);
#834=ORIENTED_EDGE('',*,*,#575,.T.);
#835=ORIENTED_EDGE('',*,*,#592,.T.);
#836=ORIENTED_EDGE('',*,*,#559,.T.);
#837=ORIENTED_EDGE('',*,*,#495,.T.);
#838=ORIENTED_EDGE('',*,*,#466,.T.);
#839=ORIENTED_EDGE('',*,*,#595,.F.);
#840=ORIENTED_EDGE('',*,*,#560,.T.);
#841=ORIENTED_EDGE('',*,*,#595,.T.);
#842=ORIENTED_EDGE('',*,*,#465,.T.);
#843=ORIENTED_EDGE('',*,*,#596,.F.);
#844=ORIENTED_EDGE('',*,*,#561,.T.);
#845=ORIENTED_EDGE('',*,*,#596,.T.);
#846=ORIENTED_EDGE('',*,*,#464,.T.);
#847=ORIENTED_EDGE('',*,*,#552,.T.);
#848=ORIENTED_EDGE('',*,*,#566,.T.);
#849=ORIENTED_EDGE('',*,*,#563,.T.);
#850=ORIENTED_EDGE('',*,*,#597,.F.);
#851=ORIENTED_EDGE('',*,*,#508,.T.);
#852=ORIENTED_EDGE('',*,*,#598,.T.);
#853=ORIENTED_EDGE('',*,*,#562,.T.);
#854=ORIENTED_EDGE('',*,*,#553,.T.);
#855=ORIENTED_EDGE('',*,*,#503,.T.);
#856=ORIENTED_EDGE('',*,*,#597,.T.);
#857=ORIENTED_EDGE('',*,*,#567,.T.);
#858=ORIENTED_EDGE('',*,*,#598,.F.);
#859=ORIENTED_EDGE('',*,*,#507,.T.);
#860=ORIENTED_EDGE('',*,*,#498,.T.);
#861=ORIENTED_EDGE('',*,*,#570,.T.);
#862=ORIENTED_EDGE('',*,*,#599,.F.);
#863=ORIENTED_EDGE('',*,*,#511,.T.);
#864=ORIENTED_EDGE('',*,*,#493,.T.);
#865=ORIENTED_EDGE('',*,*,#569,.T.);
#866=ORIENTED_EDGE('',*,*,#600,.F.);
#867=ORIENTED_EDGE('',*,*,#512,.T.);
#868=ORIENTED_EDGE('',*,*,#599,.T.);
#869=ORIENTED_EDGE('',*,*,#568,.T.);
#870=ORIENTED_EDGE('',*,*,#501,.T.);
#871=ORIENTED_EDGE('',*,*,#509,.T.);
#872=ORIENTED_EDGE('',*,*,#600,.T.);
#873=ORIENTED_EDGE('',*,*,#558,.T.);
#874=ORIENTED_EDGE('',*,*,#601,.T.);
#875=ORIENTED_EDGE('',*,*,#472,.T.);
#876=ORIENTED_EDGE('',*,*,#497,.T.);
#877=ORIENTED_EDGE('',*,*,#557,.T.);
#878=ORIENTED_EDGE('',*,*,#602,.T.);
#879=ORIENTED_EDGE('',*,*,#473,.T.);
#880=ORIENTED_EDGE('',*,*,#601,.F.);
#881=ORIENTED_EDGE('',*,*,#556,.T.);
#882=ORIENTED_EDGE('',*,*,#491,.T.);
#883=ORIENTED_EDGE('',*,*,#474,.T.);
#884=ORIENTED_EDGE('',*,*,#602,.F.);
#885=B_SPLINE_SURFACE_WITH_KNOTS('',1,1,((#1180,#1181),(#1182,#1183)),
 .UNSPECIFIED.,.F.,.F.,.F.,(2,2),(2,2),(-0.999392117738483,0.599999999999914),
(-9.14198434289023E-12,0.0348625157267106),.UNSPECIFIED.);
#886=B_SPLINE_SURFACE_WITH_KNOTS('',3,3,((#1254,#1255,#1256,#1257,#1258,
#1259),(#1260,#1261,#1262,#1263,#1264,#1265),(#1266,#1267,#1268,#1269,#1270,
#1271),(#1272,#1273,#1274,#1275,#1276,#1277)),.UNSPECIFIED.,.F.,.F.,.F.,
(4,4),(4,2,4),(0.198415951187774,0.239644800501333),(0.137444176950338,
0.142637671797849,0.178034681499343),.UNSPECIFIED.);
#887=B_SPLINE_SURFACE_WITH_KNOTS('',3,3,((#1352,#1353,#1354,#1355,#1356,
#1357),(#1358,#1359,#1360,#1361,#1362,#1363),(#1364,#1365,#1366,#1367,#1368,
#1369),(#1370,#1371,#1372,#1373,#1374,#1375)),.UNSPECIFIED.,.F.,.F.,.F.,
(4,4),(4,2,4),(0.145748112320502,0.215667674342244),(0.0577248995037658,
0.142637671797849,0.154442592070463),.UNSPECIFIED.);
#888=B_SPLINE_SURFACE_WITH_KNOTS('',3,3,((#1423,#1424,#1425,#1426,#1427,
#1428),(#1429,#1430,#1431,#1432,#1433,#1434),(#1435,#1436,#1437,#1438,#1439,
#1440),(#1441,#1442,#1443,#1444,#1445,#1446)),.UNSPECIFIED.,.F.,.F.,.F.,
(4,4),(4,2,4),(0.145748115906523,0.215667680787365),(0.161037884442656,
0.237729452996441,0.259833011826832),.UNSPECIFIED.);
#889=B_SPLINE_SURFACE_WITH_KNOTS('',3,3,((#1490,#1491,#1492,#1493,#1494,
#1495),(#1496,#1497,#1498,#1499,#1500,#1501),(#1502,#1503,#1504,#1505,#1506,
#1507),(#1508,#1509,#1510,#1511,#1512,#1513)),.UNSPECIFIED.,.F.,.F.,.F.,
(4,4),(4,2,4),(0.222203725297548,0.271969329367312),(0.057726864955881,
0.142637671797849,0.154442590221041),.UNSPECIFIED.);
#890=B_SPLINE_SURFACE_WITH_KNOTS('',3,3,((#1605,#1606,#1607,#1608),(#1609,
#1610,#1611,#1612),(#1613,#1614,#1615,#1616),(#1617,#1618,#1619,#1620)),
 .UNSPECIFIED.,.F.,.F.,.F.,(4,4),(4,4),(-4.27945789287342E-14,1.00000000000001),
(0.0253151342305038,1.),.UNSPECIFIED.);
#891=B_SPLINE_SURFACE_WITH_KNOTS('',3,3,((#1632,#1633,#1634,#1635,#1636),
(#1637,#1638,#1639,#1640,#1641),(#1642,#1643,#1644,#1645,#1646),(#1647,
#1648,#1649,#1650,#1651),(#1652,#1653,#1654,#1655,#1656)),.UNSPECIFIED.,
 .F.,.F.,.F.,(4,1,4),(4,1,4),(0.,0.571428571428571,1.),(0.,0.982921021879176,
2.29348238438474),.UNSPECIFIED.);
#892=B_SPLINE_SURFACE_WITH_KNOTS('',3,3,((#1677,#1678,#1679,#1680),(#1681,
#1682,#1683,#1684),(#1685,#1686,#1687,#1688),(#1689,#1690,#1691,#1692),
(#1693,#1694,#1695,#1696)),.UNSPECIFIED.,.F.,.F.,.F.,(4,1,4),(4,4),(0.,
0.571428571428571,1.),(0.,18.429072974144),.UNSPECIFIED.);
#893=B_SPLINE_SURFACE_WITH_KNOTS('',3,3,((#1708,#1709,#1710,#1711,#1712),
(#1713,#1714,#1715,#1716,#1717),(#1718,#1719,#1720,#1721,#1722),(#1723,
#1724,#1725,#1726,#1727),(#1728,#1729,#1730,#1731,#1732)),.UNSPECIFIED.,
 .F.,.F.,.F.,(4,1,4),(4,1,4),(0.,0.571428571428571,1.),(-4.16794948936821E-14,
0.98292102282959,2.29348238660243),.UNSPECIFIED.);
#894=B_SPLINE_SURFACE_WITH_KNOTS('',3,3,((#1749,#1750,#1751,#1752),(#1753,
#1754,#1755,#1756),(#1757,#1758,#1759,#1760),(#1761,#1762,#1763,#1764),
(#1765,#1766,#1767,#1768)),.UNSPECIFIED.,.F.,.F.,.F.,(4,1,4),(4,4),(0.,
0.571428571428571,1.),(-1.31625828583926E-12,10.6823105920394),
 .UNSPECIFIED.);
#895=B_SPLINE_SURFACE_WITH_KNOTS('',3,3,((#1808,#1809,#1810,#1811,#1812),
(#1813,#1814,#1815,#1816,#1817),(#1818,#1819,#1820,#1821,#1822),(#1823,
#1824,#1825,#1826,#1827),(#1828,#1829,#1830,#1831,#1832)),.UNSPECIFIED.,
 .F.,.F.,.F.,(4,1,4),(4,1,4),(0.,0.5,1.),(0.,0.959458837372724,2.23873728720302),
 .UNSPECIFIED.);
#896=B_SPLINE_SURFACE_WITH_KNOTS('',3,3,((#1841,#1842,#1843,#1844),(#1845,
#1846,#1847,#1848),(#1849,#1850,#1851,#1852),(#1853,#1854,#1855,#1856),
(#1857,#1858,#1859,#1860)),.UNSPECIFIED.,.F.,.F.,.F.,(4,1,4),(4,4),(0.,
0.5,1.),(0.,18.4756835665187),.UNSPECIFIED.);
#897=B_SPLINE_SURFACE_WITH_KNOTS('',3,3,((#1867,#1868,#1869,#1870),(#1871,
#1872,#1873,#1874),(#1875,#1876,#1877,#1878),(#1879,#1880,#1881,#1882),
(#1883,#1884,#1885,#1886)),.UNSPECIFIED.,.F.,.F.,.F.,(4,1,4),(4,4),(0.,
0.571428571428571,1.),(5.20359562641525E-14,10.6823105782209),
 .UNSPECIFIED.);
#898=B_SPLINE_SURFACE_WITH_KNOTS('',3,3,((#1887,#1888,#1889,#1890,#1891,
#1892),(#1893,#1894,#1895,#1896,#1897,#1898),(#1899,#1900,#1901,#1902,#1903,
#1904),(#1905,#1906,#1907,#1908,#1909,#1910),(#1911,#1912,#1913,#1914,#1915,
#1916)),.UNSPECIFIED.,.F.,.F.,.F.,(4,1,4),(4,1,1,4),(0.,0.5,1.),(0.,0.959469325857935,
1.59911554309656,2.23876176033518),.UNSPECIFIED.);
#899=B_SPLINE_SURFACE_WITH_KNOTS('',3,3,((#1923,#1924,#1925,#1926),(#1927,
#1928,#1929,#1930),(#1931,#1932,#1933,#1934),(#1935,#1936,#1937,#1938),
(#1939,#1940,#1941,#1942)),.UNSPECIFIED.,.F.,.F.,.F.,(4,1,4),(4,4),(-3.25828026534835E-15,
0.428571428571435,1.00000000000002),(0.0236957475673485,1.),
 .UNSPECIFIED.);
#900=B_SPLINE_SURFACE_WITH_KNOTS('',3,3,((#1948,#1949,#1950,#1951),(#1952,
#1953,#1954,#1955),(#1956,#1957,#1958,#1959),(#1960,#1961,#1962,#1963)),
 .UNSPECIFIED.,.F.,.F.,.F.,(4,4),(4,4),(-1.79109587125235E-15,1.00000000000012),
(0.0253151392610662,1.),.UNSPECIFIED.);
#901=B_SPLINE_SURFACE_WITH_KNOTS('',3,3,((#1967,#1968,#1969,#1970),(#1971,
#1972,#1973,#1974),(#1975,#1976,#1977,#1978),(#1979,#1980,#1981,#1982),
(#1983,#1984,#1985,#1986)),.UNSPECIFIED.,.F.,.F.,.F.,(4,1,4),(4,4),(-1.35428320343021E-15,
0.428571428571428,1.),(0.0248526346265599,1.),.UNSPECIFIED.);
#902=B_SPLINE_SURFACE_WITH_KNOTS('',3,3,((#1994,#1995,#1996,#1997),(#1998,
#1999,#2000,#2001),(#2002,#2003,#2004,#2005),(#2006,#2007,#2008,#2009),
(#2010,#2011,#2012,#2013)),.UNSPECIFIED.,.F.,.F.,.F.,(4,1,4),(4,4),(0.,
0.571428571428572,1.),(0.0246720708260489,1.),.UNSPECIFIED.);
#903=B_SPLINE_SURFACE_WITH_KNOTS('',3,3,((#2019,#2020,#2021,#2022,#2023,
#2024),(#2025,#2026,#2027,#2028,#2029,#2030),(#2031,#2032,#2033,#2034,#2035,
#2036),(#2037,#2038,#2039,#2040,#2041,#2042)),.UNSPECIFIED.,.F.,.F.,.F.,
(4,4),(4,2,4),(0.22219597977917,0.271969301903141),(0.161037882962035,0.237729452996441,
0.26042103478904),.UNSPECIFIED.);
#904=B_SPLINE_SURFACE_WITH_KNOTS('',3,3,((#2086,#2087,#2088,#2089),(#2090,
#2091,#2092,#2093),(#2094,#2095,#2096,#2097),(#2098,#2099,#2100,#2101),
(#2102,#2103,#2104,#2105)),.UNSPECIFIED.,.F.,.F.,.F.,(4,1,4),(4,4),(-1.65540884426524E-14,
0.42857142857142,1.),(0.0236957470067732,1.),.UNSPECIFIED.);
#905=B_SPLINE_SURFACE_WITH_KNOTS('',1,1,((#2199,#2200,#2201),(#2202,#2203,
#2204),(#2205,#2206,#2207)),.UNSPECIFIED.,.F.,.F.,.F.,(2,1,2),(2,1,2),(2.02504679691629E-13,
17.9999999999998,66.4999999999987),(0.,3.,10.5),.UNSPECIFIED.);
#906=B_SPLINE_SURFACE_WITH_KNOTS('',1,1,((#2220,#2221,#2222),(#2223,#2224,
#2225),(#2226,#2227,#2228),(#2229,#2230,#2231)),.UNSPECIFIED.,.F.,.F.,.F.,
(2,1,1,2),(2,1,2),(-66.2000000000287,-3.43547412740008E-12,18.0000000000034,
20.7000000000045),(0.,3.,10.5),.UNSPECIFIED.);
#907=B_SPLINE_SURFACE_WITH_KNOTS('',1,1,((#2232,#2233,#2234,#2235),(#2236,
#2237,#2238,#2239),(#2240,#2241,#2242,#2243)),.UNSPECIFIED.,.F.,.F.,.F.,
(2,1,2),(2,1,1,2),(-48.4999999999987,2.02504679691629E-13,17.9999999999998),
(-113.999999999985,0.,3.,39.6500020000385),.UNSPECIFIED.);
#908=B_SPLINE_SURFACE_WITH_KNOTS('',1,1,((#2256,#2257,#2258),(#2259,#2260,
#2261),(#2262,#2263,#2264),(#2265,#2266,#2267)),.UNSPECIFIED.,.F.,.F.,.F.,
(2,1,1,2),(2,1,2),(-66.2000000000287,-3.43547412740008E-12,18.0000000000034,
20.7000000000045),(0.,3.,10.5),.UNSPECIFIED.);
#909=ADVANCED_FACE('',(#193),#885,.T.);
#910=ADVANCED_FACE('',(#194),#162,.F.);
#911=ADVANCED_FACE('',(#195),#163,.F.);
#912=ADVANCED_FACE('',(#196),#886,.F.);
#913=ADVANCED_FACE('',(#197),#887,.F.);
#914=ADVANCED_FACE('',(#198),#888,.F.);
#915=ADVANCED_FACE('',(#199),#889,.F.);
#916=ADVANCED_FACE('',(#200),#164,.F.);
#917=ADVANCED_FACE('',(#201),#165,.T.);
#918=ADVANCED_FACE('',(#202),#890,.T.);
#919=ADVANCED_FACE('',(#203),#891,.F.);
#920=ADVANCED_FACE('',(#204),#892,.F.);
#921=ADVANCED_FACE('',(#205),#893,.F.);
#922=ADVANCED_FACE('',(#206),#894,.F.);
#923=ADVANCED_FACE('',(#207),#17,.T.);
#924=ADVANCED_FACE('',(#208),#895,.F.);
#925=ADVANCED_FACE('',(#209),#896,.F.);
#926=ADVANCED_FACE('',(#210),#897,.F.);
#927=ADVANCED_FACE('',(#211),#898,.F.);
#928=ADVANCED_FACE('',(#212),#899,.T.);
#929=ADVANCED_FACE('',(#213),#900,.T.);
#930=ADVANCED_FACE('',(#214),#901,.T.);
#931=ADVANCED_FACE('',(#215),#166,.T.);
#932=ADVANCED_FACE('',(#216),#902,.T.);
#933=ADVANCED_FACE('',(#217,#15),#167,.F.);
#934=ADVANCED_FACE('',(#218),#903,.F.);
#935=ADVANCED_FACE('',(#219),#904,.T.);
#936=ADVANCED_FACE('',(#220),#168,.T.);
#937=ADVANCED_FACE('',(#221),#14,.T.);
#938=ADVANCED_FACE('',(#222,#16),#169,.T.);
#939=ADVANCED_FACE('',(#223),#170,.T.);
#940=ADVANCED_FACE('',(#224),#171,.T.);
#941=ADVANCED_FACE('',(#225),#172,.T.);
#942=ADVANCED_FACE('',(#226),#173,.T.);
#943=ADVANCED_FACE('',(#227),#174,.T.);
#944=ADVANCED_FACE('',(#228),#175,.T.);
#945=ADVANCED_FACE('',(#229),#176,.T.);
#946=ADVANCED_FACE('',(#230),#177,.T.);
#947=ADVANCED_FACE('',(#231),#178,.T.);
#948=ADVANCED_FACE('',(#232),#179,.T.);
#949=ADVANCED_FACE('',(#233),#180,.T.);
#950=ADVANCED_FACE('',(#234),#181,.T.);
#951=ADVANCED_FACE('',(#235),#905,.F.);
#952=ADVANCED_FACE('',(#236),#182,.F.);
#953=ADVANCED_FACE('',(#237),#183,.T.);
#954=ADVANCED_FACE('',(#238),#184,.F.);
#955=ADVANCED_FACE('',(#239),#185,.T.);
#956=ADVANCED_FACE('',(#240),#906,.F.);
#957=ADVANCED_FACE('',(#241),#907,.F.);
#958=ADVANCED_FACE('',(#242),#186,.F.);
#959=ADVANCED_FACE('',(#243),#187,.T.);
#960=ADVANCED_FACE('',(#244),#188,.T.);
#961=ADVANCED_FACE('',(#245),#189,.F.);
#962=ADVANCED_FACE('',(#246),#908,.F.);
#963=OPEN_SHELL('',(#909));
#964=SHELL_BASED_SURFACE_MODEL('Body28',(#963));
#965=DERIVED_UNIT_ELEMENT(#967,1.);
#966=DERIVED_UNIT_ELEMENT(#2273,-3.);
#967=(
MASS_UNIT()
NAMED_UNIT(*)
SI_UNIT(.KILO.,.GRAM.)
);
#968=DERIVED_UNIT((#965,#966));
#969=MEASURE_REPRESENTATION_ITEM('density measure',
POSITIVE_RATIO_MEASURE(7850.),#968);
#970=PROPERTY_DEFINITION_REPRESENTATION(#975,#972);
#971=PROPERTY_DEFINITION_REPRESENTATION(#976,#973);
#972=REPRESENTATION('material name',(#974),#2270);
#973=REPRESENTATION('density',(#969),#2270);
#974=DESCRIPTIVE_REPRESENTATION_ITEM('Steel','Steel');
#975=PROPERTY_DEFINITION('material property','material name',#2280);
#976=PROPERTY_DEFINITION('material property','density of part',#2280);
#977=AXIS2_PLACEMENT_3D('',#1179,#1023,#1024);
#978=AXIS2_PLACEMENT_3D('',#1196,#1025,#1026);
#979=AXIS2_PLACEMENT_3D('',#1223,#1033,#1034);
#980=AXIS2_PLACEMENT_3D('',#1579,#1040,#1041);
#981=AXIS2_PLACEMENT_3D('',#1595,#1047,#1048);
#982=AXIS2_PLACEMENT_3D('',#1671,#1055,#1056);
#983=AXIS2_PLACEMENT_3D('',#1703,#1057,#1058);
#984=AXIS2_PLACEMENT_3D('',#1775,#1059,#1060);
#985=AXIS2_PLACEMENT_3D('',#1833,#1061,#1062);
#986=AXIS2_PLACEMENT_3D('',#1840,#1063,#1064);
#987=AXIS2_PLACEMENT_3D('',#1866,#1065,#1066);
#988=AXIS2_PLACEMENT_3D('',#1947,#1069,#1070);
#989=AXIS2_PLACEMENT_3D('',#1989,#1074,#1075);
#990=AXIS2_PLACEMENT_3D('',#1990,#1076,#1077);
#991=AXIS2_PLACEMENT_3D('',#2014,#1080,#1081);
#992=AXIS2_PLACEMENT_3D('',#2015,#1082,#1083);
#993=AXIS2_PLACEMENT_3D('',#2017,#1084,#1085);
#994=AXIS2_PLACEMENT_3D('',#2107,#1088,#1089);
#995=AXIS2_PLACEMENT_3D('',#2108,#1090,#1091);
#996=AXIS2_PLACEMENT_3D('',#2117,#1092,#1093);
#997=AXIS2_PLACEMENT_3D('',#2125,#1095,#1096);
#998=AXIS2_PLACEMENT_3D('',#2130,#1099,#1100);
#999=AXIS2_PLACEMENT_3D('',#2133,#1102,#1103);
#1000=AXIS2_PLACEMENT_3D('',#2135,#1104,#1105);
#1001=AXIS2_PLACEMENT_3D('',#2145,#1107,#1108);
#1002=AXIS2_PLACEMENT_3D('',#2150,#1109,#1110);
#1003=AXIS2_PLACEMENT_3D('',#2175,#1123,#1124);
#1004=AXIS2_PLACEMENT_3D('',#2178,#1127,#1128);
#1005=AXIS2_PLACEMENT_3D('',#2180,#1130,#1131);
#1006=AXIS2_PLACEMENT_3D('',#2182,#1133,#1134);
#1007=AXIS2_PLACEMENT_3D('',#2184,#1136,#1137);
#1008=AXIS2_PLACEMENT_3D('',#2186,#1139,#1140);
#1009=AXIS2_PLACEMENT_3D('',#2188,#1142,#1143);
#1010=AXIS2_PLACEMENT_3D('',#2190,#1145,#1146);
#1011=AXIS2_PLACEMENT_3D('',#2192,#1148,#1149);
#1012=AXIS2_PLACEMENT_3D('',#2194,#1151,#1152);
#1013=AXIS2_PLACEMENT_3D('',#2196,#1154,#1155);
#1014=AXIS2_PLACEMENT_3D('',#2198,#1157,#1158);
#1015=AXIS2_PLACEMENT_3D('',#2212,#1159,#1160);
#1016=AXIS2_PLACEMENT_3D('',#2214,#1162,#1163);
#1017=AXIS2_PLACEMENT_3D('',#2215,#1164,#1165);
#1018=AXIS2_PLACEMENT_3D('',#2219,#1167,#1168);
#1019=AXIS2_PLACEMENT_3D('',#2248,#1169,#1170);
#1020=AXIS2_PLACEMENT_3D('',#2250,#1172,#1173);
#1021=AXIS2_PLACEMENT_3D('',#2251,#1174,#1175);
#1022=AXIS2_PLACEMENT_3D('',#2253,#1177,#1178);
#1023=DIRECTION('axis',(0.,0.,1.));
#1024=DIRECTION('refdir',(1.,0.,0.));
#1025=DIRECTION('center_axis',(0.951325893333488,-1.05283837203984E-13,
0.308186704244751));
#1026=DIRECTION('ref_axis',(1.10668807837864E-13,1.,0.));
#1027=DIRECTION('',(-0.308186704244751,1.24575188741094E-13,0.951325893333488));
#1028=DIRECTION('',(-1.10670631317587E-13,-1.,0.));
#1029=DIRECTION('',(0.308186704244751,-3.41066551502471E-14,-0.951325893333488));
#1030=DIRECTION('',(0.307181537659929,0.0806998379269186,-0.948223095626473));
#1031=DIRECTION('',(-1.10665802222857E-13,-1.,-1.49066873908435E-17));
#1032=DIRECTION('',(0.291559846987972,-0.324022423013051,-0.900001291670796));
#1033=DIRECTION('center_axis',(3.04878835501587E-13,0.996398007205858,0.0847998304019228));
#1034=DIRECTION('ref_axis',(-1.,3.05980976775076E-13,0.));
#1035=DIRECTION('',(-1.71388881026204E-14,-0.0847998304019228,0.996398007205858));
#1036=DIRECTION('',(1.,-3.05980976775076E-13,0.));
#1037=DIRECTION('',(2.59471349367411E-14,0.0847998304019228,-0.996398007205858));
#1038=DIRECTION('',(-0.322487783801301,0.0802692829415662,-0.943164074546403));
#1039=DIRECTION('',(1.,-3.0597830384993E-13,-3.1406870464246E-17));
#1040=DIRECTION('center_axis',(-2.15465320833926E-17,-0.940880095846728,
0.33873978986746));
#1041=DIRECTION('ref_axis',(0.,-0.33873978986746,-0.940880095846728));
#1042=DIRECTION('',(-6.84626764809178E-14,-0.33873978986746,-0.940880095846728));
#1043=DIRECTION('',(-1.,3.42076412572844E-17,3.14068704642415E-17));
#1044=DIRECTION('',(0.301943307514208,0.32292940925592,0.896965348096014));
#1045=DIRECTION('',(0.,0.33873978986746,0.940880095846728));
#1046=DIRECTION('',(-1.,2.29004016330074E-17,0.));
#1047=DIRECTION('center_axis',(0.946450232904348,0.0112553542497395,-0.322653488491939));
#1048=DIRECTION('ref_axis',(-0.0118913367601302,0.999929295555469,-6.93889390390723E-18));
#1049=DIRECTION('',(-0.322673927789771,1.30431212322248E-13,-0.946510188177983));
#1050=DIRECTION('',(0.0118913367601302,-0.999929295555469,-1.52791030950673E-17));
#1051=DIRECTION('',(-0.0118913367601302,0.999929295555469,0.));
#1052=DIRECTION('',(0.283887319776317,-0.44546146208763,-0.849100745179846));
#1053=DIRECTION('',(0.,-1.,0.));
#1054=DIRECTION('',(0.29777228202692,0.228186493438144,-0.926964180682773));
#1055=DIRECTION('center_axis',(-0.994813819726965,0.0344541232038967,0.0956994120906515));
#1056=DIRECTION('ref_axis',(-3.5527136788015E-13,-0.940880095846672,0.338739789867618));
#1057=DIRECTION('center_axis',(-0.994813819708137,-0.0344541232665919,-0.0956994122637981));
#1058=DIRECTION('ref_axis',(6.78568312650894E-13,-0.94088009584662,0.338739789867762));
#1059=DIRECTION('center_axis',(1.54229290011481E-5,0.999394921100944,0.0347820562901446));
#1060=DIRECTION('ref_axis',(-0.952782696081291,-0.0105469893257358,0.303469759719531));
#1061=DIRECTION('center_axis',(-1.54241769311753E-5,0.99939492096388,0.0347820602278694));
#1062=DIRECTION('ref_axis',(-0.108911380467582,-0.0345768367136435,0.993449925042789));
#1063=DIRECTION('center_axis',(0.995487877889394,-0.0080465544182008,0.0945470144280915));
#1064=DIRECTION('ref_axis',(-1.25766064229259E-12,0.996398007205938,0.0847998304009824));
#1065=DIRECTION('center_axis',(0.99548787836893,0.0080465540454671,-0.094547009410763));
#1066=DIRECTION('ref_axis',(-5.05622210766887E-11,0.996398007203712,0.0847998304271441));
#1067=DIRECTION('',(-0.429122651623377,-0.305965437746469,-0.849846398338154));
#1068=DIRECTION('',(-0.283887319779165,-0.445461462087239,-0.849100745179099));
#1069=DIRECTION('center_axis',(0.,0.,-1.));
#1070=DIRECTION('ref_axis',(-1.,-7.10542735760095E-15,0.));
#1071=DIRECTION('',(0.,1.,0.));
#1072=DIRECTION('',(-0.297772282029797,0.228186493439303,-0.926964180681563));
#1073=DIRECTION('',(-0.430528385912501,0.0765383797198968,-0.899325961680985));
#1074=DIRECTION('center_axis',(0.,0.,-1.));
#1075=DIRECTION('ref_axis',(-7.10542735760095E-15,1.,0.));
#1076=DIRECTION('center_axis',(0.,0.996398007205757,0.0847998304031115));
#1077=DIRECTION('ref_axis',(0.,-0.0847998304031115,0.996398007205757));
#1078=DIRECTION('',(1.,0.,0.));
#1079=DIRECTION('',(0.430528385910544,0.0765383797185897,-0.899325961682034));
#1080=DIRECTION('center_axis',(0.,0.,-1.));
#1081=DIRECTION('ref_axis',(1.,7.10542735760095E-15,0.));
#1082=DIRECTION('center_axis',(3.14068704642415E-17,-1.49066873908469E-17,
1.));
#1083=DIRECTION('ref_axis',(1.,0.,-3.14068704642415E-17));
#1084=DIRECTION('center_axis',(0.,0.,-1.));
#1085=DIRECTION('ref_axis',(7.10542735760095E-15,-1.,0.));
#1086=DIRECTION('',(-1.,0.,0.));
#1087=DIRECTION('',(0.42912265162083,-0.305965437746879,-0.849846398339293));
#1088=DIRECTION('center_axis',(-2.15465320833926E-17,-0.940880095846728,
0.33873978986746));
#1089=DIRECTION('ref_axis',(0.,-0.33873978986746,-0.940880095846728));
#1090=DIRECTION('center_axis',(0.,0.,1.));
#1091=DIRECTION('ref_axis',(0.,1.,0.));
#1092=DIRECTION('center_axis',(0.,0.,1.));
#1093=DIRECTION('ref_axis',(0.,1.,0.));
#1094=DIRECTION('',(0.,0.,-1.));
#1095=DIRECTION('center_axis',(0.,0.,1.));
#1096=DIRECTION('ref_axis',(0.,1.,0.));
#1097=DIRECTION('',(0.,0.,-1.));
#1098=DIRECTION('',(0.,0.,1.));
#1099=DIRECTION('center_axis',(0.,0.,1.));
#1100=DIRECTION('ref_axis',(0.,1.,0.));
#1101=DIRECTION('',(0.,0.,-1.));
#1102=DIRECTION('center_axis',(0.,-3.06161699786838E-16,-1.));
#1103=DIRECTION('ref_axis',(0.,1.,0.));
#1104=DIRECTION('center_axis',(0.,0.,1.));
#1105=DIRECTION('ref_axis',(0.,1.,0.));
#1106=DIRECTION('',(0.,0.,1.));
#1107=DIRECTION('center_axis',(0.,0.,1.));
#1108=DIRECTION('ref_axis',(0.,1.,0.));
#1109=DIRECTION('center_axis',(0.,-3.06161699786838E-16,-1.));
#1110=DIRECTION('ref_axis',(0.,1.,-3.06161699786838E-16));
#1111=DIRECTION('',(0.,-1.,3.06161699786838E-16));
#1112=DIRECTION('',(-1.,0.,0.));
#1113=DIRECTION('',(0.,-1.,3.06161699786838E-16));
#1114=DIRECTION('',(1.,0.,0.));
#1115=DIRECTION('',(0.,-1.,3.06161699786838E-16));
#1116=DIRECTION('',(1.,0.,0.));
#1117=DIRECTION('',(0.,1.,-3.06161699786838E-16));
#1118=DIRECTION('',(1.,0.,0.));
#1119=DIRECTION('',(0.,1.,-3.06161699786838E-16));
#1120=DIRECTION('',(-1.,0.,0.));
#1121=DIRECTION('',(0.,1.,-3.06161699786838E-16));
#1122=DIRECTION('',(-1.,0.,0.));
#1123=DIRECTION('center_axis',(0.,-1.,0.));
#1124=DIRECTION('ref_axis',(1.,0.,0.));
#1125=DIRECTION('',(0.,0.,1.));
#1126=DIRECTION('',(0.,0.,1.));
#1127=DIRECTION('center_axis',(-1.,0.,0.));
#1128=DIRECTION('ref_axis',(0.,-1.,3.06161699786838E-16));
#1129=DIRECTION('',(0.,0.,1.));
#1130=DIRECTION('center_axis',(1.,0.,0.));
#1131=DIRECTION('ref_axis',(0.,1.,-3.06161699786838E-16));
#1132=DIRECTION('',(0.,0.,1.));
#1133=DIRECTION('center_axis',(0.,-1.,0.));
#1134=DIRECTION('ref_axis',(1.,0.,0.));
#1135=DIRECTION('',(0.,0.,1.));
#1136=DIRECTION('center_axis',(0.,-1.,0.));
#1137=DIRECTION('ref_axis',(1.,0.,0.));
#1138=DIRECTION('',(0.,0.,1.));
#1139=DIRECTION('center_axis',(-1.,0.,0.));
#1140=DIRECTION('ref_axis',(0.,-1.,3.06161699786838E-16));
#1141=DIRECTION('',(0.,0.,1.));
#1142=DIRECTION('center_axis',(1.,0.,0.));
#1143=DIRECTION('ref_axis',(0.,1.,-3.06161699786838E-16));
#1144=DIRECTION('',(0.,0.,1.));
#1145=DIRECTION('center_axis',(0.,1.,0.));
#1146=DIRECTION('ref_axis',(-1.,0.,0.));
#1147=DIRECTION('',(0.,0.,1.));
#1148=DIRECTION('center_axis',(0.,1.,0.));
#1149=DIRECTION('ref_axis',(-1.,0.,0.));
#1150=DIRECTION('',(0.,0.,1.));
#1151=DIRECTION('center_axis',(-1.,0.,0.));
#1152=DIRECTION('ref_axis',(0.,-1.,3.06161699786838E-16));
#1153=DIRECTION('',(0.,0.,1.));
#1154=DIRECTION('center_axis',(0.,1.,0.));
#1155=DIRECTION('ref_axis',(-1.,0.,0.));
#1156=DIRECTION('',(0.,0.,1.));
#1157=DIRECTION('center_axis',(1.,0.,0.));
#1158=DIRECTION('ref_axis',(0.,1.,-3.06161699786838E-16));
#1159=DIRECTION('center_axis',(0.,0.,1.));
#1160=DIRECTION('ref_axis',(1.,0.,0.));
#1161=DIRECTION('',(1.,-4.04219867454635E-13,0.));
#1162=DIRECTION('center_axis',(-4.04219867454635E-13,-1.,0.));
#1163=DIRECTION('ref_axis',(0.,0.,-1.));
#1164=DIRECTION('center_axis',(0.,0.,1.));
#1165=DIRECTION('ref_axis',(1.,0.,0.));
#1166=DIRECTION('',(-2.02109933727317E-13,-1.,0.));
#1167=DIRECTION('center_axis',(1.,-2.02109933727317E-13,0.));
#1168=DIRECTION('ref_axis',(0.,0.,-1.));
#1169=DIRECTION('center_axis',(0.,0.,1.));
#1170=DIRECTION('ref_axis',(1.,0.,0.));
#1171=DIRECTION('',(-1.,4.04219867454635E-13,0.));
#1172=DIRECTION('center_axis',(-4.04219867454635E-13,-1.,0.));
#1173=DIRECTION('ref_axis',(0.,0.,-1.));
#1174=DIRECTION('center_axis',(1.,-2.02109933727317E-13,0.));
#1175=DIRECTION('ref_axis',(0.,0.,-1.));
#1176=DIRECTION('',(-2.02109933727317E-13,-1.,0.));
#1177=DIRECTION('center_axis',(0.,0.,1.));
#1178=DIRECTION('ref_axis',(1.,0.,0.));
#1179=CARTESIAN_POINT('',(0.,0.,0.));
#1180=CARTESIAN_POINT('Ctrl Pts',(247.655043830175,278.537362314228,10.154746994852));
#1181=CARTESIAN_POINT('Ctrl Pts',(247.655043830175,278.572203637668,10.155962389855));
#1182=CARTESIAN_POINT('Ctrl Pts',(247.655043830175,278.593121147087,8.55632711921155));
#1183=CARTESIAN_POINT('Ctrl Pts',(247.655043830175,278.627962470528,8.55754251421461));
#1184=CARTESIAN_POINT('',(247.655043830175,278.572203637659,9.15596238985472));
#1185=CARTESIAN_POINT('',(247.655043830175,278.593121147096,8.5563271192118));
#1186=CARTESIAN_POINT('Ctrl Pts',(247.655043830175,278.572203637659,9.15596238985472));
#1187=CARTESIAN_POINT('Ctrl Pts',(247.655043830175,278.593121147096,8.5563271192118));
#1188=CARTESIAN_POINT('',(247.655043830175,278.593121147096,9.5563271192118));
#1189=CARTESIAN_POINT('Ctrl Pts',(247.655043830175,278.593121147096,8.5563271192118));
#1190=CARTESIAN_POINT('Ctrl Pts',(247.655043830175,278.593121147096,9.5563271192118));
#1191=CARTESIAN_POINT('',(247.655043830175,278.572203637659,10.1559623898547));
#1192=CARTESIAN_POINT('Ctrl Pts',(247.655043830175,278.572203637659,10.1559623898547));
#1193=CARTESIAN_POINT('Ctrl Pts',(247.655043830175,278.593121147096,9.5563271192118));
#1194=CARTESIAN_POINT('Ctrl Pts',(247.655043830175,278.572203637659,9.15596238985472));
#1195=CARTESIAN_POINT('Ctrl Pts',(247.655043830175,278.572203637659,10.1559623898547));
#1196=CARTESIAN_POINT('Origin',(152.34706492306,248.722313194535,6.09768147436491));
#1197=CARTESIAN_POINT('',(152.918823449552,247.81639455095,4.33274910222304));
#1198=CARTESIAN_POINT('',(151.820318303528,247.81639455095,7.72366887577861));
#1199=CARTESIAN_POINT('',(151.883865483828,247.81639455095,7.52750831065983));
#1200=CARTESIAN_POINT('',(152.918823449552,248.46639455096,4.33274910222318));
#1201=CARTESIAN_POINT('',(152.918823449552,248.594353872754,4.33274910222304));
#1202=CARTESIAN_POINT('',(151.813225446995,248.466394550969,7.74556345456437));
#1203=CARTESIAN_POINT('',(152.34706492306,248.466394550969,6.09768147436491));
#1204=CARTESIAN_POINT('',(151.739647040622,255.208349069167,7.97268890225131));
#1205=CARTESIAN_POINT('Ctrl Pts',(151.813225446995,248.466394550969,7.74556345456456));
#1206=CARTESIAN_POINT('Ctrl Pts',(151.800959800034,249.590423904506,7.78342565754641));
#1207=CARTESIAN_POINT('Ctrl Pts',(151.788693423041,250.714453174173,7.82129011404954));
#1208=CARTESIAN_POINT('Ctrl Pts',(151.764167286742,252.961771346818,7.89699859918578));
#1209=CARTESIAN_POINT('Ctrl Pts',(151.751907528417,254.085060249904,7.93484262485075));
#1210=CARTESIAN_POINT('Ctrl Pts',(151.739647040627,255.208349069176,7.97268890225156));
#1211=CARTESIAN_POINT('',(154.322438840936,255.886875784258,9.4759200486294E-11));
#1212=CARTESIAN_POINT('',(152.164695575784,255.320013813603,6.66062815514105));
#1213=CARTESIAN_POINT('',(154.322438840936,240.469937907665,9.4759200486294E-11));
#1214=CARTESIAN_POINT('',(154.322438840936,248.431853872748,9.47597555978064E-11));
#1215=CARTESIAN_POINT('',(151.870746989507,243.194603674879,7.56800312486549));
#1216=CARTESIAN_POINT('',(151.644531124266,243.446006649378,8.26629739623731));
#1217=CARTESIAN_POINT('Ctrl Pts',(151.870746989508,243.194603674856,7.56800312486469));
#1218=CARTESIAN_POINT('Ctrl Pts',(151.863046592936,243.900402934901,7.59177308815875));
#1219=CARTESIAN_POINT('Ctrl Pts',(151.855345909239,244.606202161899,7.61554393967539));
#1220=CARTESIAN_POINT('Ctrl Pts',(151.838536462092,246.146799133785,7.66743216880054));
#1221=CARTESIAN_POINT('Ctrl Pts',(151.829427583839,246.981596865503,7.69554990079349));
#1222=CARTESIAN_POINT('Ctrl Pts',(151.82031830353,247.81639455095,7.72366887577884));
#1223=CARTESIAN_POINT('Origin',(146.910710974439,255.458714254378,5.03089797610049));
#1224=CARTESIAN_POINT('',(142.100539991595,255.518131179815,4.33274910222304));
#1225=CARTESIAN_POINT('',(142.100539991595,255.251281079541,7.46823778038779));
#1226=CARTESIAN_POINT('',(142.100539991595,255.398528832588,5.73807668213875));
#1227=CARTESIAN_POINT('',(141.450539991592,255.518131179815,4.332749102223));
#1228=CARTESIAN_POINT('',(144.343125483012,255.518131179815,4.33274910222304));
#1229=CARTESIAN_POINT('',(141.450539991592,255.251281648402,7.46823109618668));
#1230=CARTESIAN_POINT('',(141.45053999159,255.458714254378,5.03089797610049));
#1231=CARTESIAN_POINT('',(131.945474654865,255.209482142186,7.95937529442614));
#1232=CARTESIAN_POINT('Ctrl Pts',(141.450539991593,255.251281648407,7.46823109618678));
#1233=CARTESIAN_POINT('Ctrl Pts',(141.062668786932,255.251172927723,7.46950822116516));
#1234=CARTESIAN_POINT('Ctrl Pts',(140.67489457618,255.250868828312,7.47307895530068));
#1235=CARTESIAN_POINT('Ctrl Pts',(140.287227273066,255.250369557998,7.47894457857948));
#1236=CARTESIAN_POINT('Ctrl Pts',(139.336077642847,255.249144588106,7.49333600485612));
#1237=CARTESIAN_POINT('Ctrl Pts',(138.385604855662,255.246744917885,7.52153688577449));
#1238=CARTESIAN_POINT('Ctrl Pts',(137.435941126665,255.243177506924,7.56345435616738));
#1239=CARTESIAN_POINT('Ctrl Pts',(137.1787943537,255.242211535298,7.5748046288094));
#1240=CARTESIAN_POINT('Ctrl Pts',(136.921706915235,255.241159934657,7.58716089668025));
#1241=CARTESIAN_POINT('Ctrl Pts',(136.664681483487,255.240022820398,7.60052197046066));
#1242=CARTESIAN_POINT('Ctrl Pts',(135.089189866605,255.233052638615,7.68242149141633));
#1243=CARTESIAN_POINT('Ctrl Pts',(133.515217313418,255.22286569604,7.80211852709922));
#1244=CARTESIAN_POINT('Ctrl Pts',(131.94547465486,255.209482142174,7.95937529442661));
#1245=CARTESIAN_POINT('',(129.223995573566,255.886875784267,9.47597555978064E-11));
#1246=CARTESIAN_POINT('',(132.110449549609,255.168418830117,8.44186921121835));
#1247=CARTESIAN_POINT('',(146.724375483018,255.886875784258,9.4759200486294E-11));
#1248=CARTESIAN_POINT('Ctrl Pts',(151.739647040622,255.208349069168,7.97268890225115));
#1249=CARTESIAN_POINT('Ctrl Pts',(150.157036749645,255.222036028317,7.81186713225675));
#1250=CARTESIAN_POINT('Ctrl Pts',(148.571633850383,255.232453143371,7.68946603045488));
#1251=CARTESIAN_POINT('Ctrl Pts',(145.357321601887,255.246925314532,7.51941801926055));
#1252=CARTESIAN_POINT('Ctrl Pts',(143.728751063336,255.250822087157,7.47363094091735));
#1253=CARTESIAN_POINT('Ctrl Pts',(142.100539991591,255.251281079543,7.46823778038808));
#1254=CARTESIAN_POINT('Ctrl Pts',(139.775539945058,250.140730418215,7.31020681963859));
#1255=CARTESIAN_POINT('Ctrl Pts',(139.946087367337,250.140851376113,7.30673158942612));
#1256=CARTESIAN_POINT('Ctrl Pts',(140.116650960089,250.140956859317,7.30370097289988));
#1257=CARTESIAN_POINT('Ctrl Pts',(141.449815378737,250.141660171582,7.28349435572863));
#1258=CARTESIAN_POINT('Ctrl Pts',(142.612948992006,250.141553670005,7.28655494516543));
#1259=CARTESIAN_POINT('Ctrl Pts',(143.775539963677,250.140730185344,7.31021564991843));
#1260=CARTESIAN_POINT('Ctrl Pts',(139.77553996988,248.807382250413,7.26379989160437));
#1261=CARTESIAN_POINT('Ctrl Pts',(139.946087392159,248.807503208311,7.2603246613919));
#1262=CARTESIAN_POINT('Ctrl Pts',(140.116650984911,248.807608691515,7.25729404486566));
#1263=CARTESIAN_POINT('Ctrl Pts',(141.449815403559,248.808312003781,7.23708742769441));
#1264=CARTESIAN_POINT('Ctrl Pts',(142.612949016828,248.808205502204,7.24014801713121));
#1265=CARTESIAN_POINT('Ctrl Pts',(143.7755399885,248.807382017542,7.26380872188421));
#1266=CARTESIAN_POINT('Ctrl Pts',(139.775539994703,247.474034082612,7.21739296357014));
#1267=CARTESIAN_POINT('Ctrl Pts',(139.946087416981,247.47415504051,7.21391773335768));
#1268=CARTESIAN_POINT('Ctrl Pts',(140.116651009733,247.474260523714,7.21088711683143));
#1269=CARTESIAN_POINT('Ctrl Pts',(141.449815428381,247.474963835979,7.19068049966019));
#1270=CARTESIAN_POINT('Ctrl Pts',(142.61294904165,247.474857334403,7.19374108909699));
#1271=CARTESIAN_POINT('Ctrl Pts',(143.775540013322,247.474033849741,7.21740179384999));
#1272=CARTESIAN_POINT('Ctrl Pts',(139.775540019525,246.140685914811,7.17098603553593));
#1273=CARTESIAN_POINT('Ctrl Pts',(139.946087441804,246.140806872709,7.16751080532346));
#1274=CARTESIAN_POINT('Ctrl Pts',(140.116651034556,246.140912355913,7.16448018879722));
#1275=CARTESIAN_POINT('Ctrl Pts',(141.449815453204,246.141615668178,7.14427357162597));
#1276=CARTESIAN_POINT('Ctrl Pts',(142.612949066472,246.141509166602,7.14733416106277));
#1277=CARTESIAN_POINT('Ctrl Pts',(143.775540038144,246.14068568194,7.17099486581577));
#1278=CARTESIAN_POINT('',(142.27553999159,250.141394550969,7.29112651908579));
#1279=CARTESIAN_POINT('',(141.275539991591,250.141394550969,7.29111651428052));
#1280=CARTESIAN_POINT('Ctrl Pts',(142.27553999159,250.141394550969,7.29112651908592));
#1281=CARTESIAN_POINT('Ctrl Pts',(142.108844304369,250.141394550969,7.29027556830454));
#1282=CARTESIAN_POINT('Ctrl Pts',(141.942147582142,250.141394550969,7.28984917181022));
#1283=CARTESIAN_POINT('Ctrl Pts',(141.608816401417,250.141394550969,7.28984595438935));
#1284=CARTESIAN_POINT('Ctrl Pts',(141.442179661956,250.141394550969,7.29026882826429));
#1285=CARTESIAN_POINT('Ctrl Pts',(141.275539991591,250.141394550969,7.29111651428064));
#1286=CARTESIAN_POINT('',(142.27553999159,248.641394550973,7.23891930575451));
#1287=CARTESIAN_POINT('Ctrl Pts',(142.27553999159,248.641394550964,7.23891930575432));
#1288=CARTESIAN_POINT('Ctrl Pts',(142.27553999159,249.141394550948,7.25632171019762));
#1289=CARTESIAN_POINT('Ctrl Pts',(142.275539991597,249.641394550936,7.27372411464096));
#1290=CARTESIAN_POINT('Ctrl Pts',(142.275539991597,250.141394550919,7.29112651908423));
#1291=CARTESIAN_POINT('',(143.775539991591,248.641394550978,7.25803155984841));
#1292=CARTESIAN_POINT('Ctrl Pts',(143.775539991591,248.641394550973,7.25803155984832));
#1293=CARTESIAN_POINT('Ctrl Pts',(143.275607570463,248.641394550973,7.24784475952241));
#1294=CARTESIAN_POINT('Ctrl Pts',(142.775578437634,248.641394550973,7.2414719097828));
#1295=CARTESIAN_POINT('Ctrl Pts',(142.275539991595,248.641394550973,7.23891930575469));
#1296=CARTESIAN_POINT('',(143.775539991591,247.641394550969,7.22322675067642));
#1297=CARTESIAN_POINT('Ctrl Pts',(143.775539991591,247.641394551006,7.22322675067728));
#1298=CARTESIAN_POINT('Ctrl Pts',(143.775539991591,247.805800969736,7.22894888470771));
#1299=CARTESIAN_POINT('Ctrl Pts',(143.775539991591,247.970207388462,7.23467101873827));
#1300=CARTESIAN_POINT('Ctrl Pts',(143.775539991591,248.303540721786,7.24627262179525));
#1301=CARTESIAN_POINT('Ctrl Pts',(143.775539991591,248.472467636379,7.25215209082178));
#1302=CARTESIAN_POINT('Ctrl Pts',(143.775539991591,248.641394550973,7.25803155984819));
#1303=CARTESIAN_POINT('',(142.27553999159,247.641394550969,7.20411449686691));
#1304=CARTESIAN_POINT('Ctrl Pts',(142.27553999159,247.641394550969,7.20411449686695));
#1305=CARTESIAN_POINT('Ctrl Pts',(142.775578437638,247.641394550969,7.20666710080027));
#1306=CARTESIAN_POINT('Ctrl Pts',(143.275607570467,247.641394550969,7.21303995044522));
#1307=CARTESIAN_POINT('Ctrl Pts',(143.775539991591,247.641394550969,7.2232267506763));
#1308=CARTESIAN_POINT('',(142.27553999159,246.141394550973,7.15190728353562));
#1309=CARTESIAN_POINT('Ctrl Pts',(142.27553999159,246.141394550964,7.1519072835356));
#1310=CARTESIAN_POINT('Ctrl Pts',(142.27553999159,246.64139455097,7.16930968797939));
#1311=CARTESIAN_POINT('Ctrl Pts',(142.27553999159,247.141394550963,7.18671209242312));
#1312=CARTESIAN_POINT('Ctrl Pts',(142.27553999159,247.641394550969,7.20411449686688));
#1313=CARTESIAN_POINT('',(141.275539991591,246.141394550973,7.15189727948901));
#1314=CARTESIAN_POINT('Ctrl Pts',(141.275539991586,246.141394550973,7.15189727948939));
#1315=CARTESIAN_POINT('Ctrl Pts',(141.442179224307,246.141394550973,7.15104959557275));
#1316=CARTESIAN_POINT('Ctrl Pts',(141.60881552616,246.141394550964,7.15062672156611));
#1317=CARTESIAN_POINT('Ctrl Pts',(141.942146706904,246.141394550964,7.1506299342741));
#1318=CARTESIAN_POINT('Ctrl Pts',(142.108843866745,246.141394550973,7.15105633064678));
#1319=CARTESIAN_POINT('Ctrl Pts',(142.275539991588,246.141394550973,7.15190728353569));
#1320=CARTESIAN_POINT('',(141.275539991591,247.641394550969,7.20410449253593));
#1321=CARTESIAN_POINT('Ctrl Pts',(141.275539991591,247.641394550969,7.20410449253587));
#1322=CARTESIAN_POINT('Ctrl Pts',(141.275539991591,247.141394550986,7.18670208818752));
#1323=CARTESIAN_POINT('Ctrl Pts',(141.275539991591,246.641394551007,7.16929968383921));
#1324=CARTESIAN_POINT('Ctrl Pts',(141.275539991591,246.141394551023,7.15189727949081));
#1325=CARTESIAN_POINT('',(139.77553999159,247.641394550965,7.22321791267049));
#1326=CARTESIAN_POINT('Ctrl Pts',(139.775539991592,247.641394550973,7.22321791267076));
#1327=CARTESIAN_POINT('Ctrl Pts',(139.946113217581,247.64139455287,7.21973794617092));
#1328=CARTESIAN_POINT('Ctrl Pts',(140.116674548173,247.641394564225,7.21670382790537));
#1329=CARTESIAN_POINT('Ctrl Pts',(140.287227416453,247.641394567937,7.21411564658274));
#1330=CARTESIAN_POINT('Ctrl Pts',(140.61669244385,247.641394575106,7.2091159345347));
#1331=CARTESIAN_POINT('Ctrl Pts',(140.946121889806,247.641394556657,7.20578021833716));
#1332=CARTESIAN_POINT('Ctrl Pts',(141.275539990433,247.641394551348,7.20410448163654));
#1333=CARTESIAN_POINT('',(139.77553999159,248.641394550973,7.25802272108351));
#1334=CARTESIAN_POINT('Ctrl Pts',(139.77553999159,248.641394551009,7.25802272108478));
#1335=CARTESIAN_POINT('Ctrl Pts',(139.77553999159,248.472467714028,7.25214325488788));
#1336=CARTESIAN_POINT('Ctrl Pts',(139.77553999159,248.303540877032,7.24626378869084));
#1337=CARTESIAN_POINT('Ctrl Pts',(139.77553999159,247.97020754369,7.23466218588615));
#1338=CARTESIAN_POINT('Ctrl Pts',(139.77553999159,247.805801047325,7.22894004927845));
#1339=CARTESIAN_POINT('Ctrl Pts',(139.77553999159,247.641394550965,7.22321791267072));
#1340=CARTESIAN_POINT('',(141.275539991591,248.641394550973,7.23890930123362));
#1341=CARTESIAN_POINT('Ctrl Pts',(141.275539990431,248.641394551345,7.23890929033431));
#1342=CARTESIAN_POINT('Ctrl Pts',(140.946121883659,248.641394556677,7.24058502700445));
#1343=CARTESIAN_POINT('Ctrl Pts',(140.61669243147,248.641394575073,7.24392074323144));
#1344=CARTESIAN_POINT('Ctrl Pts',(140.287227397837,248.641394567893,7.24892045537378));
#1345=CARTESIAN_POINT('Ctrl Pts',(140.116674535757,248.641394564177,7.25150863660214));
#1346=CARTESIAN_POINT('Ctrl Pts',(139.946113211367,248.641394552828,7.25454275474143));
#1347=CARTESIAN_POINT('Ctrl Pts',(139.775539991591,248.641394550966,7.25802272108331));
#1348=CARTESIAN_POINT('Ctrl Pts',(141.275539991591,250.141394550978,7.29111651428068));
#1349=CARTESIAN_POINT('Ctrl Pts',(141.275539991591,249.641394550977,7.27371410993175));
#1350=CARTESIAN_POINT('Ctrl Pts',(141.275539991591,249.141394550984,7.25631170558288));
#1351=CARTESIAN_POINT('Ctrl Pts',(141.275539991591,248.641394550978,7.2389093012336));
#1352=CARTESIAN_POINT('Ctrl Pts',(131.9454746544,255.234157400574,7.96023411207712));
#1353=CARTESIAN_POINT('Ctrl Pts',(134.712862434688,255.243823499115,7.68251251674437));
#1354=CARTESIAN_POINT('Ctrl Pts',(137.498331454946,255.249436795252,7.52123467962788));
#1355=CARTESIAN_POINT('Ctrl Pts',(140.674950955748,255.251112639597,7.47308658552416));
#1356=CARTESIAN_POINT('Ctrl Pts',(141.062735313022,255.251237120988,7.46951023570318));
#1357=CARTESIAN_POINT('Ctrl Pts',(141.450539991596,255.251281648414,7.46823109618702));
#1358=CARTESIAN_POINT('Ctrl Pts',(131.945474696496,252.972946586609,7.88153310205741));
#1359=CARTESIAN_POINT('Ctrl Pts',(134.712862476784,252.98261268515,7.60381150672466));
#1360=CARTESIAN_POINT('Ctrl Pts',(137.498331497042,252.988225981287,7.44253366960818));
#1361=CARTESIAN_POINT('Ctrl Pts',(140.674950997843,252.989901825632,7.39438557550446));
#1362=CARTESIAN_POINT('Ctrl Pts',(141.062735355117,252.990026307023,7.39080922568347));
#1363=CARTESIAN_POINT('Ctrl Pts',(141.450540033692,252.990070834449,7.38953008616731));
#1364=CARTESIAN_POINT('Ctrl Pts',(131.945474738592,250.711735772644,7.80283209203769));
#1365=CARTESIAN_POINT('Ctrl Pts',(134.712862518879,250.721401871184,7.52511049670495));
#1366=CARTESIAN_POINT('Ctrl Pts',(137.498331539137,250.727015167322,7.36383265958847));
#1367=CARTESIAN_POINT('Ctrl Pts',(140.674951039939,250.728691011667,7.31568456548475));
#1368=CARTESIAN_POINT('Ctrl Pts',(141.062735397213,250.728815493058,7.31210821566377));
#1369=CARTESIAN_POINT('Ctrl Pts',(141.450540075787,250.728860020484,7.31082907614761));
#1370=CARTESIAN_POINT('Ctrl Pts',(131.945474780688,248.450524958678,7.72413108201798));
#1371=CARTESIAN_POINT('Ctrl Pts',(134.712862560975,248.460191057219,7.44640948668524));
#1372=CARTESIAN_POINT('Ctrl Pts',(137.498331581233,248.465804353357,7.28513164956877));
#1373=CARTESIAN_POINT('Ctrl Pts',(140.674951082035,248.467480197702,7.23698355546505));
#1374=CARTESIAN_POINT('Ctrl Pts',(141.062735439309,248.467604679093,7.23340720564407));
#1375=CARTESIAN_POINT('Ctrl Pts',(141.450540117883,248.467649206519,7.23212806612791));
#1376=CARTESIAN_POINT('',(141.450539991592,250.821762995788,7.31406254671167));
#1377=CARTESIAN_POINT('Ctrl Pts',(141.45053999159,250.821762995788,7.31406254671164));
#1378=CARTESIAN_POINT('Ctrl Pts',(141.45053999159,251.166642045428,7.32606599606969));
#1379=CARTESIAN_POINT('Ctrl Pts',(141.45053999159,251.511521095067,7.33806944542797));
#1380=CARTESIAN_POINT('Ctrl Pts',(141.45053999159,252.988027312599,7.38945896191905));
#1381=CARTESIAN_POINT('Ctrl Pts',(141.450539991592,254.119654480469,7.42884502905213));
#1382=CARTESIAN_POINT('Ctrl Pts',(141.450539991592,255.251281648352,7.46823109618504));
#1383=CARTESIAN_POINT('',(139.095171546767,248.466394550974,7.26817514556837));
#1384=CARTESIAN_POINT('Ctrl Pts',(139.095171555579,248.466394553129,7.26817508387329));
#1385=CARTESIAN_POINT('Ctrl Pts',(139.117292364409,248.648830215493,7.27391980940083));
#1386=CARTESIAN_POINT('Ctrl Pts',(139.157939678322,248.828182201978,7.27905332242853));
#1387=CARTESIAN_POINT('Ctrl Pts',(139.216275178038,249.001718051074,7.28357005773401));
#1388=CARTESIAN_POINT('Ctrl Pts',(139.266647939381,249.151566427336,7.28747026310977));
#1389=CARTESIAN_POINT('Ctrl Pts',(139.330209685272,249.297078053039,7.29091175833304));
#1390=CARTESIAN_POINT('Ctrl Pts',(139.406421758589,249.436492535745,7.29392203826051));
#1391=CARTESIAN_POINT('Ctrl Pts',(139.5266405823,249.656408415076,7.2986705288365));
#1392=CARTESIAN_POINT('Ctrl Pts',(139.676653563356,249.858073905205,7.30227975150913));
#1393=CARTESIAN_POINT('Ctrl Pts',(139.851820206205,250.035939200595,7.30503308196425));
#1394=CARTESIAN_POINT('Ctrl Pts',(139.925973609787,250.111235026431,7.30619865105385));
#1395=CARTESIAN_POINT('Ctrl Pts',(140.004634737553,250.182265623651,7.30721152457248));
#1396=CARTESIAN_POINT('Ctrl Pts',(140.087451287196,250.24860990171,7.30809483516525));
#1397=CARTESIAN_POINT('Ctrl Pts',(140.151870768304,250.300216301464,7.30878192500767));
#1398=CARTESIAN_POINT('Ctrl Pts',(140.218537895918,250.348773557914,7.30938785609517));
#1399=CARTESIAN_POINT('Ctrl Pts',(140.287227363471,250.394153941672,7.30992492259782));
#1400=CARTESIAN_POINT('Ctrl Pts',(140.459733935108,250.5081221336,7.31127371018364));
#1401=CARTESIAN_POINT('Ctrl Pts',(140.644994853596,250.602053266862,7.31219236236248));
#1402=CARTESIAN_POINT('Ctrl Pts',(140.8394377052,250.67392540152,7.31283961146972));
#1403=CARTESIAN_POINT('Ctrl Pts',(141.007686504341,250.736115398468,7.31339966746631));
#1404=CARTESIAN_POINT('Ctrl Pts',(141.18157007747,250.781331102749,7.31375282501224));
#1405=CARTESIAN_POINT('Ctrl Pts',(141.358489436611,250.808990618695,7.31396519327207));
#1406=CARTESIAN_POINT('Ctrl Pts',(141.389086642393,250.813774176048,7.31400192116538));
#1407=CARTESIAN_POINT('Ctrl Pts',(141.419774643599,250.818032636539,7.31403431202966));
#1408=CARTESIAN_POINT('Ctrl Pts',(141.450539991597,250.821762995792,7.31406254671181));
#1409=CARTESIAN_POINT('',(131.945650052871,248.466394550974,7.72466580949933));
#1410=CARTESIAN_POINT('Ctrl Pts',(131.945650052871,248.466394550971,7.72466580949947));
#1411=CARTESIAN_POINT('Ctrl Pts',(133.515303660301,248.466394551529,7.56695501333838));
#1412=CARTESIAN_POINT('Ctrl Pts',(135.089182814481,248.466394578632,7.44691130530373));
#1413=CARTESIAN_POINT('Ctrl Pts',(136.664577119912,248.46639457186,7.36477258231949));
#1414=CARTESIAN_POINT('Ctrl Pts',(137.47418810767,248.466394568379,7.32256066596353));
#1415=CARTESIAN_POINT('Ctrl Pts',(138.284413821921,248.466394515166,7.29034595676521));
#1416=CARTESIAN_POINT('Ctrl Pts',(139.09517155558,248.466394553111,7.2681750838726));
#1417=CARTESIAN_POINT('Ctrl Pts',(131.945474654867,255.209482142186,7.95937529442651));
#1418=CARTESIAN_POINT('Ctrl Pts',(131.945503876259,254.086080162801,7.92027256936891));
#1419=CARTESIAN_POINT('Ctrl Pts',(131.945533097655,252.962678183426,7.88116984432379));
#1420=CARTESIAN_POINT('Ctrl Pts',(131.94559156366,250.714982319682,7.80293334934826));
#1421=CARTESIAN_POINT('Ctrl Pts',(131.945620808265,249.590688435324,7.76379957941776));
#1422=CARTESIAN_POINT('Ctrl Pts',(131.945650052867,248.466394550969,7.72466580949986));
#1423=CARTESIAN_POINT('Ctrl Pts',(142.100539909131,255.251281079543,7.46823778011413));
#1424=CARTESIAN_POINT('Ctrl Pts',(144.620008329435,255.250990162256,7.47659766485916));
#1425=CARTESIAN_POINT('Ctrl Pts',(147.139382335663,255.247327271903,7.58183993976224));
#1426=CARTESIAN_POINT('Ctrl Pts',(150.370495772196,255.238301374461,7.84117070206753));
#1427=CARTESIAN_POINT('Ctrl Pts',(151.092457135037,255.236004274765,7.90717058015569));
#1428=CARTESIAN_POINT('Ctrl Pts',(151.813225321024,255.233431575741,7.98108888430441));
#1429=CARTESIAN_POINT('Ctrl Pts',(142.100539951226,252.990070173114,7.38953676687624));
#1430=CARTESIAN_POINT('Ctrl Pts',(144.620008371531,252.989779255827,7.39789665162127));
#1431=CARTESIAN_POINT('Ctrl Pts',(147.139382377758,252.986116365474,7.50313892652435));
#1432=CARTESIAN_POINT('Ctrl Pts',(150.370495814292,252.977090468032,7.76246968882964));
#1433=CARTESIAN_POINT('Ctrl Pts',(151.092457177132,252.974793368336,7.8284695669178));
#1434=CARTESIAN_POINT('Ctrl Pts',(151.813225363119,252.972220669312,7.90238787106652));
#1435=CARTESIAN_POINT('Ctrl Pts',(142.100539993322,250.728859266685,7.31083575363835));
#1436=CARTESIAN_POINT('Ctrl Pts',(144.620008413626,250.728568349398,7.31919563838338));
#1437=CARTESIAN_POINT('Ctrl Pts',(147.139382419854,250.724905459046,7.42443791328647));
#1438=CARTESIAN_POINT('Ctrl Pts',(150.370495856387,250.715879561603,7.68376867559175));
#1439=CARTESIAN_POINT('Ctrl Pts',(151.092457219228,250.713582461907,7.74976855367991));
#1440=CARTESIAN_POINT('Ctrl Pts',(151.813225405215,250.711009762884,7.82368685782863));
#1441=CARTESIAN_POINT('Ctrl Pts',(142.100540035418,248.467648360256,7.23213474040047));
#1442=CARTESIAN_POINT('Ctrl Pts',(144.620008455722,248.467357442969,7.2404946251455));
#1443=CARTESIAN_POINT('Ctrl Pts',(147.13938246195,248.463694552617,7.34573690004858));
#1444=CARTESIAN_POINT('Ctrl Pts',(150.370495898483,248.454668655175,7.60506766235386));
#1445=CARTESIAN_POINT('Ctrl Pts',(151.092457261324,248.452371555478,7.67106754044202));
#1446=CARTESIAN_POINT('Ctrl Pts',(151.813225447311,248.449798856455,7.74498584459074));
#1447=CARTESIAN_POINT('',(144.455908436414,248.46639455096,7.26816002508409));
#1448=CARTESIAN_POINT('Ctrl Pts',(144.455908431306,248.466394562992,7.26815967938471));
#1449=CARTESIAN_POINT('Ctrl Pts',(145.298708097766,248.466394567455,7.29116950893954));
#1450=CARTESIAN_POINT('Ctrl Pts',(146.141214179012,248.466394567265,7.32501780528506));
#1451=CARTESIAN_POINT('Ctrl Pts',(146.983007161355,248.466394562594,7.36968163158895));
#1452=CARTESIAN_POINT('Ctrl Pts',(147.872129167312,248.466394557661,7.41685663977983));
#1453=CARTESIAN_POINT('Ctrl Pts',(148.760309686907,248.466394723678,7.47608489413664));
#1454=CARTESIAN_POINT('Ctrl Pts',(149.647594801628,248.466394712003,7.54738510202633));
#1455=CARTESIAN_POINT('Ctrl Pts',(150.370067352073,248.466394702497,7.60544134819417));
#1456=CARTESIAN_POINT('Ctrl Pts',(151.091933703662,248.46639455781,7.67150184994122));
#1457=CARTESIAN_POINT('Ctrl Pts',(151.813225447002,248.466394550955,7.74556345456459));
#1458=CARTESIAN_POINT('',(142.100539991595,250.821762995797,7.31406925016611));
#1459=CARTESIAN_POINT('Ctrl Pts',(142.100539991602,250.821762995793,7.31406925016612));
#1460=CARTESIAN_POINT('Ctrl Pts',(142.279286631761,250.800089599674,7.31390873193161));
#1461=CARTESIAN_POINT('Ctrl Pts',(142.455367584942,250.760595969627,7.31361185233315));
#1462=CARTESIAN_POINT('Ctrl Pts',(142.626154013027,250.703904212684,7.31312035866174));
#1463=CARTESIAN_POINT('Ctrl Pts',(142.676433914716,250.68721403421,7.31297566183918));
#1464=CARTESIAN_POINT('Ctrl Pts',(142.7262549346,250.669033260461,7.31281374845365));
#1465=CARTESIAN_POINT('Ctrl Pts',(142.775550018996,250.649377794872,7.31263228841514));
#1466=CARTESIAN_POINT('Ctrl Pts',(142.975657337889,250.569588855087,7.31189567375597));
#1467=CARTESIAN_POINT('Ctrl Pts',(143.165127498793,250.466284630701,7.31084898322955));
#1468=CARTESIAN_POINT('Ctrl Pts',(143.340061936918,250.341910259415,7.30930923064368));
#1469=CARTESIAN_POINT('Ctrl Pts',(143.429694640062,250.278183464281,7.30852029401162));
#1470=CARTESIAN_POINT('Ctrl Pts',(143.515511326038,250.208925116056,7.30760087430424));
#1471=CARTESIAN_POINT('Ctrl Pts',(143.596988041502,250.134464297577,7.30652138631792));
#1472=CARTESIAN_POINT('Ctrl Pts',(143.775020077415,249.971762462654,7.30416263335576));
#1473=CARTESIAN_POINT('Ctrl Pts',(143.930136296428,249.786226810224,7.30106490565438));
#1474=CARTESIAN_POINT('Ctrl Pts',(144.058461751811,249.583014005668,7.29697644985236));
#1475=CARTESIAN_POINT('Ctrl Pts',(144.107239050503,249.505771562723,7.29542240253377));
#1476=CARTESIAN_POINT('Ctrl Pts',(144.152145639689,249.425975097756,7.29372563244137));
#1477=CARTESIAN_POINT('Ctrl Pts',(144.192968804436,249.343907726174,7.29187456625598));
#1478=CARTESIAN_POINT('Ctrl Pts',(144.274375989086,249.180253739188,7.28818327755531));
#1479=CARTESIAN_POINT('Ctrl Pts',(144.338782338364,249.009102570117,7.28390954746861));
#1480=CARTESIAN_POINT('Ctrl Pts',(144.385418547863,248.833153404282,7.27902545117695));
#1481=CARTESIAN_POINT('Ctrl Pts',(144.417303994288,248.712855940983,7.27568616626699));
#1482=CARTESIAN_POINT('Ctrl Pts',(144.440882711236,248.590315604181,7.27206250050074));
#1483=CARTESIAN_POINT('Ctrl Pts',(144.455908431301,248.466394562995,7.26815967938468));
#1484=CARTESIAN_POINT('Ctrl Pts',(142.100539991595,255.251281079541,7.46823778038776));
#1485=CARTESIAN_POINT('Ctrl Pts',(142.100539991595,254.119653883172,7.42885171212389));
#1486=CARTESIAN_POINT('Ctrl Pts',(142.100539991598,252.988026686812,7.38946564386002));
#1487=CARTESIAN_POINT('Ctrl Pts',(142.100539991598,251.511520658896,7.33807613378616));
#1488=CARTESIAN_POINT('Ctrl Pts',(142.100539991595,251.166641827344,7.32607269197624));
#1489=CARTESIAN_POINT('Ctrl Pts',(142.100539991595,250.821762995797,7.31406925016619));
#1490=CARTESIAN_POINT('Ctrl Pts',(131.945666960368,247.81639455097,7.70204098622247));
#1491=CARTESIAN_POINT('Ctrl Pts',(134.712991521706,247.826060238152,7.42433120986952));
#1492=CARTESIAN_POINT('Ctrl Pts',(137.498396146828,247.831673308495,7.26305986016528));
#1493=CARTESIAN_POINT('Ctrl Pts',(140.674951033097,247.833349118753,7.21491274543654));
#1494=CARTESIAN_POINT('Ctrl Pts',(141.062735329609,247.833473600137,7.21133639581353));
#1495=CARTESIAN_POINT('Ctrl Pts',(141.450539947422,247.83351812758,7.21005725577797));
#1496=CARTESIAN_POINT('Ctrl Pts',(131.945666990329,246.206966247471,7.64602514185385));
#1497=CARTESIAN_POINT('Ctrl Pts',(134.712991551668,246.216631934653,7.36831536550091));
#1498=CARTESIAN_POINT('Ctrl Pts',(137.49839617679,246.222245004996,7.20704401579667));
#1499=CARTESIAN_POINT('Ctrl Pts',(140.674951063059,246.223920815254,7.15889690106794));
#1500=CARTESIAN_POINT('Ctrl Pts',(141.062735359571,246.224045296637,7.15532055144492));
#1501=CARTESIAN_POINT('Ctrl Pts',(141.450539977384,246.224089824081,7.15404141140936));
#1502=CARTESIAN_POINT('Ctrl Pts',(131.945667020292,244.597537943971,7.59000929748524));
#1503=CARTESIAN_POINT('Ctrl Pts',(134.71299158163,244.607203631154,7.3122995211323));
#1504=CARTESIAN_POINT('Ctrl Pts',(137.498396206752,244.612816701497,7.15102817142806));
#1505=CARTESIAN_POINT('Ctrl Pts',(140.674951093021,244.614492511755,7.10288105669933));
#1506=CARTESIAN_POINT('Ctrl Pts',(141.062735389533,244.614616993138,7.09930470707632));
#1507=CARTESIAN_POINT('Ctrl Pts',(141.450540007346,244.614661520582,7.09802556704076));
#1508=CARTESIAN_POINT('Ctrl Pts',(131.945667050254,242.988109640472,7.53399345311662));
#1509=CARTESIAN_POINT('Ctrl Pts',(134.712991611592,242.997775327654,7.25628367676369));
#1510=CARTESIAN_POINT('Ctrl Pts',(137.498396236714,243.003388397998,7.09501232705946));
#1511=CARTESIAN_POINT('Ctrl Pts',(140.674951122983,243.005064208256,7.04686521233072));
#1512=CARTESIAN_POINT('Ctrl Pts',(141.062735419495,243.00518868964,7.04328886270771));
#1513=CARTESIAN_POINT('Ctrl Pts',(141.450540037308,243.005233217083,7.04200972267215));
#1514=CARTESIAN_POINT('',(141.450539991592,243.005233217082,7.04200972282286));
#1515=CARTESIAN_POINT('',(141.450539991586,245.461026106141,7.12748312460987));
#1516=CARTESIAN_POINT('Ctrl Pts',(141.45053999159,243.005233217091,7.04200972282295));
#1517=CARTESIAN_POINT('Ctrl Pts',(141.45053999159,243.772241043307,7.06870528350986));
#1518=CARTESIAN_POINT('Ctrl Pts',(141.45053999159,244.539248869523,7.09540084419699));
#1519=CARTESIAN_POINT('Ctrl Pts',(141.45053999159,245.35784649921,7.1238919781259));
#1520=CARTESIAN_POINT('Ctrl Pts',(141.45053999159,245.409436302675,7.12568755136795));
#1521=CARTESIAN_POINT('Ctrl Pts',(141.45053999159,245.461026106141,7.12748312461001));
#1522=CARTESIAN_POINT('',(131.945787434768,243.184819902199,7.5408278202689));
#1523=CARTESIAN_POINT('Ctrl Pts',(131.945787434765,243.184819902204,7.54082782026918));
#1524=CARTESIAN_POINT('Ctrl Pts',(133.505177364566,243.127696449335,7.38216230194394));
#1525=CARTESIAN_POINT('Ctrl Pts',(135.06918587603,243.084111025058,7.26109903018926));
#1526=CARTESIAN_POINT('Ctrl Pts',(136.635158396245,243.054171477799,7.17793946149242));
#1527=CARTESIAN_POINT('Ctrl Pts',(137.588002591868,243.035954220818,7.12733952354942));
#1528=CARTESIAN_POINT('Ctrl Pts',(138.541768483602,243.022785294786,7.09075793367292));
#1529=CARTESIAN_POINT('Ctrl Pts',(139.496314302519,243.014694008663,7.06828114352555));
#1530=CARTESIAN_POINT('Ctrl Pts',(139.7598935374,243.012459757605,7.06207461573797));
#1531=CARTESIAN_POINT('Ctrl Pts',(140.023532257514,243.010612656151,7.05694385658711));
#1532=CARTESIAN_POINT('Ctrl Pts',(140.287227500954,243.009153296987,7.05289138722729));
#1533=CARTESIAN_POINT('Ctrl Pts',(140.674885198975,243.007007896839,7.04693386246184));
#1534=CARTESIAN_POINT('Ctrl Pts',(141.062659503171,243.005700472998,7.04330692611724));
#1535=CARTESIAN_POINT('Ctrl Pts',(141.450539991595,243.00523321708,7.04200972282301));
#1536=CARTESIAN_POINT('',(131.945666960366,247.816394550969,7.70204098622191));
#1537=CARTESIAN_POINT('Ctrl Pts',(131.945666960373,247.816394550973,7.70204098622247));
#1538=CARTESIAN_POINT('Ctrl Pts',(131.945688873022,246.973974150337,7.67271850516372));
#1539=CARTESIAN_POINT('Ctrl Pts',(131.945710785672,246.131553749701,7.64339602411172));
#1540=CARTESIAN_POINT('Ctrl Pts',(131.945750943803,244.587695533455,7.58965830212995));
#1541=CARTESIAN_POINT('Ctrl Pts',(131.945769189281,243.886257717845,7.56524306119771));
#1542=CARTESIAN_POINT('Ctrl Pts',(131.945787434763,243.184819902244,7.54082782027035));
#1543=CARTESIAN_POINT('',(139.095171546769,247.81639455096,7.24555202018354));
#1544=CARTESIAN_POINT('Ctrl Pts',(139.095171555585,247.816394553111,7.24555195849499));
#1545=CARTESIAN_POINT('Ctrl Pts',(138.282324809548,247.816394515164,7.26777995735536));
#1546=CARTESIAN_POINT('Ctrl Pts',(137.470013167261,247.81639456842,7.30010360408631));
#1547=CARTESIAN_POINT('Ctrl Pts',(136.658320921745,247.816394571882,7.34247584585541));
#1548=CARTESIAN_POINT('Ctrl Pts',(135.085023489172,247.816394578593,7.42460566729447));
#1549=CARTESIAN_POINT('Ctrl Pts',(133.513238940423,247.816394551568,7.54453961444824));
#1550=CARTESIAN_POINT('Ctrl Pts',(131.945666960368,247.816394550963,7.70204098622224));
#1551=CARTESIAN_POINT('Ctrl Pts',(141.450539991586,245.461026106146,7.12748312461011));
#1552=CARTESIAN_POINT('Ctrl Pts',(141.274399445258,245.482383488695,7.1288081525067));
#1553=CARTESIAN_POINT('Ctrl Pts',(141.100729809248,245.521059091568,7.13120656216983));
#1554=CARTESIAN_POINT('Ctrl Pts',(140.932058867618,245.576528162772,7.13458619784238));
#1555=CARTESIAN_POINT('Ctrl Pts',(140.743774119532,245.638447424011,7.13835883256585));
#1556=CARTESIAN_POINT('Ctrl Pts',(140.563181567544,245.7208114476,7.14332426380158));
#1557=CARTESIAN_POINT('Ctrl Pts',(140.393450108045,245.821949253462,7.14923588442167));
#1558=CARTESIAN_POINT('Ctrl Pts',(140.357546591517,245.843343065164,7.15048637722522));
#1559=CARTESIAN_POINT('Ctrl Pts',(140.322129046997,245.865576925506,7.15177902026939));
#1560=CARTESIAN_POINT('Ctrl Pts',(140.287227447348,245.888635028324,7.15311119830812));
#1561=CARTESIAN_POINT('Ctrl Pts',(140.242855460422,245.917949840455,7.15480485668233));
#1562=CARTESIAN_POINT('Ctrl Pts',(140.199317478393,245.948596891348,7.15656241750237));
#1563=CARTESIAN_POINT('Ctrl Pts',(140.156675065742,245.98054370778,7.15837830958127));
#1564=CARTESIAN_POINT('Ctrl Pts',(139.901814411086,246.171480055979,7.16923134099377));
#1565=CARTESIAN_POINT('Ctrl Pts',(139.682769686774,246.40597931543,7.18200317182736));
#1566=CARTESIAN_POINT('Ctrl Pts',(139.509647386433,246.673153868144,7.19530402319606));
#1567=CARTESIAN_POINT('Ctrl Pts',(139.402450764623,246.83858726077,7.20353985607907));
#1568=CARTESIAN_POINT('Ctrl Pts',(139.313722115205,247.015219529884,7.21191037394904));
#1569=CARTESIAN_POINT('Ctrl Pts',(139.245018354871,247.199874397919,7.22011096250261));
#1570=CARTESIAN_POINT('Ctrl Pts',(139.238676464793,247.21691947478,7.22086794044581));
#1571=CARTESIAN_POINT('Ctrl Pts',(139.232505202028,247.23403290868,7.2216235077714));
#1572=CARTESIAN_POINT('Ctrl Pts',(139.226505791733,247.251212200556,7.2223774486957));
#1573=CARTESIAN_POINT('Ctrl Pts',(139.167436622951,247.420356573316,7.229800622227));
#1574=CARTESIAN_POINT('Ctrl Pts',(139.125365888001,247.594914256783,7.23701928330804));
#1575=CARTESIAN_POINT('Ctrl Pts',(139.100887335226,247.772296892612,7.2438610115943));
#1576=CARTESIAN_POINT('Ctrl Pts',(139.098861466138,247.786977253907,7.24442723975217));
#1577=CARTESIAN_POINT('Ctrl Pts',(139.096956093833,247.801676963341,7.2449909158565));
#1578=CARTESIAN_POINT('Ctrl Pts',(139.095171555583,247.816394553105,7.24555195849486));
#1579=CARTESIAN_POINT('Origin',(150.886394456734,243.526005023282,8.4885000425039));
#1580=CARTESIAN_POINT('',(142.100539991595,243.005235660758,7.04201651036461));
#1581=CARTESIAN_POINT('',(142.100539991595,242.029833293791,4.33274910222304));
#1582=CARTESIAN_POINT('',(142.100539991595,243.367588767155,8.04848470712339));
#1583=CARTESIAN_POINT('Ctrl Pts',(142.100539991595,243.00523566076,7.04201651036508));
#1584=CARTESIAN_POINT('Ctrl Pts',(143.739924003828,243.007221325117,7.04753187090512));
#1585=CARTESIAN_POINT('Ctrl Pts',(145.379496605553,243.024181148076,7.09463929767131));
#1586=CARTESIAN_POINT('Ctrl Pts',(148.638054974656,243.087618721279,7.2708428371927));
#1587=CARTESIAN_POINT('Ctrl Pts',(150.256017130396,243.133804631082,7.39912833701633));
#1588=CARTESIAN_POINT('Ctrl Pts',(151.870746989505,243.194603674873,7.56800312486499));
#1589=CARTESIAN_POINT('',(129.407336536688,240.469937907665,9.47597555978064E-11));
#1590=CARTESIAN_POINT('',(148.712217224165,240.469937907665,9.47580902632694E-11));
#1591=CARTESIAN_POINT('',(133.03122609954,244.345700299536,10.7652770647348));
#1592=CARTESIAN_POINT('',(141.450539991592,242.029833293791,4.33274910222356));
#1593=CARTESIAN_POINT('',(141.450539991592,243.526005023282,8.4885000425039));
#1594=CARTESIAN_POINT('',(146.330967224162,242.029833293791,4.33274910222304));
#1595=CARTESIAN_POINT('Origin',(131.508248873306,248.248938883239,6.43403668661685));
#1596=CARTESIAN_POINT('',(130.797044727183,247.816394550973,4.33274910222304));
#1597=CARTESIAN_POINT('',(131.955543610361,247.816394550969,7.73101249286713));
#1598=CARTESIAN_POINT('',(129.316839447149,248.079737614471,9.47597555978064E-11));
#1599=CARTESIAN_POINT('',(130.78931481175,248.46639455096,4.3327491022233));
#1600=CARTESIAN_POINT('Ctrl Pts',(130.78931481175,248.466394550969,4.33274910222304));
#1601=CARTESIAN_POINT('Ctrl Pts',(131.174759892128,248.466394550969,5.46338800465777));
#1602=CARTESIAN_POINT('Ctrl Pts',(131.560204972509,248.466394550974,6.59402690709913));
#1603=CARTESIAN_POINT('Ctrl Pts',(131.94565005289,248.466394550974,7.72466580953532));
#1604=CARTESIAN_POINT('',(130.791435217143,248.288092017133,4.33274910222304));
#1605=CARTESIAN_POINT('Ctrl Pts',(152.613985394305,254.650656223544,9.10257279700664));
#1606=CARTESIAN_POINT('Ctrl Pts',(153.588670260069,255.397568999349,6.06838186470268));
#1607=CARTESIAN_POINT('Ctrl Pts',(154.563355125833,256.144481775153,3.03419093239872));
#1608=CARTESIAN_POINT('Ctrl Pts',(155.538039991598,256.891394550958,9.4759200486294E-11));
#1609=CARTESIAN_POINT('Ctrl Pts',(152.613985394305,253.754783726831,9.07143702653947));
#1610=CARTESIAN_POINT('Ctrl Pts',(153.588670260069,254.756687436907,6.04762468439124));
#1611=CARTESIAN_POINT('Ctrl Pts',(154.563355125833,255.758591146983,3.023812342243));
#1612=CARTESIAN_POINT('Ctrl Pts',(155.538039991598,256.760494857059,9.4759200486294E-11));
#1613=CARTESIAN_POINT('Ctrl Pts',(152.613985394305,244.875543963879,8.77691891954311));
#1614=CARTESIAN_POINT('Ctrl Pts',(153.588670260069,243.091127390872,5.85127927972699));
#1615=CARTESIAN_POINT('Ctrl Pts',(154.563355125833,241.306710817864,2.92563963991088));
#1616=CARTESIAN_POINT('Ctrl Pts',(155.538039991598,239.522294244857,9.4759200486294E-11));
#1617=CARTESIAN_POINT('Ctrl Pts',(152.613985394305,243.979671467166,8.74578314907597));
#1618=CARTESIAN_POINT('Ctrl Pts',(153.588670260069,242.45024582843,5.83052209941556));
#1619=CARTESIAN_POINT('Ctrl Pts',(154.563355125833,240.920820189694,2.91526104975516));
#1620=CARTESIAN_POINT('Ctrl Pts',(155.538039991598,239.391394550958,9.4759200486294E-11));
#1621=CARTESIAN_POINT('',(152.617191315085,243.974640900256,8.73619431035506));
#1622=CARTESIAN_POINT('',(155.538039991598,239.391394550958,9.4759200486294E-11));
#1623=CARTESIAN_POINT('',(152.538039991614,244.098841108657,8.97293418234101));
#1624=CARTESIAN_POINT('',(155.538039991598,256.891394550958,9.4759200486294E-11));
#1625=CARTESIAN_POINT('',(155.538039991598,239.391394550958,9.4759200486294E-11));
#1626=CARTESIAN_POINT('',(152.614000465771,254.650667772994,9.10252587958067));
#1627=CARTESIAN_POINT('',(152.538039991614,254.5924583449,9.33899059755885));
#1628=CARTESIAN_POINT('Ctrl Pts',(152.617191315086,243.974640900249,8.73619431035495));
#1629=CARTESIAN_POINT('Ctrl Pts',(152.61778762056,247.536825136466,8.85822604372097));
#1630=CARTESIAN_POINT('Ctrl Pts',(152.61382099293,251.095177450425,8.97951948869112));
#1631=CARTESIAN_POINT('Ctrl Pts',(152.614000465771,254.650667772992,9.10252587958069));
#1632=CARTESIAN_POINT('Ctrl Pts',(132.600533046688,242.443753543924,8.70734414536794));
#1633=CARTESIAN_POINT('Ctrl Pts',(132.275429120485,242.455044869253,8.73861970032417));
#1634=CARTESIAN_POINT('Ctrl Pts',(131.542504084765,242.779174804981,8.82403504387118));
#1635=CARTESIAN_POINT('Ctrl Pts',(131.197759596822,243.532207589595,8.88877423993002));
#1636=CARTESIAN_POINT('Ctrl Pts',(131.197767558139,243.96879705076,8.90396877856483));
#1637=CARTESIAN_POINT('Ctrl Pts',(132.598398805395,242.387049058103,8.70557329443695));
#1638=CARTESIAN_POINT('Ctrl Pts',(132.259006314011,242.402854596409,8.73829491372072));
#1639=CARTESIAN_POINT('Ctrl Pts',(131.503531081344,242.74133473609,8.82665267884873));
#1640=CARTESIAN_POINT('Ctrl Pts',(131.141368644796,243.512559475196,8.8940696050965));
#1641=CARTESIAN_POINT('Ctrl Pts',(131.133790737883,243.968554305851,8.91097725313104));
#1642=CARTESIAN_POINT('Ctrl Pts',(132.591347658739,242.28940530953,8.66742939872601));
#1643=CARTESIAN_POINT('Ctrl Pts',(132.227483888018,242.312704476211,8.70800717255348));
#1644=CARTESIAN_POINT('Ctrl Pts',(131.432556977867,242.6761485088,8.80362769067303));
#1645=CARTESIAN_POINT('Ctrl Pts',(131.039009449183,243.479692787914,8.86967567330261));
#1646=CARTESIAN_POINT('Ctrl Pts',(131.017530433425,243.969714676968,8.87769701235333));
#1647=CARTESIAN_POINT('Ctrl Pts',(132.581236273193,242.231538998272,8.58315288245284));
#1648=CARTESIAN_POINT('Ctrl Pts',(132.202570576069,242.254154778147,8.6353829615215));
#1649=CARTESIAN_POINT('Ctrl Pts',(131.378101177574,242.632229713367,8.73971592992251));
#1650=CARTESIAN_POINT('Ctrl Pts',(130.967743987615,243.465021601376,8.79396998053593));
#1651=CARTESIAN_POINT('Ctrl Pts',(130.949457734629,243.97305142637,8.78185688658653));
#1652=CARTESIAN_POINT('Ctrl Pts',(132.576905430173,242.217190532135,8.5432987330513));
#1653=CARTESIAN_POINT('Ctrl Pts',(132.19443033138,242.23757719695,8.59992451991895));
#1654=CARTESIAN_POINT('Ctrl Pts',(131.36006285205,242.619168910417,8.70787977507956));
#1655=CARTESIAN_POINT('Ctrl Pts',(130.946688141321,243.463208117487,8.75600750549929));
#1656=CARTESIAN_POINT('Ctrl Pts',(130.933888665939,243.974640896815,8.73619430379233));
#1657=CARTESIAN_POINT('',(131.19776755814,243.968797050761,8.90396877856453));
#1658=CARTESIAN_POINT('',(130.933888665941,243.974640896809,8.7361943037925));
#1659=CARTESIAN_POINT('Ctrl Pts',(131.197767558139,243.96879705076,8.90396877856483));
#1660=CARTESIAN_POINT('Ctrl Pts',(131.133790737883,243.968554305851,8.91097725313104));
#1661=CARTESIAN_POINT('Ctrl Pts',(131.017530433425,243.969714676968,8.87769701235333));
#1662=CARTESIAN_POINT('Ctrl Pts',(130.949457734629,243.97305142637,8.78185688658653));
#1663=CARTESIAN_POINT('Ctrl Pts',(130.933888665939,243.974640896815,8.73619430379233));
#1664=CARTESIAN_POINT('',(132.576905430174,242.217190532137,8.54329873305119));
#1665=CARTESIAN_POINT('Ctrl Pts',(130.933888665939,243.974640896815,8.73619430379233));
#1666=CARTESIAN_POINT('Ctrl Pts',(130.946688141321,243.463208117487,8.75600750549929));
#1667=CARTESIAN_POINT('Ctrl Pts',(131.36006285205,242.619168910417,8.70787977507956));
#1668=CARTESIAN_POINT('Ctrl Pts',(132.19443033138,242.23757719695,8.59992451991895));
#1669=CARTESIAN_POINT('Ctrl Pts',(132.576905430173,242.217190532135,8.5432987330513));
#1670=CARTESIAN_POINT('',(132.600533046689,242.443753543921,8.70734414536785));
#1671=CARTESIAN_POINT('Origin',(132.576905430174,242.452410556102,8.45861378558431));
#1672=CARTESIAN_POINT('Ctrl Pts',(132.600533046688,242.443753543924,8.70734414536794));
#1673=CARTESIAN_POINT('Ctrl Pts',(132.275429120485,242.455044869253,8.73861970032417));
#1674=CARTESIAN_POINT('Ctrl Pts',(131.542504084765,242.779174804981,8.82403504387118));
#1675=CARTESIAN_POINT('Ctrl Pts',(131.197759596822,243.532207589595,8.88877423993002));
#1676=CARTESIAN_POINT('Ctrl Pts',(131.197767558139,243.96879705076,8.90396877856483));
#1677=CARTESIAN_POINT('Ctrl Pts',(150.950546936337,242.443753543178,8.707344145701));
#1678=CARTESIAN_POINT('Ctrl Pts',(144.855078585515,242.232049190913,8.12094964115271));
#1679=CARTESIAN_POINT('Ctrl Pts',(138.696001397647,242.23204919146,8.12094964186045));
#1680=CARTESIAN_POINT('Ctrl Pts',(132.600533046689,242.443753543926,8.70734414536801));
#1681=CARTESIAN_POINT('Ctrl Pts',(150.952681177647,242.387049057532,8.70557329457716));
#1682=CARTESIAN_POINT('Ctrl Pts',(144.855820762479,242.175414396681,8.11891072978988));
#1683=CARTESIAN_POINT('Ctrl Pts',(138.695259220676,242.175414397169,8.118910730561));
#1684=CARTESIAN_POINT('Ctrl Pts',(132.598398805395,242.387049058105,8.70557329443701));
#1685=CARTESIAN_POINT('Ctrl Pts',(150.959732332364,242.289405410087,8.66742927879234));
#1686=CARTESIAN_POINT('Ctrl Pts',(144.858173308323,242.077889274334,8.08023733031062));
#1687=CARTESIAN_POINT('Ctrl Pts',(138.692906674826,242.077889274683,8.08023733112472));
#1688=CARTESIAN_POINT('Ctrl Pts',(132.591347650688,242.289405410245,8.66742927876963));
#1689=CARTESIAN_POINT('Ctrl Pts',(150.969843709847,242.231538998362,8.58315288269919));
#1690=CARTESIAN_POINT('Ctrl Pts',(144.861557679389,242.019957824812,7.99546573815632));
#1691=CARTESIAN_POINT('Ctrl Pts',(138.68952230376,242.019957825078,7.99546573889523));
#1692=CARTESIAN_POINT('Ctrl Pts',(132.581236273193,242.231538998274,8.58315288245288));
#1693=CARTESIAN_POINT('Ctrl Pts',(150.974174552862,242.217190532269,8.54329873341583));
#1694=CARTESIAN_POINT('Ctrl Pts',(144.863009059828,242.00553801496,7.95541491601815));
#1695=CARTESIAN_POINT('Ctrl Pts',(138.688070923321,242.005538015212,7.9554149167174));
#1696=CARTESIAN_POINT('Ctrl Pts',(132.576905430173,242.217190532137,8.54329873305134));
#1697=CARTESIAN_POINT('',(150.974174552862,242.217190532269,8.54329873341572));
#1698=CARTESIAN_POINT('Ctrl Pts',(132.576905430173,242.217190532137,8.54329873305134));
#1699=CARTESIAN_POINT('Ctrl Pts',(138.688070923321,242.005538015212,7.9554149167174));
#1700=CARTESIAN_POINT('Ctrl Pts',(144.863009059828,242.00553801496,7.95541491601815));
#1701=CARTESIAN_POINT('Ctrl Pts',(150.974174552862,242.217190532269,8.54329873341583));
#1702=CARTESIAN_POINT('',(150.950546936335,242.44375354318,8.70734414570082));
#1703=CARTESIAN_POINT('Origin',(150.974174552862,242.45241055623,8.45861378594878));
#1704=CARTESIAN_POINT('Ctrl Pts',(150.950546936337,242.443753543178,8.707344145701));
#1705=CARTESIAN_POINT('Ctrl Pts',(144.855078585515,242.232049190913,8.12094964115271));
#1706=CARTESIAN_POINT('Ctrl Pts',(138.696001397647,242.23204919146,8.12094964186045));
#1707=CARTESIAN_POINT('Ctrl Pts',(132.600533046689,242.443753543926,8.70734414536801));
#1708=CARTESIAN_POINT('Ctrl Pts',(152.353312422735,243.968797053184,8.90396878507585));
#1709=CARTESIAN_POINT('Ctrl Pts',(152.35331839419,243.641354957059,8.89257287980508));
#1710=CARTESIAN_POINT('Ctrl Pts',(152.099919912205,242.884074588213,8.8378685768613));
#1711=CARTESIAN_POINT('Ctrl Pts',(151.384018838361,242.458808643616,8.74904488575791));
#1712=CARTESIAN_POINT('Ctrl Pts',(150.950546936337,242.443753543176,8.70734414570093));
#1713=CARTESIAN_POINT('Ctrl Pts',(152.417289243015,243.968554308331,8.91097725968605));
#1714=CARTESIAN_POINT('Ctrl Pts',(152.411605813281,243.626558185145,8.89829652229343));
#1715=CARTESIAN_POINT('Ctrl Pts',(152.141030342072,242.847931057474,8.84080059574));
#1716=CARTESIAN_POINT('Ctrl Pts',(151.405204499901,242.408123108617,8.74920212041697));
#1717=CARTESIAN_POINT('Ctrl Pts',(150.952681177647,242.38704905753,8.70557329457711));
#1718=CARTESIAN_POINT('Ctrl Pts',(152.533549368483,243.969714688036,8.87769678026702));
#1719=CARTESIAN_POINT('Ctrl Pts',(152.517440107071,243.602198271111,8.87168077454903));
#1720=CARTESIAN_POINT('Ctrl Pts',(152.2159443911,242.785846693145,8.81810108463006));
#1721=CARTESIAN_POINT('Ctrl Pts',(151.444884028434,242.320470982947,8.72153295679394));
#1722=CARTESIAN_POINT('Ctrl Pts',(150.959732333745,242.289405427357,8.66742925821954));
#1723=CARTESIAN_POINT('Ctrl Pts',(152.601622246388,243.973051429603,8.78185689316282));
#1724=CARTESIAN_POINT('Ctrl Pts',(152.587907557079,243.592029060727,8.79094171224287));
#1725=CARTESIAN_POINT('Ctrl Pts',(152.274349758804,242.746177143025,8.75369566857179));
#1726=CARTESIAN_POINT('Ctrl Pts',(151.474731306468,242.261693371567,8.65279298826627));
#1727=CARTESIAN_POINT('Ctrl Pts',(150.969843709847,242.23153899836,8.5831528826992));
#1728=CARTESIAN_POINT('Ctrl Pts',(152.617191315086,243.97464090025,8.73619431035507));
#1729=CARTESIAN_POINT('Ctrl Pts',(152.607591709006,243.59106631562,8.75105421028156));
#1730=CARTESIAN_POINT('Ctrl Pts',(152.294014316527,242.735170060659,8.72150066661712));
#1731=CARTESIAN_POINT('Ctrl Pts',(151.484141351752,242.244372752074,8.6187997827236));
#1732=CARTESIAN_POINT('Ctrl Pts',(150.974174552862,242.217190532267,8.54329873341587));
#1733=CARTESIAN_POINT('',(152.353312422736,243.96879705318,8.90396878507586));
#1734=CARTESIAN_POINT('Ctrl Pts',(152.353312422735,243.968797053184,8.90396878507585));
#1735=CARTESIAN_POINT('Ctrl Pts',(152.417289243015,243.968554308331,8.91097725968605));
#1736=CARTESIAN_POINT('Ctrl Pts',(152.533549368483,243.969714688036,8.87769678026702));
#1737=CARTESIAN_POINT('Ctrl Pts',(152.601622246388,243.973051429603,8.78185689316282));
#1738=CARTESIAN_POINT('Ctrl Pts',(152.617191315086,243.97464090025,8.73619431035507));
#1739=CARTESIAN_POINT('Ctrl Pts',(152.353312422735,243.968797053184,8.90396878507585));
#1740=CARTESIAN_POINT('Ctrl Pts',(152.35331839419,243.641354957059,8.89257287980508));
#1741=CARTESIAN_POINT('Ctrl Pts',(152.099919912205,242.884074588213,8.8378685768613));
#1742=CARTESIAN_POINT('Ctrl Pts',(151.384018838361,242.458808643616,8.74904488575791));
#1743=CARTESIAN_POINT('Ctrl Pts',(150.950546936337,242.443753543176,8.70734414570093));
#1744=CARTESIAN_POINT('Ctrl Pts',(150.974174552862,242.217190532267,8.54329873341587));
#1745=CARTESIAN_POINT('Ctrl Pts',(151.484141351752,242.244372752074,8.6187997827236));
#1746=CARTESIAN_POINT('Ctrl Pts',(152.294014316527,242.735170060659,8.72150066661712));
#1747=CARTESIAN_POINT('Ctrl Pts',(152.607591709006,243.59106631562,8.75105421028156));
#1748=CARTESIAN_POINT('Ctrl Pts',(152.617191315086,243.97464090025,8.73619431035507));
#1749=CARTESIAN_POINT('Ctrl Pts',(131.19776755814,243.968797050758,8.90396877856453));
#1750=CARTESIAN_POINT('Ctrl Pts',(131.197832450361,247.527412739033,9.02781859257133));
#1751=CARTESIAN_POINT('Ctrl Pts',(131.202448243704,251.086044674119,9.15116994801852));
#1752=CARTESIAN_POINT('Ctrl Pts',(131.202503019982,254.644660323992,9.27502087292195));
#1753=CARTESIAN_POINT('Ctrl Pts',(131.133790737884,243.968554305848,8.91097725313072));
#1754=CARTESIAN_POINT('Ctrl Pts',(131.133463928932,247.528093738885,9.03491275706937));
#1755=CARTESIAN_POINT('Ctrl Pts',(131.137679463568,251.086640819483,9.15828713477988));
#1756=CARTESIAN_POINT('Ctrl Pts',(131.137586733696,254.644413939623,9.28212903477809));
#1757=CARTESIAN_POINT('Ctrl Pts',(131.017530528722,243.969714681383,8.87769688532961));
#1758=CARTESIAN_POINT('Ctrl Pts',(131.016485959049,247.530875552293,9.00116875155687));
#1759=CARTESIAN_POINT('Ctrl Pts',(131.019944448424,251.089294506071,9.1240153935436));
#1760=CARTESIAN_POINT('Ctrl Pts',(131.019581771795,254.645617233772,9.24760703676469));
#1761=CARTESIAN_POINT('Ctrl Pts',(130.949457734631,243.973051426366,8.78185688658662));
#1762=CARTESIAN_POINT('Ctrl Pts',(130.948578085425,247.535072559492,8.90428664849461));
#1763=CARTESIAN_POINT('Ctrl Pts',(130.952243247406,251.093436042316,9.0260026263925));
#1764=CARTESIAN_POINT('Ctrl Pts',(130.951951989479,254.649044418599,9.14916351658439));
#1765=CARTESIAN_POINT('Ctrl Pts',(130.933888665941,243.974640896811,8.73619430379253));
#1766=CARTESIAN_POINT('Ctrl Pts',(130.93329235568,247.53682513812,8.85822602326723));
#1767=CARTESIAN_POINT('Ctrl Pts',(130.937258979306,251.095177457831,8.97951945455461));
#1768=CARTESIAN_POINT('Ctrl Pts',(130.937079501983,254.650667784831,9.10252583143137));
#1769=CARTESIAN_POINT('',(131.202503019983,254.644660323988,9.27502087292194));
#1770=CARTESIAN_POINT('Ctrl Pts',(131.19776755814,243.968797050758,8.90396877856453));
#1771=CARTESIAN_POINT('Ctrl Pts',(131.197832450361,247.527412739033,9.02781859257133));
#1772=CARTESIAN_POINT('Ctrl Pts',(131.202448243704,251.086044674119,9.15116994801852));
#1773=CARTESIAN_POINT('Ctrl Pts',(131.202503019982,254.644660323992,9.27502087292195));
#1774=CARTESIAN_POINT('',(130.937079501982,254.650667784831,9.1025258314313));
#1775=CARTESIAN_POINT('Origin',(131.175275176001,254.653304532162,9.02665839150142));
#1776=CARTESIAN_POINT('Ctrl Pts',(130.937079501983,254.650667784831,9.10252583143137));
#1777=CARTESIAN_POINT('Ctrl Pts',(130.937258979306,251.095177457831,8.97951945455461));
#1778=CARTESIAN_POINT('Ctrl Pts',(130.93329235568,247.53682513812,8.85822602326723));
#1779=CARTESIAN_POINT('Ctrl Pts',(130.933888665941,243.974640896811,8.73619430379253));
#1780=CARTESIAN_POINT('Ctrl Pts',(126.527552663395,269.306470463393,10.4131814883691));
#1781=CARTESIAN_POINT('Ctrl Pts',(142.630978934055,269.395555829665,7.85361947472472));
#1782=CARTESIAN_POINT('Ctrl Pts',(158.687462433536,269.296749656055,10.692493640614));
#1783=CARTESIAN_POINT('Ctrl Pts',(126.527553461301,226.446416721119,8.92144551303065));
#1784=CARTESIAN_POINT('Ctrl Pts',(142.630979731962,226.53550208739,6.36188349938624));
#1785=CARTESIAN_POINT('Ctrl Pts',(158.687463231443,226.436695913776,9.20075766527552));
#1786=CARTESIAN_POINT('',(152.348576946633,254.644660311146,9.27502092091266));
#1787=CARTESIAN_POINT('Ctrl Pts',(152.348576946633,254.644660311147,9.27502092091268));
#1788=CARTESIAN_POINT('Ctrl Pts',(152.348631727682,251.086044666369,9.15116998218405));
#1789=CARTESIAN_POINT('Ctrl Pts',(152.35324752542,247.527412736484,9.02781861288305));
#1790=CARTESIAN_POINT('Ctrl Pts',(152.353312422735,243.968797053183,8.90396878507584));
#1791=CARTESIAN_POINT('',(150.975815850229,256.121232659934,9.18578991792298));
#1792=CARTESIAN_POINT('Ctrl Pts',(150.975815850229,256.12123265993,9.185789917923));
#1793=CARTESIAN_POINT('Ctrl Pts',(151.293374615404,256.118661921991,9.21595010230885));
#1794=CARTESIAN_POINT('Ctrl Pts',(152.022926021642,255.816384908759,9.27935942411129));
#1795=CARTESIAN_POINT('Ctrl Pts',(152.348570386232,255.070828439521,9.28985290279077));
#1796=CARTESIAN_POINT('Ctrl Pts',(152.348576946631,254.644660311147,9.27502092091247));
#1797=CARTESIAN_POINT('',(132.575264109437,256.121232664768,9.18578987144615));
#1798=CARTESIAN_POINT('Ctrl Pts',(132.575264109435,256.121232664764,9.18578987144623));
#1799=CARTESIAN_POINT('Ctrl Pts',(138.690289615039,256.170735713522,8.60501457209063));
#1800=CARTESIAN_POINT('Ctrl Pts',(144.860790347571,256.170735711888,8.60501458777921));
#1801=CARTESIAN_POINT('Ctrl Pts',(150.975815850229,256.121232659919,9.18578991792261));
#1802=CARTESIAN_POINT('Ctrl Pts',(131.202503019981,254.644660323992,9.27502087292208));
#1803=CARTESIAN_POINT('Ctrl Pts',(131.202507939906,254.964289914348,9.28614497967786));
#1804=CARTESIAN_POINT('Ctrl Pts',(131.374054680966,255.496376538484,9.28560791264228));
#1805=CARTESIAN_POINT('Ctrl Pts',(131.942517012636,256.00542719999,9.24354041760143));
#1806=CARTESIAN_POINT('Ctrl Pts',(132.363555951552,256.119518820844,9.20589687977474));
#1807=CARTESIAN_POINT('Ctrl Pts',(132.575264109406,256.121232664761,9.18578987144892));
#1808=CARTESIAN_POINT('Ctrl Pts',(150.975815850229,256.12123265993,9.185789917923));
#1809=CARTESIAN_POINT('Ctrl Pts',(151.293374615404,256.118661921991,9.21595010230885));
#1810=CARTESIAN_POINT('Ctrl Pts',(152.022926021642,255.816384908759,9.27935942411129));
#1811=CARTESIAN_POINT('Ctrl Pts',(152.348570386232,255.070828439521,9.28985290279077));
#1812=CARTESIAN_POINT('Ctrl Pts',(152.348576946631,254.644660311147,9.27502092091247));
#1813=CARTESIAN_POINT('Ctrl Pts',(150.976115697392,256.184563896265,9.18802271211288));
#1814=CARTESIAN_POINT('Ctrl Pts',(151.309614430896,256.178008706793,9.21944982192352));
#1815=CARTESIAN_POINT('Ctrl Pts',(152.066291948847,255.856210126587,9.28512566473258));
#1816=CARTESIAN_POINT('Ctrl Pts',(152.403074911979,255.086803160277,9.29633449656365));
#1817=CARTESIAN_POINT('Ctrl Pts',(152.405378697293,254.644444724861,9.2812405628189));
#1818=CARTESIAN_POINT('Ctrl Pts',(150.981528696637,256.312355957544,9.14190502788943));
#1819=CARTESIAN_POINT('Ctrl Pts',(151.34620089965,256.297889137932,9.18264377886537));
#1820=CARTESIAN_POINT('Ctrl Pts',(152.156536316815,255.937007659506,9.26127915015874));
#1821=CARTESIAN_POINT('Ctrl Pts',(152.515893070892,255.119890570614,9.27217941926438));
#1822=CARTESIAN_POINT('Ctrl Pts',(152.523069957351,254.645429898221,9.25298571090149));
#1823=CARTESIAN_POINT('Ctrl Pts',(150.99349531415,256.373639332282,9.02112381937309));
#1824=CARTESIAN_POINT('Ctrl Pts',(151.371875603201,256.363017346419,9.07575232072871));
#1825=CARTESIAN_POINT('Ctrl Pts',(152.217443765116,255.989448728819,9.17589275276024));
#1826=CARTESIAN_POINT('Ctrl Pts',(152.590078769411,255.140795522607,9.18407681884996));
#1827=CARTESIAN_POINT('Ctrl Pts',(152.5966492303,254.648773845479,9.15693651243281));
#1828=CARTESIAN_POINT('Ctrl Pts',(150.999508540299,256.3789889596,8.9582656983959));
#1829=CARTESIAN_POINT('Ctrl Pts',(151.378414211797,256.373967144614,9.01727202446279));
#1830=CARTESIAN_POINT('Ctrl Pts',(152.234112211401,256.003718295675,9.1261854975586));
#1831=CARTESIAN_POINT('Ctrl Pts',(152.609793275422,255.145701084632,9.13293961578707));
#1832=CARTESIAN_POINT('Ctrl Pts',(152.614000465769,254.650667772992,9.1025258795806));
#1833=CARTESIAN_POINT('Origin',(152.37580479175,254.653304520325,9.02665843965196));
#1834=CARTESIAN_POINT('',(150.999508540299,256.3789889596,8.95826569839539));
#1835=CARTESIAN_POINT('Ctrl Pts',(152.614000465769,254.650667772992,9.1025258795806));
#1836=CARTESIAN_POINT('Ctrl Pts',(152.609793275422,255.145701084632,9.13293961578707));
#1837=CARTESIAN_POINT('Ctrl Pts',(152.234112211401,256.003718295675,9.1261854975586));
#1838=CARTESIAN_POINT('Ctrl Pts',(151.378414211797,256.373967144614,9.01727202446279));
#1839=CARTESIAN_POINT('Ctrl Pts',(150.999508540299,256.3789889596,8.9582656983959));
#1840=CARTESIAN_POINT('Origin',(150.999508540299,256.129889457802,8.93706574079509));
#1841=CARTESIAN_POINT('Ctrl Pts',(132.575264109435,256.121232664764,9.18578987144623));
#1842=CARTESIAN_POINT('Ctrl Pts',(138.690289615039,256.170735713522,8.60501457209063));
#1843=CARTESIAN_POINT('Ctrl Pts',(144.860790347571,256.170735711888,8.60501458777921));
#1844=CARTESIAN_POINT('Ctrl Pts',(150.975815850229,256.121232659919,9.18578991792261));
#1845=CARTESIAN_POINT('Ctrl Pts',(132.574964262268,256.184563900959,9.18802266540551));
#1846=CARTESIAN_POINT('Ctrl Pts',(138.690158732776,256.234056521907,8.60721135265307));
#1847=CARTESIAN_POINT('Ctrl Pts',(144.860921229857,256.234056520321,8.6072113684173));
#1848=CARTESIAN_POINT('Ctrl Pts',(150.976115697392,256.184563896254,9.18802271211248));
#1849=CARTESIAN_POINT('Ctrl Pts',(132.569551265519,256.312355984356,9.14190500628698));
#1850=CARTESIAN_POINT('Ctrl Pts',(138.688372469502,256.361838792515,8.56073142570916));
#1851=CARTESIAN_POINT('Ctrl Pts',(144.862707493427,256.361838791082,8.56073144155844));
#1852=CARTESIAN_POINT('Ctrl Pts',(150.981528694411,256.31235598011,9.14190505323502));
#1853=CARTESIAN_POINT('Ctrl Pts',(132.557584646443,256.373639336249,9.02112377262921));
#1854=CARTESIAN_POINT('Ctrl Pts',(138.684354163394,256.423162877849,8.4392177939342));
#1855=CARTESIAN_POINT('Ctrl Pts',(144.866725800169,256.423162876504,8.43921780971235));
#1856=CARTESIAN_POINT('Ctrl Pts',(150.99349531415,256.373639332271,9.02112381937268));
#1857=CARTESIAN_POINT('Ctrl Pts',(132.551571420627,256.378988963557,8.95826565176847));
#1858=CARTESIAN_POINT('Ctrl Pts',(138.682344432313,256.428544158681,8.37599210907888));
#1859=CARTESIAN_POINT('Ctrl Pts',(144.868735531568,256.428544157341,8.37599212481824));
#1860=CARTESIAN_POINT('Ctrl Pts',(150.999508540299,256.378988959588,8.95826569839549));
#1861=CARTESIAN_POINT('',(132.551571420615,256.378988963552,8.9582656517744));
#1862=CARTESIAN_POINT('Ctrl Pts',(150.999508540299,256.378988959588,8.95826569839549));
#1863=CARTESIAN_POINT('Ctrl Pts',(144.868735531568,256.428544157341,8.37599212481824));
#1864=CARTESIAN_POINT('Ctrl Pts',(138.682344432313,256.428544158681,8.37599210907888));
#1865=CARTESIAN_POINT('Ctrl Pts',(132.551571420627,256.378988963557,8.95826565176847));
#1866=CARTESIAN_POINT('Origin',(132.551571420627,256.129889461758,8.93706569416761));
#1867=CARTESIAN_POINT('Ctrl Pts',(152.348576946633,254.644660311147,9.27502092091268));
#1868=CARTESIAN_POINT('Ctrl Pts',(152.348631727682,251.086044666369,9.15116998218405));
#1869=CARTESIAN_POINT('Ctrl Pts',(152.35324752542,247.527412736484,9.02781861288305));
#1870=CARTESIAN_POINT('Ctrl Pts',(152.353312422735,243.968797053183,8.90396878507584));
#1871=CARTESIAN_POINT('Ctrl Pts',(152.413493233104,254.64441392682,9.28212908309145));
#1872=CARTESIAN_POINT('Ctrl Pts',(152.413400507977,251.086640811602,9.1582871691737));
#1873=CARTESIAN_POINT('Ctrl Pts',(152.417616046917,247.528093736358,9.0349127775198));
#1874=CARTESIAN_POINT('Ctrl Pts',(152.417289243016,243.96855430833,8.91097725968605));
#1875=CARTESIAN_POINT('Ctrl Pts',(152.531498013496,254.645617229492,9.24760684822629));
#1876=CARTESIAN_POINT('Ctrl Pts',(152.531135341498,251.089294506413,9.12401519097188));
#1877=CARTESIAN_POINT('Ctrl Pts',(152.534593847397,247.530875557861,9.00116854604257));
#1878=CARTESIAN_POINT('Ctrl Pts',(152.533549282634,243.969714692016,8.87769666583389));
#1879=CARTESIAN_POINT('Ctrl Pts',(152.599127978226,254.649044406552,9.14916356488261));
#1880=CARTESIAN_POINT('Ctrl Pts',(152.598836724815,251.093436034732,9.02600266066217));
#1881=CARTESIAN_POINT('Ctrl Pts',(152.602501890788,247.53507255764,8.90428666899677));
#1882=CARTESIAN_POINT('Ctrl Pts',(152.601622246389,243.973051429602,8.78185689316273));
#1883=CARTESIAN_POINT('Ctrl Pts',(152.614000465771,254.650667772992,9.10252587958069));
#1884=CARTESIAN_POINT('Ctrl Pts',(152.61382099293,251.095177450425,8.97951948869112));
#1885=CARTESIAN_POINT('Ctrl Pts',(152.61778762056,247.536825136466,8.85822604372097));
#1886=CARTESIAN_POINT('Ctrl Pts',(152.617191315086,243.974640900249,8.73619431035495));
#1887=CARTESIAN_POINT('Ctrl Pts',(131.202503019981,254.644660323992,9.27502087292208));
#1888=CARTESIAN_POINT('Ctrl Pts',(131.202507939906,254.964289914348,9.28614497967786));
#1889=CARTESIAN_POINT('Ctrl Pts',(131.374054680966,255.496376538484,9.28560791264228));
#1890=CARTESIAN_POINT('Ctrl Pts',(131.942517012636,256.00542719999,9.24354041760143));
#1891=CARTESIAN_POINT('Ctrl Pts',(132.363555951552,256.119518820844,9.20589687977474));
#1892=CARTESIAN_POINT('Ctrl Pts',(132.575264109406,256.121232664761,9.18578987144892));
#1893=CARTESIAN_POINT('Ctrl Pts',(131.145701269481,254.64444473767,9.2812405145462));
#1894=CARTESIAN_POINT('Ctrl Pts',(131.147429126959,254.976217191064,9.29256108729741));
#1895=CARTESIAN_POINT('Ctrl Pts',(131.326030492863,255.525974312557,9.29164413153548));
#1896=CARTESIAN_POINT('Ctrl Pts',(131.913857986326,256.05660428172,9.24810004549336));
#1897=CARTESIAN_POINT('Ctrl Pts',(132.352629342664,256.180193726935,9.20897429986443));
#1898=CARTESIAN_POINT('Ctrl Pts',(132.574964262239,256.184563900956,9.18802266540823));
#1899=CARTESIAN_POINT('Ctrl Pts',(131.028009657604,254.645429891941,9.25298620384393));
#1900=CARTESIAN_POINT('Ctrl Pts',(131.03339238096,255.00127928631,9.26738164113296));
#1901=CARTESIAN_POINT('Ctrl Pts',(131.226398856781,255.586393559866,9.26767595803786));
#1902=CARTESIAN_POINT('Ctrl Pts',(131.852692386242,256.160080579043,9.21741646674778));
#1903=CARTESIAN_POINT('Ctrl Pts',(132.326433866386,256.302711948329,9.16906516068567));
#1904=CARTESIAN_POINT('Ctrl Pts',(132.569551326171,256.312356600178,9.14190569762298));
#1905=CARTESIAN_POINT('Ctrl Pts',(130.954430737394,254.64877385756,9.15693646411006));
#1906=CARTESIAN_POINT('Ctrl Pts',(130.959358636583,255.017794149562,9.17729191517609));
#1907=CARTESIAN_POINT('Ctrl Pts',(131.15941764316,255.624737459273,9.18113111518532));
#1908=CARTESIAN_POINT('Ctrl Pts',(131.811312184834,256.220955954765,9.12073607936407));
#1909=CARTESIAN_POINT('Ctrl Pts',(132.305328362623,256.366557934956,9.05754317060202));
#1910=CARTESIAN_POINT('Ctrl Pts',(132.557584646413,256.373639336246,9.02112377263225));
#1911=CARTESIAN_POINT('Ctrl Pts',(130.937079501982,254.650667784831,9.10252583143155));
#1912=CARTESIAN_POINT('Ctrl Pts',(130.940234928852,255.021946827472,9.12533638173263));
#1913=CARTESIAN_POINT('Ctrl Pts',(131.141159782121,255.63477547152,9.13088490650941));
#1914=CARTESIAN_POINT('Ctrl Pts',(131.800434284904,256.234027322293,9.06635155063704));
#1915=CARTESIAN_POINT('Ctrl Pts',(132.298964877967,256.375641050384,8.99760363150791));
#1916=CARTESIAN_POINT('Ctrl Pts',(132.551571420597,256.378988963553,8.95826565177158));
#1917=CARTESIAN_POINT('Ctrl Pts',(132.551571420597,256.378988963553,8.95826565177158));
#1918=CARTESIAN_POINT('Ctrl Pts',(132.298964877967,256.375641050384,8.99760363150791));
#1919=CARTESIAN_POINT('Ctrl Pts',(131.800434284904,256.234027322293,9.06635155063704));
#1920=CARTESIAN_POINT('Ctrl Pts',(131.141159782121,255.63477547152,9.13088490650941));
#1921=CARTESIAN_POINT('Ctrl Pts',(130.940234928852,255.021946827472,9.12533638173263));
#1922=CARTESIAN_POINT('Ctrl Pts',(130.937079501982,254.650667784831,9.10252583143155));
#1923=CARTESIAN_POINT('Ctrl Pts',(132.656409127553,242.273876851254,8.70075005988537));
#1924=CARTESIAN_POINT('Ctrl Pts',(131.191952748898,241.229716084489,5.80050003995517));
#1925=CARTESIAN_POINT('Ctrl Pts',(129.727496370243,240.185555317723,2.90025002002496));
#1926=CARTESIAN_POINT('Ctrl Pts',(128.263039991589,239.141394550958,9.4759200486294E-11));
#1927=CARTESIAN_POINT('Ctrl Pts',(132.271686015833,242.273876851255,8.70075005988538));
#1928=CARTESIAN_POINT('Ctrl Pts',(130.91649818379,241.230090758054,5.80051528984387));
#1929=CARTESIAN_POINT('Ctrl Pts',(129.562127954818,240.185180644159,2.90023477013627));
#1930=CARTESIAN_POINT('Ctrl Pts',(128.206940122775,239.141394550958,9.4759200486294E-11));
#1931=CARTESIAN_POINT('Ctrl Pts',(131.372479212482,242.587170268686,8.7116411148719));
#1932=CARTESIAN_POINT('Ctrl Pts',(130.273203329861,241.453604567241,5.80775215311976));
#1933=CARTESIAN_POINT('Ctrl Pts',(129.175094733582,240.320672019095,2.9038889618469));
#1934=CARTESIAN_POINT('Ctrl Pts',(128.075818850961,239.18710631765,9.47592004862941E-11));
#1935=CARTESIAN_POINT('Ctrl Pts',(130.941952748903,243.474641238756,8.74249236994523));
#1936=CARTESIAN_POINT('Ctrl Pts',(129.967235930949,242.089277216529,5.82835476315495));
#1937=CARTESIAN_POINT('Ctrl Pts',(128.987756809543,240.701958748099,2.91413760688504));
#1938=CARTESIAN_POINT('Ctrl Pts',(128.013039991589,239.316594725872,9.4759200486294E-11));
#1939=CARTESIAN_POINT('Ctrl Pts',(130.941952748904,243.987294643341,8.76031379902007));
#1940=CARTESIAN_POINT('Ctrl Pts',(129.965648496465,242.45532794588,5.8402091993783));
#1941=CARTESIAN_POINT('Ctrl Pts',(128.989344244027,240.923361248419,2.92010459973653));
#1942=CARTESIAN_POINT('Ctrl Pts',(128.013039991589,239.391394550958,9.4759200486294E-11));
#1943=CARTESIAN_POINT('',(128.263039991589,239.141394550957,9.4759200486294E-11));
#1944=CARTESIAN_POINT('',(132.763039991607,242.349904902617,8.91192477980457));
#1945=CARTESIAN_POINT('',(128.01303999159,239.391394550958,9.4759200486294E-11));
#1946=CARTESIAN_POINT('',(131.013039991608,244.098841108657,8.97293418234101));
#1947=CARTESIAN_POINT('Origin',(128.263039991589,239.391394550958,9.4759200486294E-11));
#1948=CARTESIAN_POINT('Ctrl Pts',(130.937094573824,243.979671443485,8.74578310393706));
#1949=CARTESIAN_POINT('Ctrl Pts',(129.96240971308,242.450245812643,5.83052206932296));
#1950=CARTESIAN_POINT('Ctrl Pts',(128.987724852335,240.9208201818,2.91526103470886));
#1951=CARTESIAN_POINT('Ctrl Pts',(128.01303999159,239.391394550958,9.47597555978064E-11));
#1952=CARTESIAN_POINT('Ctrl Pts',(130.937094573824,244.87554393625,8.77691887424351));
#1953=CARTESIAN_POINT('Ctrl Pts',(129.96240971308,243.091127372452,5.85127924952726));
#1954=CARTESIAN_POINT('Ctrl Pts',(128.987724852335,241.306710808655,2.92563962481101));
#1955=CARTESIAN_POINT('Ctrl Pts',(128.01303999159,239.522294244857,9.47597555978064E-11));
#1956=CARTESIAN_POINT('Ctrl Pts',(130.937094573824,253.754783742333,9.07143697971942));
#1957=CARTESIAN_POINT('Ctrl Pts',(129.96240971308,254.756687447243,6.04762465317787));
#1958=CARTESIAN_POINT('Ctrl Pts',(128.987724852335,255.758591152152,3.02381232663632));
#1959=CARTESIAN_POINT('Ctrl Pts',(128.01303999159,256.760494857062,9.47597555978064E-11));
#1960=CARTESIAN_POINT('Ctrl Pts',(130.937094573824,254.650656235095,9.10257275002578));
#1961=CARTESIAN_POINT('Ctrl Pts',(129.96240971308,255.397569007049,6.06838183338211));
#1962=CARTESIAN_POINT('Ctrl Pts',(128.987724852335,256.144481779004,3.03419091673843));
#1963=CARTESIAN_POINT('Ctrl Pts',(128.01303999159,256.891394550958,9.47597555978064E-11));
#1964=CARTESIAN_POINT('',(128.01303999159,256.891394550958,9.47597555978064E-11));
#1965=CARTESIAN_POINT('',(128.01303999159,256.891394550958,9.47597555978064E-11));
#1966=CARTESIAN_POINT('',(131.013039991608,254.592458344887,9.33899059755834));
#1967=CARTESIAN_POINT('Ctrl Pts',(130.938482087727,254.649592966444,9.1068920764587));
#1968=CARTESIAN_POINT('Ctrl Pts',(129.963334722347,255.396860161282,6.07126138433739));
#1969=CARTESIAN_POINT('Ctrl Pts',(128.988187356968,256.14412735612,3.03563069221607));
#1970=CARTESIAN_POINT('Ctrl Pts',(128.013039991589,256.891394550958,9.47597555978064E-11));
#1971=CARTESIAN_POINT('Ctrl Pts',(130.938482087726,255.033693888775,9.12024230992808));
#1972=CARTESIAN_POINT('Ctrl Pts',(129.963709217527,255.671899417469,6.08017261162076));
#1973=CARTESIAN_POINT('Ctrl Pts',(128.987812861788,256.309288891077,3.04006969840208));
#1974=CARTESIAN_POINT('Ctrl Pts',(128.013039991589,256.947494419772,9.47597555978064E-11));
#1975=CARTESIAN_POINT('Ctrl Pts',(131.251650097114,255.931444072441,9.15144550120496));
#1976=CARTESIAN_POINT('Ctrl Pts',(130.187140363406,256.314222175259,6.10097944674769));
#1977=CARTESIAN_POINT('Ctrl Pts',(129.123261782398,256.695837240136,3.05046605455203));
#1978=CARTESIAN_POINT('Ctrl Pts',(128.05875204869,257.078615342955,9.47597555978064E-11));
#1979=CARTESIAN_POINT('Ctrl Pts',(132.138758196523,256.36127665863,9.16638523460507));
#1980=CARTESIAN_POINT('Ctrl Pts',(130.822570025076,256.619731527112,6.11085900065674));
#1981=CARTESIAN_POINT('Ctrl Pts',(129.504428337951,256.882939682475,3.05552623404309));
#1982=CARTESIAN_POINT('Ctrl Pts',(128.188240166503,257.141394550958,9.47597555978064E-11));
#1983=CARTESIAN_POINT('Ctrl Pts',(132.651203135783,256.361276658631,9.16638523460512));
#1984=CARTESIAN_POINT('Ctrl Pts',(131.188482087718,256.621315956073,6.11092348976833));
#1985=CARTESIAN_POINT('Ctrl Pts',(129.725761039654,256.881355253515,3.05546174493155));
#1986=CARTESIAN_POINT('Ctrl Pts',(128.263039991589,257.141394550958,9.47597555978064E-11));
#1987=CARTESIAN_POINT('',(128.263039991589,257.141394550958,9.4759200486294E-11));
#1988=CARTESIAN_POINT('',(132.763039991605,256.341394550932,9.40000000009478));
#1989=CARTESIAN_POINT('Origin',(128.263039991589,256.891394550958,9.47597555978064E-11));
#1990=CARTESIAN_POINT('Origin',(142.288039991608,256.341394550932,9.40000000009478));
#1991=CARTESIAN_POINT('',(155.288039991599,257.141394550958,9.4759200486294E-11));
#1992=CARTESIAN_POINT('',(145.763039991593,257.141394550958,9.4759200486294E-11));
#1993=CARTESIAN_POINT('',(150.78803999161,256.341394550946,9.40000000009529));
#1994=CARTESIAN_POINT('Ctrl Pts',(150.899064310325,256.361132207605,9.16808253433041));
#1995=CARTESIAN_POINT('Ctrl Pts',(152.362056204083,256.621219655389,6.11205502291853));
#1996=CARTESIAN_POINT('Ctrl Pts',(153.825048097841,256.881307103173,3.05602751150664));
#1997=CARTESIAN_POINT('Ctrl Pts',(155.288039991599,257.141394550958,9.4759200486294E-11));
#1998=CARTESIAN_POINT('Ctrl Pts',(151.411590286431,256.361132207605,9.16808253433043));
#1999=CARTESIAN_POINT('Ctrl Pts',(152.728022170715,256.619634933048,6.11199052186582));
#2000=CARTESIAN_POINT('Ctrl Pts',(154.046407932401,256.882891825515,3.05609201255937));
#2001=CARTESIAN_POINT('Ctrl Pts',(155.362839816684,257.141394550958,9.4759200486294E-11));
#2002=CARTESIAN_POINT('Ctrl Pts',(152.298836272608,255.931228778206,9.15313993458745));
#2003=CARTESIAN_POINT('Ctrl Pts',(153.363543116948,256.314077758377,6.10210903858531));
#2004=CARTESIAN_POINT('Ctrl Pts',(154.427620740121,256.695765942572,3.0510308960969));
#2005=CARTESIAN_POINT('Ctrl Pts',(155.492327584462,257.078614922743,9.4759200486294E-11));
#2006=CARTESIAN_POINT('Ctrl Pts',(152.61205620409,255.033339518662,9.12193106556854));
#2007=CARTESIAN_POINT('Ctrl Pts',(153.587009568736,255.671663221096,6.0812984507645));
#2008=CARTESIAN_POINT('Ctrl Pts',(154.563086626952,256.309170717338,3.0406326148988));
#2009=CARTESIAN_POINT('Ctrl Pts',(155.538039991599,256.947494419772,9.4759200486294E-11));
#2010=CARTESIAN_POINT('Ctrl Pts',(152.61205620409,254.6491778618,9.10857836009441));
#2011=CARTESIAN_POINT('Ctrl Pts',(153.587384133259,255.396583424853,6.07238557342786));
#2012=CARTESIAN_POINT('Ctrl Pts',(154.562712062429,256.143988987905,3.03619278676131));
#2013=CARTESIAN_POINT('Ctrl Pts',(155.538039991599,256.891394550958,9.4759200486294E-11));
#2014=CARTESIAN_POINT('Origin',(155.288039991599,256.891394550958,9.4759200486294E-11));
#2015=CARTESIAN_POINT('Origin',(146.538039991594,248.141394550958,9.4759200486294E-11));
#2016=CARTESIAN_POINT('',(155.288039991599,239.141394550957,9.4759200486294E-11));
#2017=CARTESIAN_POINT('Origin',(155.288039991599,239.391394550958,9.4759200486294E-11));
#2018=CARTESIAN_POINT('',(137.788039991594,239.141394550957,9.4759200486294E-11));
#2019=CARTESIAN_POINT('Ctrl Pts',(142.100539901285,247.834269380905,7.21009010564615));
#2020=CARTESIAN_POINT('Ctrl Pts',(144.620008370235,247.833978463743,7.21844998681162));
#2021=CARTESIAN_POINT('Ctrl Pts',(147.139382425243,247.830315573399,7.32369226146026));
#2022=CARTESIAN_POINT('Ctrl Pts',(150.38972731312,247.821235954169,7.58456655028531));
#2023=CARTESIAN_POINT('Ctrl Pts',(151.130869413961,247.818870159803,7.6525401506786));
#2024=CARTESIAN_POINT('Ctrl Pts',(151.870746903515,247.816213966746,7.72885738739241));
#2025=CARTESIAN_POINT('Ctrl Pts',(142.100539931252,246.224591474188,7.15406557388529));
#2026=CARTESIAN_POINT('Ctrl Pts',(144.620008400201,246.224300557026,7.16242545505076));
#2027=CARTESIAN_POINT('Ctrl Pts',(147.13938245521,246.220637666683,7.26766772969941));
#2028=CARTESIAN_POINT('Ctrl Pts',(150.389727343087,246.211558047453,7.52854201852445));
#2029=CARTESIAN_POINT('Ctrl Pts',(151.130869443927,246.209192253086,7.59651561891773));
#2030=CARTESIAN_POINT('Ctrl Pts',(151.870746933482,246.206536060029,7.67283285563155));
#2031=CARTESIAN_POINT('Ctrl Pts',(142.100539961218,244.614913567472,7.09804104212443));
#2032=CARTESIAN_POINT('Ctrl Pts',(144.620008430168,244.61462265031,7.1064009232899));
#2033=CARTESIAN_POINT('Ctrl Pts',(147.139382485176,244.610959759967,7.21164319793855));
#2034=CARTESIAN_POINT('Ctrl Pts',(150.389727373054,244.601880140737,7.47251748676359));
#2035=CARTESIAN_POINT('Ctrl Pts',(151.130869473894,244.59951434637,7.54049108715687));
#2036=CARTESIAN_POINT('Ctrl Pts',(151.870746963449,244.596858153313,7.61680832387068));
#2037=CARTESIAN_POINT('Ctrl Pts',(142.100539991185,243.005235660756,7.04201651036357));
#2038=CARTESIAN_POINT('Ctrl Pts',(144.620008460134,243.004944743594,7.05037639152905));
#2039=CARTESIAN_POINT('Ctrl Pts',(147.139382515143,243.00128185325,7.15561866617769));
#2040=CARTESIAN_POINT('Ctrl Pts',(150.38972740302,242.992202234021,7.41649295500273));
#2041=CARTESIAN_POINT('Ctrl Pts',(151.130869503861,242.989836439654,7.48446655539601));
#2042=CARTESIAN_POINT('Ctrl Pts',(151.870746993415,242.987180246597,7.56078379210982));
#2043=CARTESIAN_POINT('',(144.455908436412,247.81639455096,7.2455368990383));
#2044=CARTESIAN_POINT('Ctrl Pts',(151.820318303524,247.816394550956,7.72366887566071));
#2045=CARTESIAN_POINT('Ctrl Pts',(151.096674378153,247.816394558997,7.64931272094742));
#2046=CARTESIAN_POINT('Ctrl Pts',(150.372445656585,247.816394698618,7.58300933679341));
#2047=CARTESIAN_POINT('Ctrl Pts',(149.64759481371,247.8163947071,7.5247619762724));
#2048=CARTESIAN_POINT('Ctrl Pts',(148.771824259251,247.816394717348,7.45438705194046));
#2049=CARTESIAN_POINT('Ctrl Pts',(147.895163958093,247.816394557443,7.39577142936986));
#2050=CARTESIAN_POINT('Ctrl Pts',(147.017560063338,247.816394562405,7.3488979074016));
#2051=CARTESIAN_POINT('Ctrl Pts',(146.16426820523,247.81639456723,7.30332291064576));
#2052=CARTESIAN_POINT('Ctrl Pts',(145.310238667839,247.816394567524,7.26886118636097));
#2053=CARTESIAN_POINT('Ctrl Pts',(144.455908431279,247.816394562993,7.24553655325615));
#2054=CARTESIAN_POINT('',(142.100539991595,245.461026106145,7.12748982740314));
#2055=CARTESIAN_POINT('Ctrl Pts',(142.100539991591,245.4610261062,7.12748982740452));
#2056=CARTESIAN_POINT('Ctrl Pts',(142.100539991591,245.41736905413,7.1259703520521));
#2057=CARTESIAN_POINT('Ctrl Pts',(142.100539991595,245.373712002061,7.12445087669983));
#2058=CARTESIAN_POINT('Ctrl Pts',(142.100539991591,244.555115186922,7.09595977102037));
#2059=CARTESIAN_POINT('Ctrl Pts',(142.100539991595,243.780175423876,7.06898814069371));
#2060=CARTESIAN_POINT('Ctrl Pts',(142.100539991595,243.005235660808,7.04201651036608));
#2061=CARTESIAN_POINT('Ctrl Pts',(144.455908431284,247.816394562988,7.24553655325613));
#2062=CARTESIAN_POINT('Ctrl Pts',(144.433818885258,247.634217540443,7.2385928354704));
#2063=CARTESIAN_POINT('Ctrl Pts',(144.39325168554,247.455087544927,7.23125342630805));
#2064=CARTESIAN_POINT('Ctrl Pts',(144.33502791433,247.281734893855,7.22370196110594));
#2065=CARTESIAN_POINT('Ctrl Pts',(144.288138442554,247.142128439806,7.21762052379757));
#2066=CARTESIAN_POINT('Ctrl Pts',(144.229797571572,247.006268895065,7.2114028189166));
#2067=CARTESIAN_POINT('Ctrl Pts',(144.160433532172,246.875581472092,7.20516914610795));
#2068=CARTESIAN_POINT('Ctrl Pts',(144.046646061553,246.661196735703,7.1949431865518));
#2069=CARTESIAN_POINT('Ctrl Pts',(143.904687046778,246.46354080331,7.18480770679697));
#2070=CARTESIAN_POINT('Ctrl Pts',(143.73868312151,246.287731475968,7.17536844973134));
#2071=CARTESIAN_POINT('Ctrl Pts',(143.666209126598,246.210976638547,7.17124745881237));
#2072=CARTESIAN_POINT('Ctrl Pts',(143.589152154801,246.138385784964,7.16725988838552));
#2073=CARTESIAN_POINT('Ctrl Pts',(143.507855845869,246.070384714307,7.16345812194863));
#2074=CARTESIAN_POINT('Ctrl Pts',(143.346143304285,245.935118721166,7.15589574524182));
#2075=CARTESIAN_POINT('Ctrl Pts',(143.169324300459,245.819409223762,7.14915031370592));
#2076=CARTESIAN_POINT('Ctrl Pts',(142.981097060936,245.725482332207,7.14356801635627));
#2077=CARTESIAN_POINT('Ctrl Pts',(142.912274827882,245.691139489816,7.14152693999481));
#2078=CARTESIAN_POINT('Ctrl Pts',(142.841927491445,245.659708737374,7.13964090251551));
#2079=CARTESIAN_POINT('Ctrl Pts',(142.770235965714,245.631298953621,7.13792497110696));
#2080=CARTESIAN_POINT('Ctrl Pts',(142.640495506192,245.579885646937,7.13481964272701));
#2081=CARTESIAN_POINT('Ctrl Pts',(142.506954609243,245.5386047787,7.13228694727581));
#2082=CARTESIAN_POINT('Ctrl Pts',(142.370811381395,245.507831950508,7.13038881720826));
#2083=CARTESIAN_POINT('Ctrl Pts',(142.281554348576,245.487656937918,7.12914438176764));
#2084=CARTESIAN_POINT('Ctrl Pts',(142.191347344056,245.472036675091,7.12817472219251));
#2085=CARTESIAN_POINT('Ctrl Pts',(142.100539991596,245.461026106137,7.1274898274029));
#2086=CARTESIAN_POINT('Ctrl Pts',(152.609127232633,243.98729464598,8.76031380405007));
#2087=CARTESIAN_POINT('Ctrl Pts',(153.585431485622,242.455327947639,5.84020920273163));
#2088=CARTESIAN_POINT('Ctrl Pts',(154.56173573861,240.923361249298,2.9201046014132));
#2089=CARTESIAN_POINT('Ctrl Pts',(155.538039991599,239.391394550958,9.4759200486294E-11));
#2090=CARTESIAN_POINT('Ctrl Pts',(152.609127232634,243.602804592352,8.74694773223627));
#2091=CARTESIAN_POINT('Ctrl Pts',(153.585056546152,242.180028947872,5.83128740341689));
#2092=CARTESIAN_POINT('Ctrl Pts',(154.562110678081,240.758070326624,2.91566032891414));
#2093=CARTESIAN_POINT('Ctrl Pts',(155.538039991599,239.335294682143,9.4759200486294E-11));
#2094=CARTESIAN_POINT('Ctrl Pts',(152.295640985647,242.70414602328,8.71570756137364));
#2095=CARTESIAN_POINT('Ctrl Pts',(153.361413623984,241.537100836646,5.81045592265104));
#2096=CARTESIAN_POINT('Ctrl Pts',(154.426555159773,240.371219109325,2.90525163881737));
#2097=CARTESIAN_POINT('Ctrl Pts',(155.49232779811,239.204173922691,9.47592004862941E-11));
#2098=CARTESIAN_POINT('Ctrl Pts',(151.407635002354,242.273876853054,8.70075006488119));
#2099=CARTESIAN_POINT('Ctrl Pts',(152.725384662706,241.23130239437,5.80056460890535));
#2100=CARTESIAN_POINT('Ctrl Pts',(154.045090156332,240.183969009641,2.9001854560706));
#2101=CARTESIAN_POINT('Ctrl Pts',(155.362839816684,239.141394550958,9.4759200486294E-11));
#2102=CARTESIAN_POINT('Ctrl Pts',(150.894670853144,242.273876853053,8.70075006488117));
#2103=CARTESIAN_POINT('Ctrl Pts',(152.359127232629,241.229716085688,5.8005000432857));
#2104=CARTESIAN_POINT('Ctrl Pts',(153.823583612114,240.185555318323,2.90025002169023));
#2105=CARTESIAN_POINT('Ctrl Pts',(155.288039991599,239.141394550958,9.4759200486294E-11));
#2106=CARTESIAN_POINT('',(150.788039991612,242.349904902617,8.91192477980457));
#2107=CARTESIAN_POINT('Origin',(150.788039991612,242.349904902617,8.91192477980457));
#2108=CARTESIAN_POINT('Origin',(141.77553999159,248.141394550971,9.39898159302288E-11));
#2109=CARTESIAN_POINT('',(141.450539991592,250.821762995797,4.33274910222304));
#2110=CARTESIAN_POINT('Ctrl Pts',(141.450539991592,250.821762995797,4.33274910222304));
#2111=CARTESIAN_POINT('Ctrl Pts',(141.450539991592,250.821762995797,4.87091986206299));
#2112=CARTESIAN_POINT('Ctrl Pts',(141.450539991592,250.821762995788,5.40909062190295));
#2113=CARTESIAN_POINT('Ctrl Pts',(141.450539991592,250.821762995788,6.40286177006581));
#2114=CARTESIAN_POINT('Ctrl Pts',(141.450539991592,250.821762995788,6.8584621583887));
#2115=CARTESIAN_POINT('Ctrl Pts',(141.450539991592,250.821762995788,7.3140625467116));
#2116=CARTESIAN_POINT('',(142.100539991595,250.821762995797,4.33274910222304));
#2117=CARTESIAN_POINT('Origin',(141.77553999159,248.141394550971,4.33274910222304));
#2118=CARTESIAN_POINT('',(142.100539991595,250.821762995797,9.39898159302288E-11));
#2119=CARTESIAN_POINT('',(144.455908436414,248.46639455096,4.33274910222304));
#2120=CARTESIAN_POINT('Ctrl Pts',(144.455908436414,248.46639455096,4.33274910222304));
#2121=CARTESIAN_POINT('Ctrl Pts',(144.455908436414,248.46639455096,5.31121940984367));
#2122=CARTESIAN_POINT('Ctrl Pts',(144.455908436414,248.46639455096,6.28968971746443));
#2123=CARTESIAN_POINT('Ctrl Pts',(144.455908436414,248.46639455096,7.2681600250851));
#2124=CARTESIAN_POINT('',(144.455908436412,247.81639455096,4.33274910222304));
#2125=CARTESIAN_POINT('Origin',(141.77553999159,248.141394550971,4.33274910222304));
#2126=CARTESIAN_POINT('',(144.455908436412,247.81639455096,9.39898159302288E-11));
#2127=CARTESIAN_POINT('',(142.100539991595,245.461026106145,4.33274910222304));
#2128=CARTESIAN_POINT('',(142.100539991595,245.461026106145,9.39898159302288E-11));
#2129=CARTESIAN_POINT('',(141.77553999159,245.441394550971,4.33274910222304));
#2130=CARTESIAN_POINT('Origin',(141.77553999159,248.141394550971,4.33274910222304));
#2131=CARTESIAN_POINT('',(141.77553999159,245.441394550976,0.20000000009399));
#2132=CARTESIAN_POINT('',(141.77553999159,245.441394550971,9.39898159302288E-11));
#2133=CARTESIAN_POINT('Origin',(141.77553999159,248.141394550971,0.20000000009399));
#2134=CARTESIAN_POINT('',(141.450539991592,245.461026106145,4.33274910222304));
#2135=CARTESIAN_POINT('Origin',(141.77553999159,248.141394550971,4.33274910222304));
#2136=CARTESIAN_POINT('Ctrl Pts',(141.45053999159,245.461026106141,7.12748312460996));
#2137=CARTESIAN_POINT('Ctrl Pts',(141.45053999159,245.461026106141,6.74206454397963));
#2138=CARTESIAN_POINT('Ctrl Pts',(141.45053999159,245.461026106145,6.35664596334935));
#2139=CARTESIAN_POINT('Ctrl Pts',(141.45053999159,245.461026106145,5.425067955887));
#2140=CARTESIAN_POINT('Ctrl Pts',(141.45053999159,245.461026106145,4.87890852905502));
#2141=CARTESIAN_POINT('Ctrl Pts',(141.45053999159,245.461026106145,4.33274910222304));
#2142=CARTESIAN_POINT('',(139.095171546769,247.816394550969,4.33274910222304));
#2143=CARTESIAN_POINT('',(139.095171546769,247.81639455096,9.39898159302288E-11));
#2144=CARTESIAN_POINT('',(139.095171546767,248.46639455096,4.33274910222304));
#2145=CARTESIAN_POINT('Origin',(141.77553999159,248.141394550971,4.33274910222304));
#2146=CARTESIAN_POINT('Ctrl Pts',(139.095171546767,248.466394550969,7.26817514556835));
#2147=CARTESIAN_POINT('Ctrl Pts',(139.095171546767,248.466394550969,6.2896997977866));
#2148=CARTESIAN_POINT('Ctrl Pts',(139.095171546767,248.466394550969,5.31122445000476));
#2149=CARTESIAN_POINT('Ctrl Pts',(139.095171546767,248.466394550969,4.33274910222304));
#2150=CARTESIAN_POINT('Origin',(132.77553999159,239.149367041973,0.20000000009399));
#2151=CARTESIAN_POINT('',(141.275539991591,248.641394550973,0.200000000093987));
#2152=CARTESIAN_POINT('',(141.275539991591,250.141394550969,0.200000000093987));
#2153=CARTESIAN_POINT('',(141.275539991591,243.895380796471,0.200000000093989));
#2154=CARTESIAN_POINT('',(139.77553999159,248.641394550973,0.200000000093987));
#2155=CARTESIAN_POINT('',(136.275539991591,248.641394550973,0.200000000093988));
#2156=CARTESIAN_POINT('',(139.77553999159,247.641394550969,0.200000000093988));
#2157=CARTESIAN_POINT('',(139.77553999159,243.395380796474,0.200000000093989));
#2158=CARTESIAN_POINT('',(141.275539991591,247.641394550969,0.200000000093988));
#2159=CARTESIAN_POINT('',(137.025539991591,247.641394550969,0.200000000093988));
#2160=CARTESIAN_POINT('',(141.275539991591,246.141394550973,0.200000000093988));
#2161=CARTESIAN_POINT('',(141.275539991591,243.895380796471,0.200000000093989));
#2162=CARTESIAN_POINT('',(142.27553999159,246.141394550973,0.200000000093988));
#2163=CARTESIAN_POINT('',(137.525539991591,246.141394550973,0.200000000093988));
#2164=CARTESIAN_POINT('',(142.27553999159,247.641394550969,0.200000000093988));
#2165=CARTESIAN_POINT('',(142.27553999159,243.395380796474,0.200000000093989));
#2166=CARTESIAN_POINT('',(143.775539991591,247.641394550969,0.200000000093988));
#2167=CARTESIAN_POINT('',(137.025539991591,247.641394550969,0.200000000093988));
#2168=CARTESIAN_POINT('',(143.775539991591,248.641394550973,0.200000000093987));
#2169=CARTESIAN_POINT('',(143.775539991591,243.895380796471,0.200000000093989));
#2170=CARTESIAN_POINT('',(142.27553999159,248.641394550973,0.200000000093987));
#2171=CARTESIAN_POINT('',(137.525539991591,248.641394550973,0.200000000093988));
#2172=CARTESIAN_POINT('',(142.27553999159,250.141394550969,0.200000000093987));
#2173=CARTESIAN_POINT('',(142.27553999159,244.645380796474,0.200000000093988));
#2174=CARTESIAN_POINT('',(137.025539991591,250.141394550969,0.200000000093987));
#2175=CARTESIAN_POINT('Origin',(141.275539991591,250.141394550969,9.39864852611549E-11));
#2176=CARTESIAN_POINT('',(141.275539991591,250.141394550969,9.39864852611549E-11));
#2177=CARTESIAN_POINT('',(142.27553999159,250.141394550969,9.39864852611549E-11));
#2178=CARTESIAN_POINT('Origin',(142.27553999159,250.141394550969,9.39864852611549E-11));
#2179=CARTESIAN_POINT('',(142.27553999159,248.641394550973,9.39864852611549E-11));
#2180=CARTESIAN_POINT('Origin',(141.275539991591,248.641394550973,9.39864852611549E-11));
#2181=CARTESIAN_POINT('',(141.275539991591,248.641394550973,9.39864852611549E-11));
#2182=CARTESIAN_POINT('Origin',(142.27553999159,248.641394550973,9.39864852611549E-11));
#2183=CARTESIAN_POINT('',(143.775539991591,248.641394550973,9.39864852611549E-11));
#2184=CARTESIAN_POINT('Origin',(139.77553999159,248.641394550973,9.39864852611549E-11));
#2185=CARTESIAN_POINT('',(139.77553999159,248.641394550973,9.39864852611549E-11));
#2186=CARTESIAN_POINT('Origin',(143.775539991591,248.641394550973,9.39864852611549E-11));
#2187=CARTESIAN_POINT('',(143.775539991591,247.641394550969,9.39870403726673E-11));
#2188=CARTESIAN_POINT('Origin',(139.77553999159,247.641394550969,9.39870403726673E-11));
#2189=CARTESIAN_POINT('',(139.77553999159,247.641394550969,9.39870403726673E-11));
#2190=CARTESIAN_POINT('Origin',(141.275539991591,247.641394550969,9.39870403726673E-11));
#2191=CARTESIAN_POINT('',(142.27553999159,247.641394550969,9.39870403726673E-11));
#2192=CARTESIAN_POINT('Origin',(141.275539991591,247.641394550969,9.39870403726673E-11));
#2193=CARTESIAN_POINT('',(141.275539991591,247.641394550969,9.39870403726673E-11));
#2194=CARTESIAN_POINT('Origin',(142.27553999159,247.641394550969,9.39870403726673E-11));
#2195=CARTESIAN_POINT('',(142.27553999159,246.141394550973,9.39870403726673E-11));
#2196=CARTESIAN_POINT('Origin',(142.27553999159,246.141394550973,9.39881505956919E-11));
#2197=CARTESIAN_POINT('',(141.275539991591,246.141394550973,9.39870403726673E-11));
#2198=CARTESIAN_POINT('Origin',(141.275539991591,248.641394550973,9.39864852611549E-11));
#2199=CARTESIAN_POINT('Ctrl Pts',(132.77553999159,248.466394550969,4.33274910222304));
#2200=CARTESIAN_POINT('Ctrl Pts',(132.77553999159,248.466394550969,7.33274910222304));
#2201=CARTESIAN_POINT('Ctrl Pts',(132.77553999159,248.466394550969,14.832749102223));
#2202=CARTESIAN_POINT('Ctrl Pts',(150.775539991591,248.46639455096,4.33274910222304));
#2203=CARTESIAN_POINT('Ctrl Pts',(150.775539991591,248.46639455096,7.33274910222304));
#2204=CARTESIAN_POINT('Ctrl Pts',(150.775539991591,248.46639455096,14.832749102223));
#2205=CARTESIAN_POINT('Ctrl Pts',(199.27553999159,248.466394550937,4.33274910222304));
#2206=CARTESIAN_POINT('Ctrl Pts',(199.27553999159,248.466394550937,7.33274910222304));
#2207=CARTESIAN_POINT('Ctrl Pts',(199.27553999159,248.466394550937,14.832749102223));
#2208=CARTESIAN_POINT('Ctrl Pts',(144.455908436414,248.46639455096,4.33274910222304));
#2209=CARTESIAN_POINT('Ctrl Pts',(150.775539991591,248.46639455096,4.33274910222304));
#2210=CARTESIAN_POINT('Ctrl Pts',(151.77553999159,248.46639455096,4.33274910222304));
#2211=CARTESIAN_POINT('Ctrl Pts',(152.918823449552,248.46639455096,4.33274910222304));
#2212=CARTESIAN_POINT('Origin',(141.77553999159,248.46639455096,4.33274910222304));
#2213=CARTESIAN_POINT('',(141.77553999159,247.81639455096,4.33274910222304));
#2214=CARTESIAN_POINT('Origin',(141.77553999159,247.81639455096,5.83274910222304));
#2215=CARTESIAN_POINT('Origin',(141.77553999159,248.46639455096,4.33274910222304));
#2216=CARTESIAN_POINT('',(142.100539991595,248.141394550958,4.33274910222304));
#2217=CARTESIAN_POINT('Ctrl Pts',(141.450539991592,242.029833293791,4.33274910222304));
#2218=CARTESIAN_POINT('Ctrl Pts',(141.450539991592,245.461026106145,4.33274910222304));
#2219=CARTESIAN_POINT('Origin',(142.100539991595,248.141394550958,5.83274910222304));
#2220=CARTESIAN_POINT('Ctrl Pts',(141.450539991574,172.941394550958,4.33274910222304));
#2221=CARTESIAN_POINT('Ctrl Pts',(141.450539991574,172.941394550958,7.33274910222304));
#2222=CARTESIAN_POINT('Ctrl Pts',(141.450539991574,172.941394550958,14.832749102223));
#2223=CARTESIAN_POINT('Ctrl Pts',(141.45053999159,239.141394550957,4.33274910222304));
#2224=CARTESIAN_POINT('Ctrl Pts',(141.45053999159,239.141394550957,7.33274910222304));
#2225=CARTESIAN_POINT('Ctrl Pts',(141.45053999159,239.141394550957,14.832749102223));
#2226=CARTESIAN_POINT('Ctrl Pts',(141.450539991592,257.141394550958,4.33274910222304));
#2227=CARTESIAN_POINT('Ctrl Pts',(141.450539991592,257.141394550958,7.33274910222304));
#2228=CARTESIAN_POINT('Ctrl Pts',(141.450539991592,257.141394550958,14.832749102223));
#2229=CARTESIAN_POINT('Ctrl Pts',(141.450539991592,259.841394550954,4.33274910222304));
#2230=CARTESIAN_POINT('Ctrl Pts',(141.450539991592,259.841394550954,7.33274910222304));
#2231=CARTESIAN_POINT('Ctrl Pts',(141.450539991592,259.841394550954,14.832749102223));
#2232=CARTESIAN_POINT('Ctrl Pts',(84.2755399915904,248.466394550992,-109.667250897762));
#2233=CARTESIAN_POINT('Ctrl Pts',(84.2755399915904,248.466394550992,4.33274910222304));
#2234=CARTESIAN_POINT('Ctrl Pts',(84.2755399915904,248.466394550992,7.33274910222304));
#2235=CARTESIAN_POINT('Ctrl Pts',(84.2755399915904,248.466394550992,43.9827511022616));
#2236=CARTESIAN_POINT('Ctrl Pts',(132.77553999159,248.466394550969,-109.667250897762));
#2237=CARTESIAN_POINT('Ctrl Pts',(132.77553999159,248.466394550969,4.33274910222304));
#2238=CARTESIAN_POINT('Ctrl Pts',(132.77553999159,248.466394550969,7.33274910222304));
#2239=CARTESIAN_POINT('Ctrl Pts',(132.77553999159,248.466394550969,43.9827511022616));
#2240=CARTESIAN_POINT('Ctrl Pts',(150.775539991591,248.46639455096,-109.667250897762));
#2241=CARTESIAN_POINT('Ctrl Pts',(150.775539991591,248.46639455096,4.33274910222304));
#2242=CARTESIAN_POINT('Ctrl Pts',(150.775539991591,248.46639455096,7.33274910222304));
#2243=CARTESIAN_POINT('Ctrl Pts',(150.775539991591,248.46639455096,43.9827511022616));
#2244=CARTESIAN_POINT('Ctrl Pts',(130.78931481175,248.46639455096,4.33274910222304));
#2245=CARTESIAN_POINT('Ctrl Pts',(131.77553999159,248.46639455096,4.33274910222304));
#2246=CARTESIAN_POINT('Ctrl Pts',(132.77553999159,248.46639455096,4.33274910222304));
#2247=CARTESIAN_POINT('Ctrl Pts',(139.095171546767,248.46639455096,4.33274910222304));
#2248=CARTESIAN_POINT('Origin',(141.77553999159,248.46639455096,4.33274910222304));
#2249=CARTESIAN_POINT('',(141.77553999159,247.816394550969,4.33274910222304));
#2250=CARTESIAN_POINT('Origin',(141.77553999159,247.81639455096,5.83274910222304));
#2251=CARTESIAN_POINT('Origin',(142.100539991595,248.141394550958,5.83274910222304));
#2252=CARTESIAN_POINT('',(142.100539991595,248.141394550958,4.33274910222304));
#2253=CARTESIAN_POINT('Origin',(141.77553999159,248.46639455096,4.33274910222304));
#2254=CARTESIAN_POINT('Ctrl Pts',(141.450539991592,250.821762995797,4.33274910222304));
#2255=CARTESIAN_POINT('Ctrl Pts',(141.450539991592,255.518131179815,4.33274910222304));
#2256=CARTESIAN_POINT('Ctrl Pts',(141.450539991574,172.941394550958,4.33274910222304));
#2257=CARTESIAN_POINT('Ctrl Pts',(141.450539991574,172.941394550958,7.33274910222304));
#2258=CARTESIAN_POINT('Ctrl Pts',(141.450539991574,172.941394550958,14.832749102223));
#2259=CARTESIAN_POINT('Ctrl Pts',(141.45053999159,239.141394550957,4.33274910222304));
#2260=CARTESIAN_POINT('Ctrl Pts',(141.45053999159,239.141394550957,7.33274910222304));
#2261=CARTESIAN_POINT('Ctrl Pts',(141.45053999159,239.141394550957,14.832749102223));
#2262=CARTESIAN_POINT('Ctrl Pts',(141.450539991592,257.141394550958,4.33274910222304));
#2263=CARTESIAN_POINT('Ctrl Pts',(141.450539991592,257.141394550958,7.33274910222304));
#2264=CARTESIAN_POINT('Ctrl Pts',(141.450539991592,257.141394550958,14.832749102223));
#2265=CARTESIAN_POINT('Ctrl Pts',(141.450539991592,259.841394550954,4.33274910222304));
#2266=CARTESIAN_POINT('Ctrl Pts',(141.450539991592,259.841394550954,7.33274910222304));
#2267=CARTESIAN_POINT('Ctrl Pts',(141.450539991592,259.841394550954,14.832749102223));
#2268=UNCERTAINTY_MEASURE_WITH_UNIT(LENGTH_MEASURE(0.01),#2272,
'DISTANCE_ACCURACY_VALUE',
'Maximum model space distance between geometric entities at asserted c
onnectivities');
#2269=UNCERTAINTY_MEASURE_WITH_UNIT(LENGTH_MEASURE(0.01),#2272,
'DISTANCE_ACCURACY_VALUE',
'Maximum model space distance between geometric entities at asserted c
onnectivities');
#2270=(
GEOMETRIC_REPRESENTATION_CONTEXT(3)
GLOBAL_UNCERTAINTY_ASSIGNED_CONTEXT((#2268))
GLOBAL_UNIT_ASSIGNED_CONTEXT((#2272,#2274,#2275))
REPRESENTATION_CONTEXT('','3D')
);
#2271=(
GEOMETRIC_REPRESENTATION_CONTEXT(3)
GLOBAL_UNCERTAINTY_ASSIGNED_CONTEXT((#2269))
GLOBAL_UNIT_ASSIGNED_CONTEXT((#2272,#2274,#2275))
REPRESENTATION_CONTEXT('','3D')
);
#2272=(
LENGTH_UNIT()
NAMED_UNIT(*)
SI_UNIT(.MILLI.,.METRE.)
);
#2273=(
LENGTH_UNIT()
NAMED_UNIT(*)
SI_UNIT($,.METRE.)
);
#2274=(
NAMED_UNIT(*)
PLANE_ANGLE_UNIT()
SI_UNIT($,.RADIAN.)
);
#2275=(
NAMED_UNIT(*)
SI_UNIT($,.STERADIAN.)
SOLID_ANGLE_UNIT()
);
#2276=SHAPE_DEFINITION_REPRESENTATION(#2277,#2278);
#2277=PRODUCT_DEFINITION_SHAPE('',$,#2280);
#2278=SHAPE_REPRESENTATION('',(#977,#964),#2270);
#2279=PRODUCT_DEFINITION_CONTEXT('part definition',#2284,'design');
#2280=PRODUCT_DEFINITION(
'_CHERRYMX CAD_CAM KEYCAPS.0a65399a-5414-456f-92bb-ff9080eeff1a',
'_CHERRYMX CAD_CAM KEYCAPS.0a65399a-5414-456f-92bb-ff9080eeff1a',#2281,
#2279);
#2281=PRODUCT_DEFINITION_FORMATION('',$,#2286);
#2282=PRODUCT_RELATED_PRODUCT_CATEGORY(
'_CHERRYMX CAD_CAM KEYCAPS.0a65399a-5414-456f-92bb-ff9080eeff1a',
'_CHERRYMX CAD_CAM KEYCAPS.0a65399a-5414-456f-92bb-ff9080eeff1a',(#2286));
#2283=APPLICATION_PROTOCOL_DEFINITION('international standard',
'automotive_design',2009,#2284);
#2284=APPLICATION_CONTEXT(
'Core Data for Automotive Mechanical Design Process');
#2285=PRODUCT_CONTEXT('part definition',#2284,'mechanical');
#2286=PRODUCT(
'_CHERRYMX CAD_CAM KEYCAPS.0a65399a-5414-456f-92bb-ff9080eeff1a',
'_CHERRYMX CAD_CAM KEYCAPS.0a65399a-5414-456f-92bb-ff9080eeff1a',$,(#2285));
#2287=PRESENTATION_STYLE_ASSIGNMENT((#2289));
#2288=PRESENTATION_STYLE_ASSIGNMENT((#2290));
#2289=SURFACE_STYLE_USAGE(.BOTH.,#2291);
#2290=SURFACE_STYLE_USAGE(.BOTH.,#2292);
#2291=SURFACE_SIDE_STYLE('',(#2293));
#2292=SURFACE_SIDE_STYLE('',(#2294));
#2293=SURFACE_STYLE_FILL_AREA(#2295);
#2294=SURFACE_STYLE_FILL_AREA(#2296);
#2295=FILL_AREA_STYLE('Steel - Satin',(#2297));
#2296=FILL_AREA_STYLE('Generic',(#2298));
#2297=FILL_AREA_STYLE_COLOUR('Steel - Satin',#2299);
#2298=FILL_AREA_STYLE_COLOUR('Generic',#2300);
#2299=COLOUR_RGB('Steel - Satin',0.627450980392157,0.627450980392157,0.627450980392157);
#2300=COLOUR_RGB('Generic',1.,1.,1.);
ENDSEC;
END-ISO-10303-21;
