ISO-10303-21;
HEADER;
/* Generated by software containing ST-Developer
 * from STEP Tools, Inc. (www.steptools.com) 
 */

FILE_DESCRIPTION(
/* description */ (''),
/* implementation_level */ '2;1');

FILE_NAME(
/* name */ 'k1.75.step',
/* time_stamp */ '2026-05-03T22:43:28-07:00',
/* author */ (''),
/* organization */ (''),
/* preprocessor_version */ 'ST-DEVELOPER v20.1',
/* originating_system */ 'Autodesk Translation Framework v14.24.0.0',
/* authorisation */ '');

FILE_SCHEMA (('AUTOMOTIVE_DESIGN { 1 0 10303 214 3 1 1 }'));
ENDSEC;

DATA;
#10=MECHANICAL_DESIGN_GEOMETRIC_PRESENTATION_REPRESENTATION('',(#191,#192),
#2220);
#11=SHAPE_REPRESENTATION_RELATIONSHIP('SRR','None',#2227,#12);
#12=ADVANCED_BREP_SHAPE_REPRESENTATION('',(#13),#2219);
#13=MANIFOLD_SOLID_BREP('Body70',#190);
#14=CYLINDRICAL_SURFACE('',#1003,2.7);
#15=FACE_BOUND('',#272,.T.);
#16=FACE_BOUND('',#283,.T.);
#17=(
BOUNDED_SURFACE()
B_SPLINE_SURFACE(1,2,((#1760,#1761,#1762),(#1763,#1764,#1765)),
 .UNSPECIFIED.,.F.,.F.,.F.)
B_SPLINE_SURFACE_WITH_KNOTS((2,2),(3,3),(-7.70728717698822E-13,0.296636653856372),
(-5.07445585695546E-14,0.27803574620561),.UNSPECIFIED.)
GEOMETRIC_REPRESENTATION_ITEM()
RATIONAL_B_SPLINE_SURFACE(((1.,0.990352567668923,1.),(1.,0.990352567668923,
1.)))
REPRESENTATION_ITEM('')
SURFACE()
);
#18=CIRCLE('',#982,0.249999999999976);
#19=CIRCLE('',#983,0.25);
#20=CIRCLE('',#984,0.250000000000151);
#21=CIRCLE('',#985,0.25);
#22=CIRCLE('',#986,0.25000000000017);
#23=CIRCLE('',#987,0.250000000000001);
#24=CIRCLE('',#988,0.250000000000002);
#25=CIRCLE('',#989,0.250000000000002);
#26=CIRCLE('',#991,0.250000000000002);
#27=CIRCLE('',#993,0.250000000000002);
#28=CIRCLE('',#1002,2.7);
#29=CIRCLE('',#1004,2.7);
#30=CIRCLE('',#1005,2.7);
#31=CIRCLE('',#1006,2.7);
#32=CIRCLE('',#1007,2.7);
#33=CIRCLE('',#1008,2.7);
#34=LINE('',#1199,#98);
#35=LINE('',#1201,#99);
#36=LINE('',#1203,#100);
#37=LINE('',#1212,#101);
#38=LINE('',#1214,#102);
#39=LINE('',#1216,#103);
#40=LINE('',#1226,#104);
#41=LINE('',#1228,#105);
#42=LINE('',#1230,#106);
#43=LINE('',#1246,#107);
#44=LINE('',#1247,#108);
#45=LINE('',#1562,#109);
#46=LINE('',#1570,#110);
#47=LINE('',#1571,#111);
#48=LINE('',#1573,#112);
#49=LINE('',#1574,#113);
#50=LINE('',#1577,#114);
#51=LINE('',#1578,#115);
#52=LINE('',#1584,#116);
#53=LINE('',#1603,#117);
#54=LINE('',#1605,#118);
#55=LINE('',#1607,#119);
#56=LINE('',#1917,#120);
#57=LINE('',#1919,#121);
#58=LINE('',#1938,#122);
#59=LINE('',#1939,#123);
#60=LINE('',#1961,#124);
#61=LINE('',#1965,#125);
#62=LINE('',#1966,#126);
#63=LINE('',#1991,#127);
#64=LINE('',#2055,#128);
#65=LINE('',#2059,#129);
#66=LINE('',#2061,#130);
#67=LINE('',#2062,#131);
#68=LINE('',#2065,#132);
#69=LINE('',#2066,#133);
#70=LINE('',#2069,#134);
#71=LINE('',#2070,#135);
#72=LINE('',#2073,#136);
#73=LINE('',#2074,#137);
#74=LINE('',#2077,#138);
#75=LINE('',#2078,#139);
#76=LINE('',#2081,#140);
#77=LINE('',#2082,#141);
#78=LINE('',#2088,#142);
#79=LINE('',#2090,#143);
#80=LINE('',#2092,#144);
#81=LINE('',#2094,#145);
#82=LINE('',#2095,#146);
#83=LINE('',#2096,#147);
#84=LINE('',#2106,#148);
#85=LINE('',#2122,#149);
#86=LINE('',#2130,#150);
#87=LINE('',#2132,#151);
#88=LINE('',#2135,#152);
#89=LINE('',#2138,#153);
#90=LINE('',#2140,#154);
#91=LINE('',#2142,#155);
#92=LINE('',#2144,#156);
#93=LINE('',#2146,#157);
#94=LINE('',#2162,#158);
#95=LINE('',#2179,#159);
#96=LINE('',#2198,#160);
#97=LINE('',#2215,#161);
#98=VECTOR('',#1027,1.);
#99=VECTOR('',#1028,1.);
#100=VECTOR('',#1029,1.);
#101=VECTOR('',#1030,1.);
#102=VECTOR('',#1031,1.);
#103=VECTOR('',#1032,1.);
#104=VECTOR('',#1035,1.);
#105=VECTOR('',#1036,1.);
#106=VECTOR('',#1037,1.);
#107=VECTOR('',#1038,1.);
#108=VECTOR('',#1039,1.);
#109=VECTOR('',#1042,1.);
#110=VECTOR('',#1043,1.);
#111=VECTOR('',#1044,1.);
#112=VECTOR('',#1045,1.);
#113=VECTOR('',#1046,1.);
#114=VECTOR('',#1049,1.);
#115=VECTOR('',#1050,1.);
#116=VECTOR('',#1051,1.);
#117=VECTOR('',#1052,10.5675730862134);
#118=VECTOR('',#1053,1.);
#119=VECTOR('',#1054,10.0748128051564);
#120=VECTOR('',#1067,10.4865123828692);
#121=VECTOR('',#1068,10.5675730862227);
#122=VECTOR('',#1071,1.);
#123=VECTOR('',#1072,10.074812805169);
#124=VECTOR('',#1073,1.);
#125=VECTOR('',#1078,1.);
#126=VECTOR('',#1079,10.45227248018);
#127=VECTOR('',#1086,1.);
#128=VECTOR('',#1087,1.);
#129=VECTOR('',#1092,1.);
#130=VECTOR('',#1093,1.);
#131=VECTOR('',#1094,1.);
#132=VECTOR('',#1097,1.);
#133=VECTOR('',#1098,1.);
#134=VECTOR('',#1101,1.);
#135=VECTOR('',#1102,1.);
#136=VECTOR('',#1105,1.);
#137=VECTOR('',#1106,1.);
#138=VECTOR('',#1109,1.);
#139=VECTOR('',#1110,1.);
#140=VECTOR('',#1113,1.);
#141=VECTOR('',#1114,1.);
#142=VECTOR('',#1119,1.);
#143=VECTOR('',#1120,1.);
#144=VECTOR('',#1121,1.);
#145=VECTOR('',#1122,1.);
#146=VECTOR('',#1123,1.);
#147=VECTOR('',#1124,1.);
#148=VECTOR('',#1127,1.);
#149=VECTOR('',#1132,1.);
#150=VECTOR('',#1135,1.);
#151=VECTOR('',#1136,1.);
#152=VECTOR('',#1139,3.);
#153=VECTOR('',#1144,1.);
#154=VECTOR('',#1147,1.);
#155=VECTOR('',#1150,1.);
#156=VECTOR('',#1153,1.);
#157=VECTOR('',#1156,1.);
#158=VECTOR('',#1161,1.);
#159=VECTOR('',#1166,1.);
#160=VECTOR('',#1171,1.);
#161=VECTOR('',#1176,1.);
#162=PLANE('',#978);
#163=PLANE('',#979);
#164=PLANE('',#980);
#165=PLANE('',#981);
#166=PLANE('',#990);
#167=PLANE('',#992);
#168=PLANE('',#994);
#169=PLANE('',#995);
#170=PLANE('',#996);
#171=PLANE('',#997);
#172=PLANE('',#998);
#173=PLANE('',#999);
#174=PLANE('',#1000);
#175=PLANE('',#1001);
#176=PLANE('',#1009);
#177=PLANE('',#1010);
#178=PLANE('',#1011);
#179=PLANE('',#1012);
#180=PLANE('',#1013);
#181=PLANE('',#1014);
#182=PLANE('',#1015);
#183=PLANE('',#1016);
#184=PLANE('',#1017);
#185=PLANE('',#1018);
#186=PLANE('',#1019);
#187=PLANE('',#1020);
#188=PLANE('',#1021);
#189=PLANE('',#1022);
#190=CLOSED_SHELL('',(#910,#911,#912,#913,#914,#915,#916,#917,#918,#919,
#920,#921,#922,#923,#924,#925,#926,#927,#928,#929,#930,#931,#932,#933,#934,
#935,#936,#937,#938,#939,#940,#941,#942,#943,#944,#945,#946,#947,#948,#949,
#950,#951,#952,#953,#954,#955,#956,#957,#958,#959,#960,#961,#962));
#191=STYLED_ITEM('',(#2237),#964);
#192=STYLED_ITEM('',(#2237),#13);
#193=FACE_OUTER_BOUND('',#247,.T.);
#194=FACE_OUTER_BOUND('',#248,.T.);
#195=FACE_OUTER_BOUND('',#249,.T.);
#196=FACE_OUTER_BOUND('',#250,.T.);
#197=FACE_OUTER_BOUND('',#251,.T.);
#198=FACE_OUTER_BOUND('',#252,.T.);
#199=FACE_OUTER_BOUND('',#253,.T.);
#200=FACE_OUTER_BOUND('',#254,.T.);
#201=FACE_OUTER_BOUND('',#255,.T.);
#202=FACE_OUTER_BOUND('',#256,.T.);
#203=FACE_OUTER_BOUND('',#257,.T.);
#204=FACE_OUTER_BOUND('',#258,.T.);
#205=FACE_OUTER_BOUND('',#259,.T.);
#206=FACE_OUTER_BOUND('',#260,.T.);
#207=FACE_OUTER_BOUND('',#261,.T.);
#208=FACE_OUTER_BOUND('',#262,.T.);
#209=FACE_OUTER_BOUND('',#263,.T.);
#210=FACE_OUTER_BOUND('',#264,.T.);
#211=FACE_OUTER_BOUND('',#265,.T.);
#212=FACE_OUTER_BOUND('',#266,.T.);
#213=FACE_OUTER_BOUND('',#267,.T.);
#214=FACE_OUTER_BOUND('',#268,.T.);
#215=FACE_OUTER_BOUND('',#269,.T.);
#216=FACE_OUTER_BOUND('',#270,.T.);
#217=FACE_OUTER_BOUND('',#271,.T.);
#218=FACE_OUTER_BOUND('',#273,.T.);
#219=FACE_OUTER_BOUND('',#274,.T.);
#220=FACE_OUTER_BOUND('',#275,.T.);
#221=FACE_OUTER_BOUND('',#276,.T.);
#222=FACE_OUTER_BOUND('',#277,.T.);
#223=FACE_OUTER_BOUND('',#278,.T.);
#224=FACE_OUTER_BOUND('',#279,.T.);
#225=FACE_OUTER_BOUND('',#280,.T.);
#226=FACE_OUTER_BOUND('',#281,.T.);
#227=FACE_OUTER_BOUND('',#282,.T.);
#228=FACE_OUTER_BOUND('',#284,.T.);
#229=FACE_OUTER_BOUND('',#285,.T.);
#230=FACE_OUTER_BOUND('',#286,.T.);
#231=FACE_OUTER_BOUND('',#287,.T.);
#232=FACE_OUTER_BOUND('',#288,.T.);
#233=FACE_OUTER_BOUND('',#289,.T.);
#234=FACE_OUTER_BOUND('',#290,.T.);
#235=FACE_OUTER_BOUND('',#291,.T.);
#236=FACE_OUTER_BOUND('',#292,.T.);
#237=FACE_OUTER_BOUND('',#293,.T.);
#238=FACE_OUTER_BOUND('',#294,.T.);
#239=FACE_OUTER_BOUND('',#295,.T.);
#240=FACE_OUTER_BOUND('',#296,.T.);
#241=FACE_OUTER_BOUND('',#297,.T.);
#242=FACE_OUTER_BOUND('',#298,.T.);
#243=FACE_OUTER_BOUND('',#299,.T.);
#244=FACE_OUTER_BOUND('',#300,.T.);
#245=FACE_OUTER_BOUND('',#301,.T.);
#246=FACE_OUTER_BOUND('',#302,.T.);
#247=EDGE_LOOP('',(#603,#604,#605,#606));
#248=EDGE_LOOP('',(#607,#608,#609,#610,#611,#612,#613,#614));
#249=EDGE_LOOP('',(#615,#616,#617,#618,#619,#620,#621,#622));
#250=EDGE_LOOP('',(#623,#624,#625,#626,#627,#628,#629,#630,#631,#632,#633,
#634));
#251=EDGE_LOOP('',(#635,#636,#637,#638,#639));
#252=EDGE_LOOP('',(#640,#641,#642,#643,#644));
#253=EDGE_LOOP('',(#645,#646,#647,#648,#649));
#254=EDGE_LOOP('',(#650,#651,#652,#653,#654,#655,#656,#657));
#255=EDGE_LOOP('',(#658,#659,#660,#661,#662,#663,#664,#665));
#256=EDGE_LOOP('',(#666,#667,#668,#669));
#257=EDGE_LOOP('',(#670,#671,#672,#673));
#258=EDGE_LOOP('',(#674,#675,#676,#677));
#259=EDGE_LOOP('',(#678,#679,#680,#681));
#260=EDGE_LOOP('',(#682,#683,#684,#685));
#261=EDGE_LOOP('',(#686,#687,#688,#689,#690,#691,#692,#693));
#262=EDGE_LOOP('',(#694,#695,#696,#697));
#263=EDGE_LOOP('',(#698,#699,#700,#701));
#264=EDGE_LOOP('',(#702,#703,#704,#705));
#265=EDGE_LOOP('',(#706,#707,#708,#709));
#266=EDGE_LOOP('',(#710,#711,#712,#713));
#267=EDGE_LOOP('',(#714,#715,#716,#717));
#268=EDGE_LOOP('',(#718,#719,#720,#721));
#269=EDGE_LOOP('',(#722,#723,#724,#725));
#270=EDGE_LOOP('',(#726,#727,#728,#729));
#271=EDGE_LOOP('',(#730,#731,#732,#733,#734,#735,#736,#737));
#272=EDGE_LOOP('',(#738,#739,#740,#741));
#273=EDGE_LOOP('',(#742,#743,#744,#745,#746));
#274=EDGE_LOOP('',(#747,#748,#749,#750));
#275=EDGE_LOOP('',(#751,#752,#753,#754));
#276=EDGE_LOOP('',(#755,#756,#757,#758));
#277=EDGE_LOOP('',(#759,#760,#761,#762));
#278=EDGE_LOOP('',(#763,#764,#765,#766));
#279=EDGE_LOOP('',(#767,#768,#769,#770));
#280=EDGE_LOOP('',(#771,#772,#773,#774));
#281=EDGE_LOOP('',(#775,#776,#777,#778));
#282=EDGE_LOOP('',(#779));
#283=EDGE_LOOP('',(#780,#781,#782,#783,#784,#785,#786,#787,#788,#789,#790,
#791));
#284=EDGE_LOOP('',(#792,#793,#794,#795,#796,#797,#798,#799,#800,#801,#802,
#803,#804,#805,#806,#807,#808,#809,#810,#811));
#285=EDGE_LOOP('',(#812,#813,#814,#815));
#286=EDGE_LOOP('',(#816,#817,#818,#819));
#287=EDGE_LOOP('',(#820,#821,#822,#823));
#288=EDGE_LOOP('',(#824,#825,#826,#827));
#289=EDGE_LOOP('',(#828,#829,#830,#831));
#290=EDGE_LOOP('',(#832,#833,#834,#835));
#291=EDGE_LOOP('',(#836,#837,#838,#839));
#292=EDGE_LOOP('',(#840,#841,#842,#843));
#293=EDGE_LOOP('',(#844,#845,#846,#847));
#294=EDGE_LOOP('',(#848,#849,#850,#851));
#295=EDGE_LOOP('',(#852,#853,#854,#855));
#296=EDGE_LOOP('',(#856,#857,#858,#859));
#297=EDGE_LOOP('',(#860,#861,#862,#863));
#298=EDGE_LOOP('',(#864,#865,#866,#867));
#299=EDGE_LOOP('',(#868,#869,#870,#871));
#300=EDGE_LOOP('',(#872,#873,#874,#875));
#301=EDGE_LOOP('',(#876,#877,#878,#879,#880));
#302=EDGE_LOOP('',(#881,#882,#883,#884));
#303=B_SPLINE_CURVE_WITH_KNOTS('',1,(#1186,#1187),.UNSPECIFIED.,.F.,.F.,
(2,2),(0.,0.59999999999998),.UNSPECIFIED.);
#304=B_SPLINE_CURVE_WITH_KNOTS('',1,(#1189,#1190),.UNSPECIFIED.,.F.,.F.,
(2,2),(0.,1.),.UNSPECIFIED.);
#305=B_SPLINE_CURVE_WITH_KNOTS('',1,(#1192,#1193),.UNSPECIFIED.,.F.,.F.,
(2,2),(0.,0.59999999999998),.UNSPECIFIED.);
#306=B_SPLINE_CURVE_WITH_KNOTS('',1,(#1194,#1195),.UNSPECIFIED.,.F.,.F.,
(2,2),(0.,1.),.UNSPECIFIED.);
#307=B_SPLINE_CURVE_WITH_KNOTS('',3,(#1205,#1206,#1207,#1208,#1209,#1210),
 .UNSPECIFIED.,.F.,.F.,(4,2,4),(0.0712006478788598,3.44470535680048,6.81594010585124),
 .UNSPECIFIED.);
#308=B_SPLINE_CURVE_WITH_KNOTS('',3,(#1217,#1218,#1219,#1220,#1221,#1222),
 .UNSPECIFIED.,.F.,.F.,(4,2,4),(0.453661839676526,2.5665767368734,5.07279640246375),
 .UNSPECIFIED.);
#309=B_SPLINE_CURVE_WITH_KNOTS('',3,(#1232,#1233,#1234,#1235,#1236,#1237,
#1238,#1239,#1240,#1241,#1242,#1243,#1244),.UNSPECIFIED.,.F.,.F.,(4,3,3,
3,4),(0.117163190121139,1.24882726975614,5.15878958082776,6.08860910082616,
12.0226775049862),.UNSPECIFIED.);
#310=B_SPLINE_CURVE_WITH_KNOTS('',3,(#1248,#1249,#1250,#1251,#1252,#1253),
 .UNSPECIFIED.,.F.,.F.,(4,2,4),(0.214038960037654,6.17844004211089,12.242647228696),
 .UNSPECIFIED.);
#311=B_SPLINE_CURVE_WITH_KNOTS('',3,(#1280,#1281,#1282,#1283,#1284,#1285),
 .UNSPECIFIED.,.F.,.F.,(4,2,4),(1.54601763790944,2.04618203783651,2.54639882846903),
 .UNSPECIFIED.);
#312=B_SPLINE_CURVE_WITH_KNOTS('',3,(#1287,#1288,#1289,#1290),
 .UNSPECIFIED.,.F.,.F.,(4,4),(2.51543874755435,4.01634700365634),
 .UNSPECIFIED.);
#313=B_SPLINE_CURVE_WITH_KNOTS('',3,(#1292,#1293,#1294,#1295,#1296,#1297,
#1298),.UNSPECIFIED.,.F.,.F.,(4,3,4),(0.0455981725606215,0.589265229278486,
1.54601766585252),.UNSPECIFIED.);
#314=B_SPLINE_CURVE_WITH_KNOTS('',3,(#1300,#1301,#1302,#1303,#1304,#1305),
 .UNSPECIFIED.,.F.,.F.,(4,2,4),(1.51438845543249,2.02124433101407,2.51499395945633),
 .UNSPECIFIED.);
#315=B_SPLINE_CURVE_WITH_KNOTS('',3,(#1307,#1308,#1309,#1310,#1311,#1312,
#1313),.UNSPECIFIED.,.F.,.F.,(4,3,4),(2.54570828261462,3.50209653694825,
4.04555662075505),.UNSPECIFIED.);
#316=B_SPLINE_CURVE_WITH_KNOTS('',3,(#1315,#1316,#1317,#1318),
 .UNSPECIFIED.,.F.,.F.,(4,4),(0.0139249874555211,1.51483324354211),
 .UNSPECIFIED.);
#317=B_SPLINE_CURVE_WITH_KNOTS('',3,(#1320,#1321,#1322,#1323,#1324,#1325),
 .UNSPECIFIED.,.F.,.F.,(4,2,4),(1.54570787264903,2.04573369531926,2.54570825469314),
 .UNSPECIFIED.);
#318=B_SPLINE_CURVE_WITH_KNOTS('',3,(#1327,#1328,#1329,#1330),
 .UNSPECIFIED.,.F.,.F.,(4,4),(2.5276583956941,4.02856665171183),
 .UNSPECIFIED.);
#319=B_SPLINE_CURVE_WITH_KNOTS('',3,(#1332,#1333,#1334,#1335),
 .UNSPECIFIED.,.F.,.F.,(4,4),(0.0456583447624312,1.54570790057775),
 .UNSPECIFIED.);
#320=B_SPLINE_CURVE_WITH_KNOTS('',3,(#1337,#1338,#1339,#1340,#1341,#1342),
 .UNSPECIFIED.,.F.,.F.,(4,2,4),(1.52750583763922,2.02124433101368,2.52811134165775),
 .UNSPECIFIED.);
#321=B_SPLINE_CURVE_WITH_KNOTS('',3,(#1344,#1345,#1346,#1347),
 .UNSPECIFIED.,.F.,.F.,(4,4),(2.54639885640481,4.04701964365365),
 .UNSPECIFIED.);
#322=B_SPLINE_CURVE_WITH_KNOTS('',3,(#1348,#1349,#1350,#1351),
 .UNSPECIFIED.,.F.,.F.,(4,4),(0.0261446355930116,1.52705289165638),
 .UNSPECIFIED.);
#323=B_SPLINE_CURVE_WITH_KNOTS('',3,(#1377,#1378,#1379,#1380,#1381,#1382),
 .UNSPECIFIED.,.F.,.F.,(4,2,4),(2.40957113380767,3.44463526022464,6.84178990516424),
 .UNSPECIFIED.);
#324=B_SPLINE_CURVE_WITH_KNOTS('',3,(#1384,#1385,#1386,#1387,#1388,#1389,
#1390,#1391,#1392,#1393,#1394,#1395,#1396,#1397,#1398,#1399,#1400,#1401,
#1402,#1403,#1404,#1405,#1406,#1407,#1408),.UNSPECIFIED.,.F.,.F.,(4,3,3,
3,3,3,3,3,4),(0.0539743087311478,0.662649278752374,1.07245489129212,1.95319424627584,
2.13817876825249,2.43900271628265,2.97389200866471,3.39216043122154,3.65308009752965),
 .UNSPECIFIED.);
#325=B_SPLINE_CURVE_WITH_KNOTS('',3,(#1410,#1411,#1412,#1413,#1414,#1415,
#1416),.UNSPECIFIED.,.F.,.F.,(4,3,4),(0.150801456506639,6.07708565015636,
9.68781797542463),.UNSPECIFIED.);
#326=B_SPLINE_CURVE_WITH_KNOTS('',3,(#1417,#1418,#1419,#1420,#1421,#1422),
 .UNSPECIFIED.,.F.,.F.,(4,2,4),(0.0731247277872481,3.44463526063852,6.81869785298865),
 .UNSPECIFIED.);
#327=B_SPLINE_CURVE_WITH_KNOTS('',3,(#1440,#1441,#1442,#1443,#1444,#1445,
#1446),.UNSPECIFIED.,.F.,.F.,(4,3,4),(2.47457897220621,6.1831293199978,
12.2220439855899),.UNSPECIFIED.);
#328=B_SPLINE_CURVE_WITH_KNOTS('',3,(#1448,#1449,#1450,#1451,#1452,#1453,
#1454,#1455,#1456,#1457,#1458,#1459,#1460,#1461,#1462,#1463,#1464,#1465,
#1466),.UNSPECIFIED.,.F.,.F.,(4,3,3,3,3,3,4),(0.119875769071905,0.658265643536882,
1.32580507286182,1.54614579686402,2.51028364798432,3.15610131774676,3.71672010436841),
 .UNSPECIFIED.);
#329=B_SPLINE_CURVE_WITH_KNOTS('',3,(#1467,#1468,#1469,#1470,#1471,#1472),
 .UNSPECIFIED.,.F.,.F.,(4,2,4),(0.0474804370560069,3.44462656724065,4.47969444310303),
 .UNSPECIFIED.);
#330=B_SPLINE_CURVE_WITH_KNOTS('',3,(#1499,#1500,#1501,#1502,#1503,#1504),
 .UNSPECIFIED.,.F.,.F.,(4,2,4),(0.239904214156586,2.54271766112335,2.69726155322196),
 .UNSPECIFIED.);
#331=B_SPLINE_CURVE_WITH_KNOTS('',3,(#1506,#1507,#1508,#1509,#1510,#1511,
#1512,#1513,#1514,#1515,#1516,#1517,#1518),.UNSPECIFIED.,.F.,.F.,(4,3,3,
3,4),(0.16168005371905,6.0534340179325,9.97449959737806,10.9241609009943,
12.0544139045981),.UNSPECIFIED.);
#332=B_SPLINE_CURVE_WITH_KNOTS('',3,(#1520,#1521,#1522,#1523,#1524,#1525),
 .UNSPECIFIED.,.F.,.F.,(4,2,4),(0.0135830228177264,2.54271766169242,4.6410947906456),
 .UNSPECIFIED.);
#333=B_SPLINE_CURVE_WITH_KNOTS('',3,(#1527,#1528,#1529,#1530,#1531,#1532,
#1533),.UNSPECIFIED.,.F.,.F.,(4,3,4),(2.47347300656995,6.09394399789785,
12.0224644431958),.UNSPECIFIED.);
#334=B_SPLINE_CURVE_WITH_KNOTS('',3,(#1534,#1535,#1536,#1537,#1538,#1539,
#1540,#1541,#1542,#1543,#1544,#1545,#1546,#1547,#1548,#1549,#1550,#1551,
#1552,#1553,#1554,#1555,#1556,#1557,#1558),.UNSPECIFIED.,.F.,.F.,(4,3,3,
3,3,3,3,3,4),(0.117797674609556,0.517018350950012,1.15421229493169,1.30394912844204,
1.33227543100713,2.38528944318767,3.05010245892387,3.09117785313528,3.71613382630793),
 .UNSPECIFIED.);
#335=B_SPLINE_CURVE_WITH_KNOTS('',3,(#1563,#1564,#1565,#1566,#1567,#1568),
 .UNSPECIFIED.,.F.,.F.,(4,2,4),(0.119780790899449,6.21604428922776,12.2832926118082),
 .UNSPECIFIED.);
#336=B_SPLINE_CURVE_WITH_KNOTS('',3,(#1580,#1581,#1582,#1583),
 .UNSPECIFIED.,.F.,.F.,(4,4),(-4.28711177803394,-0.683622148704395),
 .UNSPECIFIED.);
#337=B_SPLINE_CURVE_WITH_KNOTS('',3,(#1608,#1609,#1610,#1611),
 .UNSPECIFIED.,.F.,.F.,(4,4),(-10.6793244498013,-1.75468702439721E-14),
 .UNSPECIFIED.);
#338=B_SPLINE_CURVE_WITH_KNOTS('',3,(#1639,#1640,#1641,#1642,#1643),
 .UNSPECIFIED.,.F.,.F.,(4,1,4),(0.,0.571428571428571,1.),.UNSPECIFIED.);
#339=B_SPLINE_CURVE_WITH_KNOTS('',3,(#1645,#1646,#1647,#1648,#1649),
 .UNSPECIFIED.,.F.,.F.,(4,1,4),(-2.29686856212269,-0.984372240909723,0.),
 .UNSPECIFIED.);
#340=B_SPLINE_CURVE_WITH_KNOTS('',3,(#1652,#1653,#1654,#1655,#1656),
 .UNSPECIFIED.,.F.,.F.,(4,1,4),(0.,0.984372240909723,2.29686856212269),
 .UNSPECIFIED.);
#341=B_SPLINE_CURVE_WITH_KNOTS('',3,(#1678,#1679,#1680,#1681),
 .UNSPECIFIED.,.F.,.F.,(4,4),(-23.1607536942361,0.),.UNSPECIFIED.);
#342=B_SPLINE_CURVE_WITH_KNOTS('',3,(#1684,#1685,#1686,#1687),
 .UNSPECIFIED.,.F.,.F.,(4,4),(0.,23.1607536942361),.UNSPECIFIED.);
#343=B_SPLINE_CURVE_WITH_KNOTS('',3,(#1714,#1715,#1716,#1717,#1718),
 .UNSPECIFIED.,.F.,.F.,(4,1,4),(0.,0.571428571428571,1.),.UNSPECIFIED.);
#344=B_SPLINE_CURVE_WITH_KNOTS('',3,(#1719,#1720,#1721,#1722,#1723),
 .UNSPECIFIED.,.F.,.F.,(4,1,4),(-5.23489853208929E-14,0.984372241672111,
2.29686856390166),.UNSPECIFIED.);
#345=B_SPLINE_CURVE_WITH_KNOTS('',3,(#1724,#1725,#1726,#1727,#1728),
 .UNSPECIFIED.,.F.,.F.,(4,1,4),(-2.29686856390166,-0.984372241672111,5.23489853208929E-14),
 .UNSPECIFIED.);
#346=B_SPLINE_CURVE_WITH_KNOTS('',3,(#1750,#1751,#1752,#1753),
 .UNSPECIFIED.,.F.,.F.,(4,4),(-6.229309316235E-13,10.6793244612273),
 .UNSPECIFIED.);
#347=B_SPLINE_CURVE_WITH_KNOTS('',3,(#1756,#1757,#1758,#1759),
 .UNSPECIFIED.,.F.,.F.,(4,4),(-10.6793244612273,6.229309316235E-13),
 .UNSPECIFIED.);
#348=B_SPLINE_CURVE_WITH_KNOTS('',3,(#1767,#1768,#1769,#1770),
 .UNSPECIFIED.,.F.,.F.,(4,4),(1.75468702439721E-14,10.6793244498013),
 .UNSPECIFIED.);
#349=B_SPLINE_CURVE_WITH_KNOTS('',3,(#1772,#1773,#1774,#1775,#1776),
 .UNSPECIFIED.,.F.,.F.,(4,1,4),(0.,0.962551830782429,2.24595427182567),
 .UNSPECIFIED.);
#350=B_SPLINE_CURVE_WITH_KNOTS('',3,(#1778,#1779,#1780,#1781),
 .UNSPECIFIED.,.F.,.F.,(4,4),(0.,23.2098504305079),.UNSPECIFIED.);
#351=B_SPLINE_CURVE_WITH_KNOTS('',3,(#1782,#1783,#1784,#1785,#1786),
 .UNSPECIFIED.,.F.,.F.,(4,1,4),(0.,1.28341687593911,2.24597953289345),
 .UNSPECIFIED.);
#352=B_SPLINE_CURVE_WITH_KNOTS('',3,(#1814,#1815,#1816,#1817,#1818),
 .UNSPECIFIED.,.F.,.F.,(4,1,4),(-2.24595427182567,-0.962551830782429,0.),
 .UNSPECIFIED.);
#353=B_SPLINE_CURVE_WITH_KNOTS('',3,(#1841,#1842,#1843,#1844),
 .UNSPECIFIED.,.F.,.F.,(4,4),(-23.2098504305079,0.),.UNSPECIFIED.);
#354=B_SPLINE_CURVE_WITH_KNOTS('',3,(#1891,#1892,#1893,#1894,#1895),
 .UNSPECIFIED.,.F.,.F.,(4,1,4),(-2.24597953289345,-1.28341687593911,0.),
 .UNSPECIFIED.);
#355=B_SPLINE_CURVE_WITH_KNOTS('',3,(#2009,#2010,#2011,#2012,#2013,#2014,
#2015),.UNSPECIFIED.,.F.,.F.,(4,3,4),(0.199916430491818,6.21232079938792,
9.95451160808243),.UNSPECIFIED.);
#356=B_SPLINE_CURVE_WITH_KNOTS('',3,(#2017,#2018,#2019,#2020,#2021,#2022),
 .UNSPECIFIED.,.F.,.F.,(4,2,4),(2.43570772015797,2.56647444574668,4.89304458444592),
 .UNSPECIFIED.);
#357=B_SPLINE_CURVE_WITH_KNOTS('',3,(#2023,#2024,#2025,#2026,#2027,#2028,
#2029,#2030,#2031,#2032,#2033,#2034),.UNSPECIFIED.,.F.,.F.,(4,2,2,2,2,4),
(0.0785571954235074,1.07282828499603,2.09243929652498,3.02585151977365,
3.44541504263496,3.67890122615462),.UNSPECIFIED.);
#358=B_SPLINE_CURVE_WITH_KNOTS('',3,(#2099,#2100,#2101,#2102,#2103,#2104),
 .UNSPECIFIED.,.F.,.F.,(4,2,4),(-2.79452170181273,-1.63837148934581,0.),
 .UNSPECIFIED.);
#359=B_SPLINE_CURVE_WITH_KNOTS('',3,(#2109,#2110,#2111,#2112),
 .UNSPECIFIED.,.F.,.F.,(4,4),(-2.92330401074692,0.),.UNSPECIFIED.);
#360=B_SPLINE_CURVE_WITH_KNOTS('',3,(#2114,#2115,#2116,#2117,#2118,#2119),
 .UNSPECIFIED.,.F.,.F.,(4,2,4),(-3.38178717376562,-1.7671656829745,-0.400686049735859),
 .UNSPECIFIED.);
#361=B_SPLINE_CURVE_WITH_KNOTS('',3,(#2124,#2125,#2126,#2127),
 .UNSPECIFIED.,.F.,.F.,(4,4),(-3.38178717376562,-0.458071881358928),
 .UNSPECIFIED.);
#362=B_SPLINE_CURVE_WITH_KNOTS('',1,(#2157,#2158,#2159,#2160),
 .UNSPECIFIED.,.F.,.F.,(2,1,1,2),(11.6803684448243,18.,19.,22.5245334579605),
 .UNSPECIFIED.);
#363=B_SPLINE_CURVE_WITH_KNOTS('',1,(#2176,#2177),.UNSPECIFIED.,.F.,.F.,
(2,2),(11.6803684448362,16.3767366288588),.UNSPECIFIED.);
#364=B_SPLINE_CURVE_WITH_KNOTS('',1,(#2193,#2194,#2195,#2196),
 .UNSPECIFIED.,.F.,.F.,(2,1,1,2),(-4.36747517984024,-0.999999999999914,
0.,6.31963155517576),.UNSPECIFIED.);
#365=B_SPLINE_CURVE_WITH_KNOTS('',1,(#2212,#2213),.UNSPECIFIED.,.F.,.F.,
(2,2),(2.88843874283015,6.3196315551905),.UNSPECIFIED.);
#366=VERTEX_POINT('',#1184);
#367=VERTEX_POINT('',#1185);
#368=VERTEX_POINT('',#1188);
#369=VERTEX_POINT('',#1191);
#370=VERTEX_POINT('',#1197);
#371=VERTEX_POINT('',#1198);
#372=VERTEX_POINT('',#1200);
#373=VERTEX_POINT('',#1202);
#374=VERTEX_POINT('',#1204);
#375=VERTEX_POINT('',#1211);
#376=VERTEX_POINT('',#1213);
#377=VERTEX_POINT('',#1215);
#378=VERTEX_POINT('',#1224);
#379=VERTEX_POINT('',#1225);
#380=VERTEX_POINT('',#1227);
#381=VERTEX_POINT('',#1229);
#382=VERTEX_POINT('',#1231);
#383=VERTEX_POINT('',#1245);
#384=VERTEX_POINT('',#1278);
#385=VERTEX_POINT('',#1279);
#386=VERTEX_POINT('',#1286);
#387=VERTEX_POINT('',#1291);
#388=VERTEX_POINT('',#1299);
#389=VERTEX_POINT('',#1306);
#390=VERTEX_POINT('',#1314);
#391=VERTEX_POINT('',#1319);
#392=VERTEX_POINT('',#1326);
#393=VERTEX_POINT('',#1331);
#394=VERTEX_POINT('',#1336);
#395=VERTEX_POINT('',#1343);
#396=VERTEX_POINT('',#1376);
#397=VERTEX_POINT('',#1383);
#398=VERTEX_POINT('',#1409);
#399=VERTEX_POINT('',#1439);
#400=VERTEX_POINT('',#1447);
#401=VERTEX_POINT('',#1497);
#402=VERTEX_POINT('',#1498);
#403=VERTEX_POINT('',#1505);
#404=VERTEX_POINT('',#1519);
#405=VERTEX_POINT('',#1526);
#406=VERTEX_POINT('',#1560);
#407=VERTEX_POINT('',#1561);
#408=VERTEX_POINT('',#1569);
#409=VERTEX_POINT('',#1572);
#410=VERTEX_POINT('',#1576);
#411=VERTEX_POINT('',#1579);
#412=VERTEX_POINT('',#1601);
#413=VERTEX_POINT('',#1602);
#414=VERTEX_POINT('',#1604);
#415=VERTEX_POINT('',#1606);
#416=VERTEX_POINT('',#1637);
#417=VERTEX_POINT('',#1638);
#418=VERTEX_POINT('',#1644);
#419=VERTEX_POINT('',#1650);
#420=VERTEX_POINT('',#1677);
#421=VERTEX_POINT('',#1682);
#422=VERTEX_POINT('',#1713);
#423=VERTEX_POINT('',#1749);
#424=VERTEX_POINT('',#1754);
#425=VERTEX_POINT('',#1766);
#426=VERTEX_POINT('',#1771);
#427=VERTEX_POINT('',#1777);
#428=VERTEX_POINT('',#1813);
#429=VERTEX_POINT('',#1840);
#430=VERTEX_POINT('',#1916);
#431=VERTEX_POINT('',#1918);
#432=VERTEX_POINT('',#1937);
#433=VERTEX_POINT('',#1960);
#434=VERTEX_POINT('',#1964);
#435=VERTEX_POINT('',#1989);
#436=VERTEX_POINT('',#2008);
#437=VERTEX_POINT('',#2016);
#438=VERTEX_POINT('',#2058);
#439=VERTEX_POINT('',#2060);
#440=VERTEX_POINT('',#2064);
#441=VERTEX_POINT('',#2068);
#442=VERTEX_POINT('',#2072);
#443=VERTEX_POINT('',#2076);
#444=VERTEX_POINT('',#2080);
#445=VERTEX_POINT('',#2084);
#446=VERTEX_POINT('',#2086);
#447=VERTEX_POINT('',#2087);
#448=VERTEX_POINT('',#2089);
#449=VERTEX_POINT('',#2091);
#450=VERTEX_POINT('',#2093);
#451=VERTEX_POINT('',#2098);
#452=VERTEX_POINT('',#2105);
#453=VERTEX_POINT('',#2107);
#454=VERTEX_POINT('',#2113);
#455=VERTEX_POINT('',#2120);
#456=VERTEX_POINT('',#2123);
#457=VERTEX_POINT('',#2128);
#458=VERTEX_POINT('',#2131);
#459=VERTEX_POINT('',#2133);
#460=EDGE_CURVE('',#366,#367,#303,.T.);
#461=EDGE_CURVE('',#367,#368,#304,.T.);
#462=EDGE_CURVE('',#369,#368,#305,.T.);
#463=EDGE_CURVE('',#366,#369,#306,.T.);
#464=EDGE_CURVE('',#370,#371,#34,.T.);
#465=EDGE_CURVE('',#372,#370,#35,.T.);
#466=EDGE_CURVE('',#373,#372,#36,.T.);
#467=EDGE_CURVE('',#374,#373,#307,.F.);
#468=EDGE_CURVE('',#375,#374,#37,.F.);
#469=EDGE_CURVE('',#376,#375,#38,.F.);
#470=EDGE_CURVE('',#377,#376,#39,.T.);
#471=EDGE_CURVE('',#371,#377,#308,.F.);
#472=EDGE_CURVE('',#378,#379,#40,.T.);
#473=EDGE_CURVE('',#380,#378,#41,.T.);
#474=EDGE_CURVE('',#381,#380,#42,.T.);
#475=EDGE_CURVE('',#382,#381,#309,.F.);
#476=EDGE_CURVE('',#382,#383,#43,.T.);
#477=EDGE_CURVE('',#375,#383,#44,.F.);
#478=EDGE_CURVE('',#379,#374,#310,.F.);
#479=EDGE_CURVE('',#384,#385,#311,.T.);
#480=EDGE_CURVE('',#386,#384,#312,.T.);
#481=EDGE_CURVE('',#387,#386,#313,.T.);
#482=EDGE_CURVE('',#388,#387,#314,.T.);
#483=EDGE_CURVE('',#389,#388,#315,.T.);
#484=EDGE_CURVE('',#390,#389,#316,.T.);
#485=EDGE_CURVE('',#391,#390,#317,.T.);
#486=EDGE_CURVE('',#392,#391,#318,.T.);
#487=EDGE_CURVE('',#393,#392,#319,.T.);
#488=EDGE_CURVE('',#394,#393,#320,.T.);
#489=EDGE_CURVE('',#395,#394,#321,.T.);
#490=EDGE_CURVE('',#385,#395,#322,.T.);
#491=EDGE_CURVE('',#396,#381,#323,.T.);
#492=EDGE_CURVE('',#397,#396,#324,.T.);
#493=EDGE_CURVE('',#398,#397,#325,.T.);
#494=EDGE_CURVE('',#398,#382,#326,.F.);
#495=EDGE_CURVE('',#399,#373,#327,.T.);
#496=EDGE_CURVE('',#400,#399,#328,.T.);
#497=EDGE_CURVE('',#379,#400,#329,.T.);
#498=EDGE_CURVE('',#401,#402,#330,.T.);
#499=EDGE_CURVE('',#401,#403,#331,.F.);
#500=EDGE_CURVE('',#403,#404,#332,.F.);
#501=EDGE_CURVE('',#405,#404,#333,.T.);
#502=EDGE_CURVE('',#402,#405,#334,.T.);
#503=EDGE_CURVE('',#406,#407,#45,.T.);
#504=EDGE_CURVE('',#377,#406,#335,.F.);
#505=EDGE_CURVE('',#408,#376,#46,.F.);
#506=EDGE_CURVE('',#408,#403,#47,.T.);
#507=EDGE_CURVE('',#409,#401,#48,.T.);
#508=EDGE_CURVE('',#407,#409,#49,.T.);
#509=EDGE_CURVE('',#404,#410,#50,.T.);
#510=EDGE_CURVE('',#383,#408,#51,.T.);
#511=EDGE_CURVE('',#411,#398,#336,.T.);
#512=EDGE_CURVE('',#410,#411,#52,.T.);
#513=EDGE_CURVE('',#412,#413,#53,.T.);
#514=EDGE_CURVE('',#414,#413,#54,.T.);
#515=EDGE_CURVE('',#415,#414,#55,.T.);
#516=EDGE_CURVE('',#412,#415,#337,.T.);
#517=EDGE_CURVE('',#416,#417,#338,.T.);
#518=EDGE_CURVE('',#417,#418,#339,.T.);
#519=EDGE_CURVE('',#418,#419,#18,.T.);
#520=EDGE_CURVE('',#419,#416,#340,.T.);
#521=EDGE_CURVE('',#418,#420,#341,.T.);
#522=EDGE_CURVE('',#420,#421,#19,.T.);
#523=EDGE_CURVE('',#421,#419,#342,.T.);
#524=EDGE_CURVE('',#422,#412,#343,.T.);
#525=EDGE_CURVE('',#422,#421,#344,.T.);
#526=EDGE_CURVE('',#420,#412,#345,.T.);
#527=EDGE_CURVE('',#416,#423,#346,.T.);
#528=EDGE_CURVE('',#424,#423,#20,.T.);
#529=EDGE_CURVE('',#424,#417,#347,.T.);
#530=EDGE_CURVE('',#425,#422,#348,.T.);
#531=EDGE_CURVE('',#426,#425,#349,.T.);
#532=EDGE_CURVE('',#427,#426,#350,.T.);
#533=EDGE_CURVE('',#423,#427,#351,.T.);
#534=EDGE_CURVE('',#425,#415,#21,.T.);
#535=EDGE_CURVE('',#415,#428,#352,.T.);
#536=EDGE_CURVE('',#428,#426,#22,.T.);
#537=EDGE_CURVE('',#428,#429,#353,.T.);
#538=EDGE_CURVE('',#429,#427,#23,.T.);
#539=EDGE_CURVE('',#429,#424,#354,.T.);
#540=EDGE_CURVE('',#418,#430,#56,.T.);
#541=EDGE_CURVE('',#417,#431,#57,.T.);
#542=EDGE_CURVE('',#430,#431,#24,.T.);
#543=EDGE_CURVE('',#431,#432,#58,.T.);
#544=EDGE_CURVE('',#424,#432,#59,.T.);
#545=EDGE_CURVE('',#429,#433,#60,.T.);
#546=EDGE_CURVE('',#432,#433,#25,.T.);
#547=EDGE_CURVE('',#433,#434,#61,.T.);
#548=EDGE_CURVE('',#428,#434,#62,.T.);
#549=EDGE_CURVE('',#434,#414,#26,.T.);
#550=EDGE_CURVE('',#413,#435,#27,.T.);
#551=EDGE_CURVE('',#435,#430,#63,.T.);
#552=EDGE_CURVE('',#371,#436,#355,.T.);
#553=EDGE_CURVE('',#437,#406,#356,.T.);
#554=EDGE_CURVE('',#436,#437,#357,.T.);
#555=EDGE_CURVE('',#420,#435,#64,.T.);
#556=EDGE_CURVE('',#438,#385,#65,.T.);
#557=EDGE_CURVE('',#439,#438,#66,.T.);
#558=EDGE_CURVE('',#439,#384,#67,.T.);
#559=EDGE_CURVE('',#440,#395,#68,.T.);
#560=EDGE_CURVE('',#438,#440,#69,.T.);
#561=EDGE_CURVE('',#441,#394,#70,.T.);
#562=EDGE_CURVE('',#440,#441,#71,.T.);
#563=EDGE_CURVE('',#442,#393,#72,.T.);
#564=EDGE_CURVE('',#441,#442,#73,.T.);
#565=EDGE_CURVE('',#443,#392,#74,.T.);
#566=EDGE_CURVE('',#442,#443,#75,.T.);
#567=EDGE_CURVE('',#444,#391,#76,.T.);
#568=EDGE_CURVE('',#443,#444,#77,.T.);
#569=EDGE_CURVE('',#445,#445,#28,.F.);
#570=EDGE_CURVE('',#446,#447,#78,.F.);
#571=EDGE_CURVE('',#446,#448,#79,.T.);
#572=EDGE_CURVE('',#448,#449,#80,.T.);
#573=EDGE_CURVE('',#449,#450,#81,.T.);
#574=EDGE_CURVE('',#439,#450,#82,.F.);
#575=EDGE_CURVE('',#444,#447,#83,.T.);
#576=EDGE_CURVE('',#402,#451,#358,.T.);
#577=EDGE_CURVE('',#452,#405,#84,.T.);
#578=EDGE_CURVE('',#453,#452,#29,.T.);
#579=EDGE_CURVE('',#397,#453,#359,.T.);
#580=EDGE_CURVE('',#454,#396,#360,.T.);
#581=EDGE_CURVE('',#455,#454,#30,.T.);
#582=EDGE_CURVE('',#400,#455,#85,.T.);
#583=EDGE_CURVE('',#456,#399,#361,.T.);
#584=EDGE_CURVE('',#457,#456,#31,.T.);
#585=EDGE_CURVE('',#436,#457,#86,.T.);
#586=EDGE_CURVE('',#458,#437,#87,.T.);
#587=EDGE_CURVE('',#459,#458,#32,.T.);
#588=EDGE_CURVE('',#459,#445,#88,.T.);
#589=EDGE_CURVE('',#451,#459,#33,.T.);
#590=EDGE_CURVE('',#447,#390,#89,.T.);
#591=EDGE_CURVE('',#446,#389,#90,.T.);
#592=EDGE_CURVE('',#448,#388,#91,.T.);
#593=EDGE_CURVE('',#449,#387,#92,.T.);
#594=EDGE_CURVE('',#450,#386,#93,.T.);
#595=EDGE_CURVE('',#456,#372,#362,.T.);
#596=EDGE_CURVE('',#457,#370,#94,.T.);
#597=EDGE_CURVE('',#454,#380,#363,.T.);
#598=EDGE_CURVE('',#455,#378,#95,.F.);
#599=EDGE_CURVE('',#411,#453,#364,.T.);
#600=EDGE_CURVE('',#410,#452,#96,.F.);
#601=EDGE_CURVE('',#409,#451,#365,.T.);
#602=EDGE_CURVE('',#407,#458,#97,.F.);
#603=ORIENTED_EDGE('',*,*,#460,.T.);
#604=ORIENTED_EDGE('',*,*,#461,.T.);
#605=ORIENTED_EDGE('',*,*,#462,.F.);
#606=ORIENTED_EDGE('',*,*,#463,.F.);
#607=ORIENTED_EDGE('',*,*,#464,.F.);
#608=ORIENTED_EDGE('',*,*,#465,.F.);
#609=ORIENTED_EDGE('',*,*,#466,.F.);
#610=ORIENTED_EDGE('',*,*,#467,.F.);
#611=ORIENTED_EDGE('',*,*,#468,.F.);
#612=ORIENTED_EDGE('',*,*,#469,.F.);
#613=ORIENTED_EDGE('',*,*,#470,.F.);
#614=ORIENTED_EDGE('',*,*,#471,.F.);
#615=ORIENTED_EDGE('',*,*,#472,.F.);
#616=ORIENTED_EDGE('',*,*,#473,.F.);
#617=ORIENTED_EDGE('',*,*,#474,.F.);
#618=ORIENTED_EDGE('',*,*,#475,.F.);
#619=ORIENTED_EDGE('',*,*,#476,.T.);
#620=ORIENTED_EDGE('',*,*,#477,.F.);
#621=ORIENTED_EDGE('',*,*,#468,.T.);
#622=ORIENTED_EDGE('',*,*,#478,.F.);
#623=ORIENTED_EDGE('',*,*,#479,.F.);
#624=ORIENTED_EDGE('',*,*,#480,.F.);
#625=ORIENTED_EDGE('',*,*,#481,.F.);
#626=ORIENTED_EDGE('',*,*,#482,.F.);
#627=ORIENTED_EDGE('',*,*,#483,.F.);
#628=ORIENTED_EDGE('',*,*,#484,.F.);
#629=ORIENTED_EDGE('',*,*,#485,.F.);
#630=ORIENTED_EDGE('',*,*,#486,.F.);
#631=ORIENTED_EDGE('',*,*,#487,.F.);
#632=ORIENTED_EDGE('',*,*,#488,.F.);
#633=ORIENTED_EDGE('',*,*,#489,.F.);
#634=ORIENTED_EDGE('',*,*,#490,.F.);
#635=ORIENTED_EDGE('',*,*,#491,.F.);
#636=ORIENTED_EDGE('',*,*,#492,.F.);
#637=ORIENTED_EDGE('',*,*,#493,.F.);
#638=ORIENTED_EDGE('',*,*,#494,.T.);
#639=ORIENTED_EDGE('',*,*,#475,.T.);
#640=ORIENTED_EDGE('',*,*,#495,.F.);
#641=ORIENTED_EDGE('',*,*,#496,.F.);
#642=ORIENTED_EDGE('',*,*,#497,.F.);
#643=ORIENTED_EDGE('',*,*,#478,.T.);
#644=ORIENTED_EDGE('',*,*,#467,.T.);
#645=ORIENTED_EDGE('',*,*,#498,.F.);
#646=ORIENTED_EDGE('',*,*,#499,.T.);
#647=ORIENTED_EDGE('',*,*,#500,.T.);
#648=ORIENTED_EDGE('',*,*,#501,.F.);
#649=ORIENTED_EDGE('',*,*,#502,.F.);
#650=ORIENTED_EDGE('',*,*,#503,.F.);
#651=ORIENTED_EDGE('',*,*,#504,.F.);
#652=ORIENTED_EDGE('',*,*,#470,.T.);
#653=ORIENTED_EDGE('',*,*,#505,.F.);
#654=ORIENTED_EDGE('',*,*,#506,.T.);
#655=ORIENTED_EDGE('',*,*,#499,.F.);
#656=ORIENTED_EDGE('',*,*,#507,.F.);
#657=ORIENTED_EDGE('',*,*,#508,.F.);
#658=ORIENTED_EDGE('',*,*,#509,.F.);
#659=ORIENTED_EDGE('',*,*,#500,.F.);
#660=ORIENTED_EDGE('',*,*,#506,.F.);
#661=ORIENTED_EDGE('',*,*,#510,.F.);
#662=ORIENTED_EDGE('',*,*,#476,.F.);
#663=ORIENTED_EDGE('',*,*,#494,.F.);
#664=ORIENTED_EDGE('',*,*,#511,.F.);
#665=ORIENTED_EDGE('',*,*,#512,.F.);
#666=ORIENTED_EDGE('',*,*,#513,.T.);
#667=ORIENTED_EDGE('',*,*,#514,.F.);
#668=ORIENTED_EDGE('',*,*,#515,.F.);
#669=ORIENTED_EDGE('',*,*,#516,.F.);
#670=ORIENTED_EDGE('',*,*,#517,.T.);
#671=ORIENTED_EDGE('',*,*,#518,.T.);
#672=ORIENTED_EDGE('',*,*,#519,.T.);
#673=ORIENTED_EDGE('',*,*,#520,.T.);
#674=ORIENTED_EDGE('',*,*,#519,.F.);
#675=ORIENTED_EDGE('',*,*,#521,.T.);
#676=ORIENTED_EDGE('',*,*,#522,.T.);
#677=ORIENTED_EDGE('',*,*,#523,.T.);
#678=ORIENTED_EDGE('',*,*,#524,.F.);
#679=ORIENTED_EDGE('',*,*,#525,.T.);
#680=ORIENTED_EDGE('',*,*,#522,.F.);
#681=ORIENTED_EDGE('',*,*,#526,.T.);
#682=ORIENTED_EDGE('',*,*,#517,.F.);
#683=ORIENTED_EDGE('',*,*,#527,.T.);
#684=ORIENTED_EDGE('',*,*,#528,.F.);
#685=ORIENTED_EDGE('',*,*,#529,.T.);
#686=ORIENTED_EDGE('',*,*,#520,.F.);
#687=ORIENTED_EDGE('',*,*,#523,.F.);
#688=ORIENTED_EDGE('',*,*,#525,.F.);
#689=ORIENTED_EDGE('',*,*,#530,.F.);
#690=ORIENTED_EDGE('',*,*,#531,.F.);
#691=ORIENTED_EDGE('',*,*,#532,.F.);
#692=ORIENTED_EDGE('',*,*,#533,.F.);
#693=ORIENTED_EDGE('',*,*,#527,.F.);
#694=ORIENTED_EDGE('',*,*,#534,.T.);
#695=ORIENTED_EDGE('',*,*,#535,.T.);
#696=ORIENTED_EDGE('',*,*,#536,.T.);
#697=ORIENTED_EDGE('',*,*,#531,.T.);
#698=ORIENTED_EDGE('',*,*,#536,.F.);
#699=ORIENTED_EDGE('',*,*,#537,.T.);
#700=ORIENTED_EDGE('',*,*,#538,.T.);
#701=ORIENTED_EDGE('',*,*,#532,.T.);
#702=ORIENTED_EDGE('',*,*,#524,.T.);
#703=ORIENTED_EDGE('',*,*,#516,.T.);
#704=ORIENTED_EDGE('',*,*,#534,.F.);
#705=ORIENTED_EDGE('',*,*,#530,.T.);
#706=ORIENTED_EDGE('',*,*,#538,.F.);
#707=ORIENTED_EDGE('',*,*,#539,.T.);
#708=ORIENTED_EDGE('',*,*,#528,.T.);
#709=ORIENTED_EDGE('',*,*,#533,.T.);
#710=ORIENTED_EDGE('',*,*,#540,.F.);
#711=ORIENTED_EDGE('',*,*,#518,.F.);
#712=ORIENTED_EDGE('',*,*,#541,.T.);
#713=ORIENTED_EDGE('',*,*,#542,.F.);
#714=ORIENTED_EDGE('',*,*,#543,.F.);
#715=ORIENTED_EDGE('',*,*,#541,.F.);
#716=ORIENTED_EDGE('',*,*,#529,.F.);
#717=ORIENTED_EDGE('',*,*,#544,.T.);
#718=ORIENTED_EDGE('',*,*,#539,.F.);
#719=ORIENTED_EDGE('',*,*,#545,.T.);
#720=ORIENTED_EDGE('',*,*,#546,.F.);
#721=ORIENTED_EDGE('',*,*,#544,.F.);
#722=ORIENTED_EDGE('',*,*,#547,.F.);
#723=ORIENTED_EDGE('',*,*,#545,.F.);
#724=ORIENTED_EDGE('',*,*,#537,.F.);
#725=ORIENTED_EDGE('',*,*,#548,.T.);
#726=ORIENTED_EDGE('',*,*,#535,.F.);
#727=ORIENTED_EDGE('',*,*,#515,.T.);
#728=ORIENTED_EDGE('',*,*,#549,.F.);
#729=ORIENTED_EDGE('',*,*,#548,.F.);
#730=ORIENTED_EDGE('',*,*,#547,.T.);
#731=ORIENTED_EDGE('',*,*,#549,.T.);
#732=ORIENTED_EDGE('',*,*,#514,.T.);
#733=ORIENTED_EDGE('',*,*,#550,.T.);
#734=ORIENTED_EDGE('',*,*,#551,.T.);
#735=ORIENTED_EDGE('',*,*,#542,.T.);
#736=ORIENTED_EDGE('',*,*,#543,.T.);
#737=ORIENTED_EDGE('',*,*,#546,.T.);
#738=ORIENTED_EDGE('',*,*,#469,.T.);
#739=ORIENTED_EDGE('',*,*,#477,.T.);
#740=ORIENTED_EDGE('',*,*,#510,.T.);
#741=ORIENTED_EDGE('',*,*,#505,.T.);
#742=ORIENTED_EDGE('',*,*,#552,.F.);
#743=ORIENTED_EDGE('',*,*,#471,.T.);
#744=ORIENTED_EDGE('',*,*,#504,.T.);
#745=ORIENTED_EDGE('',*,*,#553,.F.);
#746=ORIENTED_EDGE('',*,*,#554,.F.);
#747=ORIENTED_EDGE('',*,*,#526,.F.);
#748=ORIENTED_EDGE('',*,*,#555,.T.);
#749=ORIENTED_EDGE('',*,*,#550,.F.);
#750=ORIENTED_EDGE('',*,*,#513,.F.);
#751=ORIENTED_EDGE('',*,*,#551,.F.);
#752=ORIENTED_EDGE('',*,*,#555,.F.);
#753=ORIENTED_EDGE('',*,*,#521,.F.);
#754=ORIENTED_EDGE('',*,*,#540,.T.);
#755=ORIENTED_EDGE('',*,*,#479,.T.);
#756=ORIENTED_EDGE('',*,*,#556,.F.);
#757=ORIENTED_EDGE('',*,*,#557,.F.);
#758=ORIENTED_EDGE('',*,*,#558,.T.);
#759=ORIENTED_EDGE('',*,*,#490,.T.);
#760=ORIENTED_EDGE('',*,*,#559,.F.);
#761=ORIENTED_EDGE('',*,*,#560,.F.);
#762=ORIENTED_EDGE('',*,*,#556,.T.);
#763=ORIENTED_EDGE('',*,*,#489,.T.);
#764=ORIENTED_EDGE('',*,*,#561,.F.);
#765=ORIENTED_EDGE('',*,*,#562,.F.);
#766=ORIENTED_EDGE('',*,*,#559,.T.);
#767=ORIENTED_EDGE('',*,*,#488,.T.);
#768=ORIENTED_EDGE('',*,*,#563,.F.);
#769=ORIENTED_EDGE('',*,*,#564,.F.);
#770=ORIENTED_EDGE('',*,*,#561,.T.);
#771=ORIENTED_EDGE('',*,*,#487,.T.);
#772=ORIENTED_EDGE('',*,*,#565,.F.);
#773=ORIENTED_EDGE('',*,*,#566,.F.);
#774=ORIENTED_EDGE('',*,*,#563,.T.);
#775=ORIENTED_EDGE('',*,*,#486,.T.);
#776=ORIENTED_EDGE('',*,*,#567,.F.);
#777=ORIENTED_EDGE('',*,*,#568,.F.);
#778=ORIENTED_EDGE('',*,*,#565,.T.);
#779=ORIENTED_EDGE('',*,*,#569,.F.);
#780=ORIENTED_EDGE('',*,*,#570,.F.);
#781=ORIENTED_EDGE('',*,*,#571,.T.);
#782=ORIENTED_EDGE('',*,*,#572,.T.);
#783=ORIENTED_EDGE('',*,*,#573,.T.);
#784=ORIENTED_EDGE('',*,*,#574,.F.);
#785=ORIENTED_EDGE('',*,*,#557,.T.);
#786=ORIENTED_EDGE('',*,*,#560,.T.);
#787=ORIENTED_EDGE('',*,*,#562,.T.);
#788=ORIENTED_EDGE('',*,*,#564,.T.);
#789=ORIENTED_EDGE('',*,*,#566,.T.);
#790=ORIENTED_EDGE('',*,*,#568,.T.);
#791=ORIENTED_EDGE('',*,*,#575,.T.);
#792=ORIENTED_EDGE('',*,*,#576,.F.);
#793=ORIENTED_EDGE('',*,*,#502,.T.);
#794=ORIENTED_EDGE('',*,*,#577,.F.);
#795=ORIENTED_EDGE('',*,*,#578,.F.);
#796=ORIENTED_EDGE('',*,*,#579,.F.);
#797=ORIENTED_EDGE('',*,*,#492,.T.);
#798=ORIENTED_EDGE('',*,*,#580,.F.);
#799=ORIENTED_EDGE('',*,*,#581,.F.);
#800=ORIENTED_EDGE('',*,*,#582,.F.);
#801=ORIENTED_EDGE('',*,*,#496,.T.);
#802=ORIENTED_EDGE('',*,*,#583,.F.);
#803=ORIENTED_EDGE('',*,*,#584,.F.);
#804=ORIENTED_EDGE('',*,*,#585,.F.);
#805=ORIENTED_EDGE('',*,*,#554,.T.);
#806=ORIENTED_EDGE('',*,*,#586,.F.);
#807=ORIENTED_EDGE('',*,*,#587,.F.);
#808=ORIENTED_EDGE('',*,*,#588,.T.);
#809=ORIENTED_EDGE('',*,*,#569,.T.);
#810=ORIENTED_EDGE('',*,*,#588,.F.);
#811=ORIENTED_EDGE('',*,*,#589,.F.);
#812=ORIENTED_EDGE('',*,*,#485,.T.);
#813=ORIENTED_EDGE('',*,*,#590,.F.);
#814=ORIENTED_EDGE('',*,*,#575,.F.);
#815=ORIENTED_EDGE('',*,*,#567,.T.);
#816=ORIENTED_EDGE('',*,*,#484,.T.);
#817=ORIENTED_EDGE('',*,*,#591,.F.);
#818=ORIENTED_EDGE('',*,*,#570,.T.);
#819=ORIENTED_EDGE('',*,*,#590,.T.);
#820=ORIENTED_EDGE('',*,*,#483,.T.);
#821=ORIENTED_EDGE('',*,*,#592,.F.);
#822=ORIENTED_EDGE('',*,*,#571,.F.);
#823=ORIENTED_EDGE('',*,*,#591,.T.);
#824=ORIENTED_EDGE('',*,*,#482,.T.);
#825=ORIENTED_EDGE('',*,*,#593,.F.);
#826=ORIENTED_EDGE('',*,*,#572,.F.);
#827=ORIENTED_EDGE('',*,*,#592,.T.);
#828=ORIENTED_EDGE('',*,*,#481,.T.);
#829=ORIENTED_EDGE('',*,*,#594,.F.);
#830=ORIENTED_EDGE('',*,*,#573,.F.);
#831=ORIENTED_EDGE('',*,*,#593,.T.);
#832=ORIENTED_EDGE('',*,*,#480,.T.);
#833=ORIENTED_EDGE('',*,*,#558,.F.);
#834=ORIENTED_EDGE('',*,*,#574,.T.);
#835=ORIENTED_EDGE('',*,*,#594,.T.);
#836=ORIENTED_EDGE('',*,*,#583,.T.);
#837=ORIENTED_EDGE('',*,*,#495,.T.);
#838=ORIENTED_EDGE('',*,*,#466,.T.);
#839=ORIENTED_EDGE('',*,*,#595,.F.);
#840=ORIENTED_EDGE('',*,*,#584,.T.);
#841=ORIENTED_EDGE('',*,*,#595,.T.);
#842=ORIENTED_EDGE('',*,*,#465,.T.);
#843=ORIENTED_EDGE('',*,*,#596,.F.);
#844=ORIENTED_EDGE('',*,*,#585,.T.);
#845=ORIENTED_EDGE('',*,*,#596,.T.);
#846=ORIENTED_EDGE('',*,*,#464,.T.);
#847=ORIENTED_EDGE('',*,*,#552,.T.);
#848=ORIENTED_EDGE('',*,*,#580,.T.);
#849=ORIENTED_EDGE('',*,*,#491,.T.);
#850=ORIENTED_EDGE('',*,*,#474,.T.);
#851=ORIENTED_EDGE('',*,*,#597,.F.);
#852=ORIENTED_EDGE('',*,*,#581,.T.);
#853=ORIENTED_EDGE('',*,*,#597,.T.);
#854=ORIENTED_EDGE('',*,*,#473,.T.);
#855=ORIENTED_EDGE('',*,*,#598,.F.);
#856=ORIENTED_EDGE('',*,*,#582,.T.);
#857=ORIENTED_EDGE('',*,*,#598,.T.);
#858=ORIENTED_EDGE('',*,*,#472,.T.);
#859=ORIENTED_EDGE('',*,*,#497,.T.);
#860=ORIENTED_EDGE('',*,*,#579,.T.);
#861=ORIENTED_EDGE('',*,*,#599,.F.);
#862=ORIENTED_EDGE('',*,*,#511,.T.);
#863=ORIENTED_EDGE('',*,*,#493,.T.);
#864=ORIENTED_EDGE('',*,*,#578,.T.);
#865=ORIENTED_EDGE('',*,*,#600,.F.);
#866=ORIENTED_EDGE('',*,*,#512,.T.);
#867=ORIENTED_EDGE('',*,*,#599,.T.);
#868=ORIENTED_EDGE('',*,*,#577,.T.);
#869=ORIENTED_EDGE('',*,*,#501,.T.);
#870=ORIENTED_EDGE('',*,*,#509,.T.);
#871=ORIENTED_EDGE('',*,*,#600,.T.);
#872=ORIENTED_EDGE('',*,*,#576,.T.);
#873=ORIENTED_EDGE('',*,*,#601,.F.);
#874=ORIENTED_EDGE('',*,*,#507,.T.);
#875=ORIENTED_EDGE('',*,*,#498,.T.);
#876=ORIENTED_EDGE('',*,*,#589,.T.);
#877=ORIENTED_EDGE('',*,*,#587,.T.);
#878=ORIENTED_EDGE('',*,*,#602,.F.);
#879=ORIENTED_EDGE('',*,*,#508,.T.);
#880=ORIENTED_EDGE('',*,*,#601,.T.);
#881=ORIENTED_EDGE('',*,*,#586,.T.);
#882=ORIENTED_EDGE('',*,*,#553,.T.);
#883=ORIENTED_EDGE('',*,*,#503,.T.);
#884=ORIENTED_EDGE('',*,*,#602,.T.);
#885=B_SPLINE_SURFACE_WITH_KNOTS('',1,1,((#1180,#1181),(#1182,#1183)),
 .UNSPECIFIED.,.F.,.F.,.F.,(2,2),(2,2),(-0.999392117738483,0.599999999999914),
(-9.14198434289023E-12,0.0348625157267106),.UNSPECIFIED.);
#886=B_SPLINE_SURFACE_WITH_KNOTS('',3,3,((#1254,#1255,#1256,#1257,#1258,
#1259),(#1260,#1261,#1262,#1263,#1264,#1265),(#1266,#1267,#1268,#1269,#1270,
#1271),(#1272,#1273,#1274,#1275,#1276,#1277)),.UNSPECIFIED.,.F.,.F.,.F.,
(4,4),(4,2,4),(0.133233243433684,0.160917671502531),(0.115435941380164,
0.119158176945232,0.142824271216442),.UNSPECIFIED.);
#887=B_SPLINE_SURFACE_WITH_KNOTS('',3,3,((#1352,#1353,#1354,#1355,#1356,
#1357),(#1358,#1359,#1360,#1361,#1362,#1363),(#1364,#1365,#1366,#1367,#1368,
#1369),(#1370,#1371,#1372,#1373,#1374,#1375)),.UNSPECIFIED.,.F.,.F.,.F.,
(4,4),(4,2,4),(0.0978674617688233,0.144820323672558),(0.0454028892840701,
0.119158176945232,0.126905273551551),.UNSPECIFIED.);
#888=B_SPLINE_SURFACE_WITH_KNOTS('',3,3,((#1423,#1424,#1425,#1426),(#1427,
#1428,#1429,#1430),(#1431,#1432,#1433,#1434),(#1435,#1436,#1437,#1438)),
 .UNSPECIFIED.,.F.,.F.,.F.,(4,4),(4,4),(0.0978674813105352,0.144820225410368),
(0.131355674546481,0.214261330379266),.UNSPECIFIED.);
#889=B_SPLINE_SURFACE_WITH_KNOTS('',3,3,((#1473,#1474,#1475,#1476,#1477,
#1478),(#1479,#1480,#1481,#1482,#1483,#1484),(#1485,#1486,#1487,#1488,#1489,
#1490),(#1491,#1492,#1493,#1494,#1495,#1496)),.UNSPECIFIED.,.F.,.F.,.F.,
(4,4),(4,2,4),(0.149201732184879,0.182623658264642),(0.0454042194136898,
0.119158176945232,0.126905272303599),.UNSPECIFIED.);
#890=B_SPLINE_SURFACE_WITH_KNOTS('',3,3,((#1585,#1586,#1587,#1588),(#1589,
#1590,#1591,#1592),(#1593,#1594,#1595,#1596),(#1597,#1598,#1599,#1600)),
 .UNSPECIFIED.,.F.,.F.,.F.,(4,4),(4,4),(-2.38864219688498E-13,1.),(0.0249005840946191,
1.),.UNSPECIFIED.);
#891=B_SPLINE_SURFACE_WITH_KNOTS('',3,3,((#1612,#1613,#1614,#1615,#1616),
(#1617,#1618,#1619,#1620,#1621),(#1622,#1623,#1624,#1625,#1626),(#1627,
#1628,#1629,#1630,#1631),(#1632,#1633,#1634,#1635,#1636)),.UNSPECIFIED.,
 .F.,.F.,.F.,(4,1,4),(4,1,4),(0.,0.571428571428571,1.),(0.,0.984372240909723,
2.29686856212269),.UNSPECIFIED.);
#892=B_SPLINE_SURFACE_WITH_KNOTS('',3,3,((#1657,#1658,#1659,#1660),(#1661,
#1662,#1663,#1664),(#1665,#1666,#1667,#1668),(#1669,#1670,#1671,#1672),
(#1673,#1674,#1675,#1676)),.UNSPECIFIED.,.F.,.F.,.F.,(4,1,4),(4,4),(0.,
0.571428571428571,1.),(0.,23.1607536942361),.UNSPECIFIED.);
#893=B_SPLINE_SURFACE_WITH_KNOTS('',3,3,((#1688,#1689,#1690,#1691,#1692),
(#1693,#1694,#1695,#1696,#1697),(#1698,#1699,#1700,#1701,#1702),(#1703,
#1704,#1705,#1706,#1707),(#1708,#1709,#1710,#1711,#1712)),.UNSPECIFIED.,
 .F.,.F.,.F.,(4,1,4),(4,1,4),(0.,0.571428571428571,1.),(-5.23489853208929E-14,
0.984372241672111,2.29686856390166),.UNSPECIFIED.);
#894=B_SPLINE_SURFACE_WITH_KNOTS('',3,3,((#1729,#1730,#1731,#1732),(#1733,
#1734,#1735,#1736),(#1737,#1738,#1739,#1740),(#1741,#1742,#1743,#1744),
(#1745,#1746,#1747,#1748)),.UNSPECIFIED.,.F.,.F.,.F.,(4,1,4),(4,4),(0.,
0.571428571428571,1.),(-6.229309316235E-13,10.6793244612273),
 .UNSPECIFIED.);
#895=B_SPLINE_SURFACE_WITH_KNOTS('',3,3,((#1787,#1788,#1789,#1790,#1791),
(#1792,#1793,#1794,#1795,#1796),(#1797,#1798,#1799,#1800,#1801),(#1802,
#1803,#1804,#1805,#1806),(#1807,#1808,#1809,#1810,#1811)),.UNSPECIFIED.,
 .F.,.F.,.F.,(4,1,4),(4,1,4),(0.,0.5,1.),(0.,0.962551830782429,2.24595427182567),
 .UNSPECIFIED.);
#896=B_SPLINE_SURFACE_WITH_KNOTS('',3,3,((#1820,#1821,#1822,#1823),(#1824,
#1825,#1826,#1827),(#1828,#1829,#1830,#1831),(#1832,#1833,#1834,#1835),
(#1836,#1837,#1838,#1839)),.UNSPECIFIED.,.F.,.F.,.F.,(4,1,4),(4,4),(0.,
0.5,1.),(0.,23.2098504305079),.UNSPECIFIED.);
#897=B_SPLINE_SURFACE_WITH_KNOTS('',3,3,((#1846,#1847,#1848,#1849),(#1850,
#1851,#1852,#1853),(#1854,#1855,#1856,#1857),(#1858,#1859,#1860,#1861),
(#1862,#1863,#1864,#1865)),.UNSPECIFIED.,.F.,.F.,.F.,(4,1,4),(4,4),(0.,
0.571428571428571,1.),(1.75468702439721E-14,10.6793244498013),
 .UNSPECIFIED.);
#898=B_SPLINE_SURFACE_WITH_KNOTS('',3,3,((#1866,#1867,#1868,#1869,#1870),
(#1871,#1872,#1873,#1874,#1875),(#1876,#1877,#1878,#1879,#1880),(#1881,
#1882,#1883,#1884,#1885),(#1886,#1887,#1888,#1889,#1890)),.UNSPECIFIED.,
 .F.,.F.,.F.,(4,1,4),(4,1,4),(0.,0.5,1.),(0.,1.28341687593911,2.24597953289345),
 .UNSPECIFIED.);
#899=B_SPLINE_SURFACE_WITH_KNOTS('',3,3,((#1896,#1897,#1898,#1899),(#1900,
#1901,#1902,#1903),(#1904,#1905,#1906,#1907),(#1908,#1909,#1910,#1911),
(#1912,#1913,#1914,#1915)),.UNSPECIFIED.,.F.,.F.,.F.,(4,1,4),(4,4),(-1.90181064174961E-15,
0.428571428571435,1.00000000000002),(0.0230055726432793,1.),
 .UNSPECIFIED.);
#900=B_SPLINE_SURFACE_WITH_KNOTS('',3,3,((#1921,#1922,#1923,#1924),(#1925,
#1926,#1927,#1928),(#1929,#1930,#1931,#1932),(#1933,#1934,#1935,#1936)),
 .UNSPECIFIED.,.F.,.F.,.F.,(4,4),(4,4),(-2.577661952128E-15,1.00000000000032),
(0.0249005882519607,1.),.UNSPECIFIED.);
#901=B_SPLINE_SURFACE_WITH_KNOTS('',3,3,((#1940,#1941,#1942,#1943),(#1944,
#1945,#1946,#1947),(#1948,#1949,#1950,#1951),(#1952,#1953,#1954,#1955),
(#1956,#1957,#1958,#1959)),.UNSPECIFIED.,.F.,.F.,.F.,(4,1,4),(4,4),(-1.07818210598834E-15,
0.428571428571428,1.),(0.0244185942457723,1.),.UNSPECIFIED.);
#902=B_SPLINE_SURFACE_WITH_KNOTS('',3,3,((#1967,#1968,#1969,#1970),(#1971,
#1972,#1973,#1974),(#1975,#1976,#1977,#1978),(#1979,#1980,#1981,#1982),
(#1983,#1984,#1985,#1986)),.UNSPECIFIED.,.F.,.F.,.F.,(4,1,4),(4,4),(0.,
0.571428571428572,1.),(0.02426039110707,1.),.UNSPECIFIED.);
#903=B_SPLINE_SURFACE_WITH_KNOTS('',3,3,((#1992,#1993,#1994,#1995),(#1996,
#1997,#1998,#1999),(#2000,#2001,#2002,#2003),(#2004,#2005,#2006,#2007)),
 .UNSPECIFIED.,.F.,.F.,.F.,(4,4),(4,4),(0.14919717192888,0.182623503223924),
(0.131355673549165,0.214658903145395),.UNSPECIFIED.);
#904=B_SPLINE_SURFACE_WITH_KNOTS('',3,3,((#2035,#2036,#2037,#2038),(#2039,
#2040,#2041,#2042),(#2043,#2044,#2045,#2046),(#2047,#2048,#2049,#2050),
(#2051,#2052,#2053,#2054)),.UNSPECIFIED.,.F.,.F.,.F.,(4,1,4),(4,4),(-1.9379906257363E-14,
0.571428571428564,1.),(0.0230055723296015,1.),.UNSPECIFIED.);
#905=B_SPLINE_SURFACE_WITH_KNOTS('',1,1,((#2148,#2149,#2150),(#2151,#2152,
#2153),(#2154,#2155,#2156)),.UNSPECIFIED.,.F.,.F.,.F.,(2,1,2),(2,1,2),(2.02504679691629E-13,
17.9999999999998,66.4999999999987),(0.,3.,10.5),.UNSPECIFIED.);
#906=B_SPLINE_SURFACE_WITH_KNOTS('',1,1,((#2164,#2165,#2166),(#2167,#2168,
#2169),(#2170,#2171,#2172),(#2173,#2174,#2175)),.UNSPECIFIED.,.F.,.F.,.F.,
(2,1,1,2),(2,1,2),(-66.2000000000287,-3.43547412740008E-12,18.0000000000034,
20.7000000000045),(0.,3.,10.5),.UNSPECIFIED.);
#907=B_SPLINE_SURFACE_WITH_KNOTS('',1,1,((#2181,#2182,#2183,#2184),(#2185,
#2186,#2187,#2188),(#2189,#2190,#2191,#2192)),.UNSPECIFIED.,.F.,.F.,.F.,
(2,1,2),(2,1,1,2),(-48.4999999999987,2.02504679691629E-13,17.9999999999998),
(-113.999999999985,0.,3.,39.6500020000385),.UNSPECIFIED.);
#908=B_SPLINE_SURFACE_WITH_KNOTS('',1,1,((#2200,#2201,#2202),(#2203,#2204,
#2205),(#2206,#2207,#2208),(#2209,#2210,#2211)),.UNSPECIFIED.,.F.,.F.,.F.,
(2,1,1,2),(2,1,2),(-66.2000000000287,-3.43547412740008E-12,18.0000000000034,
20.7000000000045),(0.,3.,10.5),.UNSPECIFIED.);
#909=ADVANCED_FACE('',(#193),#885,.T.);
#910=ADVANCED_FACE('',(#194),#162,.F.);
#911=ADVANCED_FACE('',(#195),#163,.F.);
#912=ADVANCED_FACE('',(#196),#886,.F.);
#913=ADVANCED_FACE('',(#197),#887,.F.);
#914=ADVANCED_FACE('',(#198),#888,.F.);
#915=ADVANCED_FACE('',(#199),#889,.F.);
#916=ADVANCED_FACE('',(#200),#164,.F.);
#917=ADVANCED_FACE('',(#201),#165,.T.);
#918=ADVANCED_FACE('',(#202),#890,.T.);
#919=ADVANCED_FACE('',(#203),#891,.F.);
#920=ADVANCED_FACE('',(#204),#892,.F.);
#921=ADVANCED_FACE('',(#205),#893,.F.);
#922=ADVANCED_FACE('',(#206),#894,.F.);
#923=ADVANCED_FACE('',(#207),#17,.T.);
#924=ADVANCED_FACE('',(#208),#895,.F.);
#925=ADVANCED_FACE('',(#209),#896,.F.);
#926=ADVANCED_FACE('',(#210),#897,.F.);
#927=ADVANCED_FACE('',(#211),#898,.F.);
#928=ADVANCED_FACE('',(#212),#899,.T.);
#929=ADVANCED_FACE('',(#213),#900,.T.);
#930=ADVANCED_FACE('',(#214),#901,.T.);
#931=ADVANCED_FACE('',(#215),#166,.T.);
#932=ADVANCED_FACE('',(#216),#902,.T.);
#933=ADVANCED_FACE('',(#217,#15),#167,.F.);
#934=ADVANCED_FACE('',(#218),#903,.F.);
#935=ADVANCED_FACE('',(#219),#904,.T.);
#936=ADVANCED_FACE('',(#220),#168,.T.);
#937=ADVANCED_FACE('',(#221),#169,.T.);
#938=ADVANCED_FACE('',(#222),#170,.T.);
#939=ADVANCED_FACE('',(#223),#171,.T.);
#940=ADVANCED_FACE('',(#224),#172,.T.);
#941=ADVANCED_FACE('',(#225),#173,.T.);
#942=ADVANCED_FACE('',(#226),#174,.T.);
#943=ADVANCED_FACE('',(#227,#16),#175,.T.);
#944=ADVANCED_FACE('',(#228),#14,.T.);
#945=ADVANCED_FACE('',(#229),#176,.T.);
#946=ADVANCED_FACE('',(#230),#177,.T.);
#947=ADVANCED_FACE('',(#231),#178,.T.);
#948=ADVANCED_FACE('',(#232),#179,.T.);
#949=ADVANCED_FACE('',(#233),#180,.T.);
#950=ADVANCED_FACE('',(#234),#181,.T.);
#951=ADVANCED_FACE('',(#235),#905,.F.);
#952=ADVANCED_FACE('',(#236),#182,.F.);
#953=ADVANCED_FACE('',(#237),#183,.T.);
#954=ADVANCED_FACE('',(#238),#906,.F.);
#955=ADVANCED_FACE('',(#239),#184,.F.);
#956=ADVANCED_FACE('',(#240),#185,.T.);
#957=ADVANCED_FACE('',(#241),#907,.F.);
#958=ADVANCED_FACE('',(#242),#186,.F.);
#959=ADVANCED_FACE('',(#243),#187,.T.);
#960=ADVANCED_FACE('',(#244),#908,.F.);
#961=ADVANCED_FACE('',(#245),#188,.F.);
#962=ADVANCED_FACE('',(#246),#189,.T.);
#963=OPEN_SHELL('',(#909));
#964=SHELL_BASED_SURFACE_MODEL('Body28',(#963));
#965=DERIVED_UNIT_ELEMENT(#967,1.);
#966=DERIVED_UNIT_ELEMENT(#2222,-3.);
#967=(
MASS_UNIT()
NAMED_UNIT(*)
SI_UNIT(.KILO.,.GRAM.)
);
#968=DERIVED_UNIT((#965,#966));
#969=MEASURE_REPRESENTATION_ITEM('density measure',
POSITIVE_RATIO_MEASURE(7850.),#968);
#970=PROPERTY_DEFINITION_REPRESENTATION(#975,#972);
#971=PROPERTY_DEFINITION_REPRESENTATION(#976,#973);
#972=REPRESENTATION('material name',(#974),#2219);
#973=REPRESENTATION('density',(#969),#2219);
#974=DESCRIPTIVE_REPRESENTATION_ITEM('Steel','Steel');
#975=PROPERTY_DEFINITION('material property','material name',#2229);
#976=PROPERTY_DEFINITION('material property','density of part',#2229);
#977=AXIS2_PLACEMENT_3D('',#1179,#1023,#1024);
#978=AXIS2_PLACEMENT_3D('',#1196,#1025,#1026);
#979=AXIS2_PLACEMENT_3D('',#1223,#1033,#1034);
#980=AXIS2_PLACEMENT_3D('',#1559,#1040,#1041);
#981=AXIS2_PLACEMENT_3D('',#1575,#1047,#1048);
#982=AXIS2_PLACEMENT_3D('',#1651,#1055,#1056);
#983=AXIS2_PLACEMENT_3D('',#1683,#1057,#1058);
#984=AXIS2_PLACEMENT_3D('',#1755,#1059,#1060);
#985=AXIS2_PLACEMENT_3D('',#1812,#1061,#1062);
#986=AXIS2_PLACEMENT_3D('',#1819,#1063,#1064);
#987=AXIS2_PLACEMENT_3D('',#1845,#1065,#1066);
#988=AXIS2_PLACEMENT_3D('',#1920,#1069,#1070);
#989=AXIS2_PLACEMENT_3D('',#1962,#1074,#1075);
#990=AXIS2_PLACEMENT_3D('',#1963,#1076,#1077);
#991=AXIS2_PLACEMENT_3D('',#1987,#1080,#1081);
#992=AXIS2_PLACEMENT_3D('',#1988,#1082,#1083);
#993=AXIS2_PLACEMENT_3D('',#1990,#1084,#1085);
#994=AXIS2_PLACEMENT_3D('',#2056,#1088,#1089);
#995=AXIS2_PLACEMENT_3D('',#2057,#1090,#1091);
#996=AXIS2_PLACEMENT_3D('',#2063,#1095,#1096);
#997=AXIS2_PLACEMENT_3D('',#2067,#1099,#1100);
#998=AXIS2_PLACEMENT_3D('',#2071,#1103,#1104);
#999=AXIS2_PLACEMENT_3D('',#2075,#1107,#1108);
#1000=AXIS2_PLACEMENT_3D('',#2079,#1111,#1112);
#1001=AXIS2_PLACEMENT_3D('',#2083,#1115,#1116);
#1002=AXIS2_PLACEMENT_3D('',#2085,#1117,#1118);
#1003=AXIS2_PLACEMENT_3D('',#2097,#1125,#1126);
#1004=AXIS2_PLACEMENT_3D('',#2108,#1128,#1129);
#1005=AXIS2_PLACEMENT_3D('',#2121,#1130,#1131);
#1006=AXIS2_PLACEMENT_3D('',#2129,#1133,#1134);
#1007=AXIS2_PLACEMENT_3D('',#2134,#1137,#1138);
#1008=AXIS2_PLACEMENT_3D('',#2136,#1140,#1141);
#1009=AXIS2_PLACEMENT_3D('',#2137,#1142,#1143);
#1010=AXIS2_PLACEMENT_3D('',#2139,#1145,#1146);
#1011=AXIS2_PLACEMENT_3D('',#2141,#1148,#1149);
#1012=AXIS2_PLACEMENT_3D('',#2143,#1151,#1152);
#1013=AXIS2_PLACEMENT_3D('',#2145,#1154,#1155);
#1014=AXIS2_PLACEMENT_3D('',#2147,#1157,#1158);
#1015=AXIS2_PLACEMENT_3D('',#2161,#1159,#1160);
#1016=AXIS2_PLACEMENT_3D('',#2163,#1162,#1163);
#1017=AXIS2_PLACEMENT_3D('',#2178,#1164,#1165);
#1018=AXIS2_PLACEMENT_3D('',#2180,#1167,#1168);
#1019=AXIS2_PLACEMENT_3D('',#2197,#1169,#1170);
#1020=AXIS2_PLACEMENT_3D('',#2199,#1172,#1173);
#1021=AXIS2_PLACEMENT_3D('',#2214,#1174,#1175);
#1022=AXIS2_PLACEMENT_3D('',#2216,#1177,#1178);
#1023=DIRECTION('axis',(0.,0.,1.));
#1024=DIRECTION('refdir',(1.,0.,0.));
#1025=DIRECTION('center_axis',(0.951325893333488,-1.05283837203984E-13,
0.308186704244751));
#1026=DIRECTION('ref_axis',(1.10668807837864E-13,1.,0.));
#1027=DIRECTION('',(-0.308186704244751,1.24575188741094E-13,0.951325893333488));
#1028=DIRECTION('',(-1.10670631317587E-13,-1.,0.));
#1029=DIRECTION('',(0.308186704244751,-3.41066551502471E-14,-0.951325893333488));
#1030=DIRECTION('',(0.307181537659929,0.0806998379269186,-0.948223095626473));
#1031=DIRECTION('',(-1.10665802222857E-13,-1.,-1.49066873908435E-17));
#1032=DIRECTION('',(0.291559846987972,-0.324022423013051,-0.900001291670796));
#1033=DIRECTION('center_axis',(3.04878835501587E-13,0.996398007205858,0.0847998304019228));
#1034=DIRECTION('ref_axis',(-1.,3.05980976775076E-13,0.));
#1035=DIRECTION('',(-1.71388881026204E-14,-0.0847998304019228,0.996398007205858));
#1036=DIRECTION('',(1.,-3.05980976775076E-13,0.));
#1037=DIRECTION('',(2.59471349367411E-14,0.0847998304019228,-0.996398007205858));
#1038=DIRECTION('',(-0.322487783801301,0.0802692829415662,-0.943164074546403));
#1039=DIRECTION('',(1.,-3.0597830384993E-13,-3.1406870464246E-17));
#1040=DIRECTION('center_axis',(-2.15465320833926E-17,-0.940880095846728,
0.33873978986746));
#1041=DIRECTION('ref_axis',(0.,-0.33873978986746,-0.940880095846728));
#1042=DIRECTION('',(-6.84626764809178E-14,-0.33873978986746,-0.940880095846728));
#1043=DIRECTION('',(-1.,3.42076412572844E-17,3.14068704642415E-17));
#1044=DIRECTION('',(0.301943307514208,0.32292940925592,0.896965348096014));
#1045=DIRECTION('',(0.,0.33873978986746,0.940880095846728));
#1046=DIRECTION('',(-1.,2.29004016330074E-17,0.));
#1047=DIRECTION('center_axis',(0.946450232904348,0.0112553542497395,-0.322653488491939));
#1048=DIRECTION('ref_axis',(-0.0118913367601302,0.999929295555469,-6.93889390390723E-18));
#1049=DIRECTION('',(-0.322673927789771,1.30431212322248E-13,-0.946510188177983));
#1050=DIRECTION('',(0.0118913367601302,-0.999929295555469,-1.52791030950673E-17));
#1051=DIRECTION('',(-0.0118913367601302,0.999929295555469,0.));
#1052=DIRECTION('',(0.283887319776317,-0.44546146208763,-0.849100745179846));
#1053=DIRECTION('',(0.,-1.,0.));
#1054=DIRECTION('',(0.29777228202692,0.228186493438144,-0.926964180682773));
#1055=DIRECTION('center_axis',(-0.996298021671354,0.0291202995448856,0.080884239306327));
#1056=DIRECTION('ref_axis',(-6.39488462184151E-13,-0.940880095846627,0.338739789867742));
#1057=DIRECTION('center_axis',(-0.996298021659869,-0.0291202995889161,-0.0808842394319416));
#1058=DIRECTION('ref_axis',(-4.44089209850062E-13,-0.940880095846799,0.338739789867263));
#1059=DIRECTION('center_axis',(1.48484020155228E-5,0.999394908798767,0.0347824100175386));
#1060=DIRECTION('ref_axis',(-0.952782735795885,-0.0105476394702898,0.303469612434119));
#1061=DIRECTION('center_axis',(-1.48494340016413E-5,0.999394908685512,0.0347824132712427));
#1062=DIRECTION('ref_axis',(-0.0896277807535986,-0.0346437557077834,0.995372629273904));
#1063=DIRECTION('center_axis',(0.996783195214827,-0.00679630394488254,0.0798565713639698));
#1064=DIRECTION('ref_axis',(-1.03383968053024E-12,0.996398007205929,0.0847998304010913));
#1065=DIRECTION('center_axis',(0.996783195488581,0.00679630367150703,-0.0798565679701907));
#1066=DIRECTION('ref_axis',(-1.37276856548851E-11,0.996398007205202,0.0847998304096327));
#1067=DIRECTION('',(-0.429122651623377,-0.305965437746469,-0.849846398338154));
#1068=DIRECTION('',(-0.283887319779165,-0.445461462087239,-0.849100745179099));
#1069=DIRECTION('center_axis',(0.,0.,-1.));
#1070=DIRECTION('ref_axis',(-1.,-7.10542735760095E-15,0.));
#1071=DIRECTION('',(0.,1.,0.));
#1072=DIRECTION('',(-0.297772282029797,0.228186493439303,-0.926964180681563));
#1073=DIRECTION('',(-0.430528385912501,0.0765383797198968,-0.899325961680985));
#1074=DIRECTION('center_axis',(0.,0.,-1.));
#1075=DIRECTION('ref_axis',(-7.10542735760095E-15,1.,0.));
#1076=DIRECTION('center_axis',(0.,0.996398007205757,0.0847998304031115));
#1077=DIRECTION('ref_axis',(0.,-0.0847998304031115,0.996398007205757));
#1078=DIRECTION('',(1.,0.,0.));
#1079=DIRECTION('',(0.430528385910544,0.0765383797185897,-0.899325961682034));
#1080=DIRECTION('center_axis',(0.,0.,-1.));
#1081=DIRECTION('ref_axis',(1.,7.10542735760095E-15,0.));
#1082=DIRECTION('center_axis',(3.14068704642415E-17,-1.49066873908469E-17,
1.));
#1083=DIRECTION('ref_axis',(1.,0.,-3.14068704642415E-17));
#1084=DIRECTION('center_axis',(0.,0.,-1.));
#1085=DIRECTION('ref_axis',(7.10542735760095E-15,-1.,0.));
#1086=DIRECTION('',(-1.,0.,0.));
#1087=DIRECTION('',(0.42912265162083,-0.305965437746879,-0.849846398339293));
#1088=DIRECTION('center_axis',(-2.15465320833926E-17,-0.940880095846728,
0.33873978986746));
#1089=DIRECTION('ref_axis',(0.,-0.33873978986746,-0.940880095846728));
#1090=DIRECTION('center_axis',(0.,1.,0.));
#1091=DIRECTION('ref_axis',(-1.,0.,0.));
#1092=DIRECTION('',(0.,0.,1.));
#1093=DIRECTION('',(1.,0.,0.));
#1094=DIRECTION('',(0.,0.,1.));
#1095=DIRECTION('center_axis',(-1.,0.,0.));
#1096=DIRECTION('ref_axis',(0.,-1.,3.06161699786838E-16));
#1097=DIRECTION('',(0.,0.,1.));
#1098=DIRECTION('',(0.,1.,-3.06161699786838E-16));
#1099=DIRECTION('center_axis',(0.,1.,0.));
#1100=DIRECTION('ref_axis',(-1.,0.,0.));
#1101=DIRECTION('',(0.,0.,1.));
#1102=DIRECTION('',(1.,0.,0.));
#1103=DIRECTION('center_axis',(-1.,0.,0.));
#1104=DIRECTION('ref_axis',(0.,-1.,3.06161699786838E-16));
#1105=DIRECTION('',(0.,0.,1.));
#1106=DIRECTION('',(0.,1.,-3.06161699786838E-16));
#1107=DIRECTION('center_axis',(0.,-1.,0.));
#1108=DIRECTION('ref_axis',(1.,0.,0.));
#1109=DIRECTION('',(0.,0.,1.));
#1110=DIRECTION('',(-1.,0.,0.));
#1111=DIRECTION('center_axis',(-1.,0.,0.));
#1112=DIRECTION('ref_axis',(0.,-1.,3.06161699786838E-16));
#1113=DIRECTION('',(0.,0.,1.));
#1114=DIRECTION('',(0.,1.,-3.06161699786838E-16));
#1115=DIRECTION('center_axis',(0.,-3.06161699786838E-16,-1.));
#1116=DIRECTION('ref_axis',(0.,1.,-3.06161699786838E-16));
#1117=DIRECTION('center_axis',(0.,-3.06161699786838E-16,-1.));
#1118=DIRECTION('ref_axis',(0.,1.,0.));
#1119=DIRECTION('',(0.,-1.,3.06161699786838E-16));
#1120=DIRECTION('',(-1.,0.,0.));
#1121=DIRECTION('',(0.,-1.,3.06161699786838E-16));
#1122=DIRECTION('',(1.,0.,0.));
#1123=DIRECTION('',(0.,-1.,3.06161699786838E-16));
#1124=DIRECTION('',(-1.,0.,0.));
#1125=DIRECTION('center_axis',(0.,0.,1.));
#1126=DIRECTION('ref_axis',(0.,1.,0.));
#1127=DIRECTION('',(0.,0.,1.));
#1128=DIRECTION('center_axis',(0.,0.,1.));
#1129=DIRECTION('ref_axis',(0.,1.,0.));
#1130=DIRECTION('center_axis',(0.,0.,1.));
#1131=DIRECTION('ref_axis',(0.,1.,0.));
#1132=DIRECTION('',(0.,0.,-1.));
#1133=DIRECTION('center_axis',(0.,0.,1.));
#1134=DIRECTION('ref_axis',(0.,1.,0.));
#1135=DIRECTION('',(0.,0.,-1.));
#1136=DIRECTION('',(0.,0.,1.));
#1137=DIRECTION('center_axis',(0.,0.,1.));
#1138=DIRECTION('ref_axis',(0.,1.,0.));
#1139=DIRECTION('',(0.,0.,-1.));
#1140=DIRECTION('center_axis',(0.,0.,1.));
#1141=DIRECTION('ref_axis',(0.,1.,0.));
#1142=DIRECTION('center_axis',(0.,-1.,0.));
#1143=DIRECTION('ref_axis',(1.,0.,0.));
#1144=DIRECTION('',(0.,0.,1.));
#1145=DIRECTION('center_axis',(1.,0.,0.));
#1146=DIRECTION('ref_axis',(0.,1.,-3.06161699786838E-16));
#1147=DIRECTION('',(0.,0.,1.));
#1148=DIRECTION('center_axis',(0.,-1.,0.));
#1149=DIRECTION('ref_axis',(1.,0.,0.));
#1150=DIRECTION('',(0.,0.,1.));
#1151=DIRECTION('center_axis',(1.,0.,0.));
#1152=DIRECTION('ref_axis',(0.,1.,-3.06161699786838E-16));
#1153=DIRECTION('',(0.,0.,1.));
#1154=DIRECTION('center_axis',(0.,1.,0.));
#1155=DIRECTION('ref_axis',(-1.,0.,0.));
#1156=DIRECTION('',(0.,0.,1.));
#1157=DIRECTION('center_axis',(1.,0.,0.));
#1158=DIRECTION('ref_axis',(0.,1.,-3.06161699786838E-16));
#1159=DIRECTION('center_axis',(0.,0.,1.));
#1160=DIRECTION('ref_axis',(1.,0.,0.));
#1161=DIRECTION('',(1.,-4.04219867454635E-13,0.));
#1162=DIRECTION('center_axis',(-4.04219867454635E-13,-1.,0.));
#1163=DIRECTION('ref_axis',(0.,0.,-1.));
#1164=DIRECTION('center_axis',(0.,0.,1.));
#1165=DIRECTION('ref_axis',(1.,0.,0.));
#1166=DIRECTION('',(-2.02109933727317E-13,-1.,0.));
#1167=DIRECTION('center_axis',(1.,-2.02109933727317E-13,0.));
#1168=DIRECTION('ref_axis',(0.,0.,-1.));
#1169=DIRECTION('center_axis',(0.,0.,1.));
#1170=DIRECTION('ref_axis',(1.,0.,0.));
#1171=DIRECTION('',(-1.,4.04219867454635E-13,0.));
#1172=DIRECTION('center_axis',(-4.04219867454635E-13,-1.,0.));
#1173=DIRECTION('ref_axis',(0.,0.,-1.));
#1174=DIRECTION('center_axis',(0.,0.,1.));
#1175=DIRECTION('ref_axis',(1.,0.,0.));
#1176=DIRECTION('',(-2.02109933727317E-13,-1.,0.));
#1177=DIRECTION('center_axis',(1.,-2.02109933727317E-13,0.));
#1178=DIRECTION('ref_axis',(0.,0.,-1.));
#1179=CARTESIAN_POINT('',(0.,0.,0.));
#1180=CARTESIAN_POINT('Ctrl Pts',(247.655043830175,278.537362314228,10.154746994852));
#1181=CARTESIAN_POINT('Ctrl Pts',(247.655043830175,278.572203637668,10.155962389855));
#1182=CARTESIAN_POINT('Ctrl Pts',(247.655043830175,278.593121147087,8.55632711921155));
#1183=CARTESIAN_POINT('Ctrl Pts',(247.655043830175,278.627962470528,8.55754251421461));
#1184=CARTESIAN_POINT('',(247.655043830175,278.572203637659,9.15596238985472));
#1185=CARTESIAN_POINT('',(247.655043830175,278.593121147096,8.5563271192118));
#1186=CARTESIAN_POINT('Ctrl Pts',(247.655043830175,278.572203637659,9.15596238985472));
#1187=CARTESIAN_POINT('Ctrl Pts',(247.655043830175,278.593121147096,8.5563271192118));
#1188=CARTESIAN_POINT('',(247.655043830175,278.593121147096,9.5563271192118));
#1189=CARTESIAN_POINT('Ctrl Pts',(247.655043830175,278.593121147096,8.5563271192118));
#1190=CARTESIAN_POINT('Ctrl Pts',(247.655043830175,278.593121147096,9.5563271192118));
#1191=CARTESIAN_POINT('',(247.655043830175,278.572203637659,10.1559623898547));
#1192=CARTESIAN_POINT('Ctrl Pts',(247.655043830175,278.572203637659,10.1559623898547));
#1193=CARTESIAN_POINT('Ctrl Pts',(247.655043830175,278.593121147096,9.5563271192118));
#1194=CARTESIAN_POINT('Ctrl Pts',(247.655043830175,278.572203637659,9.15596238985472));
#1195=CARTESIAN_POINT('Ctrl Pts',(247.655043830175,278.572203637659,10.1559623898547));
#1196=CARTESIAN_POINT('Origin',(203.684564923067,248.722313194544,6.09768147436508));
#1197=CARTESIAN_POINT('',(204.256323449556,247.81639455096,4.33274910222321));
#1198=CARTESIAN_POINT('',(203.152582345431,247.81639455096,7.73983148906879));
#1199=CARTESIAN_POINT('',(203.108281058771,247.81639455096,7.87658288206229));
#1200=CARTESIAN_POINT('',(204.256323449556,248.466394550969,4.33274910222335));
#1201=CARTESIAN_POINT('',(204.256323449561,248.594353872759,4.33274910222321));
#1202=CARTESIAN_POINT('',(203.145450883794,248.466394550974,7.76184523599119));
#1203=CARTESIAN_POINT('',(203.684564923067,248.466394550974,6.09768147436508));
#1204=CARTESIAN_POINT('',(203.071491431681,255.206863280896,7.99014691444059));
#1205=CARTESIAN_POINT('Ctrl Pts',(203.145450883795,248.466394550974,7.76184523599127));
#1206=CARTESIAN_POINT('Ctrl Pts',(203.13312115282,249.590184207759,7.79990525666182));
#1207=CARTESIAN_POINT('Ctrl Pts',(203.120790925952,250.713973807178,7.83796681023802));
#1208=CARTESIAN_POINT('Ctrl Pts',(203.096137774635,252.960796717089,7.91406737161783));
#1209=CARTESIAN_POINT('Ctrl Pts',(203.083814850849,254.083830027644,7.95210637735933));
#1210=CARTESIAN_POINT('Ctrl Pts',(203.071491431679,255.206863280905,7.99014691444075));
#1211=CARTESIAN_POINT('',(205.65993884094,255.886875784267,9.4929619720574E-11));
#1212=CARTESIAN_POINT('',(203.502195575791,255.320013813612,6.66062815514123));
#1213=CARTESIAN_POINT('',(205.65993884094,240.469937907669,9.4929619720574E-11));
#1214=CARTESIAN_POINT('',(205.65993884094,248.431853872753,9.4929619720574E-11));
#1215=CARTESIAN_POINT('',(203.203225815598,243.200183911513,7.5835027317464));
#1216=CARTESIAN_POINT('',(202.982031124272,243.446006649388,8.26629739623749));
#1217=CARTESIAN_POINT('Ctrl Pts',(203.203225815597,243.200183911513,7.58350273174712));
#1218=CARTESIAN_POINT('Ctrl Pts',(203.195504351696,243.904043099678,7.60733772671172));
#1219=CARTESIAN_POINT('Ctrl Pts',(203.187782693331,244.607902265357,7.63117332286185));
#1220=CARTESIAN_POINT('Ctrl Pts',(203.170901615886,246.146639154331,7.68328266392306));
#1221=CARTESIAN_POINT('Ctrl Pts',(203.161742117545,246.981516868482,7.71155665349329));
#1222=CARTESIAN_POINT('Ctrl Pts',(203.152582345431,247.816394550969,7.73983148906913));
#1223=CARTESIAN_POINT('Origin',(198.248210974443,255.458714254382,5.03089797610066));
#1224=CARTESIAN_POINT('',(191.056789991601,255.518131179824,4.33274910222321));
#1225=CARTESIAN_POINT('',(191.056789991601,255.251294902382,7.46807536208095));
#1226=CARTESIAN_POINT('',(191.056789991601,255.398528832593,5.73807668213896));
#1227=CARTESIAN_POINT('',(190.4067899916,255.518131179824,4.3327491022232));
#1228=CARTESIAN_POINT('',(194.490000483022,255.518131179824,4.33274910222321));
#1229=CARTESIAN_POINT('',(190.406789991596,255.251299664874,7.46801940288215));
#1230=CARTESIAN_POINT('',(190.406789991596,255.458714254382,5.03089797610066));
#1231=CARTESIAN_POINT('',(178.526890652636,255.207885159093,7.97813984581479));
#1232=CARTESIAN_POINT('Ctrl Pts',(190.406789991605,255.251299664866,7.46801940288185));
#1233=CARTESIAN_POINT('Ctrl Pts',(190.02958167485,255.251230804767,7.46882822704148));
#1234=CARTESIAN_POINT('Ctrl Pts',(189.65243497049,255.251037162033,7.47110197242346));
#1235=CARTESIAN_POINT('Ctrl Pts',(189.275354827269,255.250718819313,7.47484177942634));
#1236=CARTESIAN_POINT('Ctrl Pts',(187.972521968313,255.249618927517,7.4877630205394));
#1237=CARTESIAN_POINT('Ctrl Pts',(186.670516456205,255.247030620272,7.51818008746559));
#1238=CARTESIAN_POINT('Ctrl Pts',(185.369543402162,255.242963086894,7.56597393246114));
#1239=CARTESIAN_POINT('Ctrl Pts',(185.060161867405,255.241995795746,7.57733968140629));
#1240=CARTESIAN_POINT('Ctrl Pts',(184.750838725264,255.240944842525,7.58968836316799));
#1241=CARTESIAN_POINT('Ctrl Pts',(184.441576751167,255.239810335766,7.60301880911385));
#1242=CARTESIAN_POINT('Ctrl Pts',(182.467880068705,255.232569962188,7.68809314460531));
#1243=CARTESIAN_POINT('Ctrl Pts',(180.495504279954,255.221922129848,7.81320543491009));
#1244=CARTESIAN_POINT('Ctrl Pts',(178.526890652643,255.207885159089,7.97813984581421));
#1245=CARTESIAN_POINT('',(175.798995573575,255.886875784272,9.49307299435986E-11));
#1246=CARTESIAN_POINT('',(178.93309566985,255.106778118461,9.16614757317758));
#1247=CARTESIAN_POINT('',(198.061875483024,255.886875784267,9.4929619720574E-11));
#1248=CARTESIAN_POINT('Ctrl Pts',(203.071491431683,255.206863280901,7.99014691444094));
#1249=CARTESIAN_POINT('Ctrl Pts',(201.090466255641,255.221137205016,7.82242830609763));
#1250=CARTESIAN_POINT('Ctrl Pts',(199.105605758493,255.231984249076,7.69497553848808));
#1251=CARTESIAN_POINT('Ctrl Pts',(195.099935581627,255.246920329191,7.51947659711639));
#1252=CARTESIAN_POINT('Ctrl Pts',(193.07820626593,255.250896505773,7.47275652223387));
#1253=CARTESIAN_POINT('Ctrl Pts',(191.056789991599,255.251294902383,7.46807536208084));
#1254=CARTESIAN_POINT('Ctrl Pts',(188.731789945062,250.140953007438,7.30342298929652));
#1255=CARTESIAN_POINT('Ctrl Pts',(188.912970104313,250.141039266739,7.30094471314153));
#1256=CARTESIAN_POINT('Ctrl Pts',(189.094159049262,250.141113731146,7.29880532386204));
#1257=CARTESIAN_POINT('Ctrl Pts',(190.427404157939,250.141574777382,7.28555941242386));
#1258=CARTESIAN_POINT('Ctrl Pts',(191.57970791781,250.141495925203,7.2878255829399));
#1259=CARTESIAN_POINT('Ctrl Pts',(192.731789963682,250.14094187912,7.30374486391241));
#1260=CARTESIAN_POINT('Ctrl Pts',(188.731789969884,248.80760904446,7.25701620761038));
#1261=CARTESIAN_POINT('Ctrl Pts',(188.912970129135,248.807695303761,7.25453793145539));
#1262=CARTESIAN_POINT('Ctrl Pts',(189.094159074085,248.807769768169,7.2523985421759));
#1263=CARTESIAN_POINT('Ctrl Pts',(190.427404182762,248.808230814405,7.23915263073772));
#1264=CARTESIAN_POINT('Ctrl Pts',(191.579707942632,248.808151962225,7.24141880125375));
#1265=CARTESIAN_POINT('Ctrl Pts',(192.731789988504,248.807597916142,7.25733808222627));
#1266=CARTESIAN_POINT('Ctrl Pts',(188.731789994706,247.474265081483,7.21060942592423));
#1267=CARTESIAN_POINT('Ctrl Pts',(188.912970153957,247.474351340783,7.20813114976924));
#1268=CARTESIAN_POINT('Ctrl Pts',(189.094159098907,247.474425805191,7.20599176048975));
#1269=CARTESIAN_POINT('Ctrl Pts',(190.427404207584,247.474886851427,7.19274584905157));
#1270=CARTESIAN_POINT('Ctrl Pts',(191.579707967454,247.474807999247,7.1950120195676));
#1271=CARTESIAN_POINT('Ctrl Pts',(192.731790013327,247.474253953165,7.21093130054012));
#1272=CARTESIAN_POINT('Ctrl Pts',(188.731790019529,246.140921118505,7.16420264423808));
#1273=CARTESIAN_POINT('Ctrl Pts',(188.912970178779,246.141007377806,7.16172436808309));
#1274=CARTESIAN_POINT('Ctrl Pts',(189.094159123729,246.141081842214,7.1595849788036));
#1275=CARTESIAN_POINT('Ctrl Pts',(190.427404232406,246.141542888449,7.14633906736542));
#1276=CARTESIAN_POINT('Ctrl Pts',(191.579707992277,246.14146403627,7.14860523788145));
#1277=CARTESIAN_POINT('Ctrl Pts',(192.731790038149,246.140909990187,7.16452451885397));
#1278=CARTESIAN_POINT('',(190.231789991597,246.141394550978,7.15143268543979));
#1279=CARTESIAN_POINT('',(191.231789991598,246.141394550978,7.1515188112375));
#1280=CARTESIAN_POINT('Ctrl Pts',(190.231789991597,246.141394550978,7.15143268543982));
#1281=CARTESIAN_POINT('Ctrl Pts',(190.398448079573,246.141394550978,7.1508734467903));
#1282=CARTESIAN_POINT('Ctrl Pts',(190.565104275413,246.141394550978,7.15060112305318));
#1283=CARTESIAN_POINT('Ctrl Pts',(190.898437734252,246.141394550978,7.1506298945625));
#1284=CARTESIAN_POINT('Ctrl Pts',(191.065114123176,246.141394550978,7.15093105570935));
#1285=CARTESIAN_POINT('Ctrl Pts',(191.231789991598,246.141394550978,7.15151881123753));
#1286=CARTESIAN_POINT('',(190.231789991597,247.641394550978,7.20363989853494));
#1287=CARTESIAN_POINT('Ctrl Pts',(190.231789991601,247.641394550969,7.20363989853477));
#1288=CARTESIAN_POINT('Ctrl Pts',(190.231789991601,247.141394550958,7.18623749416921));
#1289=CARTESIAN_POINT('Ctrl Pts',(190.231789991597,246.641394550943,7.16883508980367));
#1290=CARTESIAN_POINT('Ctrl Pts',(190.231789991597,246.141394550928,7.1514326854381));
#1291=CARTESIAN_POINT('',(188.731789991598,247.641394550988,7.21642633515371));
#1292=CARTESIAN_POINT('Ctrl Pts',(188.731789991598,247.641394550975,7.21642633515347));
#1293=CARTESIAN_POINT('Ctrl Pts',(188.912991924533,247.641394551939,7.21394475860105));
#1294=CARTESIAN_POINT('Ctrl Pts',(189.094178601544,247.6413945584,7.2118028819934));
#1295=CARTESIAN_POINT('Ctrl Pts',(189.275354969741,247.641394560264,7.21000069776251));
#1296=CARTESIAN_POINT('Ctrl Pts',(189.594191525277,247.641394563544,7.20682919025115));
#1297=CARTESIAN_POINT('Ctrl Pts',(189.912994194826,247.641394553979,7.20470965038065));
#1298=CARTESIAN_POINT('Ctrl Pts',(190.231789991234,247.641394551052,7.20363989649858));
#1299=CARTESIAN_POINT('',(188.731789991598,248.641394550978,7.25123114369133));
#1300=CARTESIAN_POINT('Ctrl Pts',(188.731789991598,248.641394550973,7.25123114369122));
#1301=CARTESIAN_POINT('Ctrl Pts',(188.731789991598,248.472544831634,7.24535436153803));
#1302=CARTESIAN_POINT('Ctrl Pts',(188.731789991598,248.303695112295,7.23947757938462));
#1303=CARTESIAN_POINT('Ctrl Pts',(188.731789991598,247.970361778966,7.22787597653884));
#1304=CARTESIAN_POINT('Ctrl Pts',(188.731789991598,247.805878164977,7.22215115584636));
#1305=CARTESIAN_POINT('Ctrl Pts',(188.731789991598,247.641394550988,7.21642633515389));
#1306=CARTESIAN_POINT('',(190.231789991597,248.641394550978,7.23844470726526));
#1307=CARTESIAN_POINT('Ctrl Pts',(190.231789991225,248.641394551054,7.23844470522875));
#1308=CARTESIAN_POINT('Ctrl Pts',(189.912994188646,248.641394553988,7.23951445909095));
#1309=CARTESIAN_POINT('Ctrl Pts',(189.594191512883,248.64139456353,7.24163399898133));
#1310=CARTESIAN_POINT('Ctrl Pts',(189.275354951124,248.641394560248,7.2448055065545));
#1311=CARTESIAN_POINT('Ctrl Pts',(189.09417858913,248.641394558382,7.24660769072364));
#1312=CARTESIAN_POINT('Ctrl Pts',(188.912991918321,248.641394551926,7.24874956724653));
#1313=CARTESIAN_POINT('Ctrl Pts',(188.731789991592,248.641394550983,7.25123114369144));
#1314=CARTESIAN_POINT('',(190.231789991597,250.141394550978,7.29065192036023));
#1315=CARTESIAN_POINT('Ctrl Pts',(190.231789991585,250.141394550978,7.2906519203601));
#1316=CARTESIAN_POINT('Ctrl Pts',(190.23178999159,249.641394550972,7.27324951599471));
#1317=CARTESIAN_POINT('Ctrl Pts',(190.231789991601,249.141394550957,7.25584711162933));
#1318=CARTESIAN_POINT('Ctrl Pts',(190.231789991601,248.641394550941,7.23844470726395));
#1319=CARTESIAN_POINT('',(191.231789991598,250.141394550978,7.29073804667056));
#1320=CARTESIAN_POINT('Ctrl Pts',(191.231789991593,250.141394550978,7.29073804667038));
#1321=CARTESIAN_POINT('Ctrl Pts',(191.065114307755,250.141394550978,7.29015029170774));
#1322=CARTESIAN_POINT('Ctrl Pts',(190.898438103427,250.141394550978,7.28984913049174));
#1323=CARTESIAN_POINT('Ctrl Pts',(190.565104644595,250.141394550978,7.28982035754131));
#1324=CARTESIAN_POINT('Ctrl Pts',(190.398448264168,250.141394550978,7.29009268117672));
#1325=CARTESIAN_POINT('Ctrl Pts',(190.231789991597,250.141394550978,7.29065192036021));
#1326=CARTESIAN_POINT('',(191.231789991598,248.641394550978,7.23853083338307));
#1327=CARTESIAN_POINT('Ctrl Pts',(191.231789991598,248.641394550973,7.23853083338286));
#1328=CARTESIAN_POINT('Ctrl Pts',(191.231789991598,249.141394550957,7.25593323781148));
#1329=CARTESIAN_POINT('Ctrl Pts',(191.231789991598,249.641394550927,7.27333564224013));
#1330=CARTESIAN_POINT('Ctrl Pts',(191.231789991598,250.141394550919,7.29073804666871));
#1331=CARTESIAN_POINT('',(192.731789991597,248.641394550978,7.25155340588093));
#1332=CARTESIAN_POINT('Ctrl Pts',(192.731789991601,248.641394550978,7.25155340588106));
#1333=CARTESIAN_POINT('Ctrl Pts',(192.231820802137,248.641394550978,7.24463654507835));
#1334=CARTESIAN_POINT('Ctrl Pts',(191.731807739025,248.641394550978,7.24029406536558));
#1335=CARTESIAN_POINT('Ctrl Pts',(191.231789991598,248.641394550978,7.23853083338305));
#1336=CARTESIAN_POINT('',(192.731789991597,247.641394550978,7.2167485968308));
#1337=CARTESIAN_POINT('Ctrl Pts',(192.731789991597,247.641394551006,7.2167485968319));
#1338=CARTESIAN_POINT('Ctrl Pts',(192.731789991597,247.805874455553,7.22247328850226));
#1339=CARTESIAN_POINT('Ctrl Pts',(192.731789991597,247.9703543601,7.22819798017231));
#1340=CARTESIAN_POINT('Ctrl Pts',(192.731789991597,248.303687693419,7.23979958318866));
#1341=CARTESIAN_POINT('Ctrl Pts',(192.731789991597,248.472541122205,7.2456764945347));
#1342=CARTESIAN_POINT('Ctrl Pts',(192.731789991597,248.641394550987,7.25155340588097));
#1343=CARTESIAN_POINT('',(191.231789991598,247.641394550978,7.20372602452481));
#1344=CARTESIAN_POINT('Ctrl Pts',(191.231789991598,247.641394550978,7.20372602452488));
#1345=CARTESIAN_POINT('Ctrl Pts',(191.731807739041,247.641394550978,7.20548925644344));
#1346=CARTESIAN_POINT('Ctrl Pts',(192.231820802153,247.641394550978,7.20983173609243));
#1347=CARTESIAN_POINT('Ctrl Pts',(192.731789991594,247.641394550978,7.21674859683089));
#1348=CARTESIAN_POINT('Ctrl Pts',(191.231789991598,246.141394550978,7.15151881123758));
#1349=CARTESIAN_POINT('Ctrl Pts',(191.231789991598,246.641394550979,7.16892121566668));
#1350=CARTESIAN_POINT('Ctrl Pts',(191.2317899916,247.141394550977,7.18632362009573));
#1351=CARTESIAN_POINT('Ctrl Pts',(191.2317899916,247.641394550978,7.2037260245248));
#1352=CARTESIAN_POINT('Ctrl Pts',(178.526890652161,255.2335137534,7.97903184413923));
#1353=CARTESIAN_POINT('Ctrl Pts',(182.097362010805,255.243943580499,7.67936748768441));
#1354=CARTESIAN_POINT('Ctrl Pts',(185.684997992281,255.249820196743,7.5105244554139));
#1355=CARTESIAN_POINT('Ctrl Pts',(189.652478178466,255.25119218975,7.47110693833564));
#1356=CARTESIAN_POINT('Ctrl Pts',(190.029628799685,255.251271461159,7.46882954073318));
#1357=CARTESIAN_POINT('Ctrl Pts',(190.406789991605,255.251299664874,7.4680194028821));
#1358=CARTESIAN_POINT('Ctrl Pts',(178.526890694259,252.972158929374,7.90032582187691));
#1359=CARTESIAN_POINT('Ctrl Pts',(182.097362052904,252.982588756474,7.6006614654221));
#1360=CARTESIAN_POINT('Ctrl Pts',(185.684998034379,252.988465372718,7.43181843315158));
#1361=CARTESIAN_POINT('Ctrl Pts',(189.652478220564,252.989837365725,7.39240091607332));
#1362=CARTESIAN_POINT('Ctrl Pts',(190.029628841784,252.989916637134,7.39012351847086));
#1363=CARTESIAN_POINT('Ctrl Pts',(190.406790033703,252.989944840849,7.38931338061978));
#1364=CARTESIAN_POINT('Ctrl Pts',(178.526890736358,250.710804105349,7.82161979961459));
#1365=CARTESIAN_POINT('Ctrl Pts',(182.097362095002,250.721233932449,7.52195544315977));
#1366=CARTESIAN_POINT('Ctrl Pts',(185.684998076478,250.727110548693,7.35311241088926));
#1367=CARTESIAN_POINT('Ctrl Pts',(189.652478262663,250.7284825417,7.313694893811));
#1368=CARTESIAN_POINT('Ctrl Pts',(190.029628883882,250.728561813109,7.31141749620854));
#1369=CARTESIAN_POINT('Ctrl Pts',(190.406790075802,250.728590016823,7.31060735835746));
#1370=CARTESIAN_POINT('Ctrl Pts',(178.526890778457,248.449449281323,7.74291377735226));
#1371=CARTESIAN_POINT('Ctrl Pts',(182.097362137101,248.459879108424,7.44324942089745));
#1372=CARTESIAN_POINT('Ctrl Pts',(185.684998118576,248.465755724668,7.27440638862693));
#1373=CARTESIAN_POINT('Ctrl Pts',(189.652478304762,248.467127717674,7.23498887154867));
#1374=CARTESIAN_POINT('Ctrl Pts',(190.029628925981,248.467206989084,7.23271147394621));
#1375=CARTESIAN_POINT('Ctrl Pts',(190.406790117901,248.467235192798,7.23190133609513));
#1376=CARTESIAN_POINT('',(190.4067899916,250.821762995811,7.31385022625296));
#1377=CARTESIAN_POINT('Ctrl Pts',(190.406789991596,250.821762995811,7.31385022625314));
#1378=CARTESIAN_POINT('Ctrl Pts',(190.406789991596,251.166575585871,7.32585136250565));
#1379=CARTESIAN_POINT('Ctrl Pts',(190.406789991596,251.511388175927,7.33785249875789));
#1380=CARTESIAN_POINT('Ctrl Pts',(190.406789991596,252.987900398925,7.38924222430033));
#1381=CARTESIAN_POINT('Ctrl Pts',(190.4067899916,254.119600031859,7.42863081359035));
#1382=CARTESIAN_POINT('Ctrl Pts',(190.4067899916,255.251299664815,7.46801940288067));
#1383=CARTESIAN_POINT('',(188.051421546772,248.466394550974,7.25605311297013));
#1384=CARTESIAN_POINT('Ctrl Pts',(188.051421548839,248.466394551382,7.25605310125268));
#1385=CARTESIAN_POINT('Ctrl Pts',(188.075808038014,248.667515991342,7.26260478562065));
#1386=CARTESIAN_POINT('Ctrl Pts',(188.122711665176,248.864899284762,7.26861385601491));
#1387=CARTESIAN_POINT('Ctrl Pts',(188.191014677221,249.054879711597,7.27403612841531));
#1388=CARTESIAN_POINT('Ctrl Pts',(188.237001384524,249.182788774766,7.27768680861714));
#1389=CARTESIAN_POINT('Ctrl Pts',(188.292688456295,249.307342081669,7.28107273020721));
#1390=CARTESIAN_POINT('Ctrl Pts',(188.357735086735,249.42742072118,7.28419353843942));
#1391=CARTESIAN_POINT('Ctrl Pts',(188.497530944422,249.685489375721,7.29090066624207));
#1392=CARTESIAN_POINT('Ctrl Pts',(188.678288340526,249.918700300369,7.29627180907063));
#1393=CARTESIAN_POINT('Ctrl Pts',(188.892597760455,250.118101679519,7.30051452525696));
#1394=CARTESIAN_POINT('Ctrl Pts',(188.937609857821,250.159982593089,7.30140563659559));
#1395=CARTESIAN_POINT('Ctrl Pts',(188.98410205631,250.200372027279,7.30224716030841));
#1396=CARTESIAN_POINT('Ctrl Pts',(189.032005679983,250.239187033247,7.30304121286961));
#1397=CARTESIAN_POINT('Ctrl Pts',(189.109907101379,250.30230844045,7.30433251023791));
#1398=CARTESIAN_POINT('Ctrl Pts',(189.191157305536,250.360955112308,7.30549201799846));
#1399=CARTESIAN_POINT('Ctrl Pts',(189.275354917295,250.41489315724,7.30653179190374));
#1400=CARTESIAN_POINT('Ctrl Pts',(189.425065075907,250.510799360436,7.30838059394251));
#1401=CARTESIAN_POINT('Ctrl Pts',(189.584093304378,250.591818857079,7.30985217934891));
#1402=CARTESIAN_POINT('Ctrl Pts',(189.750182234435,250.656637324688,7.31099978368941));
#1403=CARTESIAN_POINT('Ctrl Pts',(189.880059118808,250.707323548147,7.31189717809243));
#1404=CARTESIAN_POINT('Ctrl Pts',(190.013668069955,250.747874657637,7.31259228053021));
#1405=CARTESIAN_POINT('Ctrl Pts',(190.149809714899,250.777926166118,7.31310451564195));
#1406=CARTESIAN_POINT('Ctrl Pts',(190.234736118232,250.796672571975,7.3134240525898));
#1407=CARTESIAN_POINT('Ctrl Pts',(190.320496565138,250.811299746334,7.31367163677398));
#1408=CARTESIAN_POINT('Ctrl Pts',(190.406789991595,250.821762995802,7.31385022625279));
#1409=CARTESIAN_POINT('',(178.5270669642,248.466394550974,7.74348874938285));
#1410=CARTESIAN_POINT('Ctrl Pts',(178.527066964201,248.466394550971,7.74348874938283));
#1411=CARTESIAN_POINT('Ctrl Pts',(180.495578595423,248.466394551238,7.57807675692617));
#1412=CARTESIAN_POINT('Ctrl Pts',(182.467848588714,248.466394566565,7.4526009829943));
#1413=CARTESIAN_POINT('Ctrl Pts',(184.441436044245,248.466394563382,7.36727745680777));
#1414=CARTESIAN_POINT('Ctrl Pts',(185.643894515699,248.466394561442,7.31529192326081));
#1415=CARTESIAN_POINT('Ctrl Pts',(186.847277166738,248.466394544045,7.2781894794352));
#1416=CARTESIAN_POINT('Ctrl Pts',(188.051421548834,248.466394551388,7.25605310125295));
#1417=CARTESIAN_POINT('Ctrl Pts',(178.526890652638,255.207885159084,7.9781398458147));
#1418=CARTESIAN_POINT('Ctrl Pts',(178.526920026775,254.084728476896,7.93904612568971));
#1419=CARTESIAN_POINT('Ctrl Pts',(178.526949400914,252.961571794704,7.89995240557318));
#1420=CARTESIAN_POINT('Ctrl Pts',(178.527008171441,250.714408258668,7.82173537342916));
#1421=CARTESIAN_POINT('Ctrl Pts',(178.527037567819,249.590401404821,7.78261206140198));
#1422=CARTESIAN_POINT('Ctrl Pts',(178.527066964207,248.466394550974,7.74348874938298));
#1423=CARTESIAN_POINT('Ctrl Pts',(191.056789909137,255.251294902394,7.46807536188969));
#1424=CARTESIAN_POINT('Ctrl Pts',(195.093056292421,255.250969084123,7.47743882124794));
#1425=CARTESIAN_POINT('Ctrl Pts',(199.129433621288,255.244799662198,7.65469872531878));
#1426=CARTESIAN_POINT('Ctrl Pts',(203.145450757826,255.232873781296,7.99735125180144));
#1427=CARTESIAN_POINT('Ctrl Pts',(191.056789951236,252.989945752068,7.38936953709939));
#1428=CARTESIAN_POINT('Ctrl Pts',(195.093056334519,252.989619933797,7.39873299645764));
#1429=CARTESIAN_POINT('Ctrl Pts',(199.129433663386,252.983450511873,7.57599290052847));
#1430=CARTESIAN_POINT('Ctrl Pts',(203.145450799925,252.97152463097,7.91864542701114));
#1431=CARTESIAN_POINT('Ctrl Pts',(191.056789993334,250.728596601742,7.31066371230909));
#1432=CARTESIAN_POINT('Ctrl Pts',(195.093056376617,250.728270783471,7.32002717166733));
#1433=CARTESIAN_POINT('Ctrl Pts',(199.129433705485,250.722101361547,7.49728707573817));
#1434=CARTESIAN_POINT('Ctrl Pts',(203.145450842023,250.710175480644,7.83993960222083));
#1435=CARTESIAN_POINT('Ctrl Pts',(191.056790035433,248.467247451416,7.23195788751878));
#1436=CARTESIAN_POINT('Ctrl Pts',(195.093056418716,248.466921633145,7.24132134687702));
#1437=CARTESIAN_POINT('Ctrl Pts',(199.129433747583,248.460752211221,7.41858125094786));
#1438=CARTESIAN_POINT('Ctrl Pts',(203.145450884122,248.448826330318,7.76123377743052));
#1439=CARTESIAN_POINT('',(193.412158436422,248.466394550969,7.25646439462991));
#1440=CARTESIAN_POINT('Ctrl Pts',(193.412158412568,248.466394560797,7.25646411231761));
#1441=CARTESIAN_POINT('Ctrl Pts',(194.648259019601,248.466394568665,7.27933900506124));
#1442=CARTESIAN_POINT('Ctrl Pts',(195.884101191028,248.466394576023,7.31794160781954));
#1443=CARTESIAN_POINT('Ctrl Pts',(197.119092635152,248.46639457599,7.37220759287922));
#1444=CARTESIAN_POINT('Ctrl Pts',(199.130123190688,248.466394575936,7.46057302617884));
#1445=CARTESIAN_POINT('Ctrl Pts',(201.139766959848,248.466394551164,7.59051001610444));
#1446=CARTESIAN_POINT('Ctrl Pts',(203.145450883791,248.466394550968,7.76184523599075));
#1447=CARTESIAN_POINT('',(191.056789991601,250.821762995802,7.31390635084036));
#1448=CARTESIAN_POINT('Ctrl Pts',(191.0567899916,250.821762995808,7.31390635084044));
#1449=CARTESIAN_POINT('Ctrl Pts',(191.234751557962,250.800184769283,7.31356866569274));
#1450=CARTESIAN_POINT('Ctrl Pts',(191.410221932605,250.760924329874,7.31293957088869));
#1451=CARTESIAN_POINT('Ctrl Pts',(191.580584221913,250.70450757132,7.3119853307433));
#1452=CARTESIAN_POINT('Ctrl Pts',(191.791813202399,250.634557499388,7.31080218643438));
#1453=CARTESIAN_POINT('Ctrl Pts',(191.993316097437,250.538853410465,7.30913001233596));
#1454=CARTESIAN_POINT('Ctrl Pts',(192.18060151386,250.419758983728,7.30686685594275));
#1455=CARTESIAN_POINT('Ctrl Pts',(192.242420490293,250.3804484186,7.3061198356226));
#1456=CARTESIAN_POINT('Ctrl Pts',(192.302690460398,250.338589442099,7.30530797846408));
#1457=CARTESIAN_POINT('Ctrl Pts',(192.361249955905,250.294267099479,7.30442644794683));
#1458=CARTESIAN_POINT('Ctrl Pts',(192.617486865427,250.100327243996,7.30056916308747));
#1459=CARTESIAN_POINT('Ctrl Pts',(192.837034175878,249.862204805277,7.29543514470589));
#1460=CARTESIAN_POINT('Ctrl Pts',(193.009560090874,249.591140498977,7.28871666903257));
#1461=CARTESIAN_POINT('Ctrl Pts',(193.125124773111,249.409570904497,7.28421636827303));
#1462=CARTESIAN_POINT('Ctrl Pts',(193.218556441188,249.214847542681,7.27904329259111));
#1463=CARTESIAN_POINT('Ctrl Pts',(193.287875333838,249.011123029351,7.27317635419251));
#1464=CARTESIAN_POINT('Ctrl Pts',(193.348049397402,248.834274678978,7.26808340607068));
#1465=CARTESIAN_POINT('Ctrl Pts',(193.389687560351,248.651718016109,7.2624984212227));
#1466=CARTESIAN_POINT('Ctrl Pts',(193.412158412567,248.466394560799,7.25646411231765));
#1467=CARTESIAN_POINT('Ctrl Pts',(191.056789991601,255.251294902373,7.46807536208099));
#1468=CARTESIAN_POINT('Ctrl Pts',(191.056789991601,254.119598105967,7.42868687142183));
#1469=CARTESIAN_POINT('Ctrl Pts',(191.056789991605,252.987901309557,7.38929838076268));
#1470=CARTESIAN_POINT('Ctrl Pts',(191.056789991601,251.511390674032,7.3379087103492));
#1471=CARTESIAN_POINT('Ctrl Pts',(191.056789991601,251.166576834921,7.32590753059501));
#1472=CARTESIAN_POINT('Ctrl Pts',(191.056789991601,250.821762995802,7.31390635084053));
#1473=CARTESIAN_POINT('Ctrl Pts',(178.527083963787,247.816394550977,7.72086419622806));
#1474=CARTESIAN_POINT('Ctrl Pts',(182.097491550337,247.826824025754,7.42120996258304));
#1475=CARTESIAN_POINT('Ctrl Pts',(185.68506288016,247.832700452432,7.25237237683989));
#1476=CARTESIAN_POINT('Ctrl Pts',(189.652478255797,247.834072423026,7.21295550366813));
#1477=CARTESIAN_POINT('Ctrl Pts',(190.029628816259,247.83415169443,7.2106781061953));
#1478=CARTESIAN_POINT('Ctrl Pts',(190.406789947419,247.834179898157,7.209867968002));
#1479=CARTESIAN_POINT('Ctrl Pts',(178.527083993754,246.206719853753,7.66483977617296));
#1480=CARTESIAN_POINT('Ctrl Pts',(182.097491580304,246.21714932853,7.36518554252795));
#1481=CARTESIAN_POINT('Ctrl Pts',(185.685062910127,246.223025755208,7.19634795678479));
#1482=CARTESIAN_POINT('Ctrl Pts',(189.652478285764,246.224397725802,7.15693108361304));
#1483=CARTESIAN_POINT('Ctrl Pts',(190.029628846225,246.224476997207,7.1546536861402));
#1484=CARTESIAN_POINT('Ctrl Pts',(190.406789977386,246.224505200933,7.15384354794691));
#1485=CARTESIAN_POINT('Ctrl Pts',(178.52708402372,244.597045156529,7.60881535611787));
#1486=CARTESIAN_POINT('Ctrl Pts',(182.097491610271,244.607474631306,7.30916112247285));
#1487=CARTESIAN_POINT('Ctrl Pts',(185.685062940093,244.613351057984,7.14032353672969));
#1488=CARTESIAN_POINT('Ctrl Pts',(189.652478315731,244.614723028578,7.10090666355794));
#1489=CARTESIAN_POINT('Ctrl Pts',(190.029628876192,244.614802299983,7.0986292660851));
#1490=CARTESIAN_POINT('Ctrl Pts',(190.406790007352,244.614830503709,7.09781912789181));
#1491=CARTESIAN_POINT('Ctrl Pts',(178.527084053687,242.987370459305,7.55279093606277));
#1492=CARTESIAN_POINT('Ctrl Pts',(182.097491640237,242.997799934082,7.25313670241776));
#1493=CARTESIAN_POINT('Ctrl Pts',(185.68506297006,243.00367636076,7.0842991166746));
#1494=CARTESIAN_POINT('Ctrl Pts',(189.652478345697,243.005048331354,7.04488224350284));
#1495=CARTESIAN_POINT('Ctrl Pts',(190.029628906159,243.005127602759,7.04260484603001));
#1496=CARTESIAN_POINT('Ctrl Pts',(190.406790037319,243.005155806485,7.04179470783671));
#1497=CARTESIAN_POINT('',(190.4067899916,243.005155806482,7.04179470793493));
#1498=CARTESIAN_POINT('',(190.4067899916,245.461026106163,7.12727080403593));
#1499=CARTESIAN_POINT('Ctrl Pts',(190.406789991596,243.005155806491,7.04179470793492));
#1500=CARTESIAN_POINT('Ctrl Pts',(190.406789991596,243.77229578246,7.0684948680849));
#1501=CARTESIAN_POINT('Ctrl Pts',(190.406789991594,244.539435758425,7.09519502823475));
#1502=CARTESIAN_POINT('Ctrl Pts',(190.406789991594,245.358059191649,7.12368706026854));
#1503=CARTESIAN_POINT('Ctrl Pts',(190.406789991594,245.409542648908,7.12547893215225));
#1504=CARTESIAN_POINT('Ctrl Pts',(190.406789991594,245.461026106168,7.12727080403613));
#1505=CARTESIAN_POINT('',(178.52720491484,243.191683419282,7.55989185347627));
#1506=CARTESIAN_POINT('Ctrl Pts',(178.527204914843,243.191683419286,7.55989185347627));
#1507=CARTESIAN_POINT('Ctrl Pts',(180.483155156726,243.13176088996,7.39345165669891));
#1508=CARTESIAN_POINT('Ctrl Pts',(182.443213184378,243.086201591992,7.26690614552628));
#1509=CARTESIAN_POINT('Ctrl Pts',(184.404985827108,243.055100006372,7.18051880218084));
#1510=CARTESIAN_POINT('Ctrl Pts',(185.71057992741,243.034401355667,7.1230265100794));
#1511=CARTESIAN_POINT('Ctrl Pts',(187.017335576856,243.020099822221,7.08329865058208));
#1512=CARTESIAN_POINT('Ctrl Pts',(188.325036795886,243.012234240999,7.06144998558039));
#1513=CARTESIAN_POINT('Ctrl Pts',(188.64175510096,243.010329238911,7.05615835470419));
#1514=CARTESIAN_POINT('Ctrl Pts',(188.958528876646,243.008801750331,7.05191572596607));
#1515=CARTESIAN_POINT('Ctrl Pts',(189.275355055192,243.007652310937,7.04872419056791));
#1516=CARTESIAN_POINT('Ctrl Pts',(189.652430269859,243.006284289178,7.04492573899772));
#1517=CARTESIAN_POINT('Ctrl Pts',(190.029576965383,243.005451767652,7.04261624034929));
#1518=CARTESIAN_POINT('Ctrl Pts',(190.4067899916,243.005155806483,7.04179470793498));
#1519=CARTESIAN_POINT('',(178.527083963791,247.816394550973,7.72086419622706));
#1520=CARTESIAN_POINT('Ctrl Pts',(178.527083963791,247.816394550973,7.720864196228));
#1521=CARTESIAN_POINT('Ctrl Pts',(178.527105998771,246.973859894142,7.69153808833935));
#1522=CARTESIAN_POINT('Ctrl Pts',(178.527128033761,246.131325237302,7.66221198045581));
#1523=CARTESIAN_POINT('Ctrl Pts',(178.527168350777,244.589754860062,7.60855453287348));
#1524=CARTESIAN_POINT('Ctrl Pts',(178.527186632807,243.890719139672,7.58422319317314));
#1525=CARTESIAN_POINT('Ctrl Pts',(178.52720491484,243.191683419282,7.55989185347633));
#1526=CARTESIAN_POINT('',(188.051421546779,247.816394550969,7.23342998747704));
#1527=CARTESIAN_POINT('Ctrl Pts',(188.051421548848,247.816394551378,7.23342997576164));
#1528=CARTESIAN_POINT('Ctrl Pts',(186.845544697165,247.816394544164,7.25559820289366));
#1529=CARTESIAN_POINT('Ctrl Pts',(185.640431754708,247.816394561458,7.29277559020508));
#1530=CARTESIAN_POINT('Ctrl Pts',(184.436246766019,247.816394563388,7.34487877084331));
#1531=CARTESIAN_POINT('Ctrl Pts',(182.464398157083,247.816394566549,7.43019754264963));
#1532=CARTESIAN_POINT('Ctrl Pts',(180.493865724945,247.816394551258,7.55559779437261));
#1533=CARTESIAN_POINT('Ctrl Pts',(178.527083963794,247.816394550977,7.72086419622747));
#1534=CARTESIAN_POINT('Ctrl Pts',(190.406789991599,245.461026106151,7.1272708040359));
#1535=CARTESIAN_POINT('Ctrl Pts',(190.274794255097,245.47703085669,7.12811171533001));
#1536=CARTESIAN_POINT('Ctrl Pts',(190.144112101031,245.502769935398,7.12946946724388));
#1537=CARTESIAN_POINT('Ctrl Pts',(190.015814912128,245.538054449437,7.13131890389595));
#1538=CARTESIAN_POINT('Ctrl Pts',(189.811040470616,245.594371869314,7.1342707796212));
#1539=CARTESIAN_POINT('Ctrl Pts',(189.613815512131,245.674600890566,7.13845627646213));
#1540=CARTESIAN_POINT('Ctrl Pts',(189.428174209339,245.776952594483,7.14366956825644));
#1541=CARTESIAN_POINT('Ctrl Pts',(189.38454959377,245.801004643618,7.14489466120156));
#1542=CARTESIAN_POINT('Ctrl Pts',(189.341564644218,245.826278364837,7.14617628092709));
#1543=CARTESIAN_POINT('Ctrl Pts',(189.299271694055,245.852750557324,7.147511359854));
#1544=CARTESIAN_POINT('Ctrl Pts',(189.291270971223,245.857758405535,7.14776392195742));
#1545=CARTESIAN_POINT('Ctrl Pts',(189.283298647342,245.862806866501,7.14801828201882));
#1546=CARTESIAN_POINT('Ctrl Pts',(189.275355001944,245.867895673622,7.14827441390635));
#1547=CARTESIAN_POINT('Ctrl Pts',(188.98005455133,246.05706915264,7.15779596956696));
#1548=CARTESIAN_POINT('Ctrl Pts',(188.724388724169,246.301998365964,7.16977030670111));
#1549=CARTESIAN_POINT('Ctrl Pts',(188.522709417364,246.588988990421,7.18281160892997));
#1550=CARTESIAN_POINT('Ctrl Pts',(188.395380600637,246.770178509579,7.19104514368222));
#1551=CARTESIAN_POINT('Ctrl Pts',(188.29085907473,246.966299771091,7.19961666376563));
#1552=CARTESIAN_POINT('Ctrl Pts',(188.21146477366,247.172910794123,7.20817972432387));
#1553=CARTESIAN_POINT('Ctrl Pts',(188.206559406079,247.185676231951,7.20870879201623));
#1554=CARTESIAN_POINT('Ctrl Pts',(188.201749958683,247.198481712507,7.20923784440915));
#1555=CARTESIAN_POINT('Ctrl Pts',(188.197036978756,247.211326187877,7.20976680685604));
#1556=CARTESIAN_POINT('Ctrl Pts',(188.125329694757,247.406752957659,7.21781489129348));
#1557=CARTESIAN_POINT('Ctrl Pts',(188.076472345945,247.609793556455,7.22577874658118));
#1558=CARTESIAN_POINT('Ctrl Pts',(188.051421548837,247.816394551381,7.23342997576193));
#1559=CARTESIAN_POINT('Origin',(202.223894456738,243.526005023291,8.48850004250408));
#1560=CARTESIAN_POINT('',(191.056789991601,243.005176268866,7.04185154406096));
#1561=CARTESIAN_POINT('',(191.056789991601,242.029833293795,4.33274910222321));
#1562=CARTESIAN_POINT('',(191.056789991601,243.367588767164,8.04848470712364));
#1563=CARTESIAN_POINT('Ctrl Pts',(191.056789991601,243.005176268875,7.0418515440611));
#1564=CARTESIAN_POINT('Ctrl Pts',(193.08888275049,243.006897082283,7.04663125737792));
#1565=CARTESIAN_POINT('Ctrl Pts',(195.121142297621,243.024153073334,7.09456131754677));
#1566=CARTESIAN_POINT('Ctrl Pts',(199.171073889352,243.089357102012,7.27567134533766));
#1567=CARTESIAN_POINT('Ctrl Pts',(201.189370565087,243.137168364867,7.40847140875507));
#1568=CARTESIAN_POINT('Ctrl Pts',(203.203225815598,243.200183911515,7.58350273174731));
#1569=CARTESIAN_POINT('',(175.982336536697,240.469937907669,9.49307299435986E-11));
#1570=CARTESIAN_POINT('',(200.049717224169,240.469937907669,9.49285094975494E-11));
#1571=CARTESIAN_POINT('',(179.823324092815,244.577887352448,11.410197393343));
#1572=CARTESIAN_POINT('',(190.4067899916,242.029833293795,4.33274910222373));
#1573=CARTESIAN_POINT('',(190.4067899916,243.526005023291,8.48850004250408));
#1574=CARTESIAN_POINT('',(196.477842224167,242.029833293795,4.33274910222321));
#1575=CARTESIAN_POINT('Origin',(178.083248873313,248.248938883257,6.43403668661713));
#1576=CARTESIAN_POINT('',(177.37204472719,247.816394550982,4.33274910222321));
#1577=CARTESIAN_POINT('',(178.654509656189,247.816394550973,8.09464622725098));
#1578=CARTESIAN_POINT('',(175.892176165171,248.051423370903,9.49307299435986E-11));
#1579=CARTESIAN_POINT('',(177.364314811757,248.466394550969,4.33274910222346));
#1580=CARTESIAN_POINT('Ctrl Pts',(177.364314811757,248.466394550974,4.33274910222321));
#1581=CARTESIAN_POINT('Ctrl Pts',(177.751898862573,248.466394550974,5.46966231794125));
#1582=CARTESIAN_POINT('Ctrl Pts',(178.139482913389,248.466394550974,6.60657553365721));
#1583=CARTESIAN_POINT('Ctrl Pts',(178.5270669642,248.466394550974,7.74348874937619));
#1584=CARTESIAN_POINT('',(177.366603576163,248.273934895356,4.33274910222321));
#1585=CARTESIAN_POINT('Ctrl Pts',(203.950241743902,254.649703199237,9.10644427682803));
#1586=CARTESIAN_POINT('Ctrl Pts',(204.925341159802,255.396933649812,6.07096285125033));
#1587=CARTESIAN_POINT('Ctrl Pts',(205.900440575703,256.144164100387,3.03548142567263));
#1588=CARTESIAN_POINT('Ctrl Pts',(206.875539991604,256.891394550962,9.4929619720574E-11));
#1589=CARTESIAN_POINT('Ctrl Pts',(203.950241743902,253.753505346516,9.07529526378551));
#1590=CARTESIAN_POINT('Ctrl Pts',(204.925341159802,254.755835183368,6.05019684255532));
#1591=CARTESIAN_POINT('Ctrl Pts',(205.900440575703,255.758165020219,3.02509842132512));
#1592=CARTESIAN_POINT('Ctrl Pts',(206.875539991604,256.760494857071,9.4929619720574E-11));
#1593=CARTESIAN_POINT('Ctrl Pts',(203.950241743902,244.877820792509,8.78065189320328));
#1594=CARTESIAN_POINT('Ctrl Pts',(204.925341159802,243.092645276627,5.85376792883382));
#1595=CARTESIAN_POINT('Ctrl Pts',(205.900440575703,241.307469760744,2.92688396446438));
#1596=CARTESIAN_POINT('Ctrl Pts',(206.875539991604,239.522294244862,9.4929619720574E-11));
#1597=CARTESIAN_POINT('Ctrl Pts',(203.950241743902,243.981622939785,8.74950288016067));
#1598=CARTESIAN_POINT('Ctrl Pts',(204.925341159802,242.451546810178,5.83300192013876));
#1599=CARTESIAN_POINT('Ctrl Pts',(205.900440575703,240.92147068057,2.91650096011684));
#1600=CARTESIAN_POINT('Ctrl Pts',(206.875539991604,239.391394550962,9.4929619720574E-11));
#1601=CARTESIAN_POINT('',(203.953394708121,243.976675469598,8.74007243335141));
#1602=CARTESIAN_POINT('',(206.875539991604,239.391394550962,9.4929619720574E-11));
#1603=CARTESIAN_POINT('',(203.875539991618,244.098841108666,8.97293418234118));
#1604=CARTESIAN_POINT('',(206.875539991604,256.891394550962,9.4929619720574E-11));
#1605=CARTESIAN_POINT('',(206.875539991604,239.391394550962,9.4929619720574E-11));
#1606=CARTESIAN_POINT('',(203.95025671583,254.64971467241,9.10639766925834));
#1607=CARTESIAN_POINT('',(203.875539991618,254.59245834491,9.33899059755902));
#1608=CARTESIAN_POINT('Ctrl Pts',(203.953394708122,243.9766754696,8.74007243335152));
#1609=CARTESIAN_POINT('Ctrl Pts',(203.953982633561,247.537803032646,8.86210008882268));
#1610=CARTESIAN_POINT('Ctrl Pts',(203.950078531916,251.095165061219,8.98341225091966));
#1611=CARTESIAN_POINT('Ctrl Pts',(203.950256715831,254.649714672408,9.10639766925835));
#1612=CARTESIAN_POINT('Ctrl Pts',(179.185651400241,242.453567712661,8.734955142491));
#1613=CARTESIAN_POINT('Ctrl Pts',(178.859306349233,242.463124356849,8.76145002365763));
#1614=CARTESIAN_POINT('Ctrl Pts',(178.119701065247,242.779665203275,8.83481301394902));
#1615=CARTESIAN_POINT('Ctrl Pts',(177.769231437401,243.533581003524,8.89311094630325));
#1616=CARTESIAN_POINT('Ctrl Pts',(177.769239143721,243.970815054387,8.90832809894364));
#1617=CARTESIAN_POINT('Ctrl Pts',(179.183846012848,242.396878047236,8.73312680298794));
#1618=CARTESIAN_POINT('Ctrl Pts',(178.843390976173,242.411015196532,8.76083815512616));
#1619=CARTESIAN_POINT('Ctrl Pts',(178.08143180849,242.741967745171,8.83668181572419));
#1620=CARTESIAN_POINT('Ctrl Pts',(177.713658575192,243.514148719796,8.89724322804853));
#1621=CARTESIAN_POINT('Ctrl Pts',(177.706058272129,243.970618337463,8.9140124133226));
#1622=CARTESIAN_POINT('Ctrl Pts',(179.177886800547,242.299260230967,8.69486852916051));
#1623=CARTESIAN_POINT('Ctrl Pts',(178.813248184202,242.320993404656,8.73023408703865));
#1624=CARTESIAN_POINT('Ctrl Pts',(178.01224828489,242.676993153034,8.81306538610687));
#1625=CARTESIAN_POINT('Ctrl Pts',(177.6134788565,243.481599435809,8.87190619911376));
#1626=CARTESIAN_POINT('Ctrl Pts',(177.592150474293,243.971814460752,8.87970201667931));
#1627=CARTESIAN_POINT('Ctrl Pts',(179.169344448485,242.241379547661,8.61048588944264));
#1628=CARTESIAN_POINT('Ctrl Pts',(178.79008163714,242.262300932845,8.65762811860368));
#1629=CARTESIAN_POINT('Ctrl Pts',(177.959621768421,242.632578005751,8.74975195320942));
#1630=CARTESIAN_POINT('Ctrl Pts',(177.543728627665,243.466603449095,8.79724035539383));
#1631=CARTESIAN_POINT('Ctrl Pts',(177.525530924385,243.975108798299,8.78507969027296));
#1632=CARTESIAN_POINT('Ctrl Pts',(179.165685633659,242.227015848923,8.57058943012529));
#1633=CARTESIAN_POINT('Ctrl Pts',(178.782668370057,242.245600456668,8.62220984213314));
#1634=CARTESIAN_POINT('Ctrl Pts',(177.942248894134,242.619129224673,8.71828909202707));
#1635=CARTESIAN_POINT('Ctrl Pts',(177.522998097467,243.464521989167,8.75989858373858));
#1636=CARTESIAN_POINT('Ctrl Pts',(177.510185273292,243.976675466743,8.740072427912));
#1637=CARTESIAN_POINT('',(177.769239143722,243.97081505439,8.90832809894361));
#1638=CARTESIAN_POINT('',(177.510185273295,243.976675466743,8.74007242791194));
#1639=CARTESIAN_POINT('Ctrl Pts',(177.769239143721,243.970815054387,8.90832809894364));
#1640=CARTESIAN_POINT('Ctrl Pts',(177.706058272129,243.970618337463,8.9140124133226));
#1641=CARTESIAN_POINT('Ctrl Pts',(177.592150474293,243.971814460752,8.87970201667931));
#1642=CARTESIAN_POINT('Ctrl Pts',(177.525530924385,243.975108798299,8.78507969027296));
#1643=CARTESIAN_POINT('Ctrl Pts',(177.510185273292,243.976675466743,8.740072427912));
#1644=CARTESIAN_POINT('',(179.165685633659,242.227015848921,8.57058943012509));
#1645=CARTESIAN_POINT('Ctrl Pts',(177.510185273292,243.976675466743,8.740072427912));
#1646=CARTESIAN_POINT('Ctrl Pts',(177.522998097467,243.464521989167,8.75989858373858));
#1647=CARTESIAN_POINT('Ctrl Pts',(177.942248894134,242.619129224673,8.71828909202707));
#1648=CARTESIAN_POINT('Ctrl Pts',(178.782668370057,242.245600456668,8.62220984213314));
#1649=CARTESIAN_POINT('Ctrl Pts',(179.165685633659,242.227015848923,8.57058943012529));
#1650=CARTESIAN_POINT('',(179.185651400242,242.453567712655,8.7349551424909));
#1651=CARTESIAN_POINT('Origin',(179.165685633659,242.462235872881,8.48590448265817));
#1652=CARTESIAN_POINT('Ctrl Pts',(179.185651400241,242.453567712661,8.734955142491));
#1653=CARTESIAN_POINT('Ctrl Pts',(178.859306349233,242.463124356849,8.76145002365763));
#1654=CARTESIAN_POINT('Ctrl Pts',(178.119701065247,242.779665203275,8.83481301394902));
#1655=CARTESIAN_POINT('Ctrl Pts',(177.769231437401,243.533581003524,8.89311094630325));
#1656=CARTESIAN_POINT('Ctrl Pts',(177.769239143721,243.970815054387,8.90832809894364));
#1657=CARTESIAN_POINT('Ctrl Pts',(202.277928582807,242.453567712041,8.73495514281229));
#1658=CARTESIAN_POINT('Ctrl Pts',(194.599535154351,242.228714681,8.11157163776982));
#1659=CARTESIAN_POINT('Ctrl Pts',(186.864044828804,242.228714681472,8.11157163839938));
#1660=CARTESIAN_POINT('Ctrl Pts',(179.185651400241,242.453567712658,8.73495514249093));
#1661=CARTESIAN_POINT('Ctrl Pts',(202.279733970212,242.396878046763,8.73312680314614));
#1662=CARTESIAN_POINT('Ctrl Pts',(194.600159145772,242.172074746349,8.10955178077735));
#1663=CARTESIAN_POINT('Ctrl Pts',(186.863420837378,242.172074746772,8.10955178146017));
#1664=CARTESIAN_POINT('Ctrl Pts',(179.183846012848,242.396878047233,8.73312680298785));
#1665=CARTESIAN_POINT('Ctrl Pts',(202.285693189358,242.299260332069,8.69486840855072));
#1666=CARTESIAN_POINT('Ctrl Pts',(194.602142381464,242.074541605531,8.07091544057963));
#1667=CARTESIAN_POINT('Ctrl Pts',(186.861437601682,242.074541605836,8.07091544129854));
#1668=CARTESIAN_POINT('Ctrl Pts',(179.177886793709,242.299260332188,8.69486840849173));
#1669=CARTESIAN_POINT('Ctrl Pts',(202.294235534574,242.241379547748,8.61048588969035));
#1670=CARTESIAN_POINT('Ctrl Pts',(194.604998486462,242.016614425441,7.98617957523021));
#1671=CARTESIAN_POINT('Ctrl Pts',(186.858581496684,242.016614425678,7.98617957588565));
#1672=CARTESIAN_POINT('Ctrl Pts',(179.169344448485,242.241379547659,8.61048588944242));
#1673=CARTESIAN_POINT('Ctrl Pts',(202.297894349397,242.227015849045,8.57058943047285));
#1674=CARTESIAN_POINT('Ctrl Pts',(194.606223320829,242.002199820281,7.94614278139698));
#1675=CARTESIAN_POINT('Ctrl Pts',(186.857356662317,242.002199820505,7.94614278201894));
#1676=CARTESIAN_POINT('Ctrl Pts',(179.165685633659,242.22701584892,8.57058943012505));
#1677=CARTESIAN_POINT('',(202.297894349397,242.227015849044,8.57058943047299));
#1678=CARTESIAN_POINT('Ctrl Pts',(179.165685633659,242.22701584892,8.57058943012505));
#1679=CARTESIAN_POINT('Ctrl Pts',(186.857356662317,242.002199820505,7.94614278201894));
#1680=CARTESIAN_POINT('Ctrl Pts',(194.606223320829,242.002199820281,7.94614278139698));
#1681=CARTESIAN_POINT('Ctrl Pts',(202.297894349397,242.227015849045,8.57058943047285));
#1682=CARTESIAN_POINT('',(202.27792858281,242.453567712046,8.73495514281248));
#1683=CARTESIAN_POINT('Origin',(202.297894349397,242.462235873004,8.48590448300618));
#1684=CARTESIAN_POINT('Ctrl Pts',(202.277928582807,242.453567712041,8.73495514281229));
#1685=CARTESIAN_POINT('Ctrl Pts',(194.599535154351,242.228714681,8.11157163776982));
#1686=CARTESIAN_POINT('Ctrl Pts',(186.864044828804,242.228714681472,8.11157163839938));
#1687=CARTESIAN_POINT('Ctrl Pts',(179.185651400241,242.453567712658,8.73495514249093));
#1688=CARTESIAN_POINT('Ctrl Pts',(203.694340837593,243.970815056413,8.90832810434577));
#1689=CARTESIAN_POINT('Ctrl Pts',(203.694346617717,243.642889518035,8.8969152387923));
#1690=CARTESIAN_POINT('Ctrl Pts',(203.436877532441,242.883900669553,8.84692366819245));
#1691=CARTESIAN_POINT('Ctrl Pts',(202.713055317807,242.466309904297,8.77028165111517));
#1692=CARTESIAN_POINT('Ctrl Pts',(202.277928582811,242.453567712044,8.73495514281274));
#1693=CARTESIAN_POINT('Ctrl Pts',(203.757521709202,243.970618339539,8.91401241875426));
#1694=CARTESIAN_POINT('Ctrl Pts',(203.751821482275,243.628266126105,8.90143552866887));
#1695=CARTESIAN_POINT('Ctrl Pts',(203.477272094568,242.847923457166,8.8490467141966));
#1696=CARTESIAN_POINT('Ctrl Pts',(202.733674019424,242.41572757917,8.77007527275704));
#1697=CARTESIAN_POINT('Ctrl Pts',(202.279733970217,242.396878046766,8.73312680314661));
#1698=CARTESIAN_POINT('Ctrl Pts',(203.871429340162,243.97181447067,8.87970180353246));
#1699=CARTESIAN_POINT('Ctrl Pts',(203.855433053844,243.604153201828,8.87385493917922));
#1700=CARTESIAN_POINT('Ctrl Pts',(203.550355824551,242.78608815201,8.82571067057964));
#1701=CARTESIAN_POINT('Ctrl Pts',(202.771878012363,242.328237910555,8.74202246966153));
#1702=CARTESIAN_POINT('Ctrl Pts',(202.285693190279,242.299260345629,8.69486839238956));
#1703=CARTESIAN_POINT('Ctrl Pts',(203.938049057026,243.975108800994,8.78507969572065));
#1704=CARTESIAN_POINT('Ctrl Pts',(203.924400779925,243.593729788958,8.79420019341994));
#1705=CARTESIAN_POINT('Ctrl Pts',(203.606994076672,242.745896249376,8.76200513450768));
#1706=CARTESIAN_POINT('Ctrl Pts',(202.799919283379,242.269274728022,8.67334219533982));
#1707=CARTESIAN_POINT('Ctrl Pts',(202.294235534579,242.24137954775,8.61048588969106));
#1708=CARTESIAN_POINT('Ctrl Pts',(203.953394708124,243.976675469603,8.74007243335125));
#1709=CARTESIAN_POINT('Ctrl Pts',(203.943785090373,243.592560361285,8.75494204910219));
#1710=CARTESIAN_POINT('Ctrl Pts',(203.62605010866,242.734478482511,8.73024576829721));
#1711=CARTESIAN_POINT('Ctrl Pts',(202.80858403458,242.251795326081,8.6394166465902));
#1712=CARTESIAN_POINT('Ctrl Pts',(202.297894349402,242.227015849048,8.57058943047361));
#1713=CARTESIAN_POINT('',(203.694340837592,243.970815056405,8.90832810434543));
#1714=CARTESIAN_POINT('Ctrl Pts',(203.694340837593,243.970815056413,8.90832810434577));
#1715=CARTESIAN_POINT('Ctrl Pts',(203.757521709202,243.970618339539,8.91401241875426));
#1716=CARTESIAN_POINT('Ctrl Pts',(203.871429340162,243.97181447067,8.87970180353246));
#1717=CARTESIAN_POINT('Ctrl Pts',(203.938049057026,243.975108800994,8.78507969572065));
#1718=CARTESIAN_POINT('Ctrl Pts',(203.953394708124,243.976675469603,8.74007243335125));
#1719=CARTESIAN_POINT('Ctrl Pts',(203.694340837593,243.970815056413,8.90832810434577));
#1720=CARTESIAN_POINT('Ctrl Pts',(203.694346617717,243.642889518035,8.8969152387923));
#1721=CARTESIAN_POINT('Ctrl Pts',(203.436877532441,242.883900669553,8.84692366819245));
#1722=CARTESIAN_POINT('Ctrl Pts',(202.713055317807,242.466309904297,8.77028165111517));
#1723=CARTESIAN_POINT('Ctrl Pts',(202.277928582811,242.453567712044,8.73495514281274));
#1724=CARTESIAN_POINT('Ctrl Pts',(202.297894349402,242.227015849048,8.57058943047361));
#1725=CARTESIAN_POINT('Ctrl Pts',(202.80858403458,242.251795326081,8.6394166465902));
#1726=CARTESIAN_POINT('Ctrl Pts',(203.62605010866,242.734478482511,8.73024576829721));
#1727=CARTESIAN_POINT('Ctrl Pts',(203.943785090373,243.592560361285,8.75494204910219));
#1728=CARTESIAN_POINT('Ctrl Pts',(203.953394708124,243.976675469603,8.74007243335125));
#1729=CARTESIAN_POINT('Ctrl Pts',(177.76923914372,243.970815054385,8.90832809894359));
#1730=CARTESIAN_POINT('Ctrl Pts',(177.769301847352,247.528435917162,9.0321447586905));
#1731=CARTESIAN_POINT('Ctrl Pts',(177.773873117371,251.086069822251,9.1555558281845));
#1732=CARTESIAN_POINT('Ctrl Pts',(177.773925882987,254.643690653962,9.27937338377426));
#1733=CARTESIAN_POINT('Ctrl Pts',(177.706058272129,243.97061833746,8.91401241332255));
#1734=CARTESIAN_POINT('Ctrl Pts',(177.705734830363,247.529138073493,9.03790512394853));
#1735=CARTESIAN_POINT('Ctrl Pts',(177.709895993187,251.086689484698,9.16133426777003));
#1736=CARTESIAN_POINT('Ctrl Pts',(177.709803078313,254.643490896794,9.2851403337308));
#1737=CARTESIAN_POINT('Ctrl Pts',(177.592150547425,243.971814464081,8.87970192090458));
#1738=CARTESIAN_POINT('Ctrl Pts',(177.591130355399,247.531912748483,9.00313447253413));
#1739=CARTESIAN_POINT('Ctrl Pts',(177.594527567879,251.089340335696,9.1260205551401));
#1740=CARTESIAN_POINT('Ctrl Pts',(177.594172173823,254.644730260966,9.24957933296589));
#1741=CARTESIAN_POINT('Ctrl Pts',(177.525530924385,243.975108798296,8.78507969027292));
#1742=CARTESIAN_POINT('Ctrl Pts',(177.524669668412,247.53606477819,8.9074968720362));
#1743=CARTESIAN_POINT('Ctrl Pts',(177.528271869422,251.093438158173,9.02923880784972));
#1744=CARTESIAN_POINT('Ctrl Pts',(177.527985570251,254.648114248123,9.1523762705829));
#1745=CARTESIAN_POINT('Ctrl Pts',(177.510185273292,243.976675466741,8.74007242791197));
#1746=CARTESIAN_POINT('Ctrl Pts',(177.509597343897,247.537803034224,8.86210007191155));
#1747=CARTESIAN_POINT('Ctrl Pts',(177.513501442236,251.09516506732,8.98341222270227));
#1748=CARTESIAN_POINT('Ctrl Pts',(177.513323254619,254.649714682191,9.10639762946618));
#1749=CARTESIAN_POINT('',(177.773925882989,254.643690653961,9.27937338377408));
#1750=CARTESIAN_POINT('Ctrl Pts',(177.76923914372,243.970815054385,8.90832809894359));
#1751=CARTESIAN_POINT('Ctrl Pts',(177.769301847352,247.528435917162,9.0321447586905));
#1752=CARTESIAN_POINT('Ctrl Pts',(177.773873117371,251.086069822251,9.1555558281845));
#1753=CARTESIAN_POINT('Ctrl Pts',(177.773925882987,254.643690653962,9.27937338377426));
#1754=CARTESIAN_POINT('',(177.51332325462,254.649714682187,9.10639762946598));
#1755=CARTESIAN_POINT('Origin',(177.751518938569,254.652351592058,9.0305302263574));
#1756=CARTESIAN_POINT('Ctrl Pts',(177.513323254619,254.649714682191,9.10639762946618));
#1757=CARTESIAN_POINT('Ctrl Pts',(177.513501442236,251.09516506732,8.98341222270227));
#1758=CARTESIAN_POINT('Ctrl Pts',(177.509597343897,247.537803034224,8.86210007191155));
#1759=CARTESIAN_POINT('Ctrl Pts',(177.510185273292,243.976675466741,8.74007242791197));
#1760=CARTESIAN_POINT('Ctrl Pts',(172.116897861222,269.306524520011,10.4116278248552));
#1761=CARTESIAN_POINT('Ctrl Pts',(192.177396716261,269.397122749442,7.80860085492586));
#1762=CARTESIAN_POINT('Ctrl Pts',(212.182379073554,269.292724048123,10.8081597481754));
#1763=CARTESIAN_POINT('Ctrl Pts',(172.116898659128,226.446470777737,8.91989184951669));
#1764=CARTESIAN_POINT('Ctrl Pts',(192.17739751417,226.537069007168,6.31686487958734));
#1765=CARTESIAN_POINT('Ctrl Pts',(212.18237987146,226.432670305849,9.31642377283691));
#1766=CARTESIAN_POINT('',(203.689654086693,254.643690643352,9.27937342346934));
#1767=CARTESIAN_POINT('Ctrl Pts',(203.689654086693,254.643690643349,9.27937342346932));
#1768=CARTESIAN_POINT('Ctrl Pts',(203.6897068562,251.086069815868,9.15555585644986));
#1769=CARTESIAN_POINT('Ctrl Pts',(203.694278129799,247.528435914848,9.03214477549837));
#1770=CARTESIAN_POINT('Ctrl Pts',(203.694340837591,243.970815056411,8.90832810434556));
#1771=CARTESIAN_POINT('',(202.304273610239,256.118959449409,9.21269094951738));
#1772=CARTESIAN_POINT('Ctrl Pts',(202.304273610241,256.118959449405,9.21269094951734));
#1773=CARTESIAN_POINT('Ctrl Pts',(202.623540026153,256.116780393218,9.23826867229258));
#1774=CARTESIAN_POINT('Ctrl Pts',(203.358580164803,255.818196835701,9.28993869267664));
#1775=CARTESIAN_POINT('Ctrl Pts',(203.689647745044,255.07123259844,9.29425336915336));
#1776=CARTESIAN_POINT('Ctrl Pts',(203.689654086691,254.643690643349,9.27937342346914));
#1777=CARTESIAN_POINT('',(179.159306353183,256.118959453502,9.21269091000966));
#1778=CARTESIAN_POINT('Ctrl Pts',(179.159306353183,256.118959453506,9.21269091000976));
#1779=CARTESIAN_POINT('Ctrl Pts',(186.857723753621,256.171502666165,8.59593960812718));
#1780=CARTESIAN_POINT('Ctrl Pts',(194.605856211915,256.171502664781,8.5959396214451));
#1781=CARTESIAN_POINT('Ctrl Pts',(202.304273610241,256.118959449394,9.21269094951694));
#1782=CARTESIAN_POINT('Ctrl Pts',(177.773925882988,254.643690653962,9.27937338377416));
#1783=CARTESIAN_POINT('Ctrl Pts',(177.77393222424,255.071237417785,9.29425349542768));
#1784=CARTESIAN_POINT('Ctrl Pts',(178.104980229914,255.818190193996,9.28993999633872));
#1785=CARTESIAN_POINT('Ctrl Pts',(178.840036346261,256.11678037292,9.23826891938206));
#1786=CARTESIAN_POINT('Ctrl Pts',(179.159306353176,256.118959453503,9.21269091001019));
#1787=CARTESIAN_POINT('Ctrl Pts',(202.304273610241,256.118959449405,9.21269094951734));
#1788=CARTESIAN_POINT('Ctrl Pts',(202.623540026153,256.116780393218,9.23826867229258));
#1789=CARTESIAN_POINT('Ctrl Pts',(203.358580164803,255.818196835701,9.28993869267664));
#1790=CARTESIAN_POINT('Ctrl Pts',(203.689647745044,255.07123259844,9.29425336915336));
#1791=CARTESIAN_POINT('Ctrl Pts',(203.689654086691,254.643690643349,9.27937342346914));
#1792=CARTESIAN_POINT('Ctrl Pts',(202.304527185925,256.182288476937,9.214915479516));
#1793=CARTESIAN_POINT('Ctrl Pts',(202.639578453441,256.176011594302,9.24150189393598));
#1794=CARTESIAN_POINT('Ctrl Pts',(203.401393267365,255.857841266098,9.29487119111992));
#1795=CARTESIAN_POINT('Ctrl Pts',(203.743446630919,255.087127536266,9.29960328306953));
#1796=CARTESIAN_POINT('Ctrl Pts',(203.745761540894,254.643515855862,9.28441950486738));
#1797=CARTESIAN_POINT('Ctrl Pts',(202.309099506387,256.310076913791,9.16871861583022));
#1798=CARTESIAN_POINT('Ctrl Pts',(202.675041913789,256.29566318119,9.204342380214));
#1799=CARTESIAN_POINT('Ctrl Pts',(203.489816925447,255.93826793241,9.27012870563463));
#1800=CARTESIAN_POINT('Ctrl Pts',(203.854049626098,255.120028002661,9.27425647084013));
#1801=CARTESIAN_POINT('Ctrl Pts',(203.861192359775,254.644543653082,9.25493732898474));
#1802=CARTESIAN_POINT('Ctrl Pts',(202.319206241541,256.37137062511,9.04778112875576));
#1803=CARTESIAN_POINT('Ctrl Pts',(202.698730366536,256.360958431801,9.09750305933429));
#1804=CARTESIAN_POINT('Ctrl Pts',(203.548778328038,255.991271472079,9.18543987233073));
#1805=CARTESIAN_POINT('Ctrl Pts',(203.926607125657,255.141150056352,9.18726657339676));
#1806=CARTESIAN_POINT('Ctrl Pts',(203.933150680886,254.647847499132,9.16003941734387));
#1807=CARTESIAN_POINT('Ctrl Pts',(202.324284933511,256.376726985068,8.98484389924595));
#1808=CARTESIAN_POINT('Ctrl Pts',(202.704307035645,256.372111184773,9.03907955271241));
#1809=CARTESIAN_POINT('Ctrl Pts',(203.56473218768,256.006154250088,9.13623490899269));
#1810=CARTESIAN_POINT('Ctrl Pts',(203.946038044553,255.146314416282,9.13690297141324));
#1811=CARTESIAN_POINT('Ctrl Pts',(203.950256715829,254.649714672408,9.10639766925821));
#1812=CARTESIAN_POINT('Origin',(203.712061031881,254.652351582276,9.03053026615087));
#1813=CARTESIAN_POINT('',(202.324284933511,256.376726985068,8.98484389924578));
#1814=CARTESIAN_POINT('Ctrl Pts',(203.950256715829,254.649714672408,9.10639766925821));
#1815=CARTESIAN_POINT('Ctrl Pts',(203.946038044553,255.146314416282,9.13690297141324));
#1816=CARTESIAN_POINT('Ctrl Pts',(203.56473218768,256.006154250088,9.13623490899269));
#1817=CARTESIAN_POINT('Ctrl Pts',(202.704307035645,256.372111184773,9.03907955271241));
#1818=CARTESIAN_POINT('Ctrl Pts',(202.324284933511,256.376726985068,8.98484389924595));
#1819=CARTESIAN_POINT('Origin',(202.324284933511,256.127627483265,8.96364394164549));
#1820=CARTESIAN_POINT('Ctrl Pts',(179.159306353183,256.118959453506,9.21269091000976));
#1821=CARTESIAN_POINT('Ctrl Pts',(186.857723753621,256.171502666165,8.59593960812718));
#1822=CARTESIAN_POINT('Ctrl Pts',(194.605856211915,256.171502664781,8.5959396214451));
#1823=CARTESIAN_POINT('Ctrl Pts',(202.304273610241,256.118959449394,9.21269094951694));
#1824=CARTESIAN_POINT('Ctrl Pts',(179.159052777494,256.18228848092,9.21491543981428));
#1825=CARTESIAN_POINT('Ctrl Pts',(186.857613664559,256.234824259729,8.59813842396421));
#1826=CARTESIAN_POINT('Ctrl Pts',(194.605966300993,256.234824258384,8.59813843734536));
#1827=CARTESIAN_POINT('Ctrl Pts',(202.304527185925,256.182288476926,9.2149154795156));
#1828=CARTESIAN_POINT('Ctrl Pts',(179.154480458701,256.310076935233,9.16871859599262));
#1829=CARTESIAN_POINT('Ctrl Pts',(186.856107747846,256.362605719209,8.55168322823203));
#1830=CARTESIAN_POINT('Ctrl Pts',(194.607472217906,256.362605717994,8.55168324168208));
#1831=CARTESIAN_POINT('Ctrl Pts',(202.309099504902,256.310076931627,9.16871863588983));
#1832=CARTESIAN_POINT('Ctrl Pts',(179.144373722511,256.371370628478,9.04778108904748));
#1833=CARTESIAN_POINT('Ctrl Pts',(186.852719379787,256.423928455959,8.4302235040456));
#1834=CARTESIAN_POINT('Ctrl Pts',(194.610860586393,256.423928454817,8.43022351743054));
#1835=CARTESIAN_POINT('Ctrl Pts',(202.31920624154,256.371370625099,9.04778112875559));
#1836=CARTESIAN_POINT('Ctrl Pts',(179.139295030766,256.376726988427,8.98484385964427));
#1837=CARTESIAN_POINT('Ctrl Pts',(186.851024657079,256.429307385549,8.36702419347941));
#1838=CARTESIAN_POINT('Ctrl Pts',(194.612555309316,256.429307384413,8.36702420682909));
#1839=CARTESIAN_POINT('Ctrl Pts',(202.324284933511,256.376726985057,8.98484389924583));
#1840=CARTESIAN_POINT('',(179.139295030764,256.376726988428,8.98484385964579));
#1841=CARTESIAN_POINT('Ctrl Pts',(202.324284933511,256.376726985057,8.98484389924583));
#1842=CARTESIAN_POINT('Ctrl Pts',(194.612555309316,256.429307384413,8.36702420682909));
#1843=CARTESIAN_POINT('Ctrl Pts',(186.851024657079,256.429307385549,8.36702419347941));
#1844=CARTESIAN_POINT('Ctrl Pts',(179.139295030766,256.376726988427,8.98484385964427));
#1845=CARTESIAN_POINT('Origin',(179.139295030766,256.127627486626,8.96364390204338));
#1846=CARTESIAN_POINT('Ctrl Pts',(203.689654086693,254.643690643349,9.27937342346932));
#1847=CARTESIAN_POINT('Ctrl Pts',(203.6897068562,251.086069815868,9.15555585644986));
#1848=CARTESIAN_POINT('Ctrl Pts',(203.694278129799,247.528435914848,9.03214477549837));
#1849=CARTESIAN_POINT('Ctrl Pts',(203.694340837591,243.970815056411,8.90832810434556));
#1850=CARTESIAN_POINT('Ctrl Pts',(203.753776891496,254.643490886221,9.28514037363874));
#1851=CARTESIAN_POINT('Ctrl Pts',(203.753683980499,251.086689478213,9.16133429618585));
#1852=CARTESIAN_POINT('Ctrl Pts',(203.757845146833,247.529138071201,9.0379051408485));
#1853=CARTESIAN_POINT('Ctrl Pts',(203.7575217092,243.970618339537,8.91401241875403));
#1854=CARTESIAN_POINT('Ctrl Pts',(203.869407625536,254.644730258228,9.24957915443817));
#1855=CARTESIAN_POINT('Ctrl Pts',(203.869052235287,251.089340336798,9.12602036503931));
#1856=CARTESIAN_POINT('Ctrl Pts',(203.872449462899,247.531912753628,9.00313428123934));
#1857=CARTESIAN_POINT('Ctrl Pts',(203.871429274912,243.971814473641,8.87970171808295));
#1858=CARTESIAN_POINT('Ctrl Pts',(203.935594400165,254.648114238171,9.15237631047463));
#1859=CARTESIAN_POINT('Ctrl Pts',(203.935308104723,251.093438151929,9.02923883616035));
#1860=CARTESIAN_POINT('Ctrl Pts',(203.938910309026,247.536064776451,8.90749688897754));
#1861=CARTESIAN_POINT('Ctrl Pts',(203.938049057025,243.975108800992,8.78507969572081));
#1862=CARTESIAN_POINT('Ctrl Pts',(203.950256715831,254.649714672408,9.10639766925835));
#1863=CARTESIAN_POINT('Ctrl Pts',(203.950078531916,251.095165061219,8.98341225091966));
#1864=CARTESIAN_POINT('Ctrl Pts',(203.953982633561,247.537803032646,8.86210008882268));
#1865=CARTESIAN_POINT('Ctrl Pts',(203.953394708122,243.9766754696,8.74007243335152));
#1866=CARTESIAN_POINT('Ctrl Pts',(177.773925882988,254.643690653962,9.27937338377416));
#1867=CARTESIAN_POINT('Ctrl Pts',(177.77393222424,255.071237417785,9.29425349542768));
#1868=CARTESIAN_POINT('Ctrl Pts',(178.104980229914,255.818190193996,9.28993999633872));
#1869=CARTESIAN_POINT('Ctrl Pts',(178.840036346261,256.11678037292,9.23826891938206));
#1870=CARTESIAN_POINT('Ctrl Pts',(179.159306353176,256.118959453503,9.21269091001019));
#1871=CARTESIAN_POINT('Ctrl Pts',(177.717818428898,254.64351586644,9.28441946498615));
#1872=CARTESIAN_POINT('Ctrl Pts',(177.720133364479,255.087132536342,9.29960341251904));
#1873=CARTESIAN_POINT('Ctrl Pts',(178.062166686633,255.857833380225,9.29487397976111));
#1874=CARTESIAN_POINT('Ctrl Pts',(178.823997741424,256.176011527747,9.24150215212702));
#1875=CARTESIAN_POINT('Ctrl Pts',(179.159052777487,256.182288480917,9.21491543981472));
#1876=CARTESIAN_POINT('Ctrl Pts',(177.602387270596,254.644543645662,9.25493780019537));
#1877=CARTESIAN_POINT('Ctrl Pts',(177.60953008425,255.120033343281,9.274257157853));
#1878=CARTESIAN_POINT('Ctrl Pts',(177.973741294697,255.938257275949,9.27013076063593));
#1879=CARTESIAN_POINT('Ctrl Pts',(178.788533987107,256.295663663369,9.20434346000766));
#1880=CARTESIAN_POINT('Ctrl Pts',(179.154480510536,256.310077558103,9.16871929610744));
#1881=CARTESIAN_POINT('Ctrl Pts',(177.530429289525,254.647847509112,9.16003937743566));
#1882=CARTESIAN_POINT('Ctrl Pts',(177.536972917969,255.141155614884,9.18726683832647));
#1883=CARTESIAN_POINT('Ctrl Pts',(177.91477858444,255.991261423826,9.18544238343208));
#1884=CARTESIAN_POINT('Ctrl Pts',(178.764845328622,256.360958318082,9.09750357781526));
#1885=CARTESIAN_POINT('Ctrl Pts',(179.144373722503,256.371370628475,9.04778108904813));
#1886=CARTESIAN_POINT('Ctrl Pts',(177.51332325462,254.649714682191,9.10639762946617));
#1887=CARTESIAN_POINT('Ctrl Pts',(177.517541972921,255.146320011762,9.13690327338825));
#1888=CARTESIAN_POINT('Ctrl Pts',(177.898823002409,256.006144135932,9.13623805368363));
#1889=CARTESIAN_POINT('Ctrl Pts',(178.75926865408,256.372111136297,9.03908012212668));
#1890=CARTESIAN_POINT('Ctrl Pts',(179.139295030759,256.376726988424,8.98484385964495));
#1891=CARTESIAN_POINT('Ctrl Pts',(179.139295030759,256.376726988424,8.98484385964495));
#1892=CARTESIAN_POINT('Ctrl Pts',(178.75926865408,256.372111136297,9.03908012212668));
#1893=CARTESIAN_POINT('Ctrl Pts',(177.898823002409,256.006144135932,9.13623805368363));
#1894=CARTESIAN_POINT('Ctrl Pts',(177.517541972921,255.146320011762,9.13690327338825));
#1895=CARTESIAN_POINT('Ctrl Pts',(177.51332325462,254.649714682191,9.10639762946617));
#1896=CARTESIAN_POINT('Ctrl Pts',(179.23451491472,242.276091284652,8.70690084689369));
#1897=CARTESIAN_POINT('Ctrl Pts',(177.76902327368,241.231192373422,5.80460056462743));
#1898=CARTESIAN_POINT('Ctrl Pts',(176.303531632639,240.186293462192,2.90230028236118));
#1899=CARTESIAN_POINT('Ctrl Pts',(174.838039991598,239.141394550962,9.4929619720574E-11));
#1900=CARTESIAN_POINT('Ctrl Pts',(178.849559490665,242.276091284652,8.7069008468937));
#1901=CARTESIAN_POINT('Ctrl Pts',(177.493413641019,241.231567311853,5.80461582529667));
#1902=CARTESIAN_POINT('Ctrl Pts',(176.13808597243,240.185918523761,2.90228502169195));
#1903=CARTESIAN_POINT('Ctrl Pts',(174.781940122784,239.141394550962,9.4929619720574E-11));
#1904=CARTESIAN_POINT('Ctrl Pts',(177.949816840501,242.589579800604,8.7177998074982));
#1905=CARTESIAN_POINT('Ctrl Pts',(176.849763851106,241.455212752016,5.81185801094719));
#1906=CARTESIAN_POINT('Ctrl Pts',(175.750872879845,240.321474232128,2.90594179664594));
#1907=CARTESIAN_POINT('Ctrl Pts',(174.650819890449,239.187107183539,9.4929619720574E-11));
#1908=CARTESIAN_POINT('Ctrl Pts',(177.519023273685,243.477580670227,8.74867266568057));
#1909=CARTESIAN_POINT('Ctrl Pts',(176.543617403005,242.091237298061,5.8324749790571));
#1910=CARTESIAN_POINT('Ctrl Pts',(175.563445862278,240.702938098042,2.9161976867184));
#1911=CARTESIAN_POINT('Ctrl Pts',(174.588039991598,239.316594725877,9.4929619720574E-11));
#1912=CARTESIAN_POINT('Ctrl Pts',(177.519023273685,243.99054360492,8.76650669318815));
#1913=CARTESIAN_POINT('Ctrl Pts',(176.542028846323,242.457493920268,5.84433779549041));
#1914=CARTESIAN_POINT('Ctrl Pts',(175.565034418961,240.924444235615,2.92216889779267));
#1915=CARTESIAN_POINT('Ctrl Pts',(174.588039991598,239.391394550962,9.4929619720574E-11));
#1916=CARTESIAN_POINT('',(174.838039991598,239.141394550966,9.4929619720574E-11));
#1917=CARTESIAN_POINT('',(179.338039991617,242.349904902621,8.91192477980474));
#1918=CARTESIAN_POINT('',(174.588039991597,239.391394550962,9.4929619720574E-11));
#1919=CARTESIAN_POINT('',(177.588039991615,244.098841108666,8.97293418234118));
#1920=CARTESIAN_POINT('Origin',(174.838039991598,239.391394550962,9.4929619720574E-11));
#1921=CARTESIAN_POINT('Ctrl Pts',(177.513338226859,243.981622920215,8.74950284285712));
#1922=CARTESIAN_POINT('Ctrl Pts',(176.538238815105,242.451546797131,5.83300189526972));
#1923=CARTESIAN_POINT('Ctrl Pts',(175.563139403351,240.921470674046,2.91650094768233));
#1924=CARTESIAN_POINT('Ctrl Pts',(174.588039991597,239.391394550962,9.49307299435986E-11));
#1925=CARTESIAN_POINT('Ctrl Pts',(177.513338226859,244.877820769676,8.78065185576692));
#1926=CARTESIAN_POINT('Ctrl Pts',(176.538238815105,243.092645261405,5.85376790387626));
#1927=CARTESIAN_POINT('Ctrl Pts',(175.563139403351,241.307469753133,2.92688395198559));
#1928=CARTESIAN_POINT('Ctrl Pts',(174.588039991597,239.522294244862,9.49307299435986E-11));
#1929=CARTESIAN_POINT('Ctrl Pts',(177.513338226859,253.753505359326,9.07529522509257));
#1930=CARTESIAN_POINT('Ctrl Pts',(176.538238815105,254.755835191908,6.05019681676002));
#1931=CARTESIAN_POINT('Ctrl Pts',(175.563139403351,255.758165024491,3.02509840842748));
#1932=CARTESIAN_POINT('Ctrl Pts',(174.588039991597,256.760494857074,9.49307299435986E-11));
#1933=CARTESIAN_POINT('Ctrl Pts',(177.513338226859,254.649703208781,9.10644423800217));
#1934=CARTESIAN_POINT('Ctrl Pts',(176.538238815105,255.396933656175,6.07096282536642));
#1935=CARTESIAN_POINT('Ctrl Pts',(175.563139403351,256.144164103568,3.03548141273068));
#1936=CARTESIAN_POINT('Ctrl Pts',(174.588039991597,256.891394550962,9.49307299435986E-11));
#1937=CARTESIAN_POINT('',(174.588039991597,256.891394550962,9.49307299435986E-11));
#1938=CARTESIAN_POINT('',(174.588039991597,256.891394550962,9.49307299435986E-11));
#1939=CARTESIAN_POINT('',(177.588039991615,254.592458344896,9.33899059755852));
#1940=CARTESIAN_POINT('Ctrl Pts',(177.514784208878,254.648595135307,9.11094557549397));
#1941=CARTESIAN_POINT('Ctrl Pts',(176.539202803118,255.396194940525,6.07396371702762));
#1942=CARTESIAN_POINT('Ctrl Pts',(175.563621397358,256.143794745744,3.03698185856128));
#1943=CARTESIAN_POINT('Ctrl Pts',(174.588039991598,256.891394550962,9.49307299435986E-11));
#1944=CARTESIAN_POINT('Ctrl Pts',(177.514784208878,255.032842051676,9.12430175118359));
#1945=CARTESIAN_POINT('Ctrl Pts',(176.539577464986,255.671331647148,6.08287891071917));
#1946=CARTESIAN_POINT('Ctrl Pts',(175.56324673549,256.309004824305,3.04142284055935));
#1947=CARTESIAN_POINT('Ctrl Pts',(174.588039991598,256.947494419776,9.49307299435986E-11));
#1948=CARTESIAN_POINT('Ctrl Pts',(177.828076805534,255.930926814793,9.15551859995805));
#1949=CARTESIAN_POINT('Ctrl Pts',(176.763093256046,256.313875293042,6.10369477590116));
#1950=CARTESIAN_POINT('Ctrl Pts',(175.698736406826,256.695665893955,3.05182382415182));
#1951=CARTESIAN_POINT('Ctrl Pts',(174.633752857338,257.078614372204,9.49307299435986E-11));
#1952=CARTESIAN_POINT('Ctrl Pts',(178.715516581379,256.360929426334,9.17046521418465));
#1953=CARTESIAN_POINT('Ctrl Pts',(177.398742571487,256.619499333684,6.11357895833892));
#1954=CARTESIAN_POINT('Ctrl Pts',(176.080014176404,256.882824643612,3.05688625594065));
#1955=CARTESIAN_POINT('Ctrl Pts',(174.763240166513,257.141394550962,9.49307299435986E-11));
#1956=CARTESIAN_POINT('Ctrl Pts',(179.228156317506,256.360929426335,9.17046521418469));
#1957=CARTESIAN_POINT('Ctrl Pts',(177.76478420887,256.621084467877,6.11364347615477));
#1958=CARTESIAN_POINT('Ctrl Pts',(176.301412100234,256.88123950942,3.05682173812485));
#1959=CARTESIAN_POINT('Ctrl Pts',(174.838039991598,257.141394550962,9.49307299435986E-11));
#1960=CARTESIAN_POINT('',(174.838039991598,257.141394550963,9.4929619720574E-11));
#1961=CARTESIAN_POINT('',(179.338039991612,256.341394550941,9.40000000009495));
#1962=CARTESIAN_POINT('Origin',(174.838039991598,256.891394550962,9.49307299435986E-11));
#1963=CARTESIAN_POINT('Origin',(193.625539991615,256.341394550941,9.40000000009495));
#1964=CARTESIAN_POINT('',(206.625539991603,257.141394550963,9.4929619720574E-11));
#1965=CARTESIAN_POINT('',(192.3380399916,257.141394550963,9.4929619720574E-11));
#1966=CARTESIAN_POINT('',(202.125539991614,256.341394550955,9.40000000009546));
#1967=CARTESIAN_POINT('Ctrl Pts',(202.234711751594,256.360802863839,9.17195232368899));
#1968=CARTESIAN_POINT('Ctrl Pts',(203.69832116493,256.62100009288,6.11463488249097));
#1969=CARTESIAN_POINT('Ctrl Pts',(205.161930578267,256.881197321921,3.05731744129295));
#1970=CARTESIAN_POINT('Ctrl Pts',(206.625539991603,257.141394550962,9.4929619720574E-11));
#1971=CARTESIAN_POINT('Ctrl Pts',(202.747422489125,256.360802863839,9.171952323689));
#1972=CARTESIAN_POINT('Ctrl Pts',(204.064410030939,256.619414701637,6.11457035421277));
#1973=CARTESIAN_POINT('Ctrl Pts',(205.383352274875,256.882782713164,3.05738196957117));
#1974=CARTESIAN_POINT('Ctrl Pts',(206.700339816689,257.141394550962,9.4929619720574E-11));
#1975=CARTESIAN_POINT('Ctrl Pts',(203.634982769579,255.930737814402,9.15700318528719));
#1976=CARTESIAN_POINT('Ctrl Pts',(204.700139019911,256.313748392692,6.10468446853852));
#1977=CARTESIAN_POINT('Ctrl Pts',(205.764670524345,256.695603372321,3.05231871684359));
#1978=CARTESIAN_POINT('Ctrl Pts',(206.829826774677,257.078613950611,9.4929619720574E-11));
#1979=CARTESIAN_POINT('Ctrl Pts',(203.948321164937,255.032531566055,9.12578137468552));
#1980=CARTESIAN_POINT('Ctrl Pts',(204.923686051201,255.671124700864,6.08386532818334));
#1981=CARTESIAN_POINT('Ctrl Pts',(205.900175105339,256.308901284967,3.04191604659711));
#1982=CARTESIAN_POINT('Ctrl Pts',(206.875539991603,256.947494419776,9.4929619720574E-11));
#1983=CARTESIAN_POINT('Ctrl Pts',(203.948321164937,254.648231436398,9.11242303311929));
#1984=CARTESIAN_POINT('Ctrl Pts',(204.924060773826,255.395952474586,6.07494868877784));
#1985=CARTESIAN_POINT('Ctrl Pts',(205.899800382714,256.143673512774,3.03747434443638));
#1986=CARTESIAN_POINT('Ctrl Pts',(206.875539991603,256.891394550962,9.4929619720574E-11));
#1987=CARTESIAN_POINT('Origin',(206.625539991603,256.891394550962,9.4929619720574E-11));
#1988=CARTESIAN_POINT('Origin',(197.875539991601,248.141394550962,9.4929619720574E-11));
#1989=CARTESIAN_POINT('',(206.625539991603,239.141394550966,9.4929619720574E-11));
#1990=CARTESIAN_POINT('Origin',(206.625539991603,239.391394550962,9.4929619720574E-11));
#1991=CARTESIAN_POINT('',(189.125539991601,239.141394550966,9.4929619720574E-11));
#1992=CARTESIAN_POINT('Ctrl Pts',(191.056789901543,247.834836855599,7.20994695731466));
#1993=CARTESIAN_POINT('Ctrl Pts',(195.112412185216,247.834509475009,7.21935531504845));
#1994=CARTESIAN_POINT('Ctrl Pts',(199.168146479472,247.828282311717,7.39827423491658));
#1995=CARTESIAN_POINT('Ctrl Pts',(203.203225729684,247.816243766229,7.74416381236744));
#1996=CARTESIAN_POINT('Ctrl Pts',(191.056789931513,246.224949993357,7.15391515289665));
#1997=CARTESIAN_POINT('Ctrl Pts',(195.112412215186,246.224622612767,7.16332351063044));
#1998=CARTESIAN_POINT('Ctrl Pts',(199.168146509443,246.218395449474,7.34224243049857));
#1999=CARTESIAN_POINT('Ctrl Pts',(203.203225759655,246.206356903987,7.68813200794943));
#2000=CARTESIAN_POINT('Ctrl Pts',(191.056789961484,244.615063131114,7.09788334847864));
#2001=CARTESIAN_POINT('Ctrl Pts',(195.112412245157,244.614735750524,7.10729170621243));
#2002=CARTESIAN_POINT('Ctrl Pts',(199.168146539413,244.608508587232,7.28621062608056));
#2003=CARTESIAN_POINT('Ctrl Pts',(203.203225789625,244.596470041744,7.63210020353143));
#2004=CARTESIAN_POINT('Ctrl Pts',(191.056789991455,243.005176268871,7.04185154406064));
#2005=CARTESIAN_POINT('Ctrl Pts',(195.112412275128,243.004848888281,7.05125990179443));
#2006=CARTESIAN_POINT('Ctrl Pts',(199.168146569384,242.998621724989,7.23017882166255));
#2007=CARTESIAN_POINT('Ctrl Pts',(203.203225819596,242.986583179501,7.57606839911342));
#2008=CARTESIAN_POINT('',(193.412158436413,247.816394550969,7.23384126869054));
#2009=CARTESIAN_POINT('Ctrl Pts',(203.152582345424,247.816394550972,7.73983148886563));
#2010=CARTESIAN_POINT('Ctrl Pts',(201.155700282301,247.816394551806,7.56914964955193));
#2011=CARTESIAN_POINT('Ctrl Pts',(199.154897047259,247.81639457639,7.43950428731155));
#2012=CARTESIAN_POINT('Ctrl Pts',(197.152712157137,247.81639457647,7.35106558547206));
#2013=CARTESIAN_POINT('Ctrl Pts',(195.906528882481,247.81639457652,7.29602030388571));
#2014=CARTESIAN_POINT('Ctrl Pts',(194.659474779127,247.816394568963,7.2569234278577));
#2015=CARTESIAN_POINT('Ctrl Pts',(193.412158412392,247.816394560912,7.23384098300386));
#2016=CARTESIAN_POINT('',(191.056789991601,245.461026106154,7.12732692817696));
#2017=CARTESIAN_POINT('Ctrl Pts',(191.056789991605,245.461026106145,7.12732692817712));
#2018=CARTESIAN_POINT('Ctrl Pts',(191.056789991605,245.417463574909,7.12581074260497));
#2019=CARTESIAN_POINT('Ctrl Pts',(191.056789991605,245.373901043672,7.12429455703264));
#2020=CARTESIAN_POINT('Ctrl Pts',(191.056789991605,244.55528443124,7.09580276232725));
#2021=CARTESIAN_POINT('Ctrl Pts',(191.056789991601,243.780230350053,7.06882715319387));
#2022=CARTESIAN_POINT('Ctrl Pts',(191.056789991601,243.005176268866,7.04185154406098));
#2023=CARTESIAN_POINT('Ctrl Pts',(193.412158436417,247.816394550969,7.23384126869062));
#2024=CARTESIAN_POINT('Ctrl Pts',(193.372344590216,247.488038313982,7.22167610267235));
#2025=CARTESIAN_POINT('Ctrl Pts',(193.272499521702,247.169554493762,7.20872798734562));
#2026=CARTESIAN_POINT('Ctrl Pts',(192.958355672436,246.576867461549,7.18292178487372));
#2027=CARTESIAN_POINT('Ctrl Pts',(192.744091627653,246.309446663108,7.17033208485153));
#2028=CARTESIAN_POINT('Ctrl Pts',(192.249433113468,245.886740583624,7.14961205732931));
#2029=CARTESIAN_POINT('Ctrl Pts',(191.979847411003,245.727037235688,7.1413680827596));
#2030=CARTESIAN_POINT('Ctrl Pts',(191.558229523182,245.567186066278,7.13299237363012));
#2031=CARTESIAN_POINT('Ctrl Pts',(191.423823735988,245.527844227399,7.13090388973642));
#2032=CARTESIAN_POINT('Ctrl Pts',(191.21080995948,245.483087540197,7.12851414750642));
#2033=CARTESIAN_POINT('Ctrl Pts',(191.134011685253,245.470389389959,7.12783217372951));
#2034=CARTESIAN_POINT('Ctrl Pts',(191.056789991605,245.461026106159,7.1273269281772));
#2035=CARTESIAN_POINT('Ctrl Pts',(203.944556708608,243.990543606397,8.76650669600276));
#2036=CARTESIAN_POINT('Ctrl Pts',(204.921551136273,242.457493921252,5.84433779736681));
#2037=CARTESIAN_POINT('Ctrl Pts',(205.898545563938,240.924444236107,2.92216889873087));
#2038=CARTESIAN_POINT('Ctrl Pts',(206.875539991603,239.391394550962,9.4929619720574E-11));
#2039=CARTESIAN_POINT('Ctrl Pts',(203.944556708609,243.477580671563,8.74867266848946));
#2040=CARTESIAN_POINT('Ctrl Pts',(204.919962579591,242.091237298952,5.83247498092971));
#2041=CARTESIAN_POINT('Ctrl Pts',(205.900134120621,240.702938098487,2.91619768765468));
#2042=CARTESIAN_POINT('Ctrl Pts',(206.875539991603,239.316594725877,9.4929619720574E-11));
#2043=CARTESIAN_POINT('Ctrl Pts',(203.513759726668,242.589582644671,8.717799909138));
#2044=CARTESIAN_POINT('Ctrl Pts',(204.613812716406,241.455215595718,5.81185811165398));
#2045=CARTESIAN_POINT('Ctrl Pts',(205.712706605343,240.321474647052,2.90594179757895));
#2046=CARTESIAN_POINT('Ctrl Pts',(206.81275959508,239.1871075981,9.4929619720574E-11));
#2047=CARTESIAN_POINT('Ctrl Pts',(202.614020491264,242.276091285659,8.70690084968917));
#2048=CARTESIAN_POINT('Ctrl Pts',(203.970166341334,241.231567312524,5.80461582716034));
#2049=CARTESIAN_POINT('Ctrl Pts',(205.325494010347,240.185918524097,2.90228502262376));
#2050=CARTESIAN_POINT('Ctrl Pts',(206.681639860417,239.141394550962,9.4929619720574E-11));
#2051=CARTESIAN_POINT('Ctrl Pts',(202.229065067103,242.276091285658,8.70690084968916));
#2052=CARTESIAN_POINT('Ctrl Pts',(203.694556708603,241.231192374093,5.80460056649108));
#2053=CARTESIAN_POINT('Ctrl Pts',(205.160048350103,240.186293462528,2.90230028329301));
#2054=CARTESIAN_POINT('Ctrl Pts',(206.625539991603,239.141394550962,9.4929619720574E-11));
#2055=CARTESIAN_POINT('',(202.125539991619,242.349904902621,8.91192477980474));
#2056=CARTESIAN_POINT('Origin',(202.125539991619,242.349904902621,8.91192477980474));
#2057=CARTESIAN_POINT('Origin',(191.231789991598,246.141394550978,9.41585698299718E-11));
#2058=CARTESIAN_POINT('',(191.231789991598,246.141394550978,0.200000000094159));
#2059=CARTESIAN_POINT('',(191.231789991598,246.141394550978,9.41580147184595E-11));
#2060=CARTESIAN_POINT('',(190.231789991597,246.141394550978,0.200000000094159));
#2061=CARTESIAN_POINT('',(186.481789991597,246.141394550978,0.200000000094159));
#2062=CARTESIAN_POINT('',(190.231789991597,246.141394550978,9.41580147184595E-11));
#2063=CARTESIAN_POINT('Origin',(191.231789991598,247.641394550978,9.41580147184595E-11));
#2064=CARTESIAN_POINT('',(191.231789991598,247.641394550978,0.200000000094158));
#2065=CARTESIAN_POINT('',(191.231789991598,247.641394550978,9.41580147184595E-11));
#2066=CARTESIAN_POINT('',(191.231789991598,243.395380796478,0.200000000094159));
#2067=CARTESIAN_POINT('Origin',(190.231789991597,247.641394550978,9.41580147184595E-11));
#2068=CARTESIAN_POINT('',(192.731789991597,247.641394550978,0.200000000094158));
#2069=CARTESIAN_POINT('',(192.731789991597,247.641394550978,9.41580147184595E-11));
#2070=CARTESIAN_POINT('',(185.981789991597,247.641394550978,0.200000000094158));
#2071=CARTESIAN_POINT('Origin',(192.731789991597,248.641394550978,9.41569044954349E-11));
#2072=CARTESIAN_POINT('',(192.731789991597,248.641394550978,0.200000000094158));
#2073=CARTESIAN_POINT('',(192.731789991597,248.641394550978,9.41569044954349E-11));
#2074=CARTESIAN_POINT('',(192.731789991597,243.89538079648,0.200000000094159));
#2075=CARTESIAN_POINT('Origin',(191.231789991598,248.641394550978,9.41569044954349E-11));
#2076=CARTESIAN_POINT('',(191.231789991598,248.641394550978,0.200000000094158));
#2077=CARTESIAN_POINT('',(191.231789991598,248.641394550978,9.41569044954349E-11));
#2078=CARTESIAN_POINT('',(186.481789991597,248.641394550978,0.200000000094158));
#2079=CARTESIAN_POINT('Origin',(191.231789991598,250.141394550978,9.41569044954349E-11));
#2080=CARTESIAN_POINT('',(191.231789991598,250.141394550978,0.200000000094157));
#2081=CARTESIAN_POINT('',(191.231789991598,250.141394550978,9.41569044954349E-11));
#2082=CARTESIAN_POINT('',(191.231789991598,244.645380796478,0.200000000094159));
#2083=CARTESIAN_POINT('Origin',(181.731789991597,239.149367041982,0.200000000094161));
#2084=CARTESIAN_POINT('',(190.731789991596,245.44139455098,0.200000000094161));
#2085=CARTESIAN_POINT('Origin',(190.731789991596,248.14139455098,0.200000000094161));
#2086=CARTESIAN_POINT('',(190.231789991597,248.641394550978,0.200000000094158));
#2087=CARTESIAN_POINT('',(190.231789991597,250.141394550978,0.200000000094157));
#2088=CARTESIAN_POINT('',(190.231789991597,243.89538079648,0.200000000094159));
#2089=CARTESIAN_POINT('',(188.731789991598,248.641394550978,0.200000000094158));
#2090=CARTESIAN_POINT('',(185.231789991597,248.641394550978,0.200000000094158));
#2091=CARTESIAN_POINT('',(188.731789991598,247.641394550978,0.200000000094158));
#2092=CARTESIAN_POINT('',(188.731789991598,243.395380796478,0.200000000094159));
#2093=CARTESIAN_POINT('',(190.231789991597,247.641394550978,0.200000000094158));
#2094=CARTESIAN_POINT('',(185.981789991597,247.641394550978,0.200000000094158));
#2095=CARTESIAN_POINT('',(190.231789991597,243.89538079648,0.200000000094159));
#2096=CARTESIAN_POINT('',(185.981789991597,250.141394550978,0.200000000094157));
#2097=CARTESIAN_POINT('Origin',(190.731789991596,248.14139455098,9.41602351645088E-11));
#2098=CARTESIAN_POINT('',(190.4067899916,245.461026106154,4.33274910222321));
#2099=CARTESIAN_POINT('Ctrl Pts',(190.406789991596,245.461026106154,7.12727080403594));
#2100=CARTESIAN_POINT('Ctrl Pts',(190.406789991596,245.461026106154,6.7418873998803));
#2101=CARTESIAN_POINT('Ctrl Pts',(190.406789991596,245.461026106154,6.35650399572466));
#2102=CARTESIAN_POINT('Ctrl Pts',(190.406789991596,245.461026106154,5.42499676178708));
#2103=CARTESIAN_POINT('Ctrl Pts',(190.406789991596,245.461026106154,4.87887293200514));
#2104=CARTESIAN_POINT('Ctrl Pts',(190.406789991596,245.461026106154,4.33274910222321));
#2105=CARTESIAN_POINT('',(188.051421546777,247.816394550973,4.33274910222321));
#2106=CARTESIAN_POINT('',(188.051421546777,247.816394550969,9.41602351645088E-11));
#2107=CARTESIAN_POINT('',(188.051421546772,248.466394550969,4.33274910222321));
#2108=CARTESIAN_POINT('Origin',(190.731789991596,248.14139455098,4.33274910222321));
#2109=CARTESIAN_POINT('Ctrl Pts',(188.051421546772,248.466394550974,7.25605311297013));
#2110=CARTESIAN_POINT('Ctrl Pts',(188.051421546772,248.466394550974,6.28161844272116));
#2111=CARTESIAN_POINT('Ctrl Pts',(188.051421546772,248.466394550974,5.30718377247218));
#2112=CARTESIAN_POINT('Ctrl Pts',(188.051421546772,248.466394550974,4.33274910222321));
#2113=CARTESIAN_POINT('',(190.4067899916,250.821762995802,4.33274910222321));
#2114=CARTESIAN_POINT('Ctrl Pts',(190.4067899916,250.821762995802,4.33274910222321));
#2115=CARTESIAN_POINT('Ctrl Pts',(190.4067899916,250.821762995802,4.87095626582025));
#2116=CARTESIAN_POINT('Ctrl Pts',(190.4067899916,250.821762995797,5.40916342941729));
#2117=CARTESIAN_POINT('Ctrl Pts',(190.4067899916,250.821762995797,6.40286380409388));
#2118=CARTESIAN_POINT('Ctrl Pts',(190.4067899916,250.821762995815,6.85835701517342));
#2119=CARTESIAN_POINT('Ctrl Pts',(190.4067899916,250.821762995811,7.31385022625297));
#2120=CARTESIAN_POINT('',(191.056789991601,250.821762995802,4.33274910222321));
#2121=CARTESIAN_POINT('Origin',(190.731789991596,248.14139455098,4.33274910222321));
#2122=CARTESIAN_POINT('',(191.056789991601,250.821762995802,9.41602351645088E-11));
#2123=CARTESIAN_POINT('',(193.412158436422,248.466394550969,4.33274910222321));
#2124=CARTESIAN_POINT('Ctrl Pts',(193.412158436422,248.466394550969,4.33274910222321));
#2125=CARTESIAN_POINT('Ctrl Pts',(193.412158436422,248.466394550969,5.30732086635877));
#2126=CARTESIAN_POINT('Ctrl Pts',(193.412158436422,248.466394550969,6.28189263049433));
#2127=CARTESIAN_POINT('Ctrl Pts',(193.412158436422,248.466394550969,7.2564643946299));
#2128=CARTESIAN_POINT('',(193.412158436417,247.816394550969,4.33274910222321));
#2129=CARTESIAN_POINT('Origin',(190.731789991596,248.14139455098,4.33274910222321));
#2130=CARTESIAN_POINT('',(193.412158436417,247.816394550969,9.41602351645088E-11));
#2131=CARTESIAN_POINT('',(191.056789991601,245.461026106154,4.33274910222321));
#2132=CARTESIAN_POINT('',(191.056789991601,245.461026106154,9.41602351645088E-11));
#2133=CARTESIAN_POINT('',(190.731789991596,245.44139455098,4.33274910222321));
#2134=CARTESIAN_POINT('Origin',(190.731789991596,248.14139455098,4.33274910222321));
#2135=CARTESIAN_POINT('',(190.731789991596,245.44139455098,9.41602351645088E-11));
#2136=CARTESIAN_POINT('Origin',(190.731789991596,248.14139455098,4.33274910222321));
#2137=CARTESIAN_POINT('Origin',(190.231789991597,250.141394550978,9.41569044954349E-11));
#2138=CARTESIAN_POINT('',(190.231789991597,250.141394550978,9.41569044954349E-11));
#2139=CARTESIAN_POINT('Origin',(190.231789991597,248.641394550978,9.41569044954349E-11));
#2140=CARTESIAN_POINT('',(190.231789991597,248.641394550978,9.41569044954349E-11));
#2141=CARTESIAN_POINT('Origin',(188.731789991598,248.641394550978,9.41569044954349E-11));
#2142=CARTESIAN_POINT('',(188.731789991598,248.641394550978,9.41569044954349E-11));
#2143=CARTESIAN_POINT('Origin',(188.731789991598,247.641394550978,9.41580147184595E-11));
#2144=CARTESIAN_POINT('',(188.731789991598,247.641394550978,9.41580147184595E-11));
#2145=CARTESIAN_POINT('Origin',(190.231789991597,247.641394550978,9.41580147184595E-11));
#2146=CARTESIAN_POINT('',(190.231789991597,247.641394550978,9.41580147184595E-11));
#2147=CARTESIAN_POINT('Origin',(190.231789991597,248.641394550978,9.41569044954349E-11));
#2148=CARTESIAN_POINT('Ctrl Pts',(181.731789991597,248.466394550974,4.33274910222321));
#2149=CARTESIAN_POINT('Ctrl Pts',(181.731789991597,248.466394550974,7.33274910222321));
#2150=CARTESIAN_POINT('Ctrl Pts',(181.731789991597,248.466394550974,14.8327491022232));
#2151=CARTESIAN_POINT('Ctrl Pts',(199.731789991597,248.466394550969,4.33274910222321));
#2152=CARTESIAN_POINT('Ctrl Pts',(199.731789991597,248.466394550969,7.33274910222321));
#2153=CARTESIAN_POINT('Ctrl Pts',(199.731789991597,248.466394550969,14.8327491022232));
#2154=CARTESIAN_POINT('Ctrl Pts',(248.231789991596,248.466394550946,4.33274910222321));
#2155=CARTESIAN_POINT('Ctrl Pts',(248.231789991596,248.466394550946,7.33274910222321));
#2156=CARTESIAN_POINT('Ctrl Pts',(248.231789991596,248.466394550946,14.8327491022232));
#2157=CARTESIAN_POINT('Ctrl Pts',(193.412158436422,248.466394550969,4.33274910222321));
#2158=CARTESIAN_POINT('Ctrl Pts',(199.731789991597,248.466394550969,4.33274910222321));
#2159=CARTESIAN_POINT('Ctrl Pts',(200.731789991596,248.466394550969,4.33274910222321));
#2160=CARTESIAN_POINT('Ctrl Pts',(204.256323449561,248.466394550969,4.33274910222321));
#2161=CARTESIAN_POINT('Origin',(190.731789991596,248.466394550969,4.33274910222321));
#2162=CARTESIAN_POINT('',(190.731789991596,247.816394550969,4.33274910222321));
#2163=CARTESIAN_POINT('Origin',(190.731789991596,247.816394550969,5.83274910222321));
#2164=CARTESIAN_POINT('Ctrl Pts',(190.406789991582,172.941394550967,4.33274910222321));
#2165=CARTESIAN_POINT('Ctrl Pts',(190.406789991582,172.941394550967,7.33274910222321));
#2166=CARTESIAN_POINT('Ctrl Pts',(190.406789991582,172.941394550967,14.8327491022232));
#2167=CARTESIAN_POINT('Ctrl Pts',(190.406789991596,239.141394550966,4.33274910222321));
#2168=CARTESIAN_POINT('Ctrl Pts',(190.406789991596,239.141394550966,7.33274910222321));
#2169=CARTESIAN_POINT('Ctrl Pts',(190.406789991596,239.141394550966,14.8327491022232));
#2170=CARTESIAN_POINT('Ctrl Pts',(190.4067899916,257.141394550963,4.33274910222321));
#2171=CARTESIAN_POINT('Ctrl Pts',(190.4067899916,257.141394550963,7.33274910222321));
#2172=CARTESIAN_POINT('Ctrl Pts',(190.4067899916,257.141394550963,14.8327491022232));
#2173=CARTESIAN_POINT('Ctrl Pts',(190.4067899916,259.841394550963,4.33274910222321));
#2174=CARTESIAN_POINT('Ctrl Pts',(190.4067899916,259.841394550963,7.33274910222321));
#2175=CARTESIAN_POINT('Ctrl Pts',(190.4067899916,259.841394550963,14.8327491022232));
#2176=CARTESIAN_POINT('Ctrl Pts',(190.4067899916,250.821762995802,4.33274910222321));
#2177=CARTESIAN_POINT('Ctrl Pts',(190.4067899916,255.518131179824,4.33274910222321));
#2178=CARTESIAN_POINT('Origin',(190.731789991596,248.466394550969,4.33274910222321));
#2179=CARTESIAN_POINT('',(191.056789991601,248.141394550962,4.33274910222321));
#2180=CARTESIAN_POINT('Origin',(191.056789991601,248.141394550962,5.83274910222321));
#2181=CARTESIAN_POINT('Ctrl Pts',(133.231789991596,248.466394550996,-109.667250897762));
#2182=CARTESIAN_POINT('Ctrl Pts',(133.231789991596,248.466394550996,4.33274910222321));
#2183=CARTESIAN_POINT('Ctrl Pts',(133.231789991596,248.466394550996,7.33274910222321));
#2184=CARTESIAN_POINT('Ctrl Pts',(133.231789991596,248.466394550996,43.9827511022617));
#2185=CARTESIAN_POINT('Ctrl Pts',(181.731789991597,248.466394550974,-109.667250897762));
#2186=CARTESIAN_POINT('Ctrl Pts',(181.731789991597,248.466394550974,4.33274910222321));
#2187=CARTESIAN_POINT('Ctrl Pts',(181.731789991597,248.466394550974,7.33274910222321));
#2188=CARTESIAN_POINT('Ctrl Pts',(181.731789991597,248.466394550974,43.9827511022617));
#2189=CARTESIAN_POINT('Ctrl Pts',(199.731789991597,248.466394550969,-109.667250897762));
#2190=CARTESIAN_POINT('Ctrl Pts',(199.731789991597,248.466394550969,4.33274910222321));
#2191=CARTESIAN_POINT('Ctrl Pts',(199.731789991597,248.466394550969,7.33274910222321));
#2192=CARTESIAN_POINT('Ctrl Pts',(199.731789991597,248.466394550969,43.9827511022617));
#2193=CARTESIAN_POINT('Ctrl Pts',(177.364314811757,248.466394550969,4.33274910222321));
#2194=CARTESIAN_POINT('Ctrl Pts',(180.731789991596,248.466394550969,4.33274910222321));
#2195=CARTESIAN_POINT('Ctrl Pts',(181.731789991597,248.466394550969,4.33274910222321));
#2196=CARTESIAN_POINT('Ctrl Pts',(188.051421546772,248.466394550969,4.33274910222321));
#2197=CARTESIAN_POINT('Origin',(190.731789991596,248.466394550969,4.33274910222321));
#2198=CARTESIAN_POINT('',(190.731789991596,247.816394550973,4.33274910222321));
#2199=CARTESIAN_POINT('Origin',(190.731789991596,247.816394550969,5.83274910222321));
#2200=CARTESIAN_POINT('Ctrl Pts',(190.406789991582,172.941394550967,4.33274910222321));
#2201=CARTESIAN_POINT('Ctrl Pts',(190.406789991582,172.941394550967,7.33274910222321));
#2202=CARTESIAN_POINT('Ctrl Pts',(190.406789991582,172.941394550967,14.8327491022232));
#2203=CARTESIAN_POINT('Ctrl Pts',(190.406789991596,239.141394550966,4.33274910222321));
#2204=CARTESIAN_POINT('Ctrl Pts',(190.406789991596,239.141394550966,7.33274910222321));
#2205=CARTESIAN_POINT('Ctrl Pts',(190.406789991596,239.141394550966,14.8327491022232));
#2206=CARTESIAN_POINT('Ctrl Pts',(190.4067899916,257.141394550963,4.33274910222321));
#2207=CARTESIAN_POINT('Ctrl Pts',(190.4067899916,257.141394550963,7.33274910222321));
#2208=CARTESIAN_POINT('Ctrl Pts',(190.4067899916,257.141394550963,14.8327491022232));
#2209=CARTESIAN_POINT('Ctrl Pts',(190.4067899916,259.841394550963,4.33274910222321));
#2210=CARTESIAN_POINT('Ctrl Pts',(190.4067899916,259.841394550963,7.33274910222321));
#2211=CARTESIAN_POINT('Ctrl Pts',(190.4067899916,259.841394550963,14.8327491022232));
#2212=CARTESIAN_POINT('Ctrl Pts',(190.4067899916,242.029833293795,4.33274910222321));
#2213=CARTESIAN_POINT('Ctrl Pts',(190.4067899916,245.461026106154,4.33274910222321));
#2214=CARTESIAN_POINT('Origin',(190.731789991596,248.466394550969,4.33274910222321));
#2215=CARTESIAN_POINT('',(191.056789991601,248.141394550962,4.33274910222321));
#2216=CARTESIAN_POINT('Origin',(191.056789991601,248.141394550962,5.83274910222321));
#2217=UNCERTAINTY_MEASURE_WITH_UNIT(LENGTH_MEASURE(0.01),#2221,
'DISTANCE_ACCURACY_VALUE',
'Maximum model space distance between geometric entities at asserted c
onnectivities');
#2218=UNCERTAINTY_MEASURE_WITH_UNIT(LENGTH_MEASURE(0.01),#2221,
'DISTANCE_ACCURACY_VALUE',
'Maximum model space distance between geometric entities at asserted c
onnectivities');
#2219=(
GEOMETRIC_REPRESENTATION_CONTEXT(3)
GLOBAL_UNCERTAINTY_ASSIGNED_CONTEXT((#2217))
GLOBAL_UNIT_ASSIGNED_CONTEXT((#2221,#2223,#2224))
REPRESENTATION_CONTEXT('','3D')
);
#2220=(
GEOMETRIC_REPRESENTATION_CONTEXT(3)
GLOBAL_UNCERTAINTY_ASSIGNED_CONTEXT((#2218))
GLOBAL_UNIT_ASSIGNED_CONTEXT((#2221,#2223,#2224))
REPRESENTATION_CONTEXT('','3D')
);
#2221=(
LENGTH_UNIT()
NAMED_UNIT(*)
SI_UNIT(.MILLI.,.METRE.)
);
#2222=(
LENGTH_UNIT()
NAMED_UNIT(*)
SI_UNIT($,.METRE.)
);
#2223=(
NAMED_UNIT(*)
PLANE_ANGLE_UNIT()
SI_UNIT($,.RADIAN.)
);
#2224=(
NAMED_UNIT(*)
SI_UNIT($,.STERADIAN.)
SOLID_ANGLE_UNIT()
);
#2225=SHAPE_DEFINITION_REPRESENTATION(#2226,#2227);
#2226=PRODUCT_DEFINITION_SHAPE('',$,#2229);
#2227=SHAPE_REPRESENTATION('',(#977,#964),#2219);
#2228=PRODUCT_DEFINITION_CONTEXT('part definition',#2233,'design');
#2229=PRODUCT_DEFINITION(
'_CHERRYMX CAD_CAM KEYCAPS.0a65399a-5414-456f-92bb-ff9080eeff1a',
'_CHERRYMX CAD_CAM KEYCAPS.0a65399a-5414-456f-92bb-ff9080eeff1a',#2230,
#2228);
#2230=PRODUCT_DEFINITION_FORMATION('',$,#2235);
#2231=PRODUCT_RELATED_PRODUCT_CATEGORY(
'_CHERRYMX CAD_CAM KEYCAPS.0a65399a-5414-456f-92bb-ff9080eeff1a',
'_CHERRYMX CAD_CAM KEYCAPS.0a65399a-5414-456f-92bb-ff9080eeff1a',(#2235));
#2232=APPLICATION_PROTOCOL_DEFINITION('international standard',
'automotive_design',2009,#2233);
#2233=APPLICATION_CONTEXT(
'Core Data for Automotive Mechanical Design Process');
#2234=PRODUCT_CONTEXT('part definition',#2233,'mechanical');
#2235=PRODUCT(
'_CHERRYMX CAD_CAM KEYCAPS.0a65399a-5414-456f-92bb-ff9080eeff1a',
'_CHERRYMX CAD_CAM KEYCAPS.0a65399a-5414-456f-92bb-ff9080eeff1a',$,(#2234));
#2236=PRESENTATION_STYLE_ASSIGNMENT((#2238));
#2237=PRESENTATION_STYLE_ASSIGNMENT((#2239));
#2238=SURFACE_STYLE_USAGE(.BOTH.,#2240);
#2239=SURFACE_STYLE_USAGE(.BOTH.,#2241);
#2240=SURFACE_SIDE_STYLE('',(#2242));
#2241=SURFACE_SIDE_STYLE('',(#2243));
#2242=SURFACE_STYLE_FILL_AREA(#2244);
#2243=SURFACE_STYLE_FILL_AREA(#2245);
#2244=FILL_AREA_STYLE('Steel - Satin',(#2246));
#2245=FILL_AREA_STYLE('Generic',(#2247));
#2246=FILL_AREA_STYLE_COLOUR('Steel - Satin',#2248);
#2247=FILL_AREA_STYLE_COLOUR('Generic',#2249);
#2248=COLOUR_RGB('Steel - Satin',0.627450980392157,0.627450980392157,0.627450980392157);
#2249=COLOUR_RGB('Generic',1.,1.,1.);
ENDSEC;
END-ISO-10303-21;
