ISO-10303-21;
HEADER;
/* Generated by software containing ST-Developer
 * from STEP Tools, Inc. (www.steptools.com) 
 */

FILE_DESCRIPTION(
/* description */ (''),
/* implementation_level */ '2;1');

FILE_NAME(
/* name */ 'k1U.step',
/* time_stamp */ '2026-05-03T22:41:57-07:00',
/* author */ (''),
/* organization */ (''),
/* preprocessor_version */ 'ST-DEVELOPER v20.1',
/* originating_system */ 'Autodesk Translation Framework v14.24.0.0',
/* authorisation */ '');

FILE_SCHEMA (('AUTOMOTIVE_DESIGN { 1 0 10303 214 3 1 1 }'));
ENDSEC;

DATA;
#10=MECHANICAL_DESIGN_GEOMETRIC_PRESENTATION_REPRESENTATION('',(#193,#194),
#2239);
#11=SHAPE_REPRESENTATION_RELATIONSHIP('SRR','None',#2246,#12);
#12=ADVANCED_BREP_SHAPE_REPRESENTATION('',(#13),#2238);
#13=MANIFOLD_SOLID_BREP('Body39',#192);
#14=CYLINDRICAL_SURFACE('',#1004,2.7);
#15=(
BOUNDED_SURFACE()
B_SPLINE_SURFACE(1,2,((#1944,#1945,#1946),(#1947,#1948,#1949)),
 .UNSPECIFIED.,.F.,.F.,.F.)
B_SPLINE_SURFACE_WITH_KNOTS((2,2),(3,3),(-1.09178609067182E-12,0.814785289845951),
(-5.8792131074594E-17,0.656572431502501),.UNSPECIFIED.)
GEOMETRIC_REPRESENTATION_ITEM()
RATIONAL_B_SPLINE_SURFACE(((1.,0.946596293804979,1.),(1.,0.946596293804979,
1.)))
REPRESENTATION_ITEM('')
SURFACE()
);
#16=FACE_BOUND('',#258,.T.);
#17=FACE_BOUND('',#289,.T.);
#18=CIRCLE('',#982,0.250000000000002);
#19=CIRCLE('',#983,0.250000000000002);
#20=CIRCLE('',#984,0.250000000000002);
#21=CIRCLE('',#985,0.250000000000002);
#22=CIRCLE('',#987,0.25);
#23=CIRCLE('',#988,0.25);
#24=CIRCLE('',#989,0.250000000000001);
#25=CIRCLE('',#990,0.25);
#26=CIRCLE('',#991,0.250000000000001);
#27=CIRCLE('',#992,0.25);
#28=CIRCLE('',#993,0.25);
#29=CIRCLE('',#994,0.25);
#30=CIRCLE('',#998,2.7);
#31=CIRCLE('',#999,2.7);
#32=CIRCLE('',#1002,2.7);
#33=CIRCLE('',#1005,2.7);
#34=CIRCLE('',#1006,2.7);
#35=CIRCLE('',#1007,2.7);
#36=LINE('',#1205,#100);
#37=LINE('',#1207,#101);
#38=LINE('',#1209,#102);
#39=LINE('',#1218,#103);
#40=LINE('',#1220,#104);
#41=LINE('',#1222,#105);
#42=LINE('',#1232,#106);
#43=LINE('',#1234,#107);
#44=LINE('',#1236,#108);
#45=LINE('',#1245,#109);
#46=LINE('',#1246,#110);
#47=LINE('',#1560,#111);
#48=LINE('',#1562,#112);
#49=LINE('',#1563,#113);
#50=LINE('',#1565,#114);
#51=LINE('',#1566,#115);
#52=LINE('',#1570,#116);
#53=LINE('',#1574,#117);
#54=LINE('',#1578,#118);
#55=LINE('',#1582,#119);
#56=LINE('',#1584,#120);
#57=LINE('',#1587,#121);
#58=LINE('',#1589,#122);
#59=LINE('',#1611,#123);
#60=LINE('',#1613,#124);
#61=LINE('',#1923,#125);
#62=LINE('',#1953,#126);
#63=LINE('',#1965,#127);
#64=LINE('',#2044,#128);
#65=LINE('',#2065,#129);
#66=LINE('',#2067,#130);
#67=LINE('',#2092,#131);
#68=LINE('',#2098,#132);
#69=LINE('',#2135,#133);
#70=LINE('',#2137,#134);
#71=LINE('',#2144,#135);
#72=LINE('',#2152,#136);
#73=LINE('',#2154,#137);
#74=LINE('',#2157,#138);
#75=LINE('',#2176,#139);
#76=LINE('',#2178,#140);
#77=LINE('',#2180,#141);
#78=LINE('',#2182,#142);
#79=LINE('',#2184,#143);
#80=LINE('',#2186,#144);
#81=LINE('',#2188,#145);
#82=LINE('',#2190,#146);
#83=LINE('',#2192,#147);
#84=LINE('',#2194,#148);
#85=LINE('',#2196,#149);
#86=LINE('',#2197,#150);
#87=LINE('',#2199,#151);
#88=LINE('',#2200,#152);
#89=LINE('',#2202,#153);
#90=LINE('',#2204,#154);
#91=LINE('',#2206,#155);
#92=LINE('',#2208,#156);
#93=LINE('',#2210,#157);
#94=LINE('',#2212,#158);
#95=LINE('',#2214,#159);
#96=LINE('',#2216,#160);
#97=LINE('',#2218,#161);
#98=LINE('',#2220,#162);
#99=LINE('',#2234,#163);
#100=VECTOR('',#1029,1.);
#101=VECTOR('',#1030,1.);
#102=VECTOR('',#1031,1.);
#103=VECTOR('',#1032,1.);
#104=VECTOR('',#1033,1.);
#105=VECTOR('',#1034,1.);
#106=VECTOR('',#1037,1.);
#107=VECTOR('',#1038,1.);
#108=VECTOR('',#1039,1.);
#109=VECTOR('',#1040,1.);
#110=VECTOR('',#1041,1.);
#111=VECTOR('',#1044,1.);
#112=VECTOR('',#1045,1.);
#113=VECTOR('',#1046,1.);
#114=VECTOR('',#1047,1.);
#115=VECTOR('',#1048,1.);
#116=VECTOR('',#1051,1.);
#117=VECTOR('',#1054,1.);
#118=VECTOR('',#1057,1.);
#119=VECTOR('',#1060,1.);
#120=VECTOR('',#1063,1.);
#121=VECTOR('',#1066,10.45227248018);
#122=VECTOR('',#1067,1.);
#123=VECTOR('',#1068,10.5675730862134);
#124=VECTOR('',#1069,10.0748128051564);
#125=VECTOR('',#1086,10.074812805169);
#126=VECTOR('',#1089,1.);
#127=VECTOR('',#1090,1.);
#128=VECTOR('',#1091,10.5675730862227);
#129=VECTOR('',#1092,1.);
#130=VECTOR('',#1095,10.4865123828692);
#131=VECTOR('',#1100,1.);
#132=VECTOR('',#1105,1.);
#133=VECTOR('',#1110,1.);
#134=VECTOR('',#1113,1.);
#135=VECTOR('',#1118,1.);
#136=VECTOR('',#1121,1.);
#137=VECTOR('',#1122,3.);
#138=VECTOR('',#1127,1.);
#139=VECTOR('',#1132,1.);
#140=VECTOR('',#1133,1.);
#141=VECTOR('',#1134,1.);
#142=VECTOR('',#1135,1.);
#143=VECTOR('',#1136,1.);
#144=VECTOR('',#1137,1.);
#145=VECTOR('',#1138,1.);
#146=VECTOR('',#1139,1.);
#147=VECTOR('',#1140,1.);
#148=VECTOR('',#1141,1.);
#149=VECTOR('',#1142,1.);
#150=VECTOR('',#1143,1.);
#151=VECTOR('',#1146,1.);
#152=VECTOR('',#1147,1.);
#153=VECTOR('',#1150,1.);
#154=VECTOR('',#1153,1.);
#155=VECTOR('',#1156,1.);
#156=VECTOR('',#1159,1.);
#157=VECTOR('',#1162,1.);
#158=VECTOR('',#1165,1.);
#159=VECTOR('',#1168,1.);
#160=VECTOR('',#1171,1.);
#161=VECTOR('',#1174,1.);
#162=VECTOR('',#1177,1.);
#163=VECTOR('',#1182,1.);
#164=PLANE('',#978);
#165=PLANE('',#979);
#166=PLANE('',#980);
#167=PLANE('',#981);
#168=PLANE('',#986);
#169=PLANE('',#995);
#170=PLANE('',#996);
#171=PLANE('',#997);
#172=PLANE('',#1000);
#173=PLANE('',#1001);
#174=PLANE('',#1003);
#175=PLANE('',#1008);
#176=PLANE('',#1009);
#177=PLANE('',#1010);
#178=PLANE('',#1011);
#179=PLANE('',#1012);
#180=PLANE('',#1013);
#181=PLANE('',#1014);
#182=PLANE('',#1015);
#183=PLANE('',#1016);
#184=PLANE('',#1017);
#185=PLANE('',#1018);
#186=PLANE('',#1019);
#187=PLANE('',#1020);
#188=PLANE('',#1021);
#189=PLANE('',#1022);
#190=PLANE('',#1023);
#191=PLANE('',#1024);
#192=CLOSED_SHELL('',(#910,#911,#912,#913,#914,#915,#916,#917,#918,#919,
#920,#921,#922,#923,#924,#925,#926,#927,#928,#929,#930,#931,#932,#933,#934,
#935,#936,#937,#938,#939,#940,#941,#942,#943,#944,#945,#946,#947,#948,#949,
#950,#951,#952,#953,#954,#955,#956,#957,#958,#959,#960,#961,#962));
#193=STYLED_ITEM('',(#2256),#964);
#194=STYLED_ITEM('',(#2256),#13);
#195=FACE_OUTER_BOUND('',#249,.T.);
#196=FACE_OUTER_BOUND('',#250,.T.);
#197=FACE_OUTER_BOUND('',#251,.T.);
#198=FACE_OUTER_BOUND('',#252,.T.);
#199=FACE_OUTER_BOUND('',#253,.T.);
#200=FACE_OUTER_BOUND('',#254,.T.);
#201=FACE_OUTER_BOUND('',#255,.T.);
#202=FACE_OUTER_BOUND('',#256,.T.);
#203=FACE_OUTER_BOUND('',#257,.T.);
#204=FACE_OUTER_BOUND('',#259,.T.);
#205=FACE_OUTER_BOUND('',#260,.T.);
#206=FACE_OUTER_BOUND('',#261,.T.);
#207=FACE_OUTER_BOUND('',#262,.T.);
#208=FACE_OUTER_BOUND('',#263,.T.);
#209=FACE_OUTER_BOUND('',#264,.T.);
#210=FACE_OUTER_BOUND('',#265,.T.);
#211=FACE_OUTER_BOUND('',#266,.T.);
#212=FACE_OUTER_BOUND('',#267,.T.);
#213=FACE_OUTER_BOUND('',#268,.T.);
#214=FACE_OUTER_BOUND('',#269,.T.);
#215=FACE_OUTER_BOUND('',#270,.T.);
#216=FACE_OUTER_BOUND('',#271,.T.);
#217=FACE_OUTER_BOUND('',#272,.T.);
#218=FACE_OUTER_BOUND('',#273,.T.);
#219=FACE_OUTER_BOUND('',#274,.T.);
#220=FACE_OUTER_BOUND('',#275,.T.);
#221=FACE_OUTER_BOUND('',#276,.T.);
#222=FACE_OUTER_BOUND('',#277,.T.);
#223=FACE_OUTER_BOUND('',#278,.T.);
#224=FACE_OUTER_BOUND('',#279,.T.);
#225=FACE_OUTER_BOUND('',#280,.T.);
#226=FACE_OUTER_BOUND('',#281,.T.);
#227=FACE_OUTER_BOUND('',#282,.T.);
#228=FACE_OUTER_BOUND('',#283,.T.);
#229=FACE_OUTER_BOUND('',#284,.T.);
#230=FACE_OUTER_BOUND('',#285,.T.);
#231=FACE_OUTER_BOUND('',#286,.T.);
#232=FACE_OUTER_BOUND('',#287,.T.);
#233=FACE_OUTER_BOUND('',#288,.T.);
#234=FACE_OUTER_BOUND('',#290,.T.);
#235=FACE_OUTER_BOUND('',#291,.T.);
#236=FACE_OUTER_BOUND('',#292,.T.);
#237=FACE_OUTER_BOUND('',#293,.T.);
#238=FACE_OUTER_BOUND('',#294,.T.);
#239=FACE_OUTER_BOUND('',#295,.T.);
#240=FACE_OUTER_BOUND('',#296,.T.);
#241=FACE_OUTER_BOUND('',#297,.T.);
#242=FACE_OUTER_BOUND('',#298,.T.);
#243=FACE_OUTER_BOUND('',#299,.T.);
#244=FACE_OUTER_BOUND('',#300,.T.);
#245=FACE_OUTER_BOUND('',#301,.T.);
#246=FACE_OUTER_BOUND('',#302,.T.);
#247=FACE_OUTER_BOUND('',#303,.T.);
#248=FACE_OUTER_BOUND('',#304,.T.);
#249=EDGE_LOOP('',(#603,#604,#605,#606));
#250=EDGE_LOOP('',(#607,#608,#609,#610,#611,#612,#613,#614));
#251=EDGE_LOOP('',(#615,#616,#617,#618,#619,#620,#621,#622));
#252=EDGE_LOOP('',(#623,#624,#625,#626,#627,#628,#629,#630,#631,#632,#633,
#634));
#253=EDGE_LOOP('',(#635,#636,#637,#638,#639));
#254=EDGE_LOOP('',(#640,#641,#642,#643,#644));
#255=EDGE_LOOP('',(#645,#646,#647,#648,#649));
#256=EDGE_LOOP('',(#650,#651,#652,#653,#654,#655,#656,#657));
#257=EDGE_LOOP('',(#658,#659,#660,#661,#662,#663,#664,#665));
#258=EDGE_LOOP('',(#666,#667,#668,#669));
#259=EDGE_LOOP('',(#670,#671,#672,#673));
#260=EDGE_LOOP('',(#674,#675,#676,#677));
#261=EDGE_LOOP('',(#678,#679,#680,#681));
#262=EDGE_LOOP('',(#682,#683,#684,#685));
#263=EDGE_LOOP('',(#686,#687,#688,#689));
#264=EDGE_LOOP('',(#690,#691,#692,#693));
#265=EDGE_LOOP('',(#694,#695,#696,#697));
#266=EDGE_LOOP('',(#698,#699,#700,#701));
#267=EDGE_LOOP('',(#702,#703,#704,#705));
#268=EDGE_LOOP('',(#706,#707,#708,#709));
#269=EDGE_LOOP('',(#710,#711,#712,#713));
#270=EDGE_LOOP('',(#714,#715,#716,#717));
#271=EDGE_LOOP('',(#718,#719,#720,#721,#722,#723,#724,#725));
#272=EDGE_LOOP('',(#726,#727,#728,#729,#730,#731,#732,#733));
#273=EDGE_LOOP('',(#734,#735,#736,#737,#738));
#274=EDGE_LOOP('',(#739,#740,#741,#742));
#275=EDGE_LOOP('',(#743,#744,#745,#746));
#276=EDGE_LOOP('',(#747,#748,#749,#750));
#277=EDGE_LOOP('',(#751,#752,#753,#754));
#278=EDGE_LOOP('',(#755,#756,#757,#758,#759));
#279=EDGE_LOOP('',(#760,#761,#762,#763));
#280=EDGE_LOOP('',(#764,#765,#766,#767));
#281=EDGE_LOOP('',(#768,#769,#770,#771));
#282=EDGE_LOOP('',(#772,#773,#774,#775));
#283=EDGE_LOOP('',(#776,#777,#778,#779));
#284=EDGE_LOOP('',(#780,#781,#782,#783,#784,#785,#786,#787,#788,#789,#790,
#791,#792,#793,#794,#795,#796,#797,#798,#799));
#285=EDGE_LOOP('',(#800,#801,#802,#803));
#286=EDGE_LOOP('',(#804,#805,#806,#807));
#287=EDGE_LOOP('',(#808,#809,#810,#811));
#288=EDGE_LOOP('',(#812));
#289=EDGE_LOOP('',(#813,#814,#815,#816,#817,#818,#819,#820,#821,#822,#823,
#824));
#290=EDGE_LOOP('',(#825,#826,#827,#828));
#291=EDGE_LOOP('',(#829,#830,#831,#832));
#292=EDGE_LOOP('',(#833,#834,#835,#836));
#293=EDGE_LOOP('',(#837,#838,#839,#840));
#294=EDGE_LOOP('',(#841,#842,#843,#844));
#295=EDGE_LOOP('',(#845,#846,#847,#848));
#296=EDGE_LOOP('',(#849,#850,#851,#852));
#297=EDGE_LOOP('',(#853,#854,#855,#856));
#298=EDGE_LOOP('',(#857,#858,#859,#860));
#299=EDGE_LOOP('',(#861,#862,#863,#864));
#300=EDGE_LOOP('',(#865,#866,#867,#868));
#301=EDGE_LOOP('',(#869,#870,#871,#872));
#302=EDGE_LOOP('',(#873,#874,#875,#876));
#303=EDGE_LOOP('',(#877,#878,#879,#880));
#304=EDGE_LOOP('',(#881,#882,#883,#884));
#305=B_SPLINE_CURVE_WITH_KNOTS('',1,(#1192,#1193),.UNSPECIFIED.,.F.,.F.,
(2,2),(0.,0.59999999999998),.UNSPECIFIED.);
#306=B_SPLINE_CURVE_WITH_KNOTS('',1,(#1195,#1196),.UNSPECIFIED.,.F.,.F.,
(2,2),(0.,1.),.UNSPECIFIED.);
#307=B_SPLINE_CURVE_WITH_KNOTS('',1,(#1198,#1199),.UNSPECIFIED.,.F.,.F.,
(2,2),(0.,0.59999999999998),.UNSPECIFIED.);
#308=B_SPLINE_CURVE_WITH_KNOTS('',1,(#1200,#1201),.UNSPECIFIED.,.F.,.F.,
(2,2),(0.,1.),.UNSPECIFIED.);
#309=B_SPLINE_CURVE_WITH_KNOTS('',3,(#1211,#1212,#1213,#1214,#1215,#1216),
 .UNSPECIFIED.,.F.,.F.,(4,2,4),(0.0483592696616793,2.67079523907081,5.22571194739431),
 .UNSPECIFIED.);
#310=B_SPLINE_CURVE_WITH_KNOTS('',3,(#1223,#1224,#1225,#1226,#1227,#1228),
 .UNSPECIFIED.,.F.,.F.,(4,2,4),(0.121368845401303,2.52199139727618,5.02356690723408),
 .UNSPECIFIED.);
#311=B_SPLINE_CURVE_WITH_KNOTS('',3,(#1238,#1239,#1240,#1241,#1242,#1243),
 .UNSPECIFIED.,.F.,.F.,(4,2,4),(0.0657044059168408,3.45813642092502,6.84827048847705),
 .UNSPECIFIED.);
#312=B_SPLINE_CURVE_WITH_KNOTS('',3,(#1247,#1248,#1249,#1250,#1251,#1252),
 .UNSPECIFIED.,.F.,.F.,(4,2,4),(0.421648595279469,2.63068941448038,5.20043158085615),
 .UNSPECIFIED.);
#313=B_SPLINE_CURVE_WITH_KNOTS('',3,(#1271,#1272,#1273,#1274,#1275,#1276,
#1277),.UNSPECIFIED.,.F.,.F.,(4,3,4),(1.56591993605708,2.06716726164019,
2.56601889882342),.UNSPECIFIED.);
#314=B_SPLINE_CURVE_WITH_KNOTS('',3,(#1279,#1280,#1281,#1282),
 .UNSPECIFIED.,.F.,.F.,(4,4),(2.52774096152463,4.02865333952573),
 .UNSPECIFIED.);
#315=B_SPLINE_CURVE_WITH_KNOTS('',3,(#1284,#1285,#1286,#1287,#1288,#1289,
#1290),.UNSPECIFIED.,.F.,.F.,(4,3,4),(0.0646507956366223,1.41967364863827,
1.56591993605955),.UNSPECIFIED.);
#316=B_SPLINE_CURVE_WITH_KNOTS('',3,(#1292,#1293,#1294,#1295),
 .UNSPECIFIED.,.F.,.F.,(4,4),(1.52902054584889,2.52962879786808),
 .UNSPECIFIED.);
#317=B_SPLINE_CURVE_WITH_KNOTS('',3,(#1297,#1298,#1299,#1300),
 .UNSPECIFIED.,.F.,.F.,(4,4),(2.56890975346661,4.07017889686067),
 .UNSPECIFIED.);
#318=B_SPLINE_CURVE_WITH_KNOTS('',3,(#1302,#1303,#1304,#1305),
 .UNSPECIFIED.,.F.,.F.,(4,4),(0.0262203315013424,1.5271327095507),
 .UNSPECIFIED.);
#319=B_SPLINE_CURVE_WITH_KNOTS('',3,(#1307,#1308,#1309,#1310,#1311,#1312,
#1313),.UNSPECIFIED.,.F.,.F.,(4,3,4),(1.56881079010007,2.06764861690184,
2.56890975346674),.UNSPECIFIED.);
#320=B_SPLINE_CURVE_WITH_KNOTS('',3,(#1315,#1316,#1317,#1318),
 .UNSPECIFIED.,.F.,.F.,(4,4),(2.51547659705502,4.01638897507409),
 .UNSPECIFIED.);
#321=B_SPLINE_CURVE_WITH_KNOTS('',3,(#1320,#1321,#1322,#1323,#1324,#1325,
#1326),.UNSPECIFIED.,.F.,.F.,(4,3,4),(0.0671784489099019,1.4232340855347,
1.56881079010385),.UNSPECIFIED.);
#322=B_SPLINE_CURVE_WITH_KNOTS('',3,(#1328,#1329,#1330,#1331,#1332,#1333),
 .UNSPECIFIED.,.F.,.F.,(4,2,4),(1.51265751946591,2.02135835291026,2.51326577147031),
 .UNSPECIFIED.);
#323=B_SPLINE_CURVE_WITH_KNOTS('',3,(#1335,#1336,#1337,#1338),
 .UNSPECIFIED.,.F.,.F.,(4,4),(2.56601889883383,4.06765124124107),
 .UNSPECIFIED.);
#324=B_SPLINE_CURVE_WITH_KNOTS('',3,(#1339,#1340,#1341,#1342),
 .UNSPECIFIED.,.F.,.F.,(4,4),(0.013955967027948,1.51486834501718),
 .UNSPECIFIED.);
#325=B_SPLINE_CURVE_WITH_KNOTS('',3,(#1360,#1361,#1362,#1363,#1364,#1365,
#1366,#1367,#1368,#1369),.UNSPECIFIED.,.F.,.F.,(4,3,3,4),(2.40632660996799,
2.63087899531486,3.97576929573445,5.16161955354917),.UNSPECIFIED.);
#326=B_SPLINE_CURVE_WITH_KNOTS('',3,(#1371,#1372,#1373,#1374,#1375,#1376,
#1377,#1378,#1379,#1380,#1381,#1382,#1383,#1384,#1385,#1386,#1387,#1388,
#1389,#1390,#1391,#1392,#1393,#1394,#1395,#1396,#1397,#1398),
 .UNSPECIFIED.,.F.,.F.,(4,3,3,3,3,3,3,3,3,4),(0.0480930118832756,0.458661506745095,
0.885060592959883,1.07705041435838,1.61393769351667,2.1489396114151,2.61922232554786,
2.9840757932543,3.3914194061906,3.64789598900714),.UNSPECIFIED.);
#327=B_SPLINE_CURVE_WITH_KNOTS('',3,(#1400,#1401,#1402,#1403,#1404,#1405),
 .UNSPECIFIED.,.F.,.F.,(4,2,4),(0.0477865199583206,3.45864816642683,4.51029583286331),
 .UNSPECIFIED.);
#328=B_SPLINE_CURVE_WITH_KNOTS('',3,(#1406,#1407,#1408,#1409,#1410,#1411,
#1412,#1413,#1414,#1415,#1416,#1417,#1418),.UNSPECIFIED.,.F.,.F.,(4,3,3,
3,4),(0.163236551660773,1.50856279181057,2.62024493200072,3.9794170876927,
5.20344504214451),.UNSPECIFIED.);
#329=B_SPLINE_CURVE_WITH_KNOTS('',3,(#1436,#1437,#1438,#1439,#1440,#1441),
 .UNSPECIFIED.,.F.,.F.,(4,2,4),(2.43389762794524,2.63083970015826,5.02171464902347),
 .UNSPECIFIED.);
#330=B_SPLINE_CURVE_WITH_KNOTS('',3,(#1443,#1444,#1445,#1446,#1447,#1448,
#1449,#1450,#1451,#1452,#1453,#1454,#1455,#1456,#1457,#1458,#1459,#1460,
#1461,#1462,#1463,#1464,#1465,#1466,#1467,#1468,#1469,#1470),
 .UNSPECIFIED.,.F.,.F.,(4,3,3,3,3,3,3,3,3,4),(0.0739535521232725,0.483034204257378,
0.907268329193172,1.0606388382194,1.58888901430756,2.12804601593922,2.60850720378228,
2.95772000003015,3.36949098553172,3.67847342040527),.UNSPECIFIED.);
#331=B_SPLINE_CURVE_WITH_KNOTS('',3,(#1471,#1472,#1473,#1474,#1475,#1476,
#1477,#1478,#1479,#1480),.UNSPECIFIED.,.F.,.F.,(4,3,3,4),(0.160564910175331,
1.50540802363147,2.65933737967461,2.92293789594778),.UNSPECIFIED.);
#332=B_SPLINE_CURVE_WITH_KNOTS('',3,(#1499,#1500,#1501,#1502,#1503,#1504,
#1505,#1506,#1507,#1508),.UNSPECIFIED.,.F.,.F.,(4,3,3,4),(0.0998416870679339,
1.44767128307421,2.51632853793579,2.6385313508249),.UNSPECIFIED.);
#333=B_SPLINE_CURVE_WITH_KNOTS('',3,(#1510,#1511,#1512,#1513,#1514,#1515),
 .UNSPECIFIED.,.F.,.F.,(4,2,4),(0.0697701327260782,3.4582980398455,6.85159838778231),
 .UNSPECIFIED.);
#334=B_SPLINE_CURVE_WITH_KNOTS('',3,(#1517,#1518,#1519,#1520,#1521,#1522),
 .UNSPECIFIED.,.F.,.F.,(4,2,4),(0.0429858323818382,2.52435652179256,4.94091272058566),
 .UNSPECIFIED.);
#335=B_SPLINE_CURVE_WITH_KNOTS('',3,(#1524,#1525,#1526,#1527,#1528,#1529),
 .UNSPECIFIED.,.F.,.F.,(4,2,4),(2.40647838845112,3.45829803984552,6.86881769545304),
 .UNSPECIFIED.);
#336=B_SPLINE_CURVE_WITH_KNOTS('',3,(#1530,#1531,#1532,#1533,#1534,#1535,
#1536,#1537,#1538,#1539,#1540,#1541,#1542,#1543,#1544,#1545,#1546,#1547,
#1548,#1549,#1550,#1551,#1552,#1553,#1554,#1555,#1556,#1557),
 .UNSPECIFIED.,.F.,.F.,(4,3,3,3,3,3,3,3,3,4),(0.0541579090270298,0.464209347745804,
0.834786985881528,1.31215862769225,1.84236295792927,2.36160036586034,2.7676731726862,
3.21056208572911,3.61894197256974,3.65345099877202),.UNSPECIFIED.);
#337=B_SPLINE_CURVE_WITH_KNOTS('',3,(#1590,#1591,#1592,#1593),
 .UNSPECIFIED.,.F.,.F.,(4,4),(-9.01549572456142,0.),.UNSPECIFIED.);
#338=B_SPLINE_CURVE_WITH_KNOTS('',3,(#1614,#1615,#1616,#1617),
 .UNSPECIFIED.,.F.,.F.,(4,4),(-10.6626286876675,0.),.UNSPECIFIED.);
#339=B_SPLINE_CURVE_WITH_KNOTS('',3,(#1642,#1643,#1644,#1645),
 .UNSPECIFIED.,.F.,.F.,(4,4),(0.,10.6626286876675),.UNSPECIFIED.);
#340=B_SPLINE_CURVE_WITH_KNOTS('',3,(#1671,#1672,#1673,#1674,#1675),
 .UNSPECIFIED.,.F.,.F.,(4,1,4),(-2.22420602564076,-0.953231153846039,0.),
 .UNSPECIFIED.);
#341=B_SPLINE_CURVE_WITH_KNOTS('',3,(#1678,#1679,#1680,#1681,#1682),
 .UNSPECIFIED.,.F.,.F.,(4,1,4),(0.,0.953231153846039,2.22420602564076),
 .UNSPECIFIED.);
#342=B_SPLINE_CURVE_WITH_KNOTS('',3,(#1716,#1717,#1718,#1719,#1720,#1721),
 .UNSPECIFIED.,.F.,.F.,(4,1,1,4),(-2.29542188592862,-1.63958706137759,-1.31166964910207,
0.),.UNSPECIFIED.);
#343=B_SPLINE_CURVE_WITH_KNOTS('',3,(#1722,#1723,#1724,#1725,#1726,#1727),
 .UNSPECIFIED.,.F.,.F.,(4,1,1,4),(0.,1.31166964910207,1.63958706137759,
2.29542188592862),.UNSPECIFIED.);
#344=B_SPLINE_CURVE_WITH_KNOTS('',3,(#1750,#1751,#1752,#1753),
 .UNSPECIFIED.,.F.,.F.,(4,4),(0.,9.01549572456142),.UNSPECIFIED.);
#345=B_SPLINE_CURVE_WITH_KNOTS('',3,(#1777,#1778,#1779,#1780),
 .UNSPECIFIED.,.F.,.F.,(4,4),(-8.97558077860775,0.),.UNSPECIFIED.);
#346=B_SPLINE_CURVE_WITH_KNOTS('',3,(#1781,#1782,#1783,#1784),
 .UNSPECIFIED.,.F.,.F.,(4,4),(0.,8.97558077860775),.UNSPECIFIED.);
#347=B_SPLINE_CURVE_WITH_KNOTS('',3,(#1816,#1817,#1818,#1819,#1820,#1821),
 .UNSPECIFIED.,.F.,.F.,(4,1,1,4),(-2.22422713447224,-1.58873366748017,-0.953240200488104,
0.),.UNSPECIFIED.);
#348=B_SPLINE_CURVE_WITH_KNOTS('',3,(#1824,#1825,#1826,#1827,#1828,#1829),
 .UNSPECIFIED.,.F.,.F.,(4,1,1,4),(0.,0.953240200488104,1.58873366748017,
2.22422713447224),.UNSPECIFIED.);
#349=B_SPLINE_CURVE_WITH_KNOTS('',3,(#1863,#1864,#1865,#1866,#1867,#1868),
 .UNSPECIFIED.,.F.,.F.,(4,1,1,4),(-2.2954222438383,-0.983752390216413,-0.655834926810942,
0.),.UNSPECIFIED.);
#350=B_SPLINE_CURVE_WITH_KNOTS('',3,(#1869,#1870,#1871,#1872,#1873,#1874),
 .UNSPECIFIED.,.F.,.F.,(4,1,1,4),(0.,0.655834926810942,0.983752390216413,
2.2954222438383),.UNSPECIFIED.);
#351=B_SPLINE_CURVE_WITH_KNOTS('',3,(#1895,#1896,#1897,#1898),
 .UNSPECIFIED.,.F.,.F.,(4,4),(-10.6626286875879,-9.88549621708788E-14),
 .UNSPECIFIED.);
#352=B_SPLINE_CURVE_WITH_KNOTS('',3,(#1899,#1900,#1901,#1902),
 .UNSPECIFIED.,.F.,.F.,(4,4),(9.88549621708788E-14,10.6626286875879),
 .UNSPECIFIED.);
#353=B_SPLINE_CURVE_WITH_KNOTS('',3,(#1954,#1955,#1956,#1957,#1958,#1959),
 .UNSPECIFIED.,.F.,.F.,(4,2,4),(0.0133842244162744,2.60628628254399,4.79694865480157),
 .UNSPECIFIED.);
#354=B_SPLINE_CURVE_WITH_KNOTS('',3,(#1961,#1962,#1963,#1964),
 .UNSPECIFIED.,.F.,.F.,(4,4),(-3.83035692172463,-0.678323447667565),
 .UNSPECIFIED.);
#355=B_SPLINE_CURVE_WITH_KNOTS('',3,(#1983,#1984,#1985,#1986,#1987,#1988),
 .UNSPECIFIED.,.F.,.F.,(4,2,4),(0.239980294217229,2.60628628252946,2.82706683240327),
 .UNSPECIFIED.);
#356=B_SPLINE_CURVE_WITH_KNOTS('',3,(#1990,#1991,#1992,#1993,#1994,#1995,
#1996,#1997,#1998,#1999),.UNSPECIFIED.,.F.,.F.,(4,3,3,4),(2.40219170734906,
2.53503246254757,3.88281530539463,4.94088515405597),.UNSPECIFIED.);
#357=B_SPLINE_CURVE_WITH_KNOTS('',3,(#2000,#2001,#2002,#2003,#2004,#2005,
#2006,#2007,#2008,#2009,#2010,#2011,#2012,#2013,#2014,#2015,#2016,#2017,
#2018,#2019,#2020,#2021,#2022,#2023,#2024,#2025,#2026,#2027),
 .UNSPECIFIED.,.F.,.F.,(4,3,3,3,3,3,3,3,3,4),(0.0432796384685518,0.454991417032667,
0.88240119963726,1.05597519699851,1.59084270808772,2.12160037787544,2.60025703428978,
2.92608436160407,3.33620125366065,3.64816821882278),.UNSPECIFIED.);
#358=B_SPLINE_CURVE_WITH_KNOTS('',1,(#2094,#2095),.UNSPECIFIED.,.F.,.F.,
(2,2),(2.88843874283015,6.3196315551905),.UNSPECIFIED.);
#359=B_SPLINE_CURVE_WITH_KNOTS('',1,(#2111,#2112),.UNSPECIFIED.,.F.,.F.,
(2,2),(0.,2.4391412593637),.UNSPECIFIED.);
#360=B_SPLINE_CURVE_WITH_KNOTS('',3,(#2126,#2127,#2128,#2129),
 .UNSPECIFIED.,.F.,.F.,(4,4),(0.,2.66231016158565),.UNSPECIFIED.);
#361=B_SPLINE_CURVE_WITH_KNOTS('',1,(#2130,#2131),.UNSPECIFIED.,.F.,.F.,
(2,2),(2.78525795541999,6.31963155517435),.UNSPECIFIED.);
#362=B_SPLINE_CURVE_WITH_KNOTS('',1,(#2140,#2141),.UNSPECIFIED.,.F.,.F.,
(2,2),(-2.62614370902982,0.),.UNSPECIFIED.);
#363=B_SPLINE_CURVE_WITH_KNOTS('',3,(#2146,#2147,#2148,#2149),
 .UNSPECIFIED.,.F.,.F.,(4,4),(-3.07464573165683,-0.428906526168138),
 .UNSPECIFIED.);
#364=B_SPLINE_CURVE_WITH_KNOTS('',1,(#2159,#2160),.UNSPECIFIED.,.F.,.F.,
(2,2),(11.6803684448379,16.3767366288567),.UNSPECIFIED.);
#365=B_SPLINE_CURVE_WITH_KNOTS('',1,(#2231,#2232),.UNSPECIFIED.,.F.,.F.,
(2,2),(11.6803684448236,15.3807834579561),.UNSPECIFIED.);
#366=VERTEX_POINT('',#1190);
#367=VERTEX_POINT('',#1191);
#368=VERTEX_POINT('',#1194);
#369=VERTEX_POINT('',#1197);
#370=VERTEX_POINT('',#1203);
#371=VERTEX_POINT('',#1204);
#372=VERTEX_POINT('',#1206);
#373=VERTEX_POINT('',#1208);
#374=VERTEX_POINT('',#1210);
#375=VERTEX_POINT('',#1217);
#376=VERTEX_POINT('',#1219);
#377=VERTEX_POINT('',#1221);
#378=VERTEX_POINT('',#1230);
#379=VERTEX_POINT('',#1231);
#380=VERTEX_POINT('',#1233);
#381=VERTEX_POINT('',#1235);
#382=VERTEX_POINT('',#1237);
#383=VERTEX_POINT('',#1244);
#384=VERTEX_POINT('',#1269);
#385=VERTEX_POINT('',#1270);
#386=VERTEX_POINT('',#1278);
#387=VERTEX_POINT('',#1283);
#388=VERTEX_POINT('',#1291);
#389=VERTEX_POINT('',#1296);
#390=VERTEX_POINT('',#1301);
#391=VERTEX_POINT('',#1306);
#392=VERTEX_POINT('',#1314);
#393=VERTEX_POINT('',#1319);
#394=VERTEX_POINT('',#1327);
#395=VERTEX_POINT('',#1334);
#396=VERTEX_POINT('',#1359);
#397=VERTEX_POINT('',#1370);
#398=VERTEX_POINT('',#1399);
#399=VERTEX_POINT('',#1435);
#400=VERTEX_POINT('',#1442);
#401=VERTEX_POINT('',#1497);
#402=VERTEX_POINT('',#1498);
#403=VERTEX_POINT('',#1509);
#404=VERTEX_POINT('',#1516);
#405=VERTEX_POINT('',#1523);
#406=VERTEX_POINT('',#1559);
#407=VERTEX_POINT('',#1561);
#408=VERTEX_POINT('',#1564);
#409=VERTEX_POINT('',#1568);
#410=VERTEX_POINT('',#1569);
#411=VERTEX_POINT('',#1571);
#412=VERTEX_POINT('',#1573);
#413=VERTEX_POINT('',#1575);
#414=VERTEX_POINT('',#1577);
#415=VERTEX_POINT('',#1579);
#416=VERTEX_POINT('',#1581);
#417=VERTEX_POINT('',#1586);
#418=VERTEX_POINT('',#1588);
#419=VERTEX_POINT('',#1610);
#420=VERTEX_POINT('',#1612);
#421=VERTEX_POINT('',#1638);
#422=VERTEX_POINT('',#1640);
#423=VERTEX_POINT('',#1676);
#424=VERTEX_POINT('',#1713);
#425=VERTEX_POINT('',#1714);
#426=VERTEX_POINT('',#1748);
#427=VERTEX_POINT('',#1774);
#428=VERTEX_POINT('',#1775);
#429=VERTEX_POINT('',#1815);
#430=VERTEX_POINT('',#1822);
#431=VERTEX_POINT('',#1860);
#432=VERTEX_POINT('',#1861);
#433=VERTEX_POINT('',#1951);
#434=VERTEX_POINT('',#1952);
#435=VERTEX_POINT('',#1960);
#436=VERTEX_POINT('',#1982);
#437=VERTEX_POINT('',#1989);
#438=VERTEX_POINT('',#2089);
#439=VERTEX_POINT('',#2090);
#440=VERTEX_POINT('',#2093);
#441=VERTEX_POINT('',#2125);
#442=VERTEX_POINT('',#2133);
#443=VERTEX_POINT('',#2139);
#444=VERTEX_POINT('',#2142);
#445=VERTEX_POINT('',#2145);
#446=VERTEX_POINT('',#2150);
#447=VERTEX_POINT('',#2153);
#448=VERTEX_POINT('',#2174);
#449=VERTEX_POINT('',#2175);
#450=VERTEX_POINT('',#2177);
#451=VERTEX_POINT('',#2179);
#452=VERTEX_POINT('',#2181);
#453=VERTEX_POINT('',#2183);
#454=VERTEX_POINT('',#2185);
#455=VERTEX_POINT('',#2187);
#456=VERTEX_POINT('',#2189);
#457=VERTEX_POINT('',#2191);
#458=VERTEX_POINT('',#2193);
#459=VERTEX_POINT('',#2195);
#460=EDGE_CURVE('',#366,#367,#305,.T.);
#461=EDGE_CURVE('',#367,#368,#306,.T.);
#462=EDGE_CURVE('',#369,#368,#307,.T.);
#463=EDGE_CURVE('',#366,#369,#308,.T.);
#464=EDGE_CURVE('',#370,#371,#36,.T.);
#465=EDGE_CURVE('',#372,#370,#37,.T.);
#466=EDGE_CURVE('',#373,#372,#38,.T.);
#467=EDGE_CURVE('',#374,#373,#309,.F.);
#468=EDGE_CURVE('',#374,#375,#39,.T.);
#469=EDGE_CURVE('',#376,#375,#40,.F.);
#470=EDGE_CURVE('',#376,#377,#41,.T.);
#471=EDGE_CURVE('',#371,#377,#310,.F.);
#472=EDGE_CURVE('',#378,#379,#42,.T.);
#473=EDGE_CURVE('',#380,#378,#43,.T.);
#474=EDGE_CURVE('',#381,#380,#44,.T.);
#475=EDGE_CURVE('',#381,#382,#311,.T.);
#476=EDGE_CURVE('',#383,#382,#45,.F.);
#477=EDGE_CURVE('',#375,#383,#46,.F.);
#478=EDGE_CURVE('',#374,#379,#312,.T.);
#479=EDGE_CURVE('',#384,#385,#313,.T.);
#480=EDGE_CURVE('',#386,#384,#314,.T.);
#481=EDGE_CURVE('',#387,#386,#315,.T.);
#482=EDGE_CURVE('',#388,#387,#316,.T.);
#483=EDGE_CURVE('',#389,#388,#317,.T.);
#484=EDGE_CURVE('',#390,#389,#318,.T.);
#485=EDGE_CURVE('',#391,#390,#319,.T.);
#486=EDGE_CURVE('',#392,#391,#320,.T.);
#487=EDGE_CURVE('',#393,#392,#321,.T.);
#488=EDGE_CURVE('',#394,#393,#322,.T.);
#489=EDGE_CURVE('',#395,#394,#323,.T.);
#490=EDGE_CURVE('',#385,#395,#324,.T.);
#491=EDGE_CURVE('',#396,#381,#325,.T.);
#492=EDGE_CURVE('',#397,#396,#326,.T.);
#493=EDGE_CURVE('',#398,#397,#327,.T.);
#494=EDGE_CURVE('',#382,#398,#328,.T.);
#495=EDGE_CURVE('',#399,#373,#329,.T.);
#496=EDGE_CURVE('',#400,#399,#330,.T.);
#497=EDGE_CURVE('',#379,#400,#331,.T.);
#498=EDGE_CURVE('',#401,#402,#332,.T.);
#499=EDGE_CURVE('',#401,#403,#333,.F.);
#500=EDGE_CURVE('',#404,#403,#334,.T.);
#501=EDGE_CURVE('',#405,#404,#335,.T.);
#502=EDGE_CURVE('',#402,#405,#336,.T.);
#503=EDGE_CURVE('',#404,#406,#47,.T.);
#504=EDGE_CURVE('',#403,#407,#48,.T.);
#505=EDGE_CURVE('',#383,#407,#49,.F.);
#506=EDGE_CURVE('',#408,#398,#50,.T.);
#507=EDGE_CURVE('',#406,#408,#51,.T.);
#508=EDGE_CURVE('',#409,#410,#52,.T.);
#509=EDGE_CURVE('',#410,#411,#18,.T.);
#510=EDGE_CURVE('',#411,#412,#53,.T.);
#511=EDGE_CURVE('',#412,#413,#19,.T.);
#512=EDGE_CURVE('',#413,#414,#54,.T.);
#513=EDGE_CURVE('',#414,#415,#20,.T.);
#514=EDGE_CURVE('',#415,#416,#55,.T.);
#515=EDGE_CURVE('',#416,#409,#21,.T.);
#516=EDGE_CURVE('',#407,#376,#56,.T.);
#517=EDGE_CURVE('',#417,#410,#57,.T.);
#518=EDGE_CURVE('',#418,#409,#58,.T.);
#519=EDGE_CURVE('',#417,#418,#337,.T.);
#520=EDGE_CURVE('',#419,#412,#59,.T.);
#521=EDGE_CURVE('',#420,#411,#60,.T.);
#522=EDGE_CURVE('',#419,#420,#338,.T.);
#523=EDGE_CURVE('',#421,#419,#22,.T.);
#524=EDGE_CURVE('',#420,#422,#23,.T.);
#525=EDGE_CURVE('',#422,#421,#339,.T.);
#526=EDGE_CURVE('',#420,#417,#340,.T.);
#527=EDGE_CURVE('',#417,#423,#24,.T.);
#528=EDGE_CURVE('',#423,#422,#341,.T.);
#529=EDGE_CURVE('',#424,#425,#25,.T.);
#530=EDGE_CURVE('',#425,#419,#342,.T.);
#531=EDGE_CURVE('',#421,#424,#343,.T.);
#532=EDGE_CURVE('',#418,#426,#26,.T.);
#533=EDGE_CURVE('',#426,#423,#344,.T.);
#534=EDGE_CURVE('',#427,#428,#27,.T.);
#535=EDGE_CURVE('',#428,#425,#345,.T.);
#536=EDGE_CURVE('',#424,#427,#346,.T.);
#537=EDGE_CURVE('',#418,#429,#347,.T.);
#538=EDGE_CURVE('',#429,#430,#28,.T.);
#539=EDGE_CURVE('',#430,#426,#348,.T.);
#540=EDGE_CURVE('',#431,#432,#29,.T.);
#541=EDGE_CURVE('',#432,#428,#349,.T.);
#542=EDGE_CURVE('',#427,#431,#350,.T.);
#543=EDGE_CURVE('',#429,#432,#351,.T.);
#544=EDGE_CURVE('',#431,#430,#352,.T.);
#545=EDGE_CURVE('',#429,#416,#61,.T.);
#546=EDGE_CURVE('',#433,#434,#62,.T.);
#547=EDGE_CURVE('',#377,#433,#353,.F.);
#548=EDGE_CURVE('',#435,#401,#354,.T.);
#549=EDGE_CURVE('',#434,#435,#63,.T.);
#550=EDGE_CURVE('',#371,#436,#355,.T.);
#551=EDGE_CURVE('',#437,#433,#356,.T.);
#552=EDGE_CURVE('',#436,#437,#357,.T.);
#553=EDGE_CURVE('',#432,#415,#64,.T.);
#554=EDGE_CURVE('',#425,#413,#65,.T.);
#555=EDGE_CURVE('',#428,#414,#66,.T.);
#556=EDGE_CURVE('',#438,#439,#30,.T.);
#557=EDGE_CURVE('',#372,#438,#67,.F.);
#558=EDGE_CURVE('',#370,#440,#358,.T.);
#559=EDGE_CURVE('',#439,#440,#31,.T.);
#560=EDGE_CURVE('',#399,#438,#68,.T.);
#561=EDGE_CURVE('',#440,#436,#359,.T.);
#562=EDGE_CURVE('',#441,#402,#360,.T.);
#563=EDGE_CURVE('',#435,#441,#361,.T.);
#564=EDGE_CURVE('',#442,#441,#32,.T.);
#565=EDGE_CURVE('',#434,#442,#69,.F.);
#566=EDGE_CURVE('',#437,#442,#70,.T.);
#567=EDGE_CURVE('',#405,#443,#362,.T.);
#568=EDGE_CURVE('',#443,#444,#33,.T.);
#569=EDGE_CURVE('',#444,#397,#71,.T.);
#570=EDGE_CURVE('',#445,#396,#363,.T.);
#571=EDGE_CURVE('',#446,#445,#34,.T.);
#572=EDGE_CURVE('',#400,#446,#72,.T.);
#573=EDGE_CURVE('',#439,#447,#73,.T.);
#574=EDGE_CURVE('',#447,#447,#35,.F.);
#575=EDGE_CURVE('',#444,#408,#74,.F.);
#576=EDGE_CURVE('',#443,#406,#364,.T.);
#577=EDGE_CURVE('',#448,#449,#75,.F.);
#578=EDGE_CURVE('',#448,#450,#76,.T.);
#579=EDGE_CURVE('',#450,#451,#77,.T.);
#580=EDGE_CURVE('',#451,#452,#78,.T.);
#581=EDGE_CURVE('',#453,#452,#79,.F.);
#582=EDGE_CURVE('',#453,#454,#80,.T.);
#583=EDGE_CURVE('',#454,#455,#81,.T.);
#584=EDGE_CURVE('',#455,#456,#82,.T.);
#585=EDGE_CURVE('',#456,#457,#83,.T.);
#586=EDGE_CURVE('',#457,#458,#84,.T.);
#587=EDGE_CURVE('',#458,#459,#85,.T.);
#588=EDGE_CURVE('',#459,#449,#86,.T.);
#589=EDGE_CURVE('',#449,#385,#87,.T.);
#590=EDGE_CURVE('',#459,#384,#88,.T.);
#591=EDGE_CURVE('',#458,#386,#89,.T.);
#592=EDGE_CURVE('',#448,#395,#90,.T.);
#593=EDGE_CURVE('',#457,#387,#91,.T.);
#594=EDGE_CURVE('',#450,#394,#92,.T.);
#595=EDGE_CURVE('',#456,#388,#93,.T.);
#596=EDGE_CURVE('',#451,#393,#94,.T.);
#597=EDGE_CURVE('',#455,#389,#95,.T.);
#598=EDGE_CURVE('',#452,#392,#96,.T.);
#599=EDGE_CURVE('',#454,#390,#97,.T.);
#600=EDGE_CURVE('',#453,#391,#98,.T.);
#601=EDGE_CURVE('',#445,#380,#365,.T.);
#602=EDGE_CURVE('',#446,#378,#99,.T.);
#603=ORIENTED_EDGE('',*,*,#460,.T.);
#604=ORIENTED_EDGE('',*,*,#461,.T.);
#605=ORIENTED_EDGE('',*,*,#462,.F.);
#606=ORIENTED_EDGE('',*,*,#463,.F.);
#607=ORIENTED_EDGE('',*,*,#464,.F.);
#608=ORIENTED_EDGE('',*,*,#465,.F.);
#609=ORIENTED_EDGE('',*,*,#466,.F.);
#610=ORIENTED_EDGE('',*,*,#467,.F.);
#611=ORIENTED_EDGE('',*,*,#468,.T.);
#612=ORIENTED_EDGE('',*,*,#469,.F.);
#613=ORIENTED_EDGE('',*,*,#470,.T.);
#614=ORIENTED_EDGE('',*,*,#471,.F.);
#615=ORIENTED_EDGE('',*,*,#472,.F.);
#616=ORIENTED_EDGE('',*,*,#473,.F.);
#617=ORIENTED_EDGE('',*,*,#474,.F.);
#618=ORIENTED_EDGE('',*,*,#475,.T.);
#619=ORIENTED_EDGE('',*,*,#476,.F.);
#620=ORIENTED_EDGE('',*,*,#477,.F.);
#621=ORIENTED_EDGE('',*,*,#468,.F.);
#622=ORIENTED_EDGE('',*,*,#478,.T.);
#623=ORIENTED_EDGE('',*,*,#479,.F.);
#624=ORIENTED_EDGE('',*,*,#480,.F.);
#625=ORIENTED_EDGE('',*,*,#481,.F.);
#626=ORIENTED_EDGE('',*,*,#482,.F.);
#627=ORIENTED_EDGE('',*,*,#483,.F.);
#628=ORIENTED_EDGE('',*,*,#484,.F.);
#629=ORIENTED_EDGE('',*,*,#485,.F.);
#630=ORIENTED_EDGE('',*,*,#486,.F.);
#631=ORIENTED_EDGE('',*,*,#487,.F.);
#632=ORIENTED_EDGE('',*,*,#488,.F.);
#633=ORIENTED_EDGE('',*,*,#489,.F.);
#634=ORIENTED_EDGE('',*,*,#490,.F.);
#635=ORIENTED_EDGE('',*,*,#491,.F.);
#636=ORIENTED_EDGE('',*,*,#492,.F.);
#637=ORIENTED_EDGE('',*,*,#493,.F.);
#638=ORIENTED_EDGE('',*,*,#494,.F.);
#639=ORIENTED_EDGE('',*,*,#475,.F.);
#640=ORIENTED_EDGE('',*,*,#495,.F.);
#641=ORIENTED_EDGE('',*,*,#496,.F.);
#642=ORIENTED_EDGE('',*,*,#497,.F.);
#643=ORIENTED_EDGE('',*,*,#478,.F.);
#644=ORIENTED_EDGE('',*,*,#467,.T.);
#645=ORIENTED_EDGE('',*,*,#498,.F.);
#646=ORIENTED_EDGE('',*,*,#499,.T.);
#647=ORIENTED_EDGE('',*,*,#500,.F.);
#648=ORIENTED_EDGE('',*,*,#501,.F.);
#649=ORIENTED_EDGE('',*,*,#502,.F.);
#650=ORIENTED_EDGE('',*,*,#503,.F.);
#651=ORIENTED_EDGE('',*,*,#500,.T.);
#652=ORIENTED_EDGE('',*,*,#504,.T.);
#653=ORIENTED_EDGE('',*,*,#505,.F.);
#654=ORIENTED_EDGE('',*,*,#476,.T.);
#655=ORIENTED_EDGE('',*,*,#494,.T.);
#656=ORIENTED_EDGE('',*,*,#506,.F.);
#657=ORIENTED_EDGE('',*,*,#507,.F.);
#658=ORIENTED_EDGE('',*,*,#508,.T.);
#659=ORIENTED_EDGE('',*,*,#509,.T.);
#660=ORIENTED_EDGE('',*,*,#510,.T.);
#661=ORIENTED_EDGE('',*,*,#511,.T.);
#662=ORIENTED_EDGE('',*,*,#512,.T.);
#663=ORIENTED_EDGE('',*,*,#513,.T.);
#664=ORIENTED_EDGE('',*,*,#514,.T.);
#665=ORIENTED_EDGE('',*,*,#515,.T.);
#666=ORIENTED_EDGE('',*,*,#505,.T.);
#667=ORIENTED_EDGE('',*,*,#516,.T.);
#668=ORIENTED_EDGE('',*,*,#469,.T.);
#669=ORIENTED_EDGE('',*,*,#477,.T.);
#670=ORIENTED_EDGE('',*,*,#517,.T.);
#671=ORIENTED_EDGE('',*,*,#508,.F.);
#672=ORIENTED_EDGE('',*,*,#518,.F.);
#673=ORIENTED_EDGE('',*,*,#519,.F.);
#674=ORIENTED_EDGE('',*,*,#520,.T.);
#675=ORIENTED_EDGE('',*,*,#510,.F.);
#676=ORIENTED_EDGE('',*,*,#521,.F.);
#677=ORIENTED_EDGE('',*,*,#522,.F.);
#678=ORIENTED_EDGE('',*,*,#523,.T.);
#679=ORIENTED_EDGE('',*,*,#522,.T.);
#680=ORIENTED_EDGE('',*,*,#524,.T.);
#681=ORIENTED_EDGE('',*,*,#525,.T.);
#682=ORIENTED_EDGE('',*,*,#524,.F.);
#683=ORIENTED_EDGE('',*,*,#526,.T.);
#684=ORIENTED_EDGE('',*,*,#527,.T.);
#685=ORIENTED_EDGE('',*,*,#528,.T.);
#686=ORIENTED_EDGE('',*,*,#529,.T.);
#687=ORIENTED_EDGE('',*,*,#530,.T.);
#688=ORIENTED_EDGE('',*,*,#523,.F.);
#689=ORIENTED_EDGE('',*,*,#531,.T.);
#690=ORIENTED_EDGE('',*,*,#527,.F.);
#691=ORIENTED_EDGE('',*,*,#519,.T.);
#692=ORIENTED_EDGE('',*,*,#532,.T.);
#693=ORIENTED_EDGE('',*,*,#533,.T.);
#694=ORIENTED_EDGE('',*,*,#534,.T.);
#695=ORIENTED_EDGE('',*,*,#535,.T.);
#696=ORIENTED_EDGE('',*,*,#529,.F.);
#697=ORIENTED_EDGE('',*,*,#536,.T.);
#698=ORIENTED_EDGE('',*,*,#532,.F.);
#699=ORIENTED_EDGE('',*,*,#537,.T.);
#700=ORIENTED_EDGE('',*,*,#538,.T.);
#701=ORIENTED_EDGE('',*,*,#539,.T.);
#702=ORIENTED_EDGE('',*,*,#540,.T.);
#703=ORIENTED_EDGE('',*,*,#541,.T.);
#704=ORIENTED_EDGE('',*,*,#534,.F.);
#705=ORIENTED_EDGE('',*,*,#542,.T.);
#706=ORIENTED_EDGE('',*,*,#538,.F.);
#707=ORIENTED_EDGE('',*,*,#543,.T.);
#708=ORIENTED_EDGE('',*,*,#540,.F.);
#709=ORIENTED_EDGE('',*,*,#544,.T.);
#710=ORIENTED_EDGE('',*,*,#537,.F.);
#711=ORIENTED_EDGE('',*,*,#518,.T.);
#712=ORIENTED_EDGE('',*,*,#515,.F.);
#713=ORIENTED_EDGE('',*,*,#545,.F.);
#714=ORIENTED_EDGE('',*,*,#526,.F.);
#715=ORIENTED_EDGE('',*,*,#521,.T.);
#716=ORIENTED_EDGE('',*,*,#509,.F.);
#717=ORIENTED_EDGE('',*,*,#517,.F.);
#718=ORIENTED_EDGE('',*,*,#525,.F.);
#719=ORIENTED_EDGE('',*,*,#528,.F.);
#720=ORIENTED_EDGE('',*,*,#533,.F.);
#721=ORIENTED_EDGE('',*,*,#539,.F.);
#722=ORIENTED_EDGE('',*,*,#544,.F.);
#723=ORIENTED_EDGE('',*,*,#542,.F.);
#724=ORIENTED_EDGE('',*,*,#536,.F.);
#725=ORIENTED_EDGE('',*,*,#531,.F.);
#726=ORIENTED_EDGE('',*,*,#546,.F.);
#727=ORIENTED_EDGE('',*,*,#547,.F.);
#728=ORIENTED_EDGE('',*,*,#470,.F.);
#729=ORIENTED_EDGE('',*,*,#516,.F.);
#730=ORIENTED_EDGE('',*,*,#504,.F.);
#731=ORIENTED_EDGE('',*,*,#499,.F.);
#732=ORIENTED_EDGE('',*,*,#548,.F.);
#733=ORIENTED_EDGE('',*,*,#549,.F.);
#734=ORIENTED_EDGE('',*,*,#550,.F.);
#735=ORIENTED_EDGE('',*,*,#471,.T.);
#736=ORIENTED_EDGE('',*,*,#547,.T.);
#737=ORIENTED_EDGE('',*,*,#551,.F.);
#738=ORIENTED_EDGE('',*,*,#552,.F.);
#739=ORIENTED_EDGE('',*,*,#514,.F.);
#740=ORIENTED_EDGE('',*,*,#553,.F.);
#741=ORIENTED_EDGE('',*,*,#543,.F.);
#742=ORIENTED_EDGE('',*,*,#545,.T.);
#743=ORIENTED_EDGE('',*,*,#530,.F.);
#744=ORIENTED_EDGE('',*,*,#554,.T.);
#745=ORIENTED_EDGE('',*,*,#511,.F.);
#746=ORIENTED_EDGE('',*,*,#520,.F.);
#747=ORIENTED_EDGE('',*,*,#512,.F.);
#748=ORIENTED_EDGE('',*,*,#554,.F.);
#749=ORIENTED_EDGE('',*,*,#535,.F.);
#750=ORIENTED_EDGE('',*,*,#555,.T.);
#751=ORIENTED_EDGE('',*,*,#541,.F.);
#752=ORIENTED_EDGE('',*,*,#553,.T.);
#753=ORIENTED_EDGE('',*,*,#513,.F.);
#754=ORIENTED_EDGE('',*,*,#555,.F.);
#755=ORIENTED_EDGE('',*,*,#556,.F.);
#756=ORIENTED_EDGE('',*,*,#557,.F.);
#757=ORIENTED_EDGE('',*,*,#465,.T.);
#758=ORIENTED_EDGE('',*,*,#558,.T.);
#759=ORIENTED_EDGE('',*,*,#559,.F.);
#760=ORIENTED_EDGE('',*,*,#560,.F.);
#761=ORIENTED_EDGE('',*,*,#495,.T.);
#762=ORIENTED_EDGE('',*,*,#466,.T.);
#763=ORIENTED_EDGE('',*,*,#557,.T.);
#764=ORIENTED_EDGE('',*,*,#561,.F.);
#765=ORIENTED_EDGE('',*,*,#558,.F.);
#766=ORIENTED_EDGE('',*,*,#464,.T.);
#767=ORIENTED_EDGE('',*,*,#550,.T.);
#768=ORIENTED_EDGE('',*,*,#562,.F.);
#769=ORIENTED_EDGE('',*,*,#563,.F.);
#770=ORIENTED_EDGE('',*,*,#548,.T.);
#771=ORIENTED_EDGE('',*,*,#498,.T.);
#772=ORIENTED_EDGE('',*,*,#564,.F.);
#773=ORIENTED_EDGE('',*,*,#565,.F.);
#774=ORIENTED_EDGE('',*,*,#549,.T.);
#775=ORIENTED_EDGE('',*,*,#563,.T.);
#776=ORIENTED_EDGE('',*,*,#566,.F.);
#777=ORIENTED_EDGE('',*,*,#551,.T.);
#778=ORIENTED_EDGE('',*,*,#546,.T.);
#779=ORIENTED_EDGE('',*,*,#565,.T.);
#780=ORIENTED_EDGE('',*,*,#561,.T.);
#781=ORIENTED_EDGE('',*,*,#552,.T.);
#782=ORIENTED_EDGE('',*,*,#566,.T.);
#783=ORIENTED_EDGE('',*,*,#564,.T.);
#784=ORIENTED_EDGE('',*,*,#562,.T.);
#785=ORIENTED_EDGE('',*,*,#502,.T.);
#786=ORIENTED_EDGE('',*,*,#567,.T.);
#787=ORIENTED_EDGE('',*,*,#568,.T.);
#788=ORIENTED_EDGE('',*,*,#569,.T.);
#789=ORIENTED_EDGE('',*,*,#492,.T.);
#790=ORIENTED_EDGE('',*,*,#570,.F.);
#791=ORIENTED_EDGE('',*,*,#571,.F.);
#792=ORIENTED_EDGE('',*,*,#572,.F.);
#793=ORIENTED_EDGE('',*,*,#496,.T.);
#794=ORIENTED_EDGE('',*,*,#560,.T.);
#795=ORIENTED_EDGE('',*,*,#556,.T.);
#796=ORIENTED_EDGE('',*,*,#573,.T.);
#797=ORIENTED_EDGE('',*,*,#574,.T.);
#798=ORIENTED_EDGE('',*,*,#573,.F.);
#799=ORIENTED_EDGE('',*,*,#559,.T.);
#800=ORIENTED_EDGE('',*,*,#569,.F.);
#801=ORIENTED_EDGE('',*,*,#575,.T.);
#802=ORIENTED_EDGE('',*,*,#506,.T.);
#803=ORIENTED_EDGE('',*,*,#493,.T.);
#804=ORIENTED_EDGE('',*,*,#568,.F.);
#805=ORIENTED_EDGE('',*,*,#576,.T.);
#806=ORIENTED_EDGE('',*,*,#507,.T.);
#807=ORIENTED_EDGE('',*,*,#575,.F.);
#808=ORIENTED_EDGE('',*,*,#567,.F.);
#809=ORIENTED_EDGE('',*,*,#501,.T.);
#810=ORIENTED_EDGE('',*,*,#503,.T.);
#811=ORIENTED_EDGE('',*,*,#576,.F.);
#812=ORIENTED_EDGE('',*,*,#574,.F.);
#813=ORIENTED_EDGE('',*,*,#577,.F.);
#814=ORIENTED_EDGE('',*,*,#578,.T.);
#815=ORIENTED_EDGE('',*,*,#579,.T.);
#816=ORIENTED_EDGE('',*,*,#580,.T.);
#817=ORIENTED_EDGE('',*,*,#581,.F.);
#818=ORIENTED_EDGE('',*,*,#582,.T.);
#819=ORIENTED_EDGE('',*,*,#583,.T.);
#820=ORIENTED_EDGE('',*,*,#584,.T.);
#821=ORIENTED_EDGE('',*,*,#585,.T.);
#822=ORIENTED_EDGE('',*,*,#586,.T.);
#823=ORIENTED_EDGE('',*,*,#587,.T.);
#824=ORIENTED_EDGE('',*,*,#588,.T.);
#825=ORIENTED_EDGE('',*,*,#479,.T.);
#826=ORIENTED_EDGE('',*,*,#589,.F.);
#827=ORIENTED_EDGE('',*,*,#588,.F.);
#828=ORIENTED_EDGE('',*,*,#590,.T.);
#829=ORIENTED_EDGE('',*,*,#480,.T.);
#830=ORIENTED_EDGE('',*,*,#590,.F.);
#831=ORIENTED_EDGE('',*,*,#587,.F.);
#832=ORIENTED_EDGE('',*,*,#591,.T.);
#833=ORIENTED_EDGE('',*,*,#490,.T.);
#834=ORIENTED_EDGE('',*,*,#592,.F.);
#835=ORIENTED_EDGE('',*,*,#577,.T.);
#836=ORIENTED_EDGE('',*,*,#589,.T.);
#837=ORIENTED_EDGE('',*,*,#481,.T.);
#838=ORIENTED_EDGE('',*,*,#591,.F.);
#839=ORIENTED_EDGE('',*,*,#586,.F.);
#840=ORIENTED_EDGE('',*,*,#593,.T.);
#841=ORIENTED_EDGE('',*,*,#489,.T.);
#842=ORIENTED_EDGE('',*,*,#594,.F.);
#843=ORIENTED_EDGE('',*,*,#578,.F.);
#844=ORIENTED_EDGE('',*,*,#592,.T.);
#845=ORIENTED_EDGE('',*,*,#482,.T.);
#846=ORIENTED_EDGE('',*,*,#593,.F.);
#847=ORIENTED_EDGE('',*,*,#585,.F.);
#848=ORIENTED_EDGE('',*,*,#595,.T.);
#849=ORIENTED_EDGE('',*,*,#488,.T.);
#850=ORIENTED_EDGE('',*,*,#596,.F.);
#851=ORIENTED_EDGE('',*,*,#579,.F.);
#852=ORIENTED_EDGE('',*,*,#594,.T.);
#853=ORIENTED_EDGE('',*,*,#483,.T.);
#854=ORIENTED_EDGE('',*,*,#595,.F.);
#855=ORIENTED_EDGE('',*,*,#584,.F.);
#856=ORIENTED_EDGE('',*,*,#597,.T.);
#857=ORIENTED_EDGE('',*,*,#487,.T.);
#858=ORIENTED_EDGE('',*,*,#598,.F.);
#859=ORIENTED_EDGE('',*,*,#580,.F.);
#860=ORIENTED_EDGE('',*,*,#596,.T.);
#861=ORIENTED_EDGE('',*,*,#484,.T.);
#862=ORIENTED_EDGE('',*,*,#597,.F.);
#863=ORIENTED_EDGE('',*,*,#583,.F.);
#864=ORIENTED_EDGE('',*,*,#599,.T.);
#865=ORIENTED_EDGE('',*,*,#485,.T.);
#866=ORIENTED_EDGE('',*,*,#599,.F.);
#867=ORIENTED_EDGE('',*,*,#582,.F.);
#868=ORIENTED_EDGE('',*,*,#600,.T.);
#869=ORIENTED_EDGE('',*,*,#486,.T.);
#870=ORIENTED_EDGE('',*,*,#600,.F.);
#871=ORIENTED_EDGE('',*,*,#581,.T.);
#872=ORIENTED_EDGE('',*,*,#598,.T.);
#873=ORIENTED_EDGE('',*,*,#570,.T.);
#874=ORIENTED_EDGE('',*,*,#491,.T.);
#875=ORIENTED_EDGE('',*,*,#474,.T.);
#876=ORIENTED_EDGE('',*,*,#601,.F.);
#877=ORIENTED_EDGE('',*,*,#571,.T.);
#878=ORIENTED_EDGE('',*,*,#601,.T.);
#879=ORIENTED_EDGE('',*,*,#473,.T.);
#880=ORIENTED_EDGE('',*,*,#602,.F.);
#881=ORIENTED_EDGE('',*,*,#572,.T.);
#882=ORIENTED_EDGE('',*,*,#602,.T.);
#883=ORIENTED_EDGE('',*,*,#472,.T.);
#884=ORIENTED_EDGE('',*,*,#497,.T.);
#885=B_SPLINE_SURFACE_WITH_KNOTS('',1,1,((#1186,#1187),(#1188,#1189)),
 .UNSPECIFIED.,.F.,.F.,.F.,(2,2),(2,2),(-0.999392117738483,0.599999999999914),
(-9.14198434289023E-12,0.0348625157267106),.UNSPECIFIED.);
#886=B_SPLINE_SURFACE_WITH_KNOTS('',3,3,((#1253,#1254,#1255,#1256),(#1257,
#1258,#1259,#1260),(#1261,#1262,#1263,#1264),(#1265,#1266,#1267,#1268)),
 .UNSPECIFIED.,.F.,.F.,.F.,(4,4),(4,4),(0.31398942083913,0.446089791449299),
(0.27337796155273,0.397571178209202),.UNSPECIFIED.);
#887=B_SPLINE_SURFACE_WITH_KNOTS('',3,3,((#1343,#1344,#1345,#1346),(#1347,
#1348,#1349,#1350),(#1351,#1352,#1353,#1354),(#1355,#1356,#1357,#1358)),
 .UNSPECIFIED.,.F.,.F.,.F.,(4,4),(4,4),(0.144249349308385,0.369189712962658),
(0.345554608542875,0.504610988337118),.UNSPECIFIED.);
#888=B_SPLINE_SURFACE_WITH_KNOTS('',3,3,((#1419,#1420,#1421,#1422),(#1423,
#1424,#1425,#1426),(#1427,#1428,#1429,#1430),(#1431,#1432,#1433,#1434)),
 .UNSPECIFIED.,.F.,.F.,.F.,(4,4),(4,4),(0.390261350364136,0.553963009461846),
(0.345554608543346,0.506454113310207),.UNSPECIFIED.);
#889=B_SPLINE_SURFACE_WITH_KNOTS('',3,3,((#1481,#1482,#1483,#1484),(#1485,
#1486,#1487,#1488),(#1489,#1490,#1491,#1492),(#1493,#1494,#1495,#1496)),
 .UNSPECIFIED.,.F.,.F.,.F.,(4,4),(4,4),(0.144252656282213,0.369170646772608),
(0.173178815626853,0.325392479187515),.UNSPECIFIED.);
#890=B_SPLINE_SURFACE_WITH_KNOTS('',3,3,((#1594,#1595,#1596,#1597),(#1598,
#1599,#1600,#1601),(#1602,#1603,#1604,#1605),(#1606,#1607,#1608,#1609)),
 .UNSPECIFIED.,.F.,.F.,.F.,(4,4),(4,4),(0.,1.),(0.0225958730308875,1.),
 .UNSPECIFIED.);
#891=B_SPLINE_SURFACE_WITH_KNOTS('',3,3,((#1618,#1619,#1620,#1621),(#1622,
#1623,#1624,#1625),(#1626,#1627,#1628,#1629),(#1630,#1631,#1632,#1633),
(#1634,#1635,#1636,#1637)),.UNSPECIFIED.,.F.,.F.,.F.,(4,1,4),(4,4),(0.,
0.571428571428571,1.),(0.,10.6626286876675),.UNSPECIFIED.);
#892=B_SPLINE_SURFACE_WITH_KNOTS('',3,3,((#1646,#1647,#1648,#1649,#1650),
(#1651,#1652,#1653,#1654,#1655),(#1656,#1657,#1658,#1659,#1660),(#1661,
#1662,#1663,#1664,#1665),(#1666,#1667,#1668,#1669,#1670)),.UNSPECIFIED.,
 .F.,.F.,.F.,(4,1,4),(4,1,4),(0.,0.5,1.),(0.,0.953231153846039,2.22420602564076),
 .UNSPECIFIED.);
#893=B_SPLINE_SURFACE_WITH_KNOTS('',3,3,((#1683,#1684,#1685,#1686,#1687,
#1688),(#1689,#1690,#1691,#1692,#1693,#1694),(#1695,#1696,#1697,#1698,#1699,
#1700),(#1701,#1702,#1703,#1704,#1705,#1706),(#1707,#1708,#1709,#1710,#1711,
#1712)),.UNSPECIFIED.,.F.,.F.,.F.,(4,1,4),(4,1,1,4),(0.,0.571428571428571,
1.),(0.,1.31166964910207,1.63958706137759,2.29542188592862),
 .UNSPECIFIED.);
#894=B_SPLINE_SURFACE_WITH_KNOTS('',3,3,((#1728,#1729,#1730,#1731),(#1732,
#1733,#1734,#1735),(#1736,#1737,#1738,#1739),(#1740,#1741,#1742,#1743),
(#1744,#1745,#1746,#1747)),.UNSPECIFIED.,.F.,.F.,.F.,(4,1,4),(4,4),(0.,
0.5,1.),(0.,9.01549572456142),.UNSPECIFIED.);
#895=B_SPLINE_SURFACE_WITH_KNOTS('',3,3,((#1754,#1755,#1756,#1757),(#1758,
#1759,#1760,#1761),(#1762,#1763,#1764,#1765),(#1766,#1767,#1768,#1769),
(#1770,#1771,#1772,#1773)),.UNSPECIFIED.,.F.,.F.,.F.,(4,1,4),(4,4),(0.,
0.571428571428571,1.),(0.,8.97558077860775),.UNSPECIFIED.);
#896=B_SPLINE_SURFACE_WITH_KNOTS('',3,3,((#1785,#1786,#1787,#1788,#1789,
#1790),(#1791,#1792,#1793,#1794,#1795,#1796),(#1797,#1798,#1799,#1800,#1801,
#1802),(#1803,#1804,#1805,#1806,#1807,#1808),(#1809,#1810,#1811,#1812,#1813,
#1814)),.UNSPECIFIED.,.F.,.F.,.F.,(4,1,4),(4,1,1,4),(0.,0.5,1.),(0.,0.953240200488104,
1.58873366748017,2.22422713447224),.UNSPECIFIED.);
#897=B_SPLINE_SURFACE_WITH_KNOTS('',3,3,((#1830,#1831,#1832,#1833,#1834,
#1835),(#1836,#1837,#1838,#1839,#1840,#1841),(#1842,#1843,#1844,#1845,#1846,
#1847),(#1848,#1849,#1850,#1851,#1852,#1853),(#1854,#1855,#1856,#1857,#1858,
#1859)),.UNSPECIFIED.,.F.,.F.,.F.,(4,1,4),(4,1,1,4),(0.,0.571428571428571,
1.),(0.,0.655834926810942,0.983752390216413,2.2954222438383),
 .UNSPECIFIED.);
#898=B_SPLINE_SURFACE_WITH_KNOTS('',3,3,((#1875,#1876,#1877,#1878),(#1879,
#1880,#1881,#1882),(#1883,#1884,#1885,#1886),(#1887,#1888,#1889,#1890),
(#1891,#1892,#1893,#1894)),.UNSPECIFIED.,.F.,.F.,.F.,(4,1,4),(4,4),(0.,
0.571428571428571,1.),(9.88549621708788E-14,10.6626286875879),
 .UNSPECIFIED.);
#899=B_SPLINE_SURFACE_WITH_KNOTS('',3,3,((#1903,#1904,#1905,#1906),(#1907,
#1908,#1909,#1910),(#1911,#1912,#1913,#1914),(#1915,#1916,#1917,#1918),
(#1919,#1920,#1921,#1922)),.UNSPECIFIED.,.F.,.F.,.F.,(4,1,4),(4,4),(0.,
0.571428571428571,1.),(0.0222200243251482,1.),.UNSPECIFIED.);
#900=B_SPLINE_SURFACE_WITH_KNOTS('',3,3,((#1924,#1925,#1926,#1927),(#1928,
#1929,#1930,#1931),(#1932,#1933,#1934,#1935),(#1936,#1937,#1938,#1939),
(#1940,#1941,#1942,#1943)),.UNSPECIFIED.,.F.,.F.,.F.,(4,1,4),(4,4),(0.,
0.571428571428571,1.),(0.021938873723739,1.),.UNSPECIFIED.);
#901=B_SPLINE_SURFACE_WITH_KNOTS('',3,3,((#1966,#1967,#1968,#1969),(#1970,
#1971,#1972,#1973),(#1974,#1975,#1976,#1977),(#1978,#1979,#1980,#1981)),
 .UNSPECIFIED.,.F.,.F.,.F.,(4,4),(4,4),(0.390266364776683,0.553936597332974),
(0.173178815626739,0.325392479173698),.UNSPECIFIED.);
#902=B_SPLINE_SURFACE_WITH_KNOTS('',3,3,((#2028,#2029,#2030,#2031),(#2032,
#2033,#2034,#2035),(#2036,#2037,#2038,#2039),(#2040,#2041,#2042,#2043)),
 .UNSPECIFIED.,.F.,.F.,.F.,(4,4),(4,4),(0.,1.),(0.0225959902466251,1.),
 .UNSPECIFIED.);
#903=B_SPLINE_SURFACE_WITH_KNOTS('',3,3,((#2045,#2046,#2047,#2048),(#2049,
#2050,#2051,#2052),(#2053,#2054,#2055,#2056),(#2057,#2058,#2059,#2060),
(#2061,#2062,#2063,#2064)),.UNSPECIFIED.,.F.,.F.,.F.,(4,1,4),(4,4),(0.,
0.571428571428571,1.),(0.0212141027985409,1.),.UNSPECIFIED.);
#904=B_SPLINE_SURFACE_WITH_KNOTS('',3,3,((#2068,#2069,#2070,#2071),(#2072,
#2073,#2074,#2075),(#2076,#2077,#2078,#2079),(#2080,#2081,#2082,#2083),
(#2084,#2085,#2086,#2087)),.UNSPECIFIED.,.F.,.F.,.F.,(4,1,4),(4,4),(0.,
0.571428571428571,1.),(0.0212103965266888,1.),.UNSPECIFIED.);
#905=B_SPLINE_SURFACE_WITH_KNOTS('',1,1,((#2099,#2100,#2101),(#2102,#2103,
#2104),(#2105,#2106,#2107),(#2108,#2109,#2110)),.UNSPECIFIED.,.F.,.F.,.F.,
(2,1,1,2),(2,1,2),(-66.2000000000287,-3.43547412740008E-12,18.0000000000034,
20.7000000000045),(0.,3.,10.5),.UNSPECIFIED.);
#906=B_SPLINE_SURFACE_WITH_KNOTS('',1,1,((#2113,#2114,#2115,#2116),(#2117,
#2118,#2119,#2120),(#2121,#2122,#2123,#2124)),.UNSPECIFIED.,.F.,.F.,.F.,
(2,1,2),(2,1,1,2),(-48.4999999999987,2.02504679691629E-13,17.9999999999998),
(-113.999999999985,0.,3.,39.6500020000385),.UNSPECIFIED.);
#907=B_SPLINE_SURFACE_WITH_KNOTS('',1,1,((#2161,#2162,#2163),(#2164,#2165,
#2166),(#2167,#2168,#2169),(#2170,#2171,#2172)),.UNSPECIFIED.,.F.,.F.,.F.,
(2,1,1,2),(2,1,2),(-66.2000000000287,-3.43547412740008E-12,18.0000000000034,
20.7000000000045),(0.,3.,10.5),.UNSPECIFIED.);
#908=B_SPLINE_SURFACE_WITH_KNOTS('',1,1,((#2222,#2223,#2224),(#2225,#2226,
#2227),(#2228,#2229,#2230)),.UNSPECIFIED.,.F.,.F.,.F.,(2,1,2),(2,1,2),(2.02504679691629E-13,
17.9999999999998,66.4999999999987),(0.,3.,10.5),.UNSPECIFIED.);
#909=ADVANCED_FACE('',(#195),#885,.T.);
#910=ADVANCED_FACE('',(#196),#164,.F.);
#911=ADVANCED_FACE('',(#197),#165,.F.);
#912=ADVANCED_FACE('',(#198),#886,.F.);
#913=ADVANCED_FACE('',(#199),#887,.F.);
#914=ADVANCED_FACE('',(#200),#888,.F.);
#915=ADVANCED_FACE('',(#201),#889,.F.);
#916=ADVANCED_FACE('',(#202),#166,.F.);
#917=ADVANCED_FACE('',(#203,#16),#167,.F.);
#918=ADVANCED_FACE('',(#204),#168,.T.);
#919=ADVANCED_FACE('',(#205),#890,.T.);
#920=ADVANCED_FACE('',(#206),#891,.F.);
#921=ADVANCED_FACE('',(#207),#892,.F.);
#922=ADVANCED_FACE('',(#208),#893,.F.);
#923=ADVANCED_FACE('',(#209),#894,.F.);
#924=ADVANCED_FACE('',(#210),#895,.F.);
#925=ADVANCED_FACE('',(#211),#896,.F.);
#926=ADVANCED_FACE('',(#212),#897,.F.);
#927=ADVANCED_FACE('',(#213),#898,.F.);
#928=ADVANCED_FACE('',(#214),#899,.T.);
#929=ADVANCED_FACE('',(#215),#900,.T.);
#930=ADVANCED_FACE('',(#216),#15,.T.);
#931=ADVANCED_FACE('',(#217),#169,.T.);
#932=ADVANCED_FACE('',(#218),#901,.F.);
#933=ADVANCED_FACE('',(#219),#902,.T.);
#934=ADVANCED_FACE('',(#220),#903,.T.);
#935=ADVANCED_FACE('',(#221),#170,.T.);
#936=ADVANCED_FACE('',(#222),#904,.T.);
#937=ADVANCED_FACE('',(#223),#171,.F.);
#938=ADVANCED_FACE('',(#224),#172,.T.);
#939=ADVANCED_FACE('',(#225),#905,.F.);
#940=ADVANCED_FACE('',(#226),#906,.F.);
#941=ADVANCED_FACE('',(#227),#173,.F.);
#942=ADVANCED_FACE('',(#228),#174,.T.);
#943=ADVANCED_FACE('',(#229),#14,.T.);
#944=ADVANCED_FACE('',(#230),#175,.T.);
#945=ADVANCED_FACE('',(#231),#176,.F.);
#946=ADVANCED_FACE('',(#232),#907,.F.);
#947=ADVANCED_FACE('',(#233,#17),#177,.T.);
#948=ADVANCED_FACE('',(#234),#178,.T.);
#949=ADVANCED_FACE('',(#235),#179,.T.);
#950=ADVANCED_FACE('',(#236),#180,.T.);
#951=ADVANCED_FACE('',(#237),#181,.T.);
#952=ADVANCED_FACE('',(#238),#182,.T.);
#953=ADVANCED_FACE('',(#239),#183,.T.);
#954=ADVANCED_FACE('',(#240),#184,.T.);
#955=ADVANCED_FACE('',(#241),#185,.T.);
#956=ADVANCED_FACE('',(#242),#186,.T.);
#957=ADVANCED_FACE('',(#243),#187,.T.);
#958=ADVANCED_FACE('',(#244),#188,.T.);
#959=ADVANCED_FACE('',(#245),#189,.T.);
#960=ADVANCED_FACE('',(#246),#908,.F.);
#961=ADVANCED_FACE('',(#247),#190,.F.);
#962=ADVANCED_FACE('',(#248),#191,.T.);
#963=OPEN_SHELL('',(#909));
#964=SHELL_BASED_SURFACE_MODEL('Body28',(#963));
#965=DERIVED_UNIT_ELEMENT(#967,1.);
#966=DERIVED_UNIT_ELEMENT(#2241,-3.);
#967=(
MASS_UNIT()
NAMED_UNIT(*)
SI_UNIT(.KILO.,.GRAM.)
);
#968=DERIVED_UNIT((#965,#966));
#969=MEASURE_REPRESENTATION_ITEM('density measure',
POSITIVE_RATIO_MEASURE(7850.),#968);
#970=PROPERTY_DEFINITION_REPRESENTATION(#975,#972);
#971=PROPERTY_DEFINITION_REPRESENTATION(#976,#973);
#972=REPRESENTATION('material name',(#974),#2238);
#973=REPRESENTATION('density',(#969),#2238);
#974=DESCRIPTIVE_REPRESENTATION_ITEM('Steel','Steel');
#975=PROPERTY_DEFINITION('material property','material name',#2248);
#976=PROPERTY_DEFINITION('material property','density of part',#2248);
#977=AXIS2_PLACEMENT_3D('',#1185,#1025,#1026);
#978=AXIS2_PLACEMENT_3D('',#1202,#1027,#1028);
#979=AXIS2_PLACEMENT_3D('',#1229,#1035,#1036);
#980=AXIS2_PLACEMENT_3D('',#1558,#1042,#1043);
#981=AXIS2_PLACEMENT_3D('',#1567,#1049,#1050);
#982=AXIS2_PLACEMENT_3D('',#1572,#1052,#1053);
#983=AXIS2_PLACEMENT_3D('',#1576,#1055,#1056);
#984=AXIS2_PLACEMENT_3D('',#1580,#1058,#1059);
#985=AXIS2_PLACEMENT_3D('',#1583,#1061,#1062);
#986=AXIS2_PLACEMENT_3D('',#1585,#1064,#1065);
#987=AXIS2_PLACEMENT_3D('',#1639,#1070,#1071);
#988=AXIS2_PLACEMENT_3D('',#1641,#1072,#1073);
#989=AXIS2_PLACEMENT_3D('',#1677,#1074,#1075);
#990=AXIS2_PLACEMENT_3D('',#1715,#1076,#1077);
#991=AXIS2_PLACEMENT_3D('',#1749,#1078,#1079);
#992=AXIS2_PLACEMENT_3D('',#1776,#1080,#1081);
#993=AXIS2_PLACEMENT_3D('',#1823,#1082,#1083);
#994=AXIS2_PLACEMENT_3D('',#1862,#1084,#1085);
#995=AXIS2_PLACEMENT_3D('',#1950,#1087,#1088);
#996=AXIS2_PLACEMENT_3D('',#2066,#1093,#1094);
#997=AXIS2_PLACEMENT_3D('',#2088,#1096,#1097);
#998=AXIS2_PLACEMENT_3D('',#2091,#1098,#1099);
#999=AXIS2_PLACEMENT_3D('',#2096,#1101,#1102);
#1000=AXIS2_PLACEMENT_3D('',#2097,#1103,#1104);
#1001=AXIS2_PLACEMENT_3D('',#2132,#1106,#1107);
#1002=AXIS2_PLACEMENT_3D('',#2134,#1108,#1109);
#1003=AXIS2_PLACEMENT_3D('',#2136,#1111,#1112);
#1004=AXIS2_PLACEMENT_3D('',#2138,#1114,#1115);
#1005=AXIS2_PLACEMENT_3D('',#2143,#1116,#1117);
#1006=AXIS2_PLACEMENT_3D('',#2151,#1119,#1120);
#1007=AXIS2_PLACEMENT_3D('',#2155,#1123,#1124);
#1008=AXIS2_PLACEMENT_3D('',#2156,#1125,#1126);
#1009=AXIS2_PLACEMENT_3D('',#2158,#1128,#1129);
#1010=AXIS2_PLACEMENT_3D('',#2173,#1130,#1131);
#1011=AXIS2_PLACEMENT_3D('',#2198,#1144,#1145);
#1012=AXIS2_PLACEMENT_3D('',#2201,#1148,#1149);
#1013=AXIS2_PLACEMENT_3D('',#2203,#1151,#1152);
#1014=AXIS2_PLACEMENT_3D('',#2205,#1154,#1155);
#1015=AXIS2_PLACEMENT_3D('',#2207,#1157,#1158);
#1016=AXIS2_PLACEMENT_3D('',#2209,#1160,#1161);
#1017=AXIS2_PLACEMENT_3D('',#2211,#1163,#1164);
#1018=AXIS2_PLACEMENT_3D('',#2213,#1166,#1167);
#1019=AXIS2_PLACEMENT_3D('',#2215,#1169,#1170);
#1020=AXIS2_PLACEMENT_3D('',#2217,#1172,#1173);
#1021=AXIS2_PLACEMENT_3D('',#2219,#1175,#1176);
#1022=AXIS2_PLACEMENT_3D('',#2221,#1178,#1179);
#1023=AXIS2_PLACEMENT_3D('',#2233,#1180,#1181);
#1024=AXIS2_PLACEMENT_3D('',#2235,#1183,#1184);
#1025=DIRECTION('axis',(0.,0.,1.));
#1026=DIRECTION('refdir',(1.,0.,0.));
#1027=DIRECTION('center_axis',(-2.15465320833926E-17,-0.940880095846728,
0.33873978986746));
#1028=DIRECTION('ref_axis',(0.,-0.33873978986746,-0.940880095846728));
#1029=DIRECTION('',(0.,0.33873978986746,0.940880095846728));
#1030=DIRECTION('',(-1.,2.29004016330074E-17,0.));
#1031=DIRECTION('',(-6.84626764809178E-14,-0.33873978986746,-0.940880095846728));
#1032=DIRECTION('',(0.291559846987972,-0.324022423013051,-0.900001291670796));
#1033=DIRECTION('',(-1.,3.42076412572844E-17,3.14068704642415E-17));
#1034=DIRECTION('',(0.301943307514208,0.32292940925592,0.896965348096014));
#1035=DIRECTION('center_axis',(0.951325893333488,-1.05282102480508E-13,
0.308186704244751));
#1036=DIRECTION('ref_axis',(1.10668807837864E-13,1.,0.));
#1037=DIRECTION('',(-0.308186704244751,1.24575188741094E-13,0.951325893333488));
#1038=DIRECTION('',(-1.10668807837864E-13,-1.,0.));
#1039=DIRECTION('',(0.308186704244751,-3.41066551502471E-14,-0.951325893333488));
#1040=DIRECTION('',(0.307181537659929,0.0806998379269186,-0.948223095626473));
#1041=DIRECTION('',(-1.10663978743134E-13,-1.,-1.49066873908435E-17));
#1042=DIRECTION('center_axis',(3.04878835501587E-13,0.996398007205858,0.0847998304019228));
#1043=DIRECTION('ref_axis',(-1.,3.05980976775076E-13,0.));
#1044=DIRECTION('',(2.59471349367411E-14,0.0847998304019228,-0.996398007205858));
#1045=DIRECTION('',(-0.322487783801301,0.0802692829415662,-0.943164074546403));
#1046=DIRECTION('',(1.,-3.0597830384993E-13,-3.1406870464246E-17));
#1047=DIRECTION('',(-1.71388881026204E-14,-0.0847998304019228,0.996398007205858));
#1048=DIRECTION('',(1.,-3.05980976775076E-13,0.));
#1049=DIRECTION('center_axis',(3.14068704642415E-17,-1.49066873908469E-17,
1.));
#1050=DIRECTION('ref_axis',(1.,0.,-3.14068704642415E-17));
#1051=DIRECTION('',(1.,0.,0.));
#1052=DIRECTION('center_axis',(0.,0.,-1.));
#1053=DIRECTION('ref_axis',(1.,7.10542735760095E-15,0.));
#1054=DIRECTION('',(0.,-1.,0.));
#1055=DIRECTION('center_axis',(0.,0.,-1.));
#1056=DIRECTION('ref_axis',(7.10542735760095E-15,-1.,0.));
#1057=DIRECTION('',(-1.,0.,0.));
#1058=DIRECTION('center_axis',(0.,0.,-1.));
#1059=DIRECTION('ref_axis',(-1.,-7.10542735760095E-15,0.));
#1060=DIRECTION('',(0.,1.,0.));
#1061=DIRECTION('center_axis',(0.,0.,-1.));
#1062=DIRECTION('ref_axis',(-7.10542735760095E-15,1.,0.));
#1063=DIRECTION('',(0.0118913367601302,-0.999929295555469,-1.52791030950673E-17));
#1064=DIRECTION('center_axis',(0.,0.996398007205757,0.0847998304031115));
#1065=DIRECTION('ref_axis',(0.,-0.0847998304031115,0.996398007205757));
#1066=DIRECTION('',(0.430528385910544,0.0765383797185897,-0.899325961682034));
#1067=DIRECTION('',(-0.430528385912501,0.0765383797198968,-0.899325961680985));
#1068=DIRECTION('',(0.283887319776317,-0.44546146208763,-0.849100745179846));
#1069=DIRECTION('',(0.29777228202692,0.228186493438144,-0.926964180682773));
#1070=DIRECTION('center_axis',(-3.82225303545368E-5,0.999392376216917,0.0348550842567196));
#1071=DIRECTION('ref_axis',(-0.19096414500008,-0.0342209413052572,0.981000317278527));
#1072=DIRECTION('center_axis',(3.4442793214059E-5,-0.999392350542998,-0.034855824331611));
#1073=DIRECTION('ref_axis',(0.9527829563379,-0.0105512499462499,0.303468794502141));
#1074=DIRECTION('center_axis',(0.989106822933141,-0.0124824926419624,0.146669288552689));
#1075=DIRECTION('ref_axis',(-9.20152842809325E-13,0.996398007205925,0.0847998304011415));
#1076=DIRECTION('center_axis',(0.987552537580093,0.0532802107943589,0.14799055597175));
#1077=DIRECTION('ref_axis',(-0.146292857464335,-0.0344874412770117,0.988639983132932));
#1078=DIRECTION('center_axis',(0.989106822933397,0.0124824926430099,-0.146669288550871));
#1079=DIRECTION('ref_axis',(3.55271367880048E-15,0.996398007205757,0.0847998304031132));
#1080=DIRECTION('center_axis',(0.98755253757402,-0.0532802109129024,-0.147990555969596));
#1081=DIRECTION('ref_axis',(0.146292857459034,-0.0344874412773848,0.988639983133704));
#1082=DIRECTION('center_axis',(3.44427921772663E-5,0.999392350542974,0.0348558243322753));
#1083=DIRECTION('ref_axis',(-0.952782956337013,-0.010551249947536,0.303468794504883));
#1084=DIRECTION('center_axis',(-3.82225312759064E-5,-0.999392376216907,
-0.0348550842569982));
#1085=DIRECTION('ref_axis',(0.190964144997171,-0.0342209413057262,0.981000317279077));
#1086=DIRECTION('',(-0.297772282029797,0.228186493439303,-0.926964180681563));
#1087=DIRECTION('center_axis',(0.946450232904348,0.0112553542497395,-0.322653488491939));
#1088=DIRECTION('ref_axis',(-0.0118913367601302,0.999929295555469,0.));
#1089=DIRECTION('',(-0.322673927789771,1.30431212322248E-13,-0.946510188177983));
#1090=DIRECTION('',(-0.0118913367601302,0.999929295555469,0.));
#1091=DIRECTION('',(-0.283887319779165,-0.445461462087239,-0.849100745179099));
#1092=DIRECTION('',(0.42912265162083,-0.305965437746879,-0.849846398339293));
#1093=DIRECTION('center_axis',(-2.15465320833926E-17,-0.940880095846728,
0.33873978986746));
#1094=DIRECTION('ref_axis',(0.,-0.33873978986746,-0.940880095846728));
#1095=DIRECTION('',(-0.429122651623377,-0.305965437746469,-0.849846398338154));
#1096=DIRECTION('center_axis',(0.,0.,1.));
#1097=DIRECTION('ref_axis',(1.,0.,0.));
#1098=DIRECTION('center_axis',(0.,0.,-1.));
#1099=DIRECTION('ref_axis',(0.,1.,0.));
#1100=DIRECTION('',(-2.02109933727317E-13,-1.,0.));
#1101=DIRECTION('center_axis',(0.,0.,-1.));
#1102=DIRECTION('ref_axis',(0.,1.,0.));
#1103=DIRECTION('center_axis',(1.,-2.02109933727317E-13,0.));
#1104=DIRECTION('ref_axis',(0.,0.,-1.));
#1105=DIRECTION('',(0.,0.,-1.));
#1106=DIRECTION('center_axis',(0.,0.,1.));
#1107=DIRECTION('ref_axis',(1.,0.,0.));
#1108=DIRECTION('center_axis',(0.,0.,-1.));
#1109=DIRECTION('ref_axis',(0.,1.,0.));
#1110=DIRECTION('',(-1.,4.04219867454635E-13,0.));
#1111=DIRECTION('center_axis',(-4.04219867454635E-13,-1.,0.));
#1112=DIRECTION('ref_axis',(0.,0.,-1.));
#1113=DIRECTION('',(0.,0.,-1.));
#1114=DIRECTION('center_axis',(0.,0.,1.));
#1115=DIRECTION('ref_axis',(0.,1.,0.));
#1116=DIRECTION('center_axis',(0.,0.,-1.));
#1117=DIRECTION('ref_axis',(0.,1.,0.));
#1118=DIRECTION('',(0.,0.,1.));
#1119=DIRECTION('center_axis',(0.,0.,1.));
#1120=DIRECTION('ref_axis',(0.,1.,0.));
#1121=DIRECTION('',(0.,0.,-1.));
#1122=DIRECTION('',(0.,0.,-1.));
#1123=DIRECTION('center_axis',(0.,-3.06161699786838E-16,-1.));
#1124=DIRECTION('ref_axis',(0.,1.,0.));
#1125=DIRECTION('center_axis',(1.,-2.02109933727317E-13,0.));
#1126=DIRECTION('ref_axis',(0.,0.,-1.));
#1127=DIRECTION('',(-2.02109933727317E-13,-1.,0.));
#1128=DIRECTION('center_axis',(0.,0.,1.));
#1129=DIRECTION('ref_axis',(1.,0.,0.));
#1130=DIRECTION('center_axis',(0.,-3.06161699786838E-16,-1.));
#1131=DIRECTION('ref_axis',(0.,1.,-3.06161699786838E-16));
#1132=DIRECTION('',(0.,-1.,3.06161699786838E-16));
#1133=DIRECTION('',(-1.,0.,0.));
#1134=DIRECTION('',(0.,-1.,3.06161699786838E-16));
#1135=DIRECTION('',(1.,0.,0.));
#1136=DIRECTION('',(0.,-1.,3.06161699786838E-16));
#1137=DIRECTION('',(1.,0.,0.));
#1138=DIRECTION('',(0.,1.,-3.06161699786838E-16));
#1139=DIRECTION('',(1.,0.,0.));
#1140=DIRECTION('',(0.,1.,-3.06161699786838E-16));
#1141=DIRECTION('',(-1.,0.,0.));
#1142=DIRECTION('',(0.,1.,-3.06161699786838E-16));
#1143=DIRECTION('',(-1.,0.,0.));
#1144=DIRECTION('center_axis',(0.,-1.,0.));
#1145=DIRECTION('ref_axis',(1.,0.,0.));
#1146=DIRECTION('',(0.,0.,1.));
#1147=DIRECTION('',(0.,0.,1.));
#1148=DIRECTION('center_axis',(-1.,0.,0.));
#1149=DIRECTION('ref_axis',(0.,-1.,3.06161699786838E-16));
#1150=DIRECTION('',(0.,0.,1.));
#1151=DIRECTION('center_axis',(1.,0.,0.));
#1152=DIRECTION('ref_axis',(0.,1.,-3.06161699786838E-16));
#1153=DIRECTION('',(0.,0.,1.));
#1154=DIRECTION('center_axis',(0.,-1.,0.));
#1155=DIRECTION('ref_axis',(1.,0.,0.));
#1156=DIRECTION('',(0.,0.,1.));
#1157=DIRECTION('center_axis',(0.,-1.,0.));
#1158=DIRECTION('ref_axis',(1.,0.,0.));
#1159=DIRECTION('',(0.,0.,1.));
#1160=DIRECTION('center_axis',(-1.,0.,0.));
#1161=DIRECTION('ref_axis',(0.,-1.,3.06161699786838E-16));
#1162=DIRECTION('',(0.,0.,1.));
#1163=DIRECTION('center_axis',(1.,0.,0.));
#1164=DIRECTION('ref_axis',(0.,1.,-3.06161699786838E-16));
#1165=DIRECTION('',(0.,0.,1.));
#1166=DIRECTION('center_axis',(0.,1.,0.));
#1167=DIRECTION('ref_axis',(-1.,0.,0.));
#1168=DIRECTION('',(0.,0.,1.));
#1169=DIRECTION('center_axis',(0.,1.,0.));
#1170=DIRECTION('ref_axis',(-1.,0.,0.));
#1171=DIRECTION('',(0.,0.,1.));
#1172=DIRECTION('center_axis',(-1.,0.,0.));
#1173=DIRECTION('ref_axis',(0.,-1.,3.06161699786838E-16));
#1174=DIRECTION('',(0.,0.,1.));
#1175=DIRECTION('center_axis',(0.,1.,0.));
#1176=DIRECTION('ref_axis',(-1.,0.,0.));
#1177=DIRECTION('',(0.,0.,1.));
#1178=DIRECTION('center_axis',(1.,0.,0.));
#1179=DIRECTION('ref_axis',(0.,1.,-3.06161699786838E-16));
#1180=DIRECTION('center_axis',(0.,0.,1.));
#1181=DIRECTION('ref_axis',(1.,0.,0.));
#1182=DIRECTION('',(1.,-4.04219867454635E-13,0.));
#1183=DIRECTION('center_axis',(-4.04219867454635E-13,-1.,0.));
#1184=DIRECTION('ref_axis',(0.,0.,-1.));
#1185=CARTESIAN_POINT('',(0.,0.,0.));
#1186=CARTESIAN_POINT('Ctrl Pts',(247.655043830175,278.537362314228,10.154746994852));
#1187=CARTESIAN_POINT('Ctrl Pts',(247.655043830175,278.572203637668,10.155962389855));
#1188=CARTESIAN_POINT('Ctrl Pts',(247.655043830175,278.593121147087,8.55632711921155));
#1189=CARTESIAN_POINT('Ctrl Pts',(247.655043830175,278.627962470528,8.55754251421461));
#1190=CARTESIAN_POINT('',(247.655043830175,278.572203637659,9.15596238985472));
#1191=CARTESIAN_POINT('',(247.655043830175,278.593121147096,8.5563271192118));
#1192=CARTESIAN_POINT('Ctrl Pts',(247.655043830175,278.572203637659,9.15596238985472));
#1193=CARTESIAN_POINT('Ctrl Pts',(247.655043830175,278.593121147096,8.5563271192118));
#1194=CARTESIAN_POINT('',(247.655043830175,278.593121147096,9.5563271192118));
#1195=CARTESIAN_POINT('Ctrl Pts',(247.655043830175,278.593121147096,8.5563271192118));
#1196=CARTESIAN_POINT('Ctrl Pts',(247.655043830175,278.593121147096,9.5563271192118));
#1197=CARTESIAN_POINT('',(247.655043830175,278.572203637659,10.1559623898547));
#1198=CARTESIAN_POINT('Ctrl Pts',(247.655043830175,278.572203637659,10.1559623898547));
#1199=CARTESIAN_POINT('Ctrl Pts',(247.655043830175,278.593121147096,9.5563271192118));
#1200=CARTESIAN_POINT('Ctrl Pts',(247.655043830175,278.572203637659,9.15596238985472));
#1201=CARTESIAN_POINT('Ctrl Pts',(247.655043830175,278.572203637659,10.1559623898547));
#1202=CARTESIAN_POINT('Origin',(62.5787869241458,243.526005023277,8.48850004250373));
#1203=CARTESIAN_POINT('',(57.9054324590106,242.029833293782,4.33274910222339));
#1204=CARTESIAN_POINT('',(57.9054324590106,242.875512211976,6.681698016428));
#1205=CARTESIAN_POINT('',(57.9054324590106,243.526005023277,8.48850004250373));
#1206=CARTESIAN_POINT('',(58.5554324590112,242.029833293782,4.33274910222287));
#1207=CARTESIAN_POINT('',(60.4046096915772,242.029833293782,4.33274910222287));
#1208=CARTESIAN_POINT('',(58.5554324590112,242.874782173139,6.67967026823335));
#1209=CARTESIAN_POINT('',(58.5554324590112,243.367588767151,8.04848470712307));
#1210=CARTESIAN_POINT('',(63.7018083183489,243.04049527846,7.13995325554003));
#1211=CARTESIAN_POINT('Ctrl Pts',(58.5554324590067,242.874782173153,6.67967026823355));
#1212=CARTESIAN_POINT('Ctrl Pts',(59.4295300376325,242.877044378385,6.68595374581491));
#1213=CARTESIAN_POINT('Ctrl Pts',(60.302740837119,242.892391804744,6.72858259667714));
#1214=CARTESIAN_POINT('Ctrl Pts',(62.0205878303091,242.948402068891,6.88415612031247));
#1215=CARTESIAN_POINT('Ctrl Pts',(62.8642325364556,242.988365445433,6.9951579768105));
#1216=CARTESIAN_POINT('Ctrl Pts',(63.7018083183531,243.040495278456,7.13995325554027));
#1217=CARTESIAN_POINT('',(66.0148313083437,240.469937907656,9.45887812520141E-11));
#1218=CARTESIAN_POINT('',(63.336923591678,243.446006649369,8.26629739622978));
#1219=CARTESIAN_POINT('',(50.6337121393653,240.469937907656,9.45893363635264E-11));
#1220=CARTESIAN_POINT('',(60.4046096915772,240.469937907656,9.45876710289895E-11));
#1221=CARTESIAN_POINT('',(53.0327694360221,243.035737964501,7.12673939005653));
#1222=CARTESIAN_POINT('',(53.8229962205241,243.880888237231,9.47421994417582));
#1223=CARTESIAN_POINT('Ctrl Pts',(53.0327694360199,243.035737964493,7.1267393900567));
#1224=CARTESIAN_POINT('Ctrl Pts',(53.8201337869394,242.987455543857,6.99263064371344));
#1225=CARTESIAN_POINT('Ctrl Pts',(54.6128048227365,242.949919202761,6.88837009545259));
#1226=CARTESIAN_POINT('Ctrl Pts',(56.2389435372597,242.895478428072,6.73715596933628));
#1227=CARTESIAN_POINT('Ctrl Pts',(57.0716801796516,242.879543030989,6.69289397714257));
#1228=CARTESIAN_POINT('Ctrl Pts',(57.9054324590061,242.875512211976,6.6816980164279));
#1229=CARTESIAN_POINT('Origin',(64.0394573904769,248.72231319453,6.09768147434898));
#1230=CARTESIAN_POINT('',(64.6112159169638,247.81639455095,4.33274910222287));
#1231=CARTESIAN_POINT('',(63.6506521470346,247.816394550946,7.29786464402625));
#1232=CARTESIAN_POINT('',(63.8024268013714,247.81639455095,6.8293591678459));
#1233=CARTESIAN_POINT('',(64.6112159169638,248.466394550956,4.3327491022228));
#1234=CARTESIAN_POINT('',(64.6112159169638,248.594353872745,4.33274910222287));
#1235=CARTESIAN_POINT('',(63.6436877603251,248.466394550969,7.31936265582436));
#1236=CARTESIAN_POINT('',(64.0394573904769,248.46639455096,6.09768147434898));
#1237=CARTESIAN_POINT('',(63.5710312428046,255.244863667526,7.54364237161008));
#1238=CARTESIAN_POINT('Ctrl Pts',(63.6436877603228,248.466394550969,7.31936265582513));
#1239=CARTESIAN_POINT('Ctrl Pts',(63.6315786487967,249.596522419993,7.35674165753727));
#1240=CARTESIAN_POINT('Ctrl Pts',(63.6194673277055,250.72665055166,7.39412747982501));
#1241=CARTESIAN_POINT('Ctrl Pts',(63.5952484873292,252.986140160474,7.46888738879032));
#1242=CARTESIAN_POINT('Ctrl Pts',(63.583140965095,254.115502192194,7.50626148458475));
#1243=CARTESIAN_POINT('Ctrl Pts',(63.5710312428091,255.244863667526,7.54364237161035));
#1244=CARTESIAN_POINT('',(66.0148313083482,255.886875784249,9.45887812520141E-11));
#1245=CARTESIAN_POINT('',(63.8570880431962,255.320013813603,6.66062815513287));
#1246=CARTESIAN_POINT('',(66.0148313083437,248.431853872739,9.45876710289895E-11));
#1247=CARTESIAN_POINT('Ctrl Pts',(63.7018083183534,243.040495278469,7.13995325554016));
#1248=CARTESIAN_POINT('Ctrl Pts',(63.6939278528939,243.776398104214,7.16427906433689));
#1249=CARTESIAN_POINT('Ctrl Pts',(63.6860464536176,244.512300824681,7.1886077556861));
#1250=CARTESIAN_POINT('Ctrl Pts',(63.6689947267314,246.10426728615,7.24124386583265));
#1251=CARTESIAN_POINT('Ctrl Pts',(63.659824069166,246.960330989946,7.26955230316748));
#1252=CARTESIAN_POINT('Ctrl Pts',(63.6506521470324,247.816394551091,7.29786464403035));
#1253=CARTESIAN_POINT('Ctrl Pts',(56.2304324590063,250.139185069309,7.00129768031175));
#1254=CARTESIAN_POINT('Ctrl Pts',(57.5611955290772,250.142238626897,6.91376236274681));
#1255=CARTESIAN_POINT('Ctrl Pts',(58.8997587363525,250.142381243664,6.90967401539866));
#1256=CARTESIAN_POINT('Ctrl Pts',(60.2304324590134,250.139615196167,6.988967376903));
#1257=CARTESIAN_POINT('Ctrl Pts',(56.2304324590047,248.805782371013,6.95478363268988));
#1258=CARTESIAN_POINT('Ctrl Pts',(57.5611955290756,248.808835928601,6.86724831512494));
#1259=CARTESIAN_POINT('Ctrl Pts',(58.8997587363509,248.808978545367,6.86315996777679));
#1260=CARTESIAN_POINT('Ctrl Pts',(60.2304324590118,248.806212497871,6.94245332928113));
#1261=CARTESIAN_POINT('Ctrl Pts',(56.2304324590031,247.472379672717,6.90826958506801));
#1262=CARTESIAN_POINT('Ctrl Pts',(57.561195529074,247.475433230305,6.82073426750307));
#1263=CARTESIAN_POINT('Ctrl Pts',(58.8997587363493,247.475575847071,6.81664592015492));
#1264=CARTESIAN_POINT('Ctrl Pts',(60.2304324590102,247.472809799575,6.89593928165926));
#1265=CARTESIAN_POINT('Ctrl Pts',(56.2304324590015,246.138976974421,6.86175553744614));
#1266=CARTESIAN_POINT('Ctrl Pts',(57.5611955290724,246.142030532009,6.7742202198812));
#1267=CARTESIAN_POINT('Ctrl Pts',(58.8997587363477,246.142173148775,6.77013187253305));
#1268=CARTESIAN_POINT('Ctrl Pts',(60.2304324590086,246.139407101279,6.84942523403739));
#1269=CARTESIAN_POINT('',(58.7304324590059,250.141394550965,6.93487855480197));
#1270=CARTESIAN_POINT('',(57.7304324590068,250.141394550969,6.93795920611029));
#1271=CARTESIAN_POINT('Ctrl Pts',(58.7304316156919,250.141392668087,6.93493253072545));
#1272=CARTESIAN_POINT('Ctrl Pts',(58.5633785974111,250.141392500511,6.93283585575082));
#1273=CARTESIAN_POINT('Ctrl Pts',(58.3963036747531,250.141392408522,6.93204802060701));
#1274=CARTESIAN_POINT('Ctrl Pts',(58.2292221941383,250.141392408902,6.93256899743049));
#1275=CARTESIAN_POINT('Ctrl Pts',(58.0629392774273,250.141392409281,6.93308748425158));
#1276=CARTESIAN_POINT('Ctrl Pts',(57.8966709904578,250.141392501119,6.93490223698213));
#1277=CARTESIAN_POINT('Ctrl Pts',(57.7304324610053,250.14139266781,6.93801318984703));
#1278=CARTESIAN_POINT('',(58.7304324590059,248.641394550964,6.88255297339896));
#1279=CARTESIAN_POINT('Ctrl Pts',(58.7304324590104,248.641394550973,6.88255297339871));
#1280=CARTESIAN_POINT('Ctrl Pts',(58.7304324590104,249.14139455097,6.89999483386635));
#1281=CARTESIAN_POINT('Ctrl Pts',(58.7304324590059,249.641394550958,6.91743669433406));
#1282=CARTESIAN_POINT('Ctrl Pts',(58.7304324590059,250.141394550956,6.93487855480163));
#1283=CARTESIAN_POINT('',(60.2304324590068,248.641394550964,6.9367038660161));
#1284=CARTESIAN_POINT('Ctrl Pts',(60.2304324590011,248.641394550968,6.93670386601561));
#1285=CARTESIAN_POINT('Ctrl Pts',(59.7795670678249,248.641394551017,6.90980460750095));
#1286=CARTESIAN_POINT('Ctrl Pts',(59.328202766965,248.641393391818,6.89250929128742));
#1287=CARTESIAN_POINT('Ctrl Pts',(58.8766461587529,248.641392832458,6.88477644293592));
#1288=CARTESIAN_POINT('Ctrl Pts',(58.8279100969476,248.641392772087,6.88394184419828));
#1289=CARTESIAN_POINT('Ctrl Pts',(58.7791717887011,248.641392716975,6.88321868505772));
#1290=CARTESIAN_POINT('Ctrl Pts',(58.7304316156872,248.64139266808,6.88260694932208));
#1291=CARTESIAN_POINT('',(60.2304324590068,247.641394550956,6.90182014508073));
#1292=CARTESIAN_POINT('Ctrl Pts',(60.2304324590104,247.641394550961,6.90182014508056));
#1293=CARTESIAN_POINT('Ctrl Pts',(60.2304324590108,247.974727884298,6.91344805205916));
#1294=CARTESIAN_POINT('Ctrl Pts',(60.2304324590112,248.308061217635,6.92507595903776));
#1295=CARTESIAN_POINT('Ctrl Pts',(60.2304324590116,248.641394550972,6.93670386601636));
#1296=CARTESIAN_POINT('',(58.7304324590059,247.641394550969,6.84766925246357));
#1297=CARTESIAN_POINT('Ctrl Pts',(58.7304324590059,247.641394550965,6.84766925246334));
#1298=CARTESIAN_POINT('Ctrl Pts',(59.2307676002406,247.641394550965,6.85396332127449));
#1299=CARTESIAN_POINT('Ctrl Pts',(59.7309056221047,247.641394550965,6.87201767679453));
#1300=CARTESIAN_POINT('Ctrl Pts',(60.2304324590114,247.641394550965,6.90182014508077));
#1301=CARTESIAN_POINT('',(58.7304324590059,246.141394550964,6.79534367106018));
#1302=CARTESIAN_POINT('Ctrl Pts',(58.7304324590036,246.141394550964,6.79534367106057));
#1303=CARTESIAN_POINT('Ctrl Pts',(58.7304324590036,246.64139455097,6.81278553152868));
#1304=CARTESIAN_POINT('Ctrl Pts',(58.730432459015,247.141394550986,6.83022739199655));
#1305=CARTESIAN_POINT('Ctrl Pts',(58.730432459015,247.641394551001,6.84766925246455));
#1306=CARTESIAN_POINT('',(57.7304324590068,246.141394550955,6.79842432236841));
#1307=CARTESIAN_POINT('Ctrl Pts',(57.7304324610009,246.141392667805,6.79847830610525));
#1308=CARTESIAN_POINT('Ctrl Pts',(57.8966663885928,246.141392501118,6.7953674393586));
#1309=CARTESIAN_POINT('Ctrl Pts',(58.0629300721249,246.14139240928,6.7935527009868));
#1310=CARTESIAN_POINT('Ctrl Pts',(58.2292083850781,246.141392408897,6.7930341567497));
#1311=CARTESIAN_POINT('Ctrl Pts',(58.396294469001,246.141392408511,6.792513093453));
#1312=CARTESIAN_POINT('Ctrl Pts',(58.5633739951002,246.141392500506,6.79330091424587));
#1313=CARTESIAN_POINT('Ctrl Pts',(58.7304316156867,246.141392668089,6.79539764698392));
#1314=CARTESIAN_POINT('',(57.7304324590068,247.641394550965,6.85074990377142));
#1315=CARTESIAN_POINT('Ctrl Pts',(57.7304324590114,247.641394550965,6.85074990377152));
#1316=CARTESIAN_POINT('Ctrl Pts',(57.7304324590114,247.141394550958,6.83330804330379));
#1317=CARTESIAN_POINT('Ctrl Pts',(57.7304324590068,246.641394550966,6.8158661828361));
#1318=CARTESIAN_POINT('Ctrl Pts',(57.7304324590068,246.141394550964,6.79842432236831));
#1319=CARTESIAN_POINT('',(56.2304324590059,247.641394550969,6.91416545291459));
#1320=CARTESIAN_POINT('Ctrl Pts',(56.230432459009,247.641394550969,6.9141654529145));
#1321=CARTESIAN_POINT('Ctrl Pts',(56.6814664612701,247.64139455101,6.88446110553536));
#1322=CARTESIAN_POINT('Ctrl Pts',(57.1330589125679,247.641393390411,6.86437203852238));
#1323=CARTESIAN_POINT('Ctrl Pts',(57.5849034444156,247.641392831277,6.85385862546629));
#1324=CARTESIAN_POINT('Ctrl Pts',(57.633410331705,247.641392771252,6.85272997853976));
#1325=CARTESIAN_POINT('Ctrl Pts',(57.6819201292744,247.641392716445,6.85171173707752));
#1326=CARTESIAN_POINT('Ctrl Pts',(57.7304324610099,247.641392667798,6.85080388750796));
#1327=CARTESIAN_POINT('',(56.2304324590036,248.641394550964,6.94904917385029));
#1328=CARTESIAN_POINT('Ctrl Pts',(56.2304324590059,248.641394550955,6.94904917385005));
#1329=CARTESIAN_POINT('Ctrl Pts',(56.2304324590059,248.471930683213,6.94313764357914));
#1330=CARTESIAN_POINT('Ctrl Pts',(56.2304324590059,248.302466815476,6.93722611330805));
#1331=CARTESIAN_POINT('Ctrl Pts',(56.2304324590059,247.969133482147,6.9255982063296));
#1332=CARTESIAN_POINT('Ctrl Pts',(56.2304324590059,247.805264016556,6.91988182962226));
#1333=CARTESIAN_POINT('Ctrl Pts',(56.2304324590059,247.641394550965,6.9141654529147));
#1334=CARTESIAN_POINT('',(57.7304324590068,248.641394550964,6.88563362470702));
#1335=CARTESIAN_POINT('Ctrl Pts',(57.7304324590113,248.641394550964,6.88563362470705));
#1336=CARTESIAN_POINT('Ctrl Pts',(57.2300244164603,248.641394550964,6.89501253126031));
#1337=CARTESIAN_POINT('Ctrl Pts',(56.7298863227256,248.641394550964,6.91615597512405));
#1338=CARTESIAN_POINT('Ctrl Pts',(56.2304324590036,248.641394550964,6.94904917385016));
#1339=CARTESIAN_POINT('Ctrl Pts',(57.7304324590068,250.141394550969,6.93795920611033));
#1340=CARTESIAN_POINT('Ctrl Pts',(57.7304324590068,249.641394550972,6.92051734564288));
#1341=CARTESIAN_POINT('Ctrl Pts',(57.7304324590068,249.141394550984,6.90307548517541));
#1342=CARTESIAN_POINT('Ctrl Pts',(57.7304324590068,248.641394550991,6.88563362470796));
#1343=CARTESIAN_POINT('Ctrl Pts',(58.5554324590025,255.281559628446,7.11246483069145));
#1344=CARTESIAN_POINT('Ctrl Pts',(60.2645892658195,255.28113693271,7.1245821083963));
#1345=CARTESIAN_POINT('Ctrl Pts',(61.9714098913394,255.275903161924,7.27461687084086));
#1346=CARTESIAN_POINT('Ctrl Pts',(63.6436877603405,255.266067916811,7.55656056397194));
#1347=CARTESIAN_POINT('Ctrl Pts',(58.5554324589998,253.011043001832,7.03326076230944));
#1348=CARTESIAN_POINT('Ctrl Pts',(60.2645892658168,253.010620306095,7.0453780400143));
#1349=CARTESIAN_POINT('Ctrl Pts',(61.9714098913367,253.005386535309,7.19541280245886));
#1350=CARTESIAN_POINT('Ctrl Pts',(63.6436877603378,252.995551290196,7.47735649558994));
#1351=CARTESIAN_POINT('Ctrl Pts',(58.5554324589971,250.740526375217,6.95405669392744));
#1352=CARTESIAN_POINT('Ctrl Pts',(60.2645892658141,250.740103679481,6.9661739716323));
#1353=CARTESIAN_POINT('Ctrl Pts',(61.9714098913339,250.734869908695,7.11620873407686));
#1354=CARTESIAN_POINT('Ctrl Pts',(63.643687760335,250.725034663582,7.39815242720794));
#1355=CARTESIAN_POINT('Ctrl Pts',(58.5554324589944,248.470009748603,6.87485262554544));
#1356=CARTESIAN_POINT('Ctrl Pts',(60.2645892658113,248.469587052866,6.8869699032503));
#1357=CARTESIAN_POINT('Ctrl Pts',(61.9714098913312,248.46435328208,7.03700466569486));
#1358=CARTESIAN_POINT('Ctrl Pts',(63.6436877603323,248.454518036967,7.31894835882593));
#1359=CARTESIAN_POINT('',(60.9107781058947,248.466391158423,6.97858554519368));
#1360=CARTESIAN_POINT('Ctrl Pts',(60.9107639270793,248.466389049175,6.97864602600307));
#1361=CARTESIAN_POINT('Ctrl Pts',(60.9853641251567,248.466388999452,6.98469971206804));
#1362=CARTESIAN_POINT('Ctrl Pts',(61.0599454683766,248.466388978025,6.99101506540863));
#1363=CARTESIAN_POINT('Ctrl Pts',(61.1345065749757,248.466388985297,6.99759200590721));
#1364=CARTESIAN_POINT('Ctrl Pts',(61.5810684227252,248.466389028849,7.03698265923241));
#1365=CARTESIAN_POINT('Ctrl Pts',(62.0267112934417,248.4663902431,7.08573551081979));
#1366=CARTESIAN_POINT('Ctrl Pts',(62.4711365016696,248.466391733803,7.14383770516847));
#1367=CARTESIAN_POINT('Ctrl Pts',(62.8630061936378,248.466393048223,7.19506902279079));
#1368=CARTESIAN_POINT('Ctrl Pts',(63.2539292389723,248.466394551731,7.25356995404689));
#1369=CARTESIAN_POINT('Ctrl Pts',(63.6436877603323,248.466394550951,7.31936265582541));
#1370=CARTESIAN_POINT('',(58.5554324590157,250.821762995788,6.95689052952934));
#1371=CARTESIAN_POINT('Ctrl Pts',(58.5554324590224,250.821762995791,6.95689052952944));
#1372=CARTESIAN_POINT('Ctrl Pts',(58.6911771338136,250.805304037982,6.95727992952402));
#1373=CARTESIAN_POINT('Ctrl Pts',(58.8251984983992,250.778591067428,6.95817495879343));
#1374=CARTESIAN_POINT('Ctrl Pts',(58.9563707287798,250.741974528334,6.95948434001573));
#1375=CARTESIAN_POINT('Ctrl Pts',(59.0926006632998,250.703946138417,6.96084420801262));
#1376=CARTESIAN_POINT('Ctrl Pts',(59.2257573365715,250.655235742563,6.96265086566799));
#1377=CARTESIAN_POINT('Ctrl Pts',(59.3545859082167,250.596237878371,6.96474549746263));
#1378=CARTESIAN_POINT('Ctrl Pts',(59.4125920701922,250.569673587369,6.96568862327399));
#1379=CARTESIAN_POINT('Ctrl Pts',(59.4697208840031,250.541023715272,6.96668940006536));
#1380=CARTESIAN_POINT('Ctrl Pts',(59.5258583310912,250.510324392888,6.96772998905385));
#1381=CARTESIAN_POINT('Ctrl Pts',(59.6828431073363,250.42447570355,6.97063992953019));
#1382=CARTESIAN_POINT('Ctrl Pts',(59.8305235517409,250.323446344879,6.97383566977491));
#1383=CARTESIAN_POINT('Ctrl Pts',(59.9668737626614,250.20892708884,6.97685745638272));
#1384=CARTESIAN_POINT('Ctrl Pts',(60.1027451590981,250.094809984569,6.97986863152771));
#1385=CARTESIAN_POINT('Ctrl Pts',(60.2273661196111,249.96729765863,6.9827042516732));
#1386=CARTESIAN_POINT('Ctrl Pts',(60.338750496479,249.828064142117,6.98488046922818));
#1387=CARTESIAN_POINT('Ctrl Pts',(60.4366607007474,249.705673709759,6.98679342965703));
#1388=CARTESIAN_POINT('Ctrl Pts',(60.5235854809181,249.575168897624,6.98817811947483));
#1389=CARTESIAN_POINT('Ctrl Pts',(60.5986417198017,249.438086872215,6.98874899089688));
#1390=CARTESIAN_POINT('Ctrl Pts',(60.6568716487503,249.331736264745,6.98919188282484));
#1391=CARTESIAN_POINT('Ctrl Pts',(60.7079581440375,249.221426864096,6.98914545676648));
#1392=CARTESIAN_POINT('Ctrl Pts',(60.7514886774797,249.107875697954,6.9884983165768));
#1393=CARTESIAN_POINT('Ctrl Pts',(60.8000886952537,248.981100575841,6.98777581165363));
#1394=CARTESIAN_POINT('Ctrl Pts',(60.8389980221572,248.850994333883,6.98630676270409));
#1395=CARTESIAN_POINT('Ctrl Pts',(60.8679585486142,248.718676148573,6.98400203286727));
#1396=CARTESIAN_POINT('Ctrl Pts',(60.8861930234564,248.635364381959,6.98255090115908));
#1397=CARTESIAN_POINT('Ctrl Pts',(60.9004833431514,248.551175686419,6.98076944631006));
#1398=CARTESIAN_POINT('Ctrl Pts',(60.910763924727,248.46638904859,6.9786460257918));
#1399=CARTESIAN_POINT('',(58.5554324590112,255.281559628443,7.11246483069133));
#1400=CARTESIAN_POINT('Ctrl Pts',(58.5554324590112,255.281559628452,7.11246483069125));
#1401=CARTESIAN_POINT('Ctrl Pts',(58.5554324590112,254.145296880388,7.07282775807871));
#1402=CARTESIAN_POINT('Ctrl Pts',(58.5554324590112,253.009034132333,7.03319068546636));
#1403=CARTESIAN_POINT('Ctrl Pts',(58.5554324590112,251.522435254774,6.98133258507906));
#1404=CARTESIAN_POINT('Ctrl Pts',(58.5554324590112,251.172099125283,6.96911155730411));
#1405=CARTESIAN_POINT('Ctrl Pts',(58.5554324590112,250.821762995797,6.95689052952954));
#1406=CARTESIAN_POINT('Ctrl Pts',(63.5710310994716,255.244863649601,7.54364288491853));
#1407=CARTESIAN_POINT('Ctrl Pts',(63.1287013744879,255.251110203733,7.47024948306326));
#1408=CARTESIAN_POINT('Ctrl Pts',(62.6848897664424,255.25656325717,7.40620901672646));
#1409=CARTESIAN_POINT('Ctrl Pts',(62.239911694191,255.261221807222,7.35149464864485));
#1410=CARTESIAN_POINT('Ctrl Pts',(61.8722133910322,255.265071302412,7.30628257740677));
#1411=CARTESIAN_POINT('Ctrl Pts',(61.5037179693839,255.268378266103,7.26743937951877));
#1412=CARTESIAN_POINT('Ctrl Pts',(61.1345932762004,255.271141266694,7.23497473344858));
#1413=CARTESIAN_POINT('Ctrl Pts',(60.6832916165486,255.274519384645,7.19528259439084));
#1414=CARTESIAN_POINT('Ctrl Pts',(60.231249014112,255.277082934355,7.16514137451799));
#1415=CARTESIAN_POINT('Ctrl Pts',(59.7787662761942,255.278829831254,7.1445899876248));
#1416=CARTESIAN_POINT('Ctrl Pts',(59.3712744674497,255.280403031992,7.12608205104394));
#1417=CARTESIAN_POINT('Ctrl Pts',(58.9634252120214,255.281313886959,7.11535229301658));
#1418=CARTESIAN_POINT('Ctrl Pts',(58.5554324590025,255.28155962844,7.11246483069124));
#1419=CARTESIAN_POINT('Ctrl Pts',(58.5554324590088,247.831927250298,6.85259393374091));
#1420=CARTESIAN_POINT('Ctrl Pts',(60.2843947561609,247.831499656417,6.86485162490984));
#1421=CARTESIAN_POINT('Ctrl Pts',(62.0109607684772,247.82614814257,7.01826168844138));
#1422=CARTESIAN_POINT('Ctrl Pts',(63.7018083183611,247.816091788739,7.30654383150545));
#1423=CARTESIAN_POINT('Ctrl Pts',(58.5554324590068,246.179545557891,6.79495271190422));
#1424=CARTESIAN_POINT('Ctrl Pts',(60.284394756159,246.17911796401,6.80721040307315));
#1425=CARTESIAN_POINT('Ctrl Pts',(62.0109607684752,246.173766450163,6.96062046660469));
#1426=CARTESIAN_POINT('Ctrl Pts',(63.7018083183591,246.163710096332,7.24890260966875));
#1427=CARTESIAN_POINT('Ctrl Pts',(58.5554324590048,244.527163865483,6.73731149006753));
#1428=CARTESIAN_POINT('Ctrl Pts',(60.284394756157,244.526736271603,6.74956918123646));
#1429=CARTESIAN_POINT('Ctrl Pts',(62.0109607684732,244.521384757756,6.902979244768));
#1430=CARTESIAN_POINT('Ctrl Pts',(63.7018083183571,244.511328403924,7.19126138783206));
#1431=CARTESIAN_POINT('Ctrl Pts',(58.5554324590029,242.874782173076,6.67967026823084));
#1432=CARTESIAN_POINT('Ctrl Pts',(60.284394756155,242.874354579196,6.69192795939976));
#1433=CARTESIAN_POINT('Ctrl Pts',(62.0109607684713,242.869003065349,6.8453380229313));
#1434=CARTESIAN_POINT('Ctrl Pts',(63.7018083183551,242.858946711517,7.13362016599537));
#1435=CARTESIAN_POINT('',(58.5554324590112,245.461026106145,6.76988807986281));
#1436=CARTESIAN_POINT('Ctrl Pts',(58.5554324590066,245.461026106104,6.76988807986144));
#1437=CARTESIAN_POINT('Ctrl Pts',(58.5554324590066,245.395418654562,6.76759944783055));
#1438=CARTESIAN_POINT('Ctrl Pts',(58.5554324590066,245.329811203019,6.76531081579983));
#1439=CARTESIAN_POINT('Ctrl Pts',(58.5554324590066,244.467729892017,6.73523821192314));
#1440=CARTESIAN_POINT('Ctrl Pts',(58.5554324590112,243.671256032535,6.70745424007677));
#1441=CARTESIAN_POINT('Ctrl Pts',(58.5554324590112,242.87478217308,6.6796702682314));
#1442=CARTESIAN_POINT('',(60.9107762756546,247.81639091695,6.95591806390497));
#1443=CARTESIAN_POINT('Ctrl Pts',(60.9107620224391,247.816388813823,6.95597835349749));
#1444=CARTESIAN_POINT('Ctrl Pts',(60.8943845946617,247.681322624734,6.94993768421901));
#1445=CARTESIAN_POINT('Ctrl Pts',(60.8678536392274,247.547959034702,6.94314064506297));
#1446=CARTESIAN_POINT('Ctrl Pts',(60.8315155890869,247.417403930582,6.93572826299811));
#1447=CARTESIAN_POINT('Ctrl Pts',(60.7938314775975,247.282012706228,6.92804130590892));
#1448=CARTESIAN_POINT('Ctrl Pts',(60.7456001247266,247.149641884624,6.91969271575196));
#1449=CARTESIAN_POINT('Ctrl Pts',(60.6872022634828,247.021522906986,6.91089566511931));
#1450=CARTESIAN_POINT('Ctrl Pts',(60.6660900775964,246.97520491496,6.90771532658888));
#1451=CARTESIAN_POINT('Ctrl Pts',(60.6436490965989,246.92944261747,6.90447687756448));
#1452=CARTESIAN_POINT('Ctrl Pts',(60.6198971958385,246.884294143797,6.90119203177971));
#1453=CARTESIAN_POINT('Ctrl Pts',(60.5380891270867,246.728790402202,6.88987812084217));
#1454=CARTESIAN_POINT('Ctrl Pts',(60.4414969310424,246.582018600942,6.87811563157827));
#1455=CARTESIAN_POINT('Ctrl Pts',(60.3316826030664,246.44591799015,6.86645783563133));
#1456=CARTESIAN_POINT('Ctrl Pts',(60.2196009294811,246.30700729867,6.85455934019697));
#1457=CARTESIAN_POINT('Ctrl Pts',(60.0937448286945,246.179212913078,6.84277253332695));
#1458=CARTESIAN_POINT('Ctrl Pts',(59.9557848891438,246.064595423028,6.8317222838796));
#1459=CARTESIAN_POINT('Ctrl Pts',(59.8328440829767,245.96245586952,6.82187502981563));
#1460=CARTESIAN_POINT('Ctrl Pts',(59.7012180012107,245.871550388346,6.81269106518554));
#1461=CARTESIAN_POINT('Ctrl Pts',(59.5625002242651,245.792868715154,6.80456871757978));
#1462=CARTESIAN_POINT('Ctrl Pts',(59.4616762159953,245.735680647098,6.7986651653444));
#1463=CARTESIAN_POINT('Ctrl Pts',(59.3571060941539,245.684950185116,6.7933218670707));
#1464=CARTESIAN_POINT('Ctrl Pts',(59.2494063498588,245.64105795244,6.78867468287299));
#1465=CARTESIAN_POINT('Ctrl Pts',(59.1224132034606,245.589302836712,6.78319499908152));
#1466=CARTESIAN_POINT('Ctrl Pts',(58.9918037954404,245.547354848476,6.77871694786961));
#1467=CARTESIAN_POINT('Ctrl Pts',(58.8587191402031,245.515512027929,6.77539036113988));
#1468=CARTESIAN_POINT('Ctrl Pts',(58.7588558126075,245.491617988348,6.77289417538673));
#1469=CARTESIAN_POINT('Ctrl Pts',(58.6575989245226,245.473413815322,6.77104541240268));
#1470=CARTESIAN_POINT('Ctrl Pts',(58.5554324590139,245.461026106154,6.76988807986325));
#1471=CARTESIAN_POINT('Ctrl Pts',(63.6506520727968,247.816394541789,7.29786490674358));
#1472=CARTESIAN_POINT('Ctrl Pts',(63.2086613260141,247.81639438658,7.22315936383575));
#1473=CARTESIAN_POINT('Ctrl Pts',(62.7651682798764,247.816392404622,7.15782749470025));
#1474=CARTESIAN_POINT('Ctrl Pts',(62.3204889087445,247.81639093925,7.10184115322849));
#1475=CARTESIAN_POINT('Ctrl Pts',(61.9389361646053,247.816389681902,7.05380262567439));
#1476=CARTESIAN_POINT('Ctrl Pts',(61.5565093689899,247.816388779334,7.01264531506021));
#1477=CARTESIAN_POINT('Ctrl Pts',(61.1733964018218,247.816388728194,6.97837963969309));
#1478=CARTESIAN_POINT('Ctrl Pts',(61.0858791274683,247.816388716512,6.97055208289131));
#1479=CARTESIAN_POINT('Ctrl Pts',(60.998333589615,247.816388745308,6.96308494294714));
#1480=CARTESIAN_POINT('Ctrl Pts',(60.9107620224307,247.816388813827,6.95597835349693));
#1481=CARTESIAN_POINT('Ctrl Pts',(53.0327694360388,255.266078633051,7.5533791808828));
#1482=CARTESIAN_POINT('Ctrl Pts',(54.6361138747961,255.275474005217,7.28404517875812));
#1483=CARTESIAN_POINT('Ctrl Pts',(56.2697865478657,255.2806340781,7.13612308939716));
#1484=CARTESIAN_POINT('Ctrl Pts',(57.9054324594702,255.281389725906,7.11446118557661));
#1485=CARTESIAN_POINT('Ctrl Pts',(53.0327694360361,252.995787838029,7.47418299034706));
#1486=CARTESIAN_POINT('Ctrl Pts',(54.6361138747934,253.005183210195,7.20484898822237));
#1487=CARTESIAN_POINT('Ctrl Pts',(56.269786547863,253.010343283079,7.05692689886142));
#1488=CARTESIAN_POINT('Ctrl Pts',(57.9054324594675,253.011098930884,7.03526499504086));
#1489=CARTESIAN_POINT('Ctrl Pts',(53.0327694360333,250.725497043007,7.39498679981132));
#1490=CARTESIAN_POINT('Ctrl Pts',(54.6361138747907,250.734892415174,7.12565279768663));
#1491=CARTESIAN_POINT('Ctrl Pts',(56.2697865478602,250.740052488057,6.97773070832567));
#1492=CARTESIAN_POINT('Ctrl Pts',(57.9054324594647,250.740808135862,6.95606880450512));
#1493=CARTESIAN_POINT('Ctrl Pts',(53.0327694360306,248.455206247985,7.31579060927557));
#1494=CARTESIAN_POINT('Ctrl Pts',(54.636113874788,248.464601620152,7.04645660715088));
#1495=CARTESIAN_POINT('Ctrl Pts',(56.2697865478575,248.469761693035,6.89853451778993));
#1496=CARTESIAN_POINT('Ctrl Pts',(57.905432459462,248.47051734084,6.87687261396937));
#1497=CARTESIAN_POINT('',(53.0327694360312,248.466394550969,7.3161808989139));
#1498=CARTESIAN_POINT('',(55.5500814055918,248.466391675395,6.99514169264422));
#1499=CARTESIAN_POINT('Ctrl Pts',(53.0327694360334,248.466394550969,7.31618089891413));
#1500=CARTESIAN_POINT('Ctrl Pts',(53.4758103418051,248.466394551746,7.24166716249781));
#1501=CARTESIAN_POINT('Ctrl Pts',(53.920351313,248.466392802226,7.1765678179506));
#1502=CARTESIAN_POINT('Ctrl Pts',(54.3660772224161,248.466391562953,7.12085721042097));
#1503=CARTESIAN_POINT('Ctrl Pts',(54.7194811157485,248.466390580366,7.07668579210097));
#1504=CARTESIAN_POINT('Ctrl Pts',(55.0736305123789,248.466389886561,7.03841749271451));
#1505=CARTESIAN_POINT('Ctrl Pts',(55.4283764061831,248.466389847838,7.00606132415989));
#1506=CARTESIAN_POINT('Ctrl Pts',(55.4689422117141,248.46638984341,7.00236134041311));
#1507=CARTESIAN_POINT('Ctrl Pts',(55.509514283304,248.466389846784,6.99873882699417));
#1508=CARTESIAN_POINT('Ctrl Pts',(55.5500923980488,248.466389857969,6.99519379627848));
#1509=CARTESIAN_POINT('',(53.0327694360381,255.244100252917,7.55261249320376));
#1510=CARTESIAN_POINT('Ctrl Pts',(53.0327694360444,255.244100252926,7.55261249320294));
#1511=CARTESIAN_POINT('Ctrl Pts',(53.0327694360425,254.115277559222,7.51323495737033));
#1512=CARTESIAN_POINT('Ctrl Pts',(53.0327694360403,252.986454865518,7.47385742153787));
#1513=CARTESIAN_POINT('Ctrl Pts',(53.0327694360335,250.727219631531,7.39504689010833));
#1514=CARTESIAN_POINT('Ctrl Pts',(53.0327694360347,249.596807091257,7.35561389451139));
#1515=CARTESIAN_POINT('Ctrl Pts',(53.0327694360328,248.466394550974,7.31618089891439));
#1516=CARTESIAN_POINT('',(57.9054324590061,255.281389725906,7.11446118558253));
#1517=CARTESIAN_POINT('Ctrl Pts',(57.9054324590015,255.281389725899,7.1144611855826));
#1518=CARTESIAN_POINT('Ctrl Pts',(57.0783926038439,255.280459182509,7.12539507041757));
#1519=CARTESIAN_POINT('Ctrl Pts',(56.2520888448125,255.276802207968,7.16836452136513));
#1520=CARTESIAN_POINT('Ctrl Pts',(54.6262044372361,255.264218400221,7.31622426244783));
#1521=CARTESIAN_POINT('Ctrl Pts',(53.8270937763218,255.255436389864,7.41941288400926));
#1522=CARTESIAN_POINT('Ctrl Pts',(53.0327694360403,255.244100252911,7.55261249320312));
#1523=CARTESIAN_POINT('',(57.9054324590106,250.821762995765,6.95889281125269));
#1524=CARTESIAN_POINT('Ctrl Pts',(57.9054324590106,250.821762995765,6.95889281125264));
#1525=CARTESIAN_POINT('Ctrl Pts',(57.9054324590106,251.172156418734,6.971115837637));
#1526=CARTESIAN_POINT('Ctrl Pts',(57.9054324590106,251.522549841693,6.98333886402109));
#1527=CARTESIAN_POINT('Ctrl Pts',(57.9054324590106,253.009092085049,7.03519498879726));
#1528=CARTESIAN_POINT('Ctrl Pts',(57.9054324590106,254.145240905455,7.07482808718899));
#1529=CARTESIAN_POINT('Ctrl Pts',(57.9054324590106,255.28138972586,7.11446118558095));
#1530=CARTESIAN_POINT('Ctrl Pts',(55.550092399984,248.466389857745,6.99519379610163));
#1531=CARTESIAN_POINT('Ctrl Pts',(55.5665279491072,248.601937306319,6.99848633446068));
#1532=CARTESIAN_POINT('Ctrl Pts',(55.5932044335822,248.735898111172,7.00083702142032));
#1533=CARTESIAN_POINT('Ctrl Pts',(55.6298291332247,248.867139439419,7.00230776874367));
#1534=CARTESIAN_POINT('Ctrl Pts',(55.6629281383968,248.985746757563,7.00363693386278));
#1535=CARTESIAN_POINT('Ctrl Pts',(55.7041523707849,249.10213294972,7.00424831899485));
#1536=CARTESIAN_POINT('Ctrl Pts',(55.7532894554746,249.215460590143,7.00422395821759));
#1537=CARTESIAN_POINT('Ctrl Pts',(55.8165869888489,249.361447275093,7.00419257709025));
#1538=CARTESIAN_POINT('Ctrl Pts',(55.8925222818005,249.501224971228,7.00310650187805));
#1539=CARTESIAN_POINT('Ctrl Pts',(55.9800551019444,249.633264579396,7.0012523136812));
#1540=CARTESIAN_POINT('Ctrl Pts',(56.0772755403058,249.779917555571,6.99919291482937));
#1541=CARTESIAN_POINT('Ctrl Pts',(56.188803293219,249.917024808104,6.9961871626525));
#1542=CARTESIAN_POINT('Ctrl Pts',(56.3132089554842,250.042489227449,6.99268658077838));
#1543=CARTESIAN_POINT('Ctrl Pts',(56.4350413697491,250.165358499111,6.98925840610134));
#1544=CARTESIAN_POINT('Ctrl Pts',(56.5681780734519,250.276009173768,6.98539112343484));
#1545=CARTESIAN_POINT('Ctrl Pts',(56.7106846351926,250.373057656218,6.98153356209465));
#1546=CARTESIAN_POINT('Ctrl Pts',(56.822132767845,250.448955018512,6.97851673253463));
#1547=CARTESIAN_POINT('Ctrl Pts',(56.9393113210779,250.516533119399,6.97550584599737));
#1548=CARTESIAN_POINT('Ctrl Pts',(57.0612872041184,250.57513091594,6.97269405269682));
#1549=CARTESIAN_POINT('Ctrl Pts',(57.1943218904145,250.639041414361,6.96962733138811));
#1550=CARTESIAN_POINT('Ctrl Pts',(57.3321297774475,250.691821300758,6.96682155702679));
#1551=CARTESIAN_POINT('Ctrl Pts',(57.4732942130294,250.733062343352,6.96446839310131));
#1552=CARTESIAN_POINT('Ctrl Pts',(57.6034593956093,250.771089965655,6.96229858304442));
#1553=CARTESIAN_POINT('Ctrl Pts',(57.7364782190168,250.799306865373,6.96051335817922));
#1554=CARTESIAN_POINT('Ctrl Pts',(57.8712343338615,250.81739476175,6.95921231277723));
#1555=CARTESIAN_POINT('Ctrl Pts',(57.8826215310471,250.818923229997,6.9591023714914));
#1556=CARTESIAN_POINT('Ctrl Pts',(57.8940211310654,250.820379371824,6.95899585671089));
#1557=CARTESIAN_POINT('Ctrl Pts',(57.9054324590051,250.821762995783,6.95889281125304));
#1558=CARTESIAN_POINT('Origin',(58.6031034418511,255.458714254369,5.03089797610032));
#1559=CARTESIAN_POINT('',(57.9054324590106,255.518131179811,4.33274910222276));
#1560=CARTESIAN_POINT('',(57.9054324590061,255.458714254369,5.03089797610032));
#1561=CARTESIAN_POINT('',(50.4503711762436,255.886875784258,9.45893363635264E-11));
#1562=CARTESIAN_POINT('',(52.8410657961058,255.291816521526,6.99194633705824));
#1563=CARTESIAN_POINT('',(58.4167679504299,255.886875784249,9.45887812520141E-11));
#1564=CARTESIAN_POINT('',(58.5554324590112,255.518131179811,4.33274910222287));
#1565=CARTESIAN_POINT('',(58.5554324590112,255.398528832579,5.7380766821385));
#1566=CARTESIAN_POINT('',(58.4167679504299,255.518131179811,4.33274910222287));
#1567=CARTESIAN_POINT('Origin',(58.2304324590064,248.141394550948,9.45887812520141E-11));
#1568=CARTESIAN_POINT('',(49.4804324590064,257.141394550949,9.45887812520141E-11));
#1569=CARTESIAN_POINT('',(66.9804324590109,257.141394550949,9.45887812520141E-11));
#1570=CARTESIAN_POINT('',(66.9804324590109,257.141394550949,9.45887812520141E-11));
#1571=CARTESIAN_POINT('',(67.2304324590095,256.891394550948,9.45887812520141E-11));
#1572=CARTESIAN_POINT('Origin',(66.9804324590109,256.891394550948,9.45887812520141E-11));
#1573=CARTESIAN_POINT('',(67.2304324590095,239.391394550948,9.45887812520141E-11));
#1574=CARTESIAN_POINT('',(67.2304324590095,239.391394550948,9.45887812520141E-11));
#1575=CARTESIAN_POINT('',(66.9804324590109,239.141394550948,9.45887812520141E-11));
#1576=CARTESIAN_POINT('Origin',(66.9804324590109,239.391394550948,9.45887812520141E-11));
#1577=CARTESIAN_POINT('',(49.4804324590064,239.141394550948,9.45887812520141E-11));
#1578=CARTESIAN_POINT('',(49.4804324590064,239.141394550948,9.45887812520141E-11));
#1579=CARTESIAN_POINT('',(49.2304324590077,239.391394550948,9.45887812520141E-11));
#1580=CARTESIAN_POINT('Origin',(49.4804324590064,239.391394550948,9.45887812520141E-11));
#1581=CARTESIAN_POINT('',(49.2304324590077,256.891394550948,9.45893363635264E-11));
#1582=CARTESIAN_POINT('',(49.2304324590077,256.891394550948,9.45893363635264E-11));
#1583=CARTESIAN_POINT('Origin',(49.4804324590064,256.891394550948,9.45893363635264E-11));
#1584=CARTESIAN_POINT('',(50.542540978679,248.136419508528,9.45876710289895E-11));
#1585=CARTESIAN_POINT('Origin',(53.9804324590204,256.341394550923,9.40000000009461));
#1586=CARTESIAN_POINT('',(62.7218716405355,256.384317072093,8.89566037648406));
#1587=CARTESIAN_POINT('',(62.4804324590218,256.341394550941,9.40000000009512));
#1588=CARTESIAN_POINT('',(53.7389932775,256.384317072088,8.8956603764761));
#1589=CARTESIAN_POINT('',(53.9804324590204,256.341394550923,9.40000000009461));
#1590=CARTESIAN_POINT('Ctrl Pts',(62.7218716405353,256.384317072082,8.89566037648385));
#1591=CARTESIAN_POINT('Ctrl Pts',(59.749442196108,256.421829025101,8.45489492852738));
#1592=CARTESIAN_POINT('Ctrl Pts',(56.7114227219347,256.421829025102,8.45489492852384));
#1593=CARTESIAN_POINT('Ctrl Pts',(53.7389932775,256.384317072083,8.89566037647614));
#1594=CARTESIAN_POINT('Ctrl Pts',(64.2982200781182,254.644404815514,9.12796795178173));
#1595=CARTESIAN_POINT('Ctrl Pts',(65.275624205082,255.393401393992,6.08531196788602));
#1596=CARTESIAN_POINT('Ctrl Pts',(66.2530283320458,256.14239797247,3.0426559839903));
#1597=CARTESIAN_POINT('Ctrl Pts',(67.2304324590095,256.891394550948,9.45887812520141E-11));
#1598=CARTESIAN_POINT('Ctrl Pts',(64.2982200781182,253.74639813068,9.09674531601528));
#1599=CARTESIAN_POINT('Ctrl Pts',(65.275624205082,254.751097039469,6.06449687737505));
#1600=CARTESIAN_POINT('Ctrl Pts',(66.2530283320458,255.755795948259,3.03224843873482));
#1601=CARTESIAN_POINT('Ctrl Pts',(67.2304324590095,256.760494857049,9.45887812520141E-11));
#1602=CARTESIAN_POINT('Ctrl Pts',(64.2982200781182,244.890478928769,8.8014055366107));
#1603=CARTESIAN_POINT('Ctrl Pts',(65.275624205082,243.101084034128,5.86760369110532));
#1604=CARTESIAN_POINT('Ctrl Pts',(66.2530283320457,241.311689139488,2.93380184559996));
#1605=CARTESIAN_POINT('Ctrl Pts',(67.2304324590095,239.522294244848,9.45887812520141E-11));
#1606=CARTESIAN_POINT('Ctrl Pts',(64.2982200781182,243.992472243935,8.77018290084429));
#1607=CARTESIAN_POINT('Ctrl Pts',(65.275624205082,242.458779679606,5.84678860059439));
#1608=CARTESIAN_POINT('Ctrl Pts',(66.2530283320458,240.925087115277,2.92339430034449));
#1609=CARTESIAN_POINT('Ctrl Pts',(67.2304324590095,239.391394550948,9.45887812520141E-11));
#1610=CARTESIAN_POINT('',(64.3010257335186,243.988069752982,8.76179124708954));
#1611=CARTESIAN_POINT('',(64.2304324590259,244.098841108653,8.97293418234083));
#1612=CARTESIAN_POINT('',(64.2982257086169,254.644409130233,9.12795042405308));
#1613=CARTESIAN_POINT('',(64.2304324590259,254.592458344896,9.33899059755868));
#1614=CARTESIAN_POINT('Ctrl Pts',(64.3010257335206,243.988069752978,8.76179124708969));
#1615=CARTESIAN_POINT('Ctrl Pts',(64.3014814547952,247.543282102128,8.88404634956917));
#1616=CARTESIAN_POINT('Ctrl Pts',(64.2981356164796,251.095131132777,9.00482909592052));
#1617=CARTESIAN_POINT('Ctrl Pts',(64.298225708618,254.644409130237,9.12795042405338));
#1618=CARTESIAN_POINT('Ctrl Pts',(64.0123245889236,254.638491465663,9.29734023444728));
#1619=CARTESIAN_POINT('Ctrl Pts',(64.0124460040536,251.086441623177,9.17345513566884));
#1620=CARTESIAN_POINT('Ctrl Pts',(64.0165113133156,247.534365982925,9.05033657656695));
#1621=CARTESIAN_POINT('Ctrl Pts',(64.0166460524892,243.982316050033,8.92645408664799));
#1622=CARTESIAN_POINT('Ctrl Pts',(64.0803031229638,254.638033200226,9.31054687499635));
#1623=CARTESIAN_POINT('Ctrl Pts',(64.080292614617,251.08676641264,9.1866592137944));
#1624=CARTESIAN_POINT('Ctrl Pts',(64.0839107495795,247.534769216281,9.0634818632801));
#1625=CARTESIAN_POINT('Ctrl Pts',(64.083699647017,243.981863930434,8.93949114704915));
#1626=CARTESIAN_POINT('Ctrl Pts',(64.2084771027703,254.639064672336,9.28109897966941));
#1627=CARTESIAN_POINT('Ctrl Pts',(64.208207736122,251.089141680183,9.15743416824396));
#1628=CARTESIAN_POINT('Ctrl Pts',(64.2109278587299,247.537257151146,9.03483836801471));
#1629=CARTESIAN_POINT('Ctrl Pts',(64.2100374678116,243.982853828268,8.91124656183114));
#1630=CARTESIAN_POINT('Ctrl Pts',(64.2824545376289,254.642683715262,9.17740624259963));
#1631=CARTESIAN_POINT('Ctrl Pts',(64.282254919896,251.093344226823,9.05414417975536));
#1632=CARTESIAN_POINT('Ctrl Pts',(64.285231357459,247.541492955527,8.93287600914237));
#1633=CARTESIAN_POINT('Ctrl Pts',(64.2845008411334,243.986378829108,8.81025662415491));
#1634=CARTESIAN_POINT('Ctrl Pts',(64.298225708618,254.644409130237,9.12795042405338));
#1635=CARTESIAN_POINT('Ctrl Pts',(64.2981356164796,251.095131132777,9.00482909592052));
#1636=CARTESIAN_POINT('Ctrl Pts',(64.3014814547952,247.543282102128,8.88404634956917));
#1637=CARTESIAN_POINT('Ctrl Pts',(64.3010257335206,243.988069752978,8.76179124708969));
#1638=CARTESIAN_POINT('',(64.016646052487,243.982316050033,8.9264540866478));
#1639=CARTESIAN_POINT('Origin',(64.0643870887379,243.990871285359,8.68120400732817));
#1640=CARTESIAN_POINT('',(64.0123245889208,254.638491465662,9.29734023444693));
#1641=CARTESIAN_POINT('Origin',(64.0600299695325,254.647046942723,9.05208322542754));
#1642=CARTESIAN_POINT('Ctrl Pts',(64.0123245889236,254.638491465663,9.29734023444728));
#1643=CARTESIAN_POINT('Ctrl Pts',(64.0124460040536,251.086441623177,9.17345513566884));
#1644=CARTESIAN_POINT('Ctrl Pts',(64.0165113133156,247.534365982925,9.05033657656695));
#1645=CARTESIAN_POINT('Ctrl Pts',(64.0166460524892,243.982316050033,8.92645408664799));
#1646=CARTESIAN_POINT('Ctrl Pts',(62.6851168190827,256.126596648647,9.12159350612591));
#1647=CARTESIAN_POINT('Ctrl Pts',(62.9968274287357,256.122643741862,9.16781471523446));
#1648=CARTESIAN_POINT('Ctrl Pts',(63.70621477928,255.805910955474,9.276185477876));
#1649=CARTESIAN_POINT('Ctrl Pts',(64.0123101163568,255.061892319702,9.31210721659838));
#1650=CARTESIAN_POINT('Ctrl Pts',(64.0123245889218,254.638491465663,9.29734023444692));
#1651=CARTESIAN_POINT('Ctrl Pts',(62.6855783871687,256.189941850901,9.1238718691098));
#1652=CARTESIAN_POINT('Ctrl Pts',(63.0137296513449,256.182428630924,9.17231927090086));
#1653=CARTESIAN_POINT('Ctrl Pts',(63.7515571876842,255.846653158205,9.28552629139318));
#1654=CARTESIAN_POINT('Ctrl Pts',(64.0695469880192,255.078289092961,9.32375260700965));
#1655=CARTESIAN_POINT('Ctrl Pts',(64.0718058062069,254.638090483406,9.30889604492735));
#1656=CARTESIAN_POINT('Ctrl Pts',(62.6939720683451,256.317758234132,9.07814463933865));
#1657=CARTESIAN_POINT('Ctrl Pts',(63.0544322450092,256.303174352931,9.13695178102404));
#1658=CARTESIAN_POINT('Ctrl Pts',(63.849028159314,255.929315499471,9.26572317892579));
#1659=CARTESIAN_POINT('Ctrl Pts',(64.1917686257798,255.1123332509,9.30534712037392));
#1660=CARTESIAN_POINT('Ctrl Pts',(64.1991058158316,254.638874790447,9.28653404647311));
#1661=CARTESIAN_POINT('Ctrl Pts',(62.7125409817439,256.379000347627,8.95813188902286));
#1662=CARTESIAN_POINT('Ctrl Pts',(63.0876222741742,256.367673989049,9.03012726206634));
#1663=CARTESIAN_POINT('Ctrl Pts',(63.9181467899144,255.979383734201,9.17768542419241));
#1664=CARTESIAN_POINT('Ctrl Pts',(64.2731184985899,255.132290570132,9.21259532679565));
#1665=CARTESIAN_POINT('Ctrl Pts',(64.2798260091287,254.642396146101,9.18564887902377));
#1666=CARTESIAN_POINT('Ctrl Pts',(62.7218716405352,256.384317072098,8.89566037648388));
#1667=CARTESIAN_POINT('Ctrl Pts',(63.0978118731118,256.377856816999,8.97156837390489));
#1668=CARTESIAN_POINT('Ctrl Pts',(63.9378626703428,255.991005356573,9.12600546042165));
#1669=CARTESIAN_POINT('Ctrl Pts',(64.2940496166101,255.136038497496,9.1581552220012));
#1670=CARTESIAN_POINT('Ctrl Pts',(64.2982257086161,254.644409130237,9.1279504240532));
#1671=CARTESIAN_POINT('Ctrl Pts',(64.2982257086161,254.644409130237,9.1279504240532));
#1672=CARTESIAN_POINT('Ctrl Pts',(64.2940496166101,255.136038497496,9.1581552220012));
#1673=CARTESIAN_POINT('Ctrl Pts',(63.9378626703428,255.991005356573,9.12600546042165));
#1674=CARTESIAN_POINT('Ctrl Pts',(63.0978118731118,256.377856816999,8.97156837390489));
#1675=CARTESIAN_POINT('Ctrl Pts',(62.7218716405352,256.384317072098,8.89566037648388));
#1676=CARTESIAN_POINT('',(62.6851168190842,256.126596648646,9.12159350612603));
#1677=CARTESIAN_POINT('Origin',(62.7218716405355,256.135217570295,8.87446041888378));
#1678=CARTESIAN_POINT('Ctrl Pts',(62.6851168190827,256.126596648647,9.12159350612591));
#1679=CARTESIAN_POINT('Ctrl Pts',(62.9968274287357,256.122643741862,9.16781471523446));
#1680=CARTESIAN_POINT('Ctrl Pts',(63.70621477928,255.805910955474,9.276185477876));
#1681=CARTESIAN_POINT('Ctrl Pts',(64.0123101163568,255.061892319702,9.31210721659838));
#1682=CARTESIAN_POINT('Ctrl Pts',(64.0123245889218,254.638491465663,9.29734023444692));
#1683=CARTESIAN_POINT('Ctrl Pts',(64.0166460524888,243.982316050033,8.92645408664793));
#1684=CARTESIAN_POINT('Ctrl Pts',(64.0166626275082,243.545358501812,8.91121460801288));
#1685=CARTESIAN_POINT('Ctrl Pts',(63.7832426551507,243.006879250836,8.84568676313784));
#1686=CARTESIAN_POINT('Ctrl Pts',(63.190124431805,242.538733097167,8.726008041905));
#1687=CARTESIAN_POINT('Ctrl Pts',(62.8772297909423,242.431836377683,8.67228874102265));
#1688=CARTESIAN_POINT('Ctrl Pts',(62.6631060401512,242.420179596723,8.64019739488618));
#1689=CARTESIAN_POINT('Ctrl Pts',(64.0836996470166,243.981863930434,8.93949114704908));
#1690=CARTESIAN_POINT('Ctrl Pts',(64.0762418245291,243.524669137987,8.92184472740611));
#1691=CARTESIAN_POINT('Ctrl Pts',(63.8299678731109,242.9734336504,8.85298217371122));
#1692=CARTESIAN_POINT('Ctrl Pts',(63.215203671757,242.490161154231,8.72828390084314));
#1693=CARTESIAN_POINT('Ctrl Pts',(62.890495244014,242.377901372656,8.67235050065704));
#1694=CARTESIAN_POINT('Ctrl Pts',(62.6663929600587,242.363406260479,8.63870330783783));
#1695=CARTESIAN_POINT('Ctrl Pts',(64.2100376316498,243.982853820052,8.91124679759354));
#1696=CARTESIAN_POINT('Ctrl Pts',(64.187893453357,243.490257975469,8.9021057124997));
#1697=CARTESIAN_POINT('Ctrl Pts',(63.9175506038645,242.916187787108,8.83278668824702));
#1698=CARTESIAN_POINT('Ctrl Pts',(63.2640845350269,242.406476389819,8.70202696408218));
#1699=CARTESIAN_POINT('Ctrl Pts',(62.9185681172623,242.28487045472,8.64054317208177));
#1700=CARTESIAN_POINT('Ctrl Pts',(62.6772999814571,242.265645205187,8.6011162673031));
#1701=CARTESIAN_POINT('Ctrl Pts',(64.284500841133,243.986378829107,8.81025662415503));
#1702=CARTESIAN_POINT('Ctrl Pts',(64.2658027713584,243.477041124806,8.8220803173309));
#1703=CARTESIAN_POINT('Ctrl Pts',(63.983814733684,242.882106653395,8.76270523577163));
#1704=CARTESIAN_POINT('Ctrl Pts',(63.3050671248333,242.353837999413,8.63139539728384));
#1705=CARTESIAN_POINT('Ctrl Pts',(62.9447951872616,242.226946393896,8.56428711127479));
#1706=CARTESIAN_POINT('Ctrl Pts',(62.6929683374623,242.207854213149,8.51736627113972));
#1707=CARTESIAN_POINT('Ctrl Pts',(64.3010257335201,243.988069752977,8.76179124708986));
#1708=CARTESIAN_POINT('Ctrl Pts',(64.288262982701,243.476434881879,8.78148168943492));
#1709=CARTESIAN_POINT('Ctrl Pts',(64.0048609084655,242.873529508651,8.72733946790787));
#1710=CARTESIAN_POINT('Ctrl Pts',(63.3192024042955,242.33954149962,8.59649170045914));
#1711=CARTESIAN_POINT('Ctrl Pts',(62.9542883176153,242.211460156661,8.5273821021046));
#1712=CARTESIAN_POINT('Ctrl Pts',(62.6996792545187,242.193581433081,8.47772234657054));
#1713=CARTESIAN_POINT('',(62.6631060401519,242.420179596716,8.64019739488613));
#1714=CARTESIAN_POINT('',(62.6996792545197,242.19358143308,8.47772234657065));
#1715=CARTESIAN_POINT('Origin',(62.6996792545174,242.42880145704,8.39303739910289));
#1716=CARTESIAN_POINT('Ctrl Pts',(62.6996792545187,242.193581433081,8.47772234657054));
#1717=CARTESIAN_POINT('Ctrl Pts',(62.9542883176153,242.211460156661,8.5273821021046));
#1718=CARTESIAN_POINT('Ctrl Pts',(63.3192024042955,242.33954149962,8.59649170045914));
#1719=CARTESIAN_POINT('Ctrl Pts',(64.0048609084655,242.873529508651,8.72733946790787));
#1720=CARTESIAN_POINT('Ctrl Pts',(64.288262982701,243.476434881879,8.78148168943492));
#1721=CARTESIAN_POINT('Ctrl Pts',(64.3010257335201,243.988069752977,8.76179124708986));
#1722=CARTESIAN_POINT('Ctrl Pts',(64.0166460524888,243.982316050033,8.92645408664793));
#1723=CARTESIAN_POINT('Ctrl Pts',(64.0166626275082,243.545358501812,8.91121460801288));
#1724=CARTESIAN_POINT('Ctrl Pts',(63.7832426551507,243.006879250836,8.84568676313784));
#1725=CARTESIAN_POINT('Ctrl Pts',(63.190124431805,242.538733097167,8.726008041905));
#1726=CARTESIAN_POINT('Ctrl Pts',(62.8772297909423,242.431836377683,8.67228874102265));
#1727=CARTESIAN_POINT('Ctrl Pts',(62.6631060401512,242.420179596723,8.64019739488618));
#1728=CARTESIAN_POINT('Ctrl Pts',(53.7757480989524,256.126596648632,9.12159350611767));
#1729=CARTESIAN_POINT('Ctrl Pts',(56.7238532435145,256.163982558743,8.68444128819742));
#1730=CARTESIAN_POINT('Ctrl Pts',(59.7370116745277,256.163982558742,8.68444128820093));
#1731=CARTESIAN_POINT('Ctrl Pts',(62.6851168190824,256.126596648632,9.12159350612533));
#1732=CARTESIAN_POINT('Ctrl Pts',(53.7752865308664,256.189941850886,9.1238718691016));
#1733=CARTESIAN_POINT('Ctrl Pts',(56.7236463187635,256.22730262225,8.68663350045776));
#1734=CARTESIAN_POINT('Ctrl Pts',(59.7372185992787,256.227302622249,8.68663350046127));
#1735=CARTESIAN_POINT('Ctrl Pts',(62.6855783871685,256.189941850885,9.12387186910923));
#1736=CARTESIAN_POINT('Ctrl Pts',(53.7668928553906,256.317758271416,9.07814468095015));
#1737=CARTESIAN_POINT('Ctrl Pts',(56.720849526404,256.355095480218,8.64003321249049));
#1738=CARTESIAN_POINT('Ctrl Pts',(59.7400153916383,256.355095480217,8.64003321249399));
#1739=CARTESIAN_POINT('Ctrl Pts',(62.6939720626443,256.317758271415,9.07814468095776));
#1740=CARTESIAN_POINT('Ctrl Pts',(53.7483239362913,256.379000347612,8.95813188901506));
#1741=CARTESIAN_POINT('Ctrl Pts',(56.7145654724865,256.416435927374,8.51825330835685));
#1742=CARTESIAN_POINT('Ctrl Pts',(59.7462994455561,256.416435927374,8.51825330836038));
#1743=CARTESIAN_POINT('Ctrl Pts',(62.7125409817439,256.379000347611,8.95813188902274));
#1744=CARTESIAN_POINT('Ctrl Pts',(53.7389932775,256.384317072083,8.89566037647614));
#1745=CARTESIAN_POINT('Ctrl Pts',(56.7114227219347,256.421829025102,8.45489492852384));
#1746=CARTESIAN_POINT('Ctrl Pts',(59.749442196108,256.421829025101,8.45489492852738));
#1747=CARTESIAN_POINT('Ctrl Pts',(62.7218716405353,256.384317072082,8.89566037648385));
#1748=CARTESIAN_POINT('',(53.7757480989512,256.126596648633,9.12159350611764));
#1749=CARTESIAN_POINT('Origin',(53.7389932775,256.135217570286,8.87446041887532));
#1750=CARTESIAN_POINT('Ctrl Pts',(53.7757480989524,256.126596648632,9.12159350611767));
#1751=CARTESIAN_POINT('Ctrl Pts',(56.7238532435145,256.163982558743,8.68444128819742));
#1752=CARTESIAN_POINT('Ctrl Pts',(59.7370116745277,256.163982558742,8.68444128820093));
#1753=CARTESIAN_POINT('Ctrl Pts',(62.6851168190824,256.126596648632,9.12159350612533));
#1754=CARTESIAN_POINT('Ctrl Pts',(62.6631060401513,242.420179596721,8.64019739488613));
#1755=CARTESIAN_POINT('Ctrl Pts',(59.7326654018861,242.26064799639,8.20100377667568));
#1756=CARTESIAN_POINT('Ctrl Pts',(56.7281995162333,242.260647996386,8.20100377666663));
#1757=CARTESIAN_POINT('Ctrl Pts',(53.7977588779599,242.420179596712,8.64019739486207));
#1758=CARTESIAN_POINT('Ctrl Pts',(62.6663929600584,242.363406260477,8.63870330783772));
#1759=CARTESIAN_POINT('Ctrl Pts',(59.7338427459793,242.204042249006,8.19886910179194));
#1760=CARTESIAN_POINT('Ctrl Pts',(56.7270221721402,242.204042249002,8.19886910178285));
#1761=CARTESIAN_POINT('Ctrl Pts',(53.7944719580528,242.363406260468,8.6387033078136));
#1762=CARTESIAN_POINT('Ctrl Pts',(62.6772999778674,242.265645176188,8.60111630169107));
#1763=CARTESIAN_POINT('Ctrl Pts',(59.7375267687304,242.10656625663,8.16001261231732));
#1764=CARTESIAN_POINT('Ctrl Pts',(56.7233381493896,242.106566256627,8.16001261230819));
#1765=CARTESIAN_POINT('Ctrl Pts',(53.7835649402443,242.265645176179,8.60111630166686));
#1766=CARTESIAN_POINT('Ctrl Pts',(62.6929683374611,242.207854213146,8.51736627113907));
#1767=CARTESIAN_POINT('Ctrl Pts',(59.7427990311205,242.048618799833,8.07507205003917));
#1768=CARTESIAN_POINT('Ctrl Pts',(56.718065887,242.04861879983,8.07507205003004));
#1769=CARTESIAN_POINT('Ctrl Pts',(53.7678965806512,242.207854213137,8.51736627111483));
#1770=CARTESIAN_POINT('Ctrl Pts',(62.6996792545174,242.193581433078,8.47772234656975));
#1771=CARTESIAN_POINT('Ctrl Pts',(59.7450600631312,242.034174487805,8.03495528337255));
#1772=CARTESIAN_POINT('Ctrl Pts',(56.7158048549896,242.034174487802,8.03495528336342));
#1773=CARTESIAN_POINT('Ctrl Pts',(53.7611856635951,242.19358143307,8.47772234654551));
#1774=CARTESIAN_POINT('',(53.7977588779609,242.420179596711,8.64019739486214));
#1775=CARTESIAN_POINT('',(53.7611856635658,242.193581433071,8.47772234655809));
#1776=CARTESIAN_POINT('Origin',(53.7611856635954,242.428801457036,8.39303739907871));
#1777=CARTESIAN_POINT('Ctrl Pts',(53.7611856635951,242.19358143307,8.47772234654551));
#1778=CARTESIAN_POINT('Ctrl Pts',(56.7158048549896,242.034174487802,8.03495528336342));
#1779=CARTESIAN_POINT('Ctrl Pts',(59.7450600631312,242.034174487805,8.03495528337255));
#1780=CARTESIAN_POINT('Ctrl Pts',(62.6996792545174,242.193581433078,8.47772234656975));
#1781=CARTESIAN_POINT('Ctrl Pts',(62.6631060401513,242.420179596721,8.64019739488613));
#1782=CARTESIAN_POINT('Ctrl Pts',(59.7326654018861,242.26064799639,8.20100377667568));
#1783=CARTESIAN_POINT('Ctrl Pts',(56.7281995162333,242.260647996386,8.20100377666663));
#1784=CARTESIAN_POINT('Ctrl Pts',(53.7977588779599,242.420179596712,8.64019739486207));
#1785=CARTESIAN_POINT('Ctrl Pts',(52.4485403291212,254.638491465649,9.29734023443412));
#1786=CARTESIAN_POINT('Ctrl Pts',(52.4485511836473,254.956045119918,9.30841557615836));
#1787=CARTESIAN_POINT('Ctrl Pts',(52.6106875097081,255.485334560911,9.29459472901361));
#1788=CARTESIAN_POINT('Ctrl Pts',(53.1556995986634,256.004121639533,9.21430607992036));
#1789=CARTESIAN_POINT('Ctrl Pts',(53.5679390536568,256.123961352432,9.15240793796469));
#1790=CARTESIAN_POINT('Ctrl Pts',(53.7757480989543,256.126596648634,9.12159350611745));
#1791=CARTESIAN_POINT('Ctrl Pts',(52.3890591118362,254.638090483392,9.30889604491437));
#1792=CARTESIAN_POINT('Ctrl Pts',(52.3907532415545,254.968242573861,9.32003857222436));
#1793=CARTESIAN_POINT('Ctrl Pts',(52.5603565559476,255.515667596034,9.30495944366033));
#1794=CARTESIAN_POINT('Ctrl Pts',(53.1257717584546,256.055941784422,9.22096748822752));
#1795=CARTESIAN_POINT('Ctrl Pts',(53.5565169452017,256.184932990032,9.15617044348875));
#1796=CARTESIAN_POINT('Ctrl Pts',(53.7752865308681,256.189941850887,9.12387186910139));
#1797=CARTESIAN_POINT('Ctrl Pts',(52.2617587789547,254.638874771439,9.28653459139978));
#1798=CARTESIAN_POINT('Ctrl Pts',(52.2672617237185,254.993971986821,9.30064453073582));
#1799=CARTESIAN_POINT('Ctrl Pts',(52.4525452278004,255.577634581868,9.28576227410299));
#1800=CARTESIAN_POINT('Ctrl Pts',(53.0590856553419,256.160705631261,9.19288272357076));
#1801=CARTESIAN_POINT('Ctrl Pts',(53.5265838610657,256.308036054582,9.11735033066969));
#1802=CARTESIAN_POINT('Ctrl Pts',(53.7668929261427,256.317758734322,9.0781451974733));
#1803=CARTESIAN_POINT('Ctrl Pts',(52.181038908915,254.642396146086,9.18564887901123));
#1804=CARTESIAN_POINT('Ctrl Pts',(52.1860695895621,255.009820451142,9.20585890664338));
#1805=CARTESIAN_POINT('Ctrl Pts',(52.3778703316666,255.61415403479,9.1956251927788));
#1806=CARTESIAN_POINT('Ctrl Pts',(53.0097205824222,256.22018295979,9.09518883186531));
#1807=CARTESIAN_POINT('Ctrl Pts',(53.4982673681969,256.371449370231,9.00612925989227));
#1808=CARTESIAN_POINT('Ctrl Pts',(53.7483239362926,256.379000347613,8.95813188901501));
#1809=CARTESIAN_POINT('Ctrl Pts',(52.1626392094275,254.644409130223,9.12795042404089));
#1810=CARTESIAN_POINT('Ctrl Pts',(52.1657713081565,255.013134655049,9.15060423749787));
#1811=CARTESIAN_POINT('Ctrl Pts',(52.3574922302935,255.622114254012,9.14273098725534));
#1812=CARTESIAN_POINT('Ctrl Pts',(52.9952833305458,256.231671186603,9.03999594046354));
#1813=CARTESIAN_POINT('Ctrl Pts',(53.4883640772069,256.380010194477,8.94626618836031));
#1814=CARTESIAN_POINT('Ctrl Pts',(53.7389932775014,256.384317072085,8.89566037647612));
#1815=CARTESIAN_POINT('',(52.1626392094277,254.644409130219,9.12795042404079));
#1816=CARTESIAN_POINT('Ctrl Pts',(53.7389932775014,256.384317072085,8.89566037647612));
#1817=CARTESIAN_POINT('Ctrl Pts',(53.4883640772069,256.380010194477,8.94626618836031));
#1818=CARTESIAN_POINT('Ctrl Pts',(52.9952833305458,256.231671186603,9.03999594046354));
#1819=CARTESIAN_POINT('Ctrl Pts',(52.3574922302935,255.622114254012,9.14273098725534));
#1820=CARTESIAN_POINT('Ctrl Pts',(52.1657713081565,255.013134655049,9.15060423749787));
#1821=CARTESIAN_POINT('Ctrl Pts',(52.1626392094275,254.644409130223,9.12795042404089));
#1822=CARTESIAN_POINT('',(52.4485403291214,254.638491465644,9.29734023443406));
#1823=CARTESIAN_POINT('Origin',(52.4008349485121,254.647046942709,9.05208322541457));
#1824=CARTESIAN_POINT('Ctrl Pts',(52.4485403291212,254.638491465649,9.29734023443412));
#1825=CARTESIAN_POINT('Ctrl Pts',(52.4485511836473,254.956045119918,9.30841557615836));
#1826=CARTESIAN_POINT('Ctrl Pts',(52.6106875097081,255.485334560911,9.29459472901361));
#1827=CARTESIAN_POINT('Ctrl Pts',(53.1556995986634,256.004121639533,9.21430607992036));
#1828=CARTESIAN_POINT('Ctrl Pts',(53.5679390536568,256.123961352432,9.15240793796469));
#1829=CARTESIAN_POINT('Ctrl Pts',(53.7757480989543,256.126596648634,9.12159350611745));
#1830=CARTESIAN_POINT('Ctrl Pts',(53.7977588778992,242.420179596718,8.64019739487124));
#1831=CARTESIAN_POINT('Ctrl Pts',(53.5836350937134,242.431836379493,8.67228874601185));
#1832=CARTESIAN_POINT('Ctrl Pts',(53.2707386919549,242.538731377289,8.72600835454623));
#1833=CARTESIAN_POINT('Ctrl Pts',(52.6776179769637,243.006880023321,8.8456878608543));
#1834=CARTESIAN_POINT('Ctrl Pts',(52.444202290531,243.545358433682,8.91121460561948));
#1835=CARTESIAN_POINT('Ctrl Pts',(52.4442188655529,243.982316050024,8.92645408663057));
#1836=CARTESIAN_POINT('Ctrl Pts',(53.7944719579923,242.363406260474,8.63870330782277));
#1837=CARTESIAN_POINT('Ctrl Pts',(53.5703696390858,242.377901374909,8.67235050588878));
#1838=CARTESIAN_POINT('Ctrl Pts',(53.2456600525508,242.490160004242,8.72828489650363));
#1839=CARTESIAN_POINT('Ctrl Pts',(52.630893675015,242.97343549146,8.85298414345383));
#1840=CARTESIAN_POINT('Ctrl Pts',(52.3846230946756,243.524669066703,8.92184472463729));
#1841=CARTESIAN_POINT('Ctrl Pts',(52.3771652710254,243.981863930424,8.93949114703147));
#1842=CARTESIAN_POINT('Ctrl Pts',(53.7835649494555,242.265645101276,8.60111639051579));
#1843=CARTESIAN_POINT('Ctrl Pts',(53.5422967760215,242.284870353805,8.6405433014428));
#1844=CARTESIAN_POINT('Ctrl Pts',(53.1967801593565,242.406476337424,8.70202647652297));
#1845=CARTESIAN_POINT('Ctrl Pts',(52.5433125660889,242.916191470542,8.83278642009817));
#1846=CARTESIAN_POINT('Ctrl Pts',(52.2729712812359,243.490257889295,8.9021059800074));
#1847=CARTESIAN_POINT('Ctrl Pts',(52.2508270994908,243.982853810669,8.91124706652644));
#1848=CARTESIAN_POINT('Ctrl Pts',(53.7678965805905,242.207854213143,8.51736627112396));
#1849=CARTESIAN_POINT('Ctrl Pts',(53.5160696915155,242.226946396866,8.56428711857637));
#1850=CARTESIAN_POINT('Ctrl Pts',(53.155797941457,242.353837785169,8.63139419638987));
#1851=CARTESIAN_POINT('Ctrl Pts',(52.4770492708167,242.882109877025,8.76270380501636));
#1852=CARTESIAN_POINT('Ctrl Pts',(52.1950621495996,243.477041045396,8.82208031915707));
#1853=CARTESIAN_POINT('Ctrl Pts',(52.1763640769099,243.986378829098,8.81025662413806));
#1854=CARTESIAN_POINT('Ctrl Pts',(53.7611856635344,242.193581433075,8.47772234655463));
#1855=CARTESIAN_POINT('Ctrl Pts',(53.5065765607281,242.211460159442,8.52738210983329));
#1856=CARTESIAN_POINT('Ctrl Pts',(53.141662712591,242.339540960835,8.59649058847341));
#1857=CARTESIAN_POINT('Ctrl Pts',(52.4560033426025,242.873532029938,8.72733812507338));
#1858=CARTESIAN_POINT('Ctrl Pts',(52.1726019373316,243.476434802111,8.78148169248779));
#1859=CARTESIAN_POINT('Ctrl Pts',(52.1598391845226,243.988069752968,8.76179124707316));
#1860=CARTESIAN_POINT('',(52.4442188655553,243.982316050024,8.9264540866305));
#1861=CARTESIAN_POINT('',(52.1598391845237,243.988069752968,8.7617912470728));
#1862=CARTESIAN_POINT('Origin',(52.3964778293043,243.99087128535,8.68120400731073));
#1863=CARTESIAN_POINT('Ctrl Pts',(52.1598391845226,243.988069752968,8.76179124707316));
#1864=CARTESIAN_POINT('Ctrl Pts',(52.1726019373316,243.476434802111,8.78148169248779));
#1865=CARTESIAN_POINT('Ctrl Pts',(52.4560033426025,242.873532029938,8.72733812507338));
#1866=CARTESIAN_POINT('Ctrl Pts',(53.141662712591,242.339540960835,8.59649058847341));
#1867=CARTESIAN_POINT('Ctrl Pts',(53.5065765607281,242.211460159442,8.52738210983329));
#1868=CARTESIAN_POINT('Ctrl Pts',(53.7611856635344,242.193581433075,8.47772234655463));
#1869=CARTESIAN_POINT('Ctrl Pts',(53.7977588778992,242.420179596718,8.64019739487124));
#1870=CARTESIAN_POINT('Ctrl Pts',(53.5836350937134,242.431836379493,8.67228874601185));
#1871=CARTESIAN_POINT('Ctrl Pts',(53.2707386919549,242.538731377289,8.72600835454623));
#1872=CARTESIAN_POINT('Ctrl Pts',(52.6776179769637,243.006880023321,8.8456878608543));
#1873=CARTESIAN_POINT('Ctrl Pts',(52.444202290531,243.545358433682,8.91121460561948));
#1874=CARTESIAN_POINT('Ctrl Pts',(52.4442188655529,243.982316050024,8.92645408663057));
#1875=CARTESIAN_POINT('Ctrl Pts',(52.4442188655547,243.982316050024,8.92645408663024));
#1876=CARTESIAN_POINT('Ctrl Pts',(52.4443536047287,247.534365982836,9.05033657654793));
#1877=CARTESIAN_POINT('Ctrl Pts',(52.4484189139917,251.086441623378,9.17345513566141));
#1878=CARTESIAN_POINT('Ctrl Pts',(52.4485403291223,254.638491465649,9.2973402344339));
#1879=CARTESIAN_POINT('Ctrl Pts',(52.3771652710271,243.981863930425,8.93949114703114));
#1880=CARTESIAN_POINT('Ctrl Pts',(52.3769541684651,247.534769216192,9.06348186326085));
#1881=CARTESIAN_POINT('Ctrl Pts',(52.3805723034285,251.08676641284,9.18665921378674));
#1882=CARTESIAN_POINT('Ctrl Pts',(52.3805617950823,254.638033200212,9.31054687498277));
#1883=CARTESIAN_POINT('Ctrl Pts',(52.2508272756282,243.982853819503,8.91124681306821));
#1884=CARTESIAN_POINT('Ctrl Pts',(52.2499368847104,247.537257142301,9.03483861925054));
#1885=CARTESIAN_POINT('Ctrl Pts',(52.2526569949646,251.089141671229,9.15743443090551));
#1886=CARTESIAN_POINT('Ctrl Pts',(52.2523876283169,254.639064663167,9.28109924232505));
#1887=CARTESIAN_POINT('Ctrl Pts',(52.1763640769115,243.986378829099,8.81025662413756));
#1888=CARTESIAN_POINT('Ctrl Pts',(52.1756335605864,247.541492955438,8.9328760091237));
#1889=CARTESIAN_POINT('Ctrl Pts',(52.1786099981502,251.093344227023,9.05414417974835));
#1890=CARTESIAN_POINT('Ctrl Pts',(52.1784103804179,254.642683715249,9.17740624258669));
#1891=CARTESIAN_POINT('Ctrl Pts',(52.1598391845243,243.988069752968,8.76179124707262));
#1892=CARTESIAN_POINT('Ctrl Pts',(52.1593834632501,247.54328210204,8.88404634955075));
#1893=CARTESIAN_POINT('Ctrl Pts',(52.1627293015665,251.095131132977,9.00482909591376));
#1894=CARTESIAN_POINT('Ctrl Pts',(52.1626392094286,254.644409130223,9.12795042404069));
#1895=CARTESIAN_POINT('Ctrl Pts',(52.1626392094286,254.644409130223,9.12795042404069));
#1896=CARTESIAN_POINT('Ctrl Pts',(52.1627293015665,251.095131132977,9.00482909591376));
#1897=CARTESIAN_POINT('Ctrl Pts',(52.1593834632501,247.54328210204,8.88404634955075));
#1898=CARTESIAN_POINT('Ctrl Pts',(52.1598391845243,243.988069752968,8.76179124707262));
#1899=CARTESIAN_POINT('Ctrl Pts',(52.4442188655547,243.982316050024,8.92645408663024));
#1900=CARTESIAN_POINT('Ctrl Pts',(52.4443536047287,247.534365982836,9.05033657654793));
#1901=CARTESIAN_POINT('Ctrl Pts',(52.4484189139917,251.086441623378,9.17345513566141));
#1902=CARTESIAN_POINT('Ctrl Pts',(52.4485403291223,254.638491465649,9.2973402344339));
#1903=CARTESIAN_POINT('Ctrl Pts',(52.1637723860485,254.643540763301,9.1314779993102));
#1904=CARTESIAN_POINT('Ctrl Pts',(51.1859924103678,255.392825359183,6.08765199957166));
#1905=CARTESIAN_POINT('Ctrl Pts',(50.2082124346871,256.142109955066,3.04382599983313));
#1906=CARTESIAN_POINT('Ctrl Pts',(49.2304324590064,256.891394550948,9.45893363635264E-11));
#1907=CARTESIAN_POINT('Ctrl Pts',(52.1637723860478,255.156856001225,9.14932636619362));
#1908=CARTESIAN_POINT('Ctrl Pts',(51.187582244322,255.759316326019,6.09952435425331));
#1909=CARTESIAN_POINT('Ctrl Pts',(50.2066226007322,256.36373405124,3.0498020120349));
#1910=CARTESIAN_POINT('Ctrl Pts',(49.2304324590064,256.966194376034,9.45893363635264E-11));
#1911=CARTESIAN_POINT('Ctrl Pts',(52.5948415712616,256.045483634553,9.18022463464658));
#1912=CARTESIAN_POINT('Ctrl Pts',(51.4939040888217,256.395765035251,6.12015848642796));
#1913=CARTESIAN_POINT('Ctrl Pts',(50.3941468866917,256.745402978025,3.06006614831321));
#1914=CARTESIAN_POINT('Ctrl Pts',(49.2932094042518,257.095684378723,9.45893363635264E-11));
#1915=CARTESIAN_POINT('Ctrl Pts',(53.4952225105568,256.359170570384,9.19113177143818));
#1916=CARTESIAN_POINT('Ctrl Pts',(52.1379862574646,256.61953665734,6.12740590805079));
#1917=CARTESIAN_POINT('Ctrl Pts',(50.7815688432844,256.881028463992,3.06372586348198));
#1918=CARTESIAN_POINT('Ctrl Pts',(49.4243325901923,257.141394550948,9.45893363635264E-11));
#1919=CARTESIAN_POINT('Ctrl Pts',(53.8804423495572,256.359170570385,9.19113177143822));
#1920=CARTESIAN_POINT('Ctrl Pts',(52.4137723860403,256.619911897239,6.12742118099034));
#1921=CARTESIAN_POINT('Ctrl Pts',(50.9471024225233,256.880653224094,3.06371059054246));
#1922=CARTESIAN_POINT('Ctrl Pts',(49.4804324590064,257.141394550948,9.45893363635264E-11));
#1923=CARTESIAN_POINT('',(52.2304324590255,254.592458344882,9.33899059755817));
#1924=CARTESIAN_POINT('Ctrl Pts',(62.5791573907768,256.358945649918,9.19377458709196));
#1925=CARTESIAN_POINT('Ctrl Pts',(64.0462490801882,256.619761950262,6.12918305809283));
#1926=CARTESIAN_POINT('Ctrl Pts',(65.5133407695995,256.880578250605,3.06459152909371));
#1927=CARTESIAN_POINT('Ctrl Pts',(66.9804324590109,257.141394550948,9.45887812520141E-11));
#1928=CARTESIAN_POINT('Ctrl Pts',(63.0929100228735,256.358945649919,9.19377458709197));
#1929=CARTESIAN_POINT('Ctrl Pts',(64.4130309923398,256.618172786995,6.12911837628647));
#1930=CARTESIAN_POINT('Ctrl Pts',(65.7351113146301,256.882167413872,3.0646562109001));
#1931=CARTESIAN_POINT('Ctrl Pts',(67.0552322840964,257.141394550948,9.45887812520141E-11));
#1932=CARTESIAN_POINT('Ctrl Pts',(63.9822929934386,255.928029601757,9.17879067596789));
#1933=CARTESIAN_POINT('Ctrl Pts',(65.049983504682,256.311951453616,6.11920976457649));
#1934=CARTESIAN_POINT('Ctrl Pts',(66.1170315048291,256.694695428859,3.05958091148599));
#1935=CARTESIAN_POINT('Ctrl Pts',(67.1847220160725,257.078617280718,9.45887812520141E-11));
#1936=CARTESIAN_POINT('Ctrl Pts',(64.2962490801949,255.027975412419,9.14749378638243));
#1937=CARTESIAN_POINT('Ctrl Pts',(65.2739345922878,255.668087912692,6.09834029567257));
#1938=CARTESIAN_POINT('Ctrl Pts',(66.252746946918,256.307381919489,3.04915349080445));
#1939=CARTESIAN_POINT('Ctrl Pts',(67.2304324590109,256.947494419763,9.45887812520141E-11));
#1940=CARTESIAN_POINT('Ctrl Pts',(64.2962490801948,254.642894416019,9.13410366213373));
#1941=CARTESIAN_POINT('Ctrl Pts',(65.2743102064668,255.392394460995,6.08940244145402));
#1942=CARTESIAN_POINT('Ctrl Pts',(66.2523713327389,256.141894505972,3.0447012207743));
#1943=CARTESIAN_POINT('Ctrl Pts',(67.2304324590109,256.891394550948,9.45887812520141E-11));
#1944=CARTESIAN_POINT('Ctrl Pts',(48.1652855932066,259.532178872914,10.6325755343871));
#1945=CARTESIAN_POINT('Ctrl Pts',(57.8997518064557,259.651698074936,7.20635840978329));
#1946=CARTESIAN_POINT('Ctrl Pts',(67.7029701361198,259.539215846939,10.4308489448517));
#1947=CARTESIAN_POINT('Ctrl Pts',(48.165285593177,234.859191984324,9.77188994512292));
#1948=CARTESIAN_POINT('Ctrl Pts',(57.8997518064261,234.97871118635,6.34567282051909));
#1949=CARTESIAN_POINT('Ctrl Pts',(67.7029701360902,234.866228958354,9.57016335558748));
#1950=CARTESIAN_POINT('Origin',(52.7346244759792,248.248938883116,6.43403668659652));
#1951=CARTESIAN_POINT('',(53.0327694360335,247.81639455096,7.29350648030487));
#1952=CARTESIAN_POINT('',(52.0234203298605,247.81639455096,4.33274910222287));
#1953=CARTESIAN_POINT('',(52.9335194662917,247.81639455095,7.0023732357337));
#1954=CARTESIAN_POINT('Ctrl Pts',(53.0327694360312,247.81639455096,7.29350648030574));
#1955=CARTESIAN_POINT('Ctrl Pts',(53.0327694360312,246.952619257972,7.2633747840344));
#1956=CARTESIAN_POINT('Ctrl Pts',(53.0327694360221,246.088843964985,7.23324308776343));
#1957=CARTESIAN_POINT('Ctrl Pts',(53.0327694360221,244.495291769513,7.17765405768072));
#1958=CARTESIAN_POINT('Ctrl Pts',(53.0327694360221,243.765514867023,7.15219672386917));
#1959=CARTESIAN_POINT('Ctrl Pts',(53.0327694360221,243.035737964542,7.12673939005774));
#1960=CARTESIAN_POINT('',(52.0156904144278,248.466394550956,4.33274910222285));
#1961=CARTESIAN_POINT('Ctrl Pts',(52.0156904144278,248.46639455096,4.33274910222287));
#1962=CARTESIAN_POINT('Ctrl Pts',(52.3547167549623,248.46639455096,5.32722636778055));
#1963=CARTESIAN_POINT('Ctrl Pts',(52.6937430954922,248.46639455096,6.32170363333602));
#1964=CARTESIAN_POINT('Ctrl Pts',(53.0327694360267,248.46639455096,7.3161808988939));
#1965=CARTESIAN_POINT('',(52.0174734666898,248.316459667608,4.33274910222287));
#1966=CARTESIAN_POINT('Ctrl Pts',(53.0327694360263,247.816394550958,7.29350648030681));
#1967=CARTESIAN_POINT('Ctrl Pts',(54.6361138746392,247.825789923124,7.0241724782062));
#1968=CARTESIAN_POINT('Ctrl Pts',(56.2697865475589,247.830949996007,6.87625038884731));
#1969=CARTESIAN_POINT('Ctrl Pts',(57.9054324590158,247.831705643813,6.85458848500591));
#1970=CARTESIAN_POINT('Ctrl Pts',(53.0327694360243,246.164330073673,7.2358763241139));
#1971=CARTESIAN_POINT('Ctrl Pts',(54.6361138746372,246.173725445838,6.96654232201328));
#1972=CARTESIAN_POINT('Ctrl Pts',(56.2697865475569,246.178885518721,6.8186202326544));
#1973=CARTESIAN_POINT('Ctrl Pts',(57.9054324590138,246.179641166527,6.796958328813));
#1974=CARTESIAN_POINT('Ctrl Pts',(53.0327694360223,244.512265596387,7.17824616792099));
#1975=CARTESIAN_POINT('Ctrl Pts',(54.6361138746353,244.521660968552,6.90891216582037));
#1976=CARTESIAN_POINT('Ctrl Pts',(56.2697865475549,244.526821041436,6.76099007646148));
#1977=CARTESIAN_POINT('Ctrl Pts',(57.9054324590118,244.527576689242,6.73932817262008));
#1978=CARTESIAN_POINT('Ctrl Pts',(53.0327694360203,242.860201119101,7.12061601172807));
#1979=CARTESIAN_POINT('Ctrl Pts',(54.6361138746333,242.869596491267,6.85128200962746));
#1980=CARTESIAN_POINT('Ctrl Pts',(56.269786547553,242.87475656415,6.70335992026857));
#1981=CARTESIAN_POINT('Ctrl Pts',(57.9054324590099,242.875512211956,6.68169801642717));
#1982=CARTESIAN_POINT('',(57.9054324590061,245.461026106141,6.77189036158656));
#1983=CARTESIAN_POINT('Ctrl Pts',(57.9054324590061,242.875512211972,6.68169801642791));
#1984=CARTESIAN_POINT('Ctrl Pts',(57.9054324590061,243.66380139626,6.70919647634915));
#1985=CARTESIAN_POINT('Ctrl Pts',(57.9054324590061,244.452090580558,6.73669493627048));
#1986=CARTESIAN_POINT('Ctrl Pts',(57.9054324590061,245.313928545279,6.76675905132341));
#1987=CARTESIAN_POINT('Ctrl Pts',(57.9054324590106,245.387477325721,6.76932470645502));
#1988=CARTESIAN_POINT('Ctrl Pts',(57.9054324590106,245.461026106154,6.77189036158682));
#1989=CARTESIAN_POINT('',(55.5500810702265,247.816391731099,6.97246568083975));
#1990=CARTESIAN_POINT('Ctrl Pts',(55.5500924000064,247.816389857965,6.97251937749919));
#1991=CARTESIAN_POINT('Ctrl Pts',(55.505982035251,247.816389845804,6.97637299659428));
#1992=CARTESIAN_POINT('Ctrl Pts',(55.4618788152829,247.816389842872,6.98031817457303));
#1993=CARTESIAN_POINT('Ctrl Pts',(55.4177830264713,247.816389849162,6.9843548956776));
#1994=CARTESIAN_POINT('Ctrl Pts',(54.9703935699212,247.816389912984,7.02531088058887));
#1995=CARTESIAN_POINT('Ctrl Pts',(54.5239559570442,247.816391071399,7.07566888038725));
#1996=CARTESIAN_POINT('Ctrl Pts',(54.0787707768628,247.816392398536,7.13541614457155));
#1997=CARTESIAN_POINT('Ctrl Pts',(53.7292804871468,247.816393440398,7.18232042081228));
#1998=CARTESIAN_POINT('Ctrl Pts',(53.3805621985677,247.81639455169,7.23501224671357));
#1999=CARTESIAN_POINT('Ctrl Pts',(53.032769436046,247.816394550958,7.2935064803035));
#2000=CARTESIAN_POINT('Ctrl Pts',(57.9054324590076,245.461026106138,6.77189036158645));
#2001=CARTESIAN_POINT('Ctrl Pts',(57.7693209757697,245.477529525288,6.77427086714139));
#2002=CARTESIAN_POINT('Ctrl Pts',(57.6349761829627,245.504337409454,6.77786741454246));
#2003=CARTESIAN_POINT('Ctrl Pts',(57.5035220931181,245.541085021095,6.78255532385595));
#2004=CARTESIAN_POINT('Ctrl Pts',(57.3670558395683,245.579233768643,6.78742197670602));
#2005=CARTESIAN_POINT('Ctrl Pts',(57.2337051074331,245.628094675088,6.79346466353065));
#2006=CARTESIAN_POINT('Ctrl Pts',(57.1047211284122,245.687261638197,6.80048750179595));
#2007=CARTESIAN_POINT('Ctrl Pts',(57.0523398640017,245.711289741241,6.80333952381355));
#2008=CARTESIAN_POINT('Ctrl Pts',(57.0006786905197,245.737017568381,6.80635257897813));
#2009=CARTESIAN_POINT('Ctrl Pts',(56.9498210364564,245.764418003213,6.80951117458988));
#2010=CARTESIAN_POINT('Ctrl Pts',(56.7931034058354,245.848852319028,6.81924437265967));
#2011=CARTESIAN_POINT('Ctrl Pts',(56.6455388685197,245.94835031348,6.83026858698206));
#2012=CARTESIAN_POINT('Ctrl Pts',(56.5091146842069,246.061243576144,6.84200471693733));
#2013=CARTESIAN_POINT('Ctrl Pts',(56.3737387627546,246.173269384,6.85365066823974));
#2014=CARTESIAN_POINT('Ctrl Pts',(56.2493323026816,246.298485490844,6.86599493225683));
#2015=CARTESIAN_POINT('Ctrl Pts',(56.1378190811728,246.435262670559,6.87844242594032));
#2016=CARTESIAN_POINT('Ctrl Pts',(56.0372523841815,246.55861332801,6.8896680304797));
#2017=CARTESIAN_POINT('Ctrl Pts',(55.9479069367654,246.690469094458,6.9008917696285));
#2018=CARTESIAN_POINT('Ctrl Pts',(55.8707432516069,246.829238009807,6.91169322621925));
#2019=CARTESIAN_POINT('Ctrl Pts',(55.8182170055724,246.923699674963,6.91904590727967));
#2020=CARTESIAN_POINT('Ctrl Pts',(55.7713352906216,247.021364652963,6.92620362675198));
#2021=CARTESIAN_POINT('Ctrl Pts',(55.7304010072378,247.121730312589,6.93304793854518));
#2022=CARTESIAN_POINT('Ctrl Pts',(55.678877271469,247.248059963419,6.941662832546));
#2023=CARTESIAN_POINT('Ctrl Pts',(55.6370509724669,247.377995450762,6.94973298057643));
#2024=CARTESIAN_POINT('Ctrl Pts',(55.6052250443291,247.510409753003,6.95707708844791));
#2025=CARTESIAN_POINT('Ctrl Pts',(55.5810157556924,247.61113442154,6.96266359095211));
#2026=CARTESIAN_POINT('Ctrl Pts',(55.5625930535753,247.713293378201,6.96783089245002));
#2027=CARTESIAN_POINT('Ctrl Pts',(55.550092400011,247.816389857961,6.97251937749868));
#2028=CARTESIAN_POINT('Ctrl Pts',(52.1626444882852,243.992471692148,8.77018184907519));
#2029=CARTESIAN_POINT('Ctrl Pts',(51.185240478526,242.458779311748,5.84678789941499));
#2030=CARTESIAN_POINT('Ctrl Pts',(50.2078364687669,240.925086931348,2.92339394975479));
#2031=CARTESIAN_POINT('Ctrl Pts',(49.2304324590077,239.391394550948,9.45893363635264E-11));
#2032=CARTESIAN_POINT('Ctrl Pts',(52.1626444882852,244.890478284986,8.80140448109721));
#2033=CARTESIAN_POINT('Ctrl Pts',(51.185240478526,243.10108360494,5.86760298742967));
#2034=CARTESIAN_POINT('Ctrl Pts',(50.2078364687669,241.311688924894,2.93380149376213));
#2035=CARTESIAN_POINT('Ctrl Pts',(49.2304324590077,239.522294244848,9.45893363635264E-11));
#2036=CARTESIAN_POINT('Ctrl Pts',(52.1626444882852,253.746398492135,9.09674422508258));
#2037=CARTESIAN_POINT('Ctrl Pts',(51.185240478526,254.751097280439,6.06449615008659));
#2038=CARTESIAN_POINT('Ctrl Pts',(50.2078364687669,255.755796068744,3.03224807509059));
#2039=CARTESIAN_POINT('Ctrl Pts',(49.2304324590077,256.760494857049,9.45893363635264E-11));
#2040=CARTESIAN_POINT('Ctrl Pts',(52.1626444882852,254.644405084971,9.12796685710456));
#2041=CARTESIAN_POINT('Ctrl Pts',(51.185240478526,255.39340157363,6.08531123810124));
#2042=CARTESIAN_POINT('Ctrl Pts',(50.2078364687669,256.142398062289,3.04265561909791));
#2043=CARTESIAN_POINT('Ctrl Pts',(49.2304324590077,256.891394550948,9.45893363635264E-11));
#2044=CARTESIAN_POINT('',(52.2304324590255,244.098841108653,8.97293418234083));
#2045=CARTESIAN_POINT('Ctrl Pts',(64.2940747674208,243.99897685346,8.78258143419412));
#2046=CARTESIAN_POINT('Ctrl Pts',(65.2728606646175,242.463116085956,5.85505428949428));
#2047=CARTESIAN_POINT('Ctrl Pts',(66.2516465618142,240.927255318452,2.92752714479443));
#2048=CARTESIAN_POINT('Ctrl Pts',(67.2304324590109,239.391394550948,9.45887812520141E-11));
#2049=CARTESIAN_POINT('Ctrl Pts',(64.2940747674213,243.485210479181,8.76471470524876));
#2050=CARTESIAN_POINT('Ctrl Pts',(65.2712691950721,242.096325032797,5.84316972075889));
#2051=CARTESIAN_POINT('Ctrl Pts',(66.2532380313601,240.705480172247,2.92154498458445));
#2052=CARTESIAN_POINT('Ctrl Pts',(67.2304324590109,239.316594725863,9.45887812520141E-11));
#2053=CARTESIAN_POINT('Ctrl Pts',(63.8626272700313,242.595801376661,8.73378463245336));
#2054=CARTESIAN_POINT('Ctrl Pts',(64.9646973760989,241.459354291274,5.82251434379091));
#2055=CARTESIAN_POINT('Ctrl Pts',(66.0655854920763,240.323551738273,2.91127028875704));
#2056=CARTESIAN_POINT('Ctrl Pts',(67.1676555981439,239.187104652887,9.45887812520141E-11));
#2057=CARTESIAN_POINT('Ctrl Pts',(62.9614543530136,242.28183923418,8.72286629139478));
#2058=CARTESIAN_POINT('Ctrl Pts',(64.3200869050567,241.235399965708,5.81525948294675));
#2059=CARTESIAN_POINT('Ctrl Pts',(65.6778997757819,240.187833819421,2.90760680854262));
#2060=CARTESIAN_POINT('Ctrl Pts',(67.036532327825,239.141394550948,9.45887812520141E-11));
#2061=CARTESIAN_POINT('Ctrl Pts',(62.5758959216186,242.28183923418,8.72286629139477));
#2062=CARTESIAN_POINT('Ctrl Pts',(64.0440747674161,241.235024339769,5.81524419429471));
#2063=CARTESIAN_POINT('Ctrl Pts',(65.5122536132135,240.188209445359,2.90762209719465));
#2064=CARTESIAN_POINT('Ctrl Pts',(66.9804324590109,239.141394550948,9.45887812520141E-11));
#2065=CARTESIAN_POINT('',(62.4804324590241,242.349904902608,8.9119247798044));
#2066=CARTESIAN_POINT('Origin',(62.4804324590241,242.349904902608,8.9119247798044));
#2067=CARTESIAN_POINT('',(53.980432459025,242.349904902608,8.9119247798044));
#2068=CARTESIAN_POINT('Ctrl Pts',(53.8849856746531,242.281851125791,8.72289932141073));
#2069=CARTESIAN_POINT('Ctrl Pts',(52.4168012694375,241.23503226751,5.81526621430535));
#2070=CARTESIAN_POINT('Ctrl Pts',(50.9486168642219,240.188213409229,2.90763310719997));
#2071=CARTESIAN_POINT('Ctrl Pts',(49.4804324590064,239.141394550948,9.45887812520141E-11));
#2072=CARTESIAN_POINT('Ctrl Pts',(53.3709061027555,242.281851125792,8.72289932141075));
#2073=CARTESIAN_POINT('Ctrl Pts',(52.0498018838722,241.236622614415,5.81533094428789));
#2074=CARTESIAN_POINT('Ctrl Pts',(50.7267368528042,240.186623062326,2.90756837721745));
#2075=CARTESIAN_POINT('Ctrl Pts',(49.4056326339209,239.141394550948,9.45887812520141E-11));
#2076=CARTESIAN_POINT('Ctrl Pts',(52.4809522053739,242.713035437535,8.73789418650152));
#2077=CARTESIAN_POINT('Ctrl Pts',(51.4124664593755,241.543019336549,5.82524672979193));
#2078=CARTESIAN_POINT('Ctrl Pts',(50.3446279284459,240.374187058422,2.91264745680418));
#2079=CARTESIAN_POINT('Ctrl Pts',(49.2761421824474,239.204170957436,9.45887812520141E-11));
#2080=CARTESIAN_POINT('Ctrl Pts',(52.1668012694428,243.613668273184,8.76921459287786));
#2081=CARTESIAN_POINT('Ctrl Pts',(51.1883875599072,242.187270708466,5.84613194895969));
#2082=CARTESIAN_POINT('Ctrl Pts',(50.208846168542,240.761692246853,2.92308264401276));
#2083=CARTESIAN_POINT('Ctrl Pts',(49.2304324590064,239.335294682134,9.45887812520141E-11));
#2084=CARTESIAN_POINT('Ctrl Pts',(52.1668012694431,243.998994300537,8.78261469032751));
#2085=CARTESIAN_POINT('Ctrl Pts',(51.1880116659642,242.463127717341,5.85507646024987));
#2086=CARTESIAN_POINT('Ctrl Pts',(50.2092220624853,240.927261134145,2.92753823017223));
#2087=CARTESIAN_POINT('Ctrl Pts',(49.2304324590064,239.391394550948,9.45887812520141E-11));
#2088=CARTESIAN_POINT('Origin',(58.2304324590064,248.466394550956,4.33274910222287));
#2089=CARTESIAN_POINT('',(58.5554324590112,245.461026106141,4.33274910222287));
#2090=CARTESIAN_POINT('',(58.2304324590064,245.441394550962,4.33274910222287));
#2091=CARTESIAN_POINT('Origin',(58.2304324590064,248.141394550962,4.33274910222287));
#2092=CARTESIAN_POINT('',(58.5554324590112,248.141394550948,4.33274910222287));
#2093=CARTESIAN_POINT('',(57.9054324590106,245.461026106141,4.33274910222287));
#2094=CARTESIAN_POINT('Ctrl Pts',(57.9054324590106,242.029833293782,4.33274910222287));
#2095=CARTESIAN_POINT('Ctrl Pts',(57.9054324590106,245.461026106141,4.33274910222287));
#2096=CARTESIAN_POINT('Origin',(58.2304324590064,248.141394550962,4.33274910222287));
#2097=CARTESIAN_POINT('Origin',(58.5554324590112,248.141394550948,5.83274910222287));
#2098=CARTESIAN_POINT('',(58.5554324590112,245.461026106141,9.38193966959489E-11));
#2099=CARTESIAN_POINT('Ctrl Pts',(57.9054324589924,172.941394550953,4.33274910222287));
#2100=CARTESIAN_POINT('Ctrl Pts',(57.9054324589924,172.941394550953,7.33274910222287));
#2101=CARTESIAN_POINT('Ctrl Pts',(57.9054324589924,172.941394550953,14.8327491022229));
#2102=CARTESIAN_POINT('Ctrl Pts',(57.9054324590061,239.141394550948,4.33274910222287));
#2103=CARTESIAN_POINT('Ctrl Pts',(57.9054324590061,239.141394550948,7.33274910222287));
#2104=CARTESIAN_POINT('Ctrl Pts',(57.9054324590061,239.141394550948,14.8327491022229));
#2105=CARTESIAN_POINT('Ctrl Pts',(57.9054324590106,257.141394550949,4.33274910222287));
#2106=CARTESIAN_POINT('Ctrl Pts',(57.9054324590106,257.141394550949,7.33274910222287));
#2107=CARTESIAN_POINT('Ctrl Pts',(57.9054324590106,257.141394550949,14.8327491022229));
#2108=CARTESIAN_POINT('Ctrl Pts',(57.9054324590106,259.841394550945,4.33274910222287));
#2109=CARTESIAN_POINT('Ctrl Pts',(57.9054324590106,259.841394550945,7.33274910222287));
#2110=CARTESIAN_POINT('Ctrl Pts',(57.9054324590106,259.841394550945,14.8327491022229));
#2111=CARTESIAN_POINT('Ctrl Pts',(57.9054324590106,245.461026106141,4.33274910222287));
#2112=CARTESIAN_POINT('Ctrl Pts',(57.9054324590106,245.461026106141,6.77189036158656));
#2113=CARTESIAN_POINT('Ctrl Pts',(0.730432459006352,248.466394550983,-109.667250897763));
#2114=CARTESIAN_POINT('Ctrl Pts',(0.730432459006352,248.466394550983,4.33274910222287));
#2115=CARTESIAN_POINT('Ctrl Pts',(0.730432459006352,248.466394550983,7.33274910222287));
#2116=CARTESIAN_POINT('Ctrl Pts',(0.730432459006352,248.466394550983,43.9827511022614));
#2117=CARTESIAN_POINT('Ctrl Pts',(49.2304324590077,248.46639455096,-109.667250897763));
#2118=CARTESIAN_POINT('Ctrl Pts',(49.2304324590077,248.46639455096,4.33274910222287));
#2119=CARTESIAN_POINT('Ctrl Pts',(49.2304324590077,248.46639455096,7.33274910222287));
#2120=CARTESIAN_POINT('Ctrl Pts',(49.2304324590077,248.46639455096,43.9827511022614));
#2121=CARTESIAN_POINT('Ctrl Pts',(67.2304324590073,248.466394550956,-109.667250897763));
#2122=CARTESIAN_POINT('Ctrl Pts',(67.2304324590073,248.466394550956,4.33274910222287));
#2123=CARTESIAN_POINT('Ctrl Pts',(67.2304324590073,248.466394550956,7.33274910222287));
#2124=CARTESIAN_POINT('Ctrl Pts',(67.2304324590073,248.466394550956,43.9827511022614));
#2125=CARTESIAN_POINT('',(55.5500640141827,248.466394550956,4.33274910222287));
#2126=CARTESIAN_POINT('Ctrl Pts',(55.5500640122623,248.466394550959,4.33274910222287));
#2127=CARTESIAN_POINT('Ctrl Pts',(55.5500640122473,248.466394550959,5.22018582275142));
#2128=CARTESIAN_POINT('Ctrl Pts',(55.5500640122323,248.466394550959,6.10762254327997));
#2129=CARTESIAN_POINT('Ctrl Pts',(55.5500640122173,248.466394550959,6.99505926380852));
#2130=CARTESIAN_POINT('Ctrl Pts',(52.0156904144301,248.466394550956,4.33274910222287));
#2131=CARTESIAN_POINT('Ctrl Pts',(55.5500640141872,248.466394550956,4.33274910222287));
#2132=CARTESIAN_POINT('Origin',(58.2304324590064,248.466394550956,4.33274910222287));
#2133=CARTESIAN_POINT('',(55.5500640141872,247.81639455096,4.33274910222287));
#2134=CARTESIAN_POINT('Origin',(58.2304324590064,248.141394550962,4.33274910222287));
#2135=CARTESIAN_POINT('',(58.2304324590064,247.81639455096,4.33274910222287));
#2136=CARTESIAN_POINT('Origin',(58.2304324590064,247.81639455095,5.83274910222287));
#2137=CARTESIAN_POINT('',(55.5500640141872,247.81639455095,9.38193966959489E-11));
#2138=CARTESIAN_POINT('Origin',(58.2304324590064,248.141394550962,9.38193966959489E-11));
#2139=CARTESIAN_POINT('',(57.9054324590106,250.821762995788,4.33274910222287));
#2140=CARTESIAN_POINT('Ctrl Pts',(57.9054324590106,250.821762995774,6.95889281125269));
#2141=CARTESIAN_POINT('Ctrl Pts',(57.9054324590106,250.821762995774,4.33274910222287));
#2142=CARTESIAN_POINT('',(58.5554324590112,250.821762995788,4.33274910222287));
#2143=CARTESIAN_POINT('Origin',(58.2304324590064,248.141394550962,4.33274910222287));
#2144=CARTESIAN_POINT('',(58.5554324590112,250.821762995788,9.38193966959489E-11));
#2145=CARTESIAN_POINT('',(60.91080090383,248.466394550956,4.33274910222287));
#2146=CARTESIAN_POINT('Ctrl Pts',(60.91080090383,248.466394550956,4.33274910222287));
#2147=CARTESIAN_POINT('Ctrl Pts',(60.91080090383,248.466394550956,5.21466217071909));
#2148=CARTESIAN_POINT('Ctrl Pts',(60.9108009057513,248.466394550728,6.09657523952589));
#2149=CARTESIAN_POINT('Ctrl Pts',(60.9108009062584,248.466394550665,6.97848830810397));
#2150=CARTESIAN_POINT('',(60.9108009038277,247.81639455095,4.33274910222287));
#2151=CARTESIAN_POINT('Origin',(58.2304324590064,248.141394550962,4.33274910222287));
#2152=CARTESIAN_POINT('',(60.9108009038277,247.81639455095,9.38193966959489E-11));
#2153=CARTESIAN_POINT('',(58.2304324590064,245.441394550967,0.20000000009382));
#2154=CARTESIAN_POINT('',(58.2304324590064,245.441394550962,9.38193966959489E-11));
#2155=CARTESIAN_POINT('Origin',(58.2304324590064,248.141394550962,0.20000000009382));
#2156=CARTESIAN_POINT('Origin',(58.5554324590112,248.141394550948,5.83274910222287));
#2157=CARTESIAN_POINT('',(58.5554324590112,248.141394550948,4.33274910222287));
#2158=CARTESIAN_POINT('Origin',(58.2304324590064,248.466394550956,4.33274910222287));
#2159=CARTESIAN_POINT('Ctrl Pts',(57.9054324590106,250.821762995788,4.33274910222287));
#2160=CARTESIAN_POINT('Ctrl Pts',(57.9054324590106,255.518131179801,4.33274910222287));
#2161=CARTESIAN_POINT('Ctrl Pts',(57.9054324589924,172.941394550953,4.33274910222287));
#2162=CARTESIAN_POINT('Ctrl Pts',(57.9054324589924,172.941394550953,7.33274910222287));
#2163=CARTESIAN_POINT('Ctrl Pts',(57.9054324589924,172.941394550953,14.8327491022229));
#2164=CARTESIAN_POINT('Ctrl Pts',(57.9054324590061,239.141394550948,4.33274910222287));
#2165=CARTESIAN_POINT('Ctrl Pts',(57.9054324590061,239.141394550948,7.33274910222287));
#2166=CARTESIAN_POINT('Ctrl Pts',(57.9054324590061,239.141394550948,14.8327491022229));
#2167=CARTESIAN_POINT('Ctrl Pts',(57.9054324590106,257.141394550949,4.33274910222287));
#2168=CARTESIAN_POINT('Ctrl Pts',(57.9054324590106,257.141394550949,7.33274910222287));
#2169=CARTESIAN_POINT('Ctrl Pts',(57.9054324590106,257.141394550949,14.8327491022229));
#2170=CARTESIAN_POINT('Ctrl Pts',(57.9054324590106,259.841394550945,4.33274910222287));
#2171=CARTESIAN_POINT('Ctrl Pts',(57.9054324590106,259.841394550945,7.33274910222287));
#2172=CARTESIAN_POINT('Ctrl Pts',(57.9054324590106,259.841394550945,14.8327491022229));
#2173=CARTESIAN_POINT('Origin',(49.2304324590077,239.149367041969,0.20000000009382));
#2174=CARTESIAN_POINT('',(57.7304324590068,248.641394550964,0.200000000093817));
#2175=CARTESIAN_POINT('',(57.7304324590068,250.141394550965,0.200000000093816));
#2176=CARTESIAN_POINT('',(57.7304324590068,243.895380796466,0.200000000093818));
#2177=CARTESIAN_POINT('',(56.2304324590059,248.641394550964,0.200000000093817));
#2178=CARTESIAN_POINT('',(52.7304324590068,248.641394550964,0.200000000093817));
#2179=CARTESIAN_POINT('',(56.2304324590059,247.641394550965,0.200000000093817));
#2180=CARTESIAN_POINT('',(56.2304324590059,243.395380796464,0.200000000093818));
#2181=CARTESIAN_POINT('',(57.7304324590068,247.641394550965,0.200000000093817));
#2182=CARTESIAN_POINT('',(53.4804324590073,247.641394550965,0.200000000093817));
#2183=CARTESIAN_POINT('',(57.7304324590068,246.141394550964,0.200000000093817));
#2184=CARTESIAN_POINT('',(57.7304324590068,243.895380796466,0.200000000093818));
#2185=CARTESIAN_POINT('',(58.7304324590059,246.141394550964,0.200000000093817));
#2186=CARTESIAN_POINT('',(53.9804324590068,246.141394550964,0.200000000093818));
#2187=CARTESIAN_POINT('',(58.7304324590059,247.641394550965,0.200000000093817));
#2188=CARTESIAN_POINT('',(58.7304324590059,243.395380796464,0.200000000093818));
#2189=CARTESIAN_POINT('',(60.2304324590068,247.641394550965,0.200000000093817));
#2190=CARTESIAN_POINT('',(53.4804324590073,247.641394550965,0.200000000093817));
#2191=CARTESIAN_POINT('',(60.2304324590068,248.641394550964,0.200000000093817));
#2192=CARTESIAN_POINT('',(60.2304324590068,243.895380796466,0.200000000093818));
#2193=CARTESIAN_POINT('',(58.7304324590059,248.641394550964,0.200000000093817));
#2194=CARTESIAN_POINT('',(53.9804324590068,248.641394550964,0.200000000093817));
#2195=CARTESIAN_POINT('',(58.7304324590059,250.141394550965,0.200000000093816));
#2196=CARTESIAN_POINT('',(58.7304324590059,244.645380796464,0.200000000093818));
#2197=CARTESIAN_POINT('',(53.4804324590073,250.141394550965,0.200000000093816));
#2198=CARTESIAN_POINT('Origin',(57.7304324590068,250.141394550965,9.3816066026875E-11));
#2199=CARTESIAN_POINT('',(57.7304324590068,250.141394550965,9.3816066026875E-11));
#2200=CARTESIAN_POINT('',(58.7304324590059,250.141394550965,9.3816066026875E-11));
#2201=CARTESIAN_POINT('Origin',(58.7304324590059,250.141394550965,9.3816066026875E-11));
#2202=CARTESIAN_POINT('',(58.7304324590059,248.641394550964,9.3816066026875E-11));
#2203=CARTESIAN_POINT('Origin',(57.7304324590068,248.641394550964,9.3816066026875E-11));
#2204=CARTESIAN_POINT('',(57.7304324590068,248.641394550964,9.3816066026875E-11));
#2205=CARTESIAN_POINT('Origin',(58.7304324590059,248.641394550964,9.3816066026875E-11));
#2206=CARTESIAN_POINT('',(60.2304324590068,248.641394550964,9.3816066026875E-11));
#2207=CARTESIAN_POINT('Origin',(56.2304324590059,248.641394550964,9.3816066026875E-11));
#2208=CARTESIAN_POINT('',(56.2304324590059,248.641394550964,9.3816066026875E-11));
#2209=CARTESIAN_POINT('Origin',(60.2304324590068,248.641394550964,9.3816066026875E-11));
#2210=CARTESIAN_POINT('',(60.2304324590068,247.641394550965,9.38166211383873E-11));
#2211=CARTESIAN_POINT('Origin',(56.2304324590059,247.641394550965,9.38166211383873E-11));
#2212=CARTESIAN_POINT('',(56.2304324590059,247.641394550965,9.38166211383873E-11));
#2213=CARTESIAN_POINT('Origin',(57.7304324590068,247.641394550965,9.38166211383873E-11));
#2214=CARTESIAN_POINT('',(58.7304324590059,247.641394550965,9.38166211383873E-11));
#2215=CARTESIAN_POINT('Origin',(57.7304324590068,247.641394550965,9.38166211383873E-11));
#2216=CARTESIAN_POINT('',(57.7304324590068,247.641394550965,9.38166211383873E-11));
#2217=CARTESIAN_POINT('Origin',(58.7304324590059,247.641394550965,9.38166211383873E-11));
#2218=CARTESIAN_POINT('',(58.7304324590059,246.141394550964,9.38166211383873E-11));
#2219=CARTESIAN_POINT('Origin',(58.7304324590059,246.141394550964,9.38177313614119E-11));
#2220=CARTESIAN_POINT('',(57.7304324590068,246.141394550964,9.38166211383873E-11));
#2221=CARTESIAN_POINT('Origin',(57.7304324590068,248.641394550964,9.3816066026875E-11));
#2222=CARTESIAN_POINT('Ctrl Pts',(49.2304324590077,248.46639455096,4.33274910222287));
#2223=CARTESIAN_POINT('Ctrl Pts',(49.2304324590077,248.46639455096,7.33274910222287));
#2224=CARTESIAN_POINT('Ctrl Pts',(49.2304324590077,248.46639455096,14.8327491022229));
#2225=CARTESIAN_POINT('Ctrl Pts',(67.2304324590073,248.466394550956,4.33274910222287));
#2226=CARTESIAN_POINT('Ctrl Pts',(67.2304324590073,248.466394550956,7.33274910222287));
#2227=CARTESIAN_POINT('Ctrl Pts',(67.2304324590073,248.466394550956,14.8327491022229));
#2228=CARTESIAN_POINT('Ctrl Pts',(115.730432459006,248.466394550933,4.33274910222287));
#2229=CARTESIAN_POINT('Ctrl Pts',(115.730432459006,248.466394550933,7.33274910222287));
#2230=CARTESIAN_POINT('Ctrl Pts',(115.730432459006,248.466394550933,14.8327491022229));
#2231=CARTESIAN_POINT('Ctrl Pts',(60.91080090383,248.466394550956,4.33274910222287));
#2232=CARTESIAN_POINT('Ctrl Pts',(64.6112159169638,248.466394550956,4.33274910222287));
#2233=CARTESIAN_POINT('Origin',(58.2304324590064,248.466394550956,4.33274910222287));
#2234=CARTESIAN_POINT('',(58.2304324590064,247.81639455095,4.33274910222287));
#2235=CARTESIAN_POINT('Origin',(58.2304324590064,247.81639455095,5.83274910222287));
#2236=UNCERTAINTY_MEASURE_WITH_UNIT(LENGTH_MEASURE(0.01),#2240,
'DISTANCE_ACCURACY_VALUE',
'Maximum model space distance between geometric entities at asserted c
onnectivities');
#2237=UNCERTAINTY_MEASURE_WITH_UNIT(LENGTH_MEASURE(0.01),#2240,
'DISTANCE_ACCURACY_VALUE',
'Maximum model space distance between geometric entities at asserted c
onnectivities');
#2238=(
GEOMETRIC_REPRESENTATION_CONTEXT(3)
GLOBAL_UNCERTAINTY_ASSIGNED_CONTEXT((#2236))
GLOBAL_UNIT_ASSIGNED_CONTEXT((#2240,#2242,#2243))
REPRESENTATION_CONTEXT('','3D')
);
#2239=(
GEOMETRIC_REPRESENTATION_CONTEXT(3)
GLOBAL_UNCERTAINTY_ASSIGNED_CONTEXT((#2237))
GLOBAL_UNIT_ASSIGNED_CONTEXT((#2240,#2242,#2243))
REPRESENTATION_CONTEXT('','3D')
);
#2240=(
LENGTH_UNIT()
NAMED_UNIT(*)
SI_UNIT(.MILLI.,.METRE.)
);
#2241=(
LENGTH_UNIT()
NAMED_UNIT(*)
SI_UNIT($,.METRE.)
);
#2242=(
NAMED_UNIT(*)
PLANE_ANGLE_UNIT()
SI_UNIT($,.RADIAN.)
);
#2243=(
NAMED_UNIT(*)
SI_UNIT($,.STERADIAN.)
SOLID_ANGLE_UNIT()
);
#2244=SHAPE_DEFINITION_REPRESENTATION(#2245,#2246);
#2245=PRODUCT_DEFINITION_SHAPE('',$,#2248);
#2246=SHAPE_REPRESENTATION('',(#977,#964),#2238);
#2247=PRODUCT_DEFINITION_CONTEXT('part definition',#2252,'design');
#2248=PRODUCT_DEFINITION(
'_CHERRYMX CAD_CAM KEYCAPS.0a65399a-5414-456f-92bb-ff9080eeff1a',
'_CHERRYMX CAD_CAM KEYCAPS.0a65399a-5414-456f-92bb-ff9080eeff1a',#2249,
#2247);
#2249=PRODUCT_DEFINITION_FORMATION('',$,#2254);
#2250=PRODUCT_RELATED_PRODUCT_CATEGORY(
'_CHERRYMX CAD_CAM KEYCAPS.0a65399a-5414-456f-92bb-ff9080eeff1a',
'_CHERRYMX CAD_CAM KEYCAPS.0a65399a-5414-456f-92bb-ff9080eeff1a',(#2254));
#2251=APPLICATION_PROTOCOL_DEFINITION('international standard',
'automotive_design',2009,#2252);
#2252=APPLICATION_CONTEXT(
'Core Data for Automotive Mechanical Design Process');
#2253=PRODUCT_CONTEXT('part definition',#2252,'mechanical');
#2254=PRODUCT(
'_CHERRYMX CAD_CAM KEYCAPS.0a65399a-5414-456f-92bb-ff9080eeff1a',
'_CHERRYMX CAD_CAM KEYCAPS.0a65399a-5414-456f-92bb-ff9080eeff1a',$,(#2253));
#2255=PRESENTATION_STYLE_ASSIGNMENT((#2257));
#2256=PRESENTATION_STYLE_ASSIGNMENT((#2258));
#2257=SURFACE_STYLE_USAGE(.BOTH.,#2259);
#2258=SURFACE_STYLE_USAGE(.BOTH.,#2260);
#2259=SURFACE_SIDE_STYLE('',(#2261));
#2260=SURFACE_SIDE_STYLE('',(#2262));
#2261=SURFACE_STYLE_FILL_AREA(#2263);
#2262=SURFACE_STYLE_FILL_AREA(#2264);
#2263=FILL_AREA_STYLE('Steel - Satin',(#2265));
#2264=FILL_AREA_STYLE('Generic',(#2266));
#2265=FILL_AREA_STYLE_COLOUR('Steel - Satin',#2267);
#2266=FILL_AREA_STYLE_COLOUR('Generic',#2268);
#2267=COLOUR_RGB('Steel - Satin',0.627450980392157,0.627450980392157,0.627450980392157);
#2268=COLOUR_RGB('Generic',1.,1.,1.);
ENDSEC;
END-ISO-10303-21;
