ISO-10303-21;
HEADER;
/* Generated by software containing ST-Developer
 * from STEP Tools, Inc. (www.steptools.com) 
 */

FILE_DESCRIPTION(
/* description */ (''),
/* implementation_level */ '2;1');

FILE_NAME(
/* name */ 'k2.25u.step',
/* time_stamp */ '2026-05-03T22:44:02-07:00',
/* author */ (''),
/* organization */ (''),
/* preprocessor_version */ 'ST-DEVELOPER v20.1',
/* originating_system */ 'Autodesk Translation Framework v14.24.0.0',
/* authorisation */ '');

FILE_SCHEMA (('AUTOMOTIVE_DESIGN { 1 0 10303 214 3 1 1 }'));
ENDSEC;

DATA;
#10=MECHANICAL_DESIGN_GEOMETRIC_PRESENTATION_REPRESENTATION('',(#417,#418),
#4141);
#11=SHAPE_REPRESENTATION_RELATIONSHIP('SRR','None',#4148,#12);
#12=ADVANCED_BREP_SHAPE_REPRESENTATION('',(#13),#4140);
#13=MANIFOLD_SOLID_BREP('Body41',#416);
#14=(
BOUNDED_SURFACE()
B_SPLINE_SURFACE(1,2,((#3820,#3821,#3822),(#3823,#3824,#3825)),
 .UNSPECIFIED.,.F.,.F.,.F.)
B_SPLINE_SURFACE_WITH_KNOTS((2,2),(3,3),(-2.82655469611096E-13,0.160072696187957),
(-1.36185952612228E-14,0.189721393938848),.UNSPECIFIED.)
GEOMETRIC_REPRESENTATION_ITEM()
RATIONAL_B_SPLINE_SURFACE(((1.,0.995504096987348,1.),(1.,0.995504096987348,
1.)))
REPRESENTATION_ITEM('')
SURFACE()
);
#15=FACE_BOUND('',#558,.T.);
#16=FACE_BOUND('',#574,.T.);
#17=FACE_BOUND('',#601,.T.);
#18=FACE_BOUND('',#619,.T.);
#19=CYLINDRICAL_SURFACE('',#1977,2.7);
#20=CYLINDRICAL_SURFACE('',#1986,2.7);
#21=CYLINDRICAL_SURFACE('',#2007,2.7);
#22=CIRCLE('',#1976,2.7);
#23=CIRCLE('',#1978,2.7);
#24=CIRCLE('',#1979,2.7);
#25=CIRCLE('',#1980,2.7);
#26=CIRCLE('',#1981,2.7);
#27=CIRCLE('',#1982,2.7);
#28=CIRCLE('',#1984,2.7);
#29=CIRCLE('',#1987,2.7);
#30=CIRCLE('',#1988,2.7);
#31=CIRCLE('',#1989,2.7);
#32=CIRCLE('',#1990,2.7);
#33=CIRCLE('',#1991,2.7);
#34=CIRCLE('',#2006,2.7);
#35=CIRCLE('',#2008,2.7);
#36=CIRCLE('',#2009,2.7);
#37=CIRCLE('',#2010,2.7);
#38=CIRCLE('',#2011,2.7);
#39=CIRCLE('',#2012,2.7);
#40=CIRCLE('',#2052,0.249999999999995);
#41=CIRCLE('',#2053,0.250000000000001);
#42=CIRCLE('',#2054,0.250000000000021);
#43=CIRCLE('',#2055,0.25);
#44=CIRCLE('',#2056,0.250000000000026);
#45=CIRCLE('',#2057,0.25);
#46=CIRCLE('',#2058,0.250000000000002);
#47=CIRCLE('',#2059,0.250000000000002);
#48=CIRCLE('',#2061,0.250000000000002);
#49=CIRCLE('',#2063,0.250000000000002);
#50=LINE('',#2483,#198);
#51=LINE('',#2485,#199);
#52=LINE('',#2487,#200);
#53=LINE('',#2495,#201);
#54=LINE('',#2605,#202);
#55=LINE('',#2609,#203);
#56=LINE('',#2636,#204);
#57=LINE('',#2651,#205);
#58=LINE('',#2655,#206);
#59=LINE('',#2659,#207);
#60=LINE('',#2668,#208);
#61=LINE('',#2669,#209);
#62=LINE('',#2694,#210);
#63=LINE('',#2697,#211);
#64=LINE('',#2699,#212);
#65=LINE('',#2735,#213);
#66=LINE('',#2750,#214);
#67=LINE('',#2754,#215);
#68=LINE('',#2775,#216);
#69=LINE('',#2902,#217);
#70=LINE('',#2903,#218);
#71=LINE('',#2906,#219);
#72=LINE('',#2907,#220);
#73=LINE('',#2909,#221);
#74=LINE('',#2937,#222);
#75=LINE('',#2985,#223);
#76=LINE('',#2987,#224);
#77=LINE('',#3002,#225);
#78=LINE('',#3011,#226);
#79=LINE('',#3021,#227);
#80=LINE('',#3023,#228);
#81=LINE('',#3025,#229);
#82=LINE('',#3034,#230);
#83=LINE('',#3036,#231);
#84=LINE('',#3037,#232);
#85=LINE('',#3039,#233);
#86=LINE('',#3041,#234);
#87=LINE('',#3042,#235);
#88=LINE('',#3090,#236);
#89=LINE('',#3091,#237);
#90=LINE('',#3097,#238);
#91=LINE('',#3099,#239);
#92=LINE('',#3101,#240);
#93=LINE('',#3111,#241);
#94=LINE('',#3112,#242);
#95=LINE('',#3122,#243);
#96=LINE('',#3123,#244);
#97=LINE('',#3132,#245);
#98=LINE('',#3134,#246);
#99=LINE('',#3135,#247);
#100=LINE('',#3233,#248);
#101=LINE('',#3235,#249);
#102=LINE('',#3237,#250);
#103=LINE('',#3239,#251);
#104=LINE('',#3241,#252);
#105=LINE('',#3243,#253);
#106=LINE('',#3245,#254);
#107=LINE('',#3247,#255);
#108=LINE('',#3249,#256);
#109=LINE('',#3251,#257);
#110=LINE('',#3253,#258);
#111=LINE('',#3254,#259);
#112=LINE('',#3262,#260);
#113=LINE('',#3265,#261);
#114=LINE('',#3273,#262);
#115=LINE('',#3275,#263);
#116=LINE('',#3278,#264);
#117=LINE('',#3281,#265);
#118=LINE('',#3283,#266);
#119=LINE('',#3294,#267);
#120=LINE('',#3295,#268);
#121=LINE('',#3302,#269);
#122=LINE('',#3309,#270);
#123=LINE('',#3316,#271);
#124=LINE('',#3323,#272);
#125=LINE('',#3332,#273);
#126=LINE('',#3341,#274);
#127=LINE('',#3348,#275);
#128=LINE('',#3355,#276);
#129=LINE('',#3362,#277);
#130=LINE('',#3371,#278);
#131=LINE('',#3396,#279);
#132=LINE('',#3398,#280);
#133=LINE('',#3400,#281);
#134=LINE('',#3402,#282);
#135=LINE('',#3404,#283);
#136=LINE('',#3406,#284);
#137=LINE('',#3408,#285);
#138=LINE('',#3410,#286);
#139=LINE('',#3412,#287);
#140=LINE('',#3414,#288);
#141=LINE('',#3416,#289);
#142=LINE('',#3417,#290);
#143=LINE('',#3427,#291);
#144=LINE('',#3428,#292);
#145=LINE('',#3435,#293);
#146=LINE('',#3442,#294);
#147=LINE('',#3449,#295);
#148=LINE('',#3456,#296);
#149=LINE('',#3465,#297);
#150=LINE('',#3474,#298);
#151=LINE('',#3481,#299);
#152=LINE('',#3488,#300);
#153=LINE('',#3495,#301);
#154=LINE('',#3504,#302);
#155=LINE('',#3534,#303);
#156=LINE('',#3536,#304);
#157=LINE('',#3537,#305);
#158=LINE('',#3547,#306);
#159=LINE('',#3548,#307);
#160=LINE('',#3556,#308);
#161=LINE('',#3557,#309);
#162=LINE('',#3565,#310);
#163=LINE('',#3566,#311);
#164=LINE('',#3574,#312);
#165=LINE('',#3575,#313);
#166=LINE('',#3585,#314);
#167=LINE('',#3586,#315);
#168=LINE('',#3596,#316);
#169=LINE('',#3597,#317);
#170=LINE('',#3605,#318);
#171=LINE('',#3606,#319);
#172=LINE('',#3614,#320);
#173=LINE('',#3615,#321);
#174=LINE('',#3623,#322);
#175=LINE('',#3624,#323);
#176=LINE('',#3632,#324);
#177=LINE('',#3633,#325);
#178=LINE('',#3641,#326);
#179=LINE('',#3644,#327);
#180=LINE('',#3663,#328);
#181=LINE('',#3665,#329);
#182=LINE('',#3667,#330);
#183=LINE('',#3977,#331);
#184=LINE('',#3979,#332);
#185=LINE('',#3998,#333);
#186=LINE('',#3999,#334);
#187=LINE('',#4021,#335);
#188=LINE('',#4025,#336);
#189=LINE('',#4026,#337);
#190=LINE('',#4051,#338);
#191=LINE('',#4088,#339);
#192=LINE('',#4091,#340);
#193=LINE('',#4093,#341);
#194=LINE('',#4096,#342);
#195=LINE('',#4115,#343);
#196=LINE('',#4117,#344);
#197=LINE('',#4136,#345);
#198=VECTOR('',#2079,1.);
#199=VECTOR('',#2080,1.);
#200=VECTOR('',#2081,1.);
#201=VECTOR('',#2084,1.);
#202=VECTOR('',#2089,1.);
#203=VECTOR('',#2092,1.);
#204=VECTOR('',#2095,1.);
#205=VECTOR('',#2096,1.);
#206=VECTOR('',#2099,3.);
#207=VECTOR('',#2104,1.);
#208=VECTOR('',#2109,1.);
#209=VECTOR('',#2110,1.);
#210=VECTOR('',#2111,1.);
#211=VECTOR('',#2114,1.);
#212=VECTOR('',#2115,1.);
#213=VECTOR('',#2120,1.);
#214=VECTOR('',#2121,1.);
#215=VECTOR('',#2124,3.);
#216=VECTOR('',#2129,1.);
#217=VECTOR('',#2134,1.);
#218=VECTOR('',#2135,1.);
#219=VECTOR('',#2138,1.);
#220=VECTOR('',#2139,1.);
#221=VECTOR('',#2142,1.);
#222=VECTOR('',#2145,1.);
#223=VECTOR('',#2150,1.);
#224=VECTOR('',#2151,1.);
#225=VECTOR('',#2152,1.);
#226=VECTOR('',#2155,1.);
#227=VECTOR('',#2158,1.);
#228=VECTOR('',#2159,1.);
#229=VECTOR('',#2160,1.);
#230=VECTOR('',#2161,1.);
#231=VECTOR('',#2162,1.);
#232=VECTOR('',#2163,1.);
#233=VECTOR('',#2164,1.);
#234=VECTOR('',#2165,1.);
#235=VECTOR('',#2166,1.);
#236=VECTOR('',#2169,1.);
#237=VECTOR('',#2170,1.);
#238=VECTOR('',#2177,1.);
#239=VECTOR('',#2178,1.);
#240=VECTOR('',#2179,1.);
#241=VECTOR('',#2180,1.);
#242=VECTOR('',#2181,1.);
#243=VECTOR('',#2184,1.);
#244=VECTOR('',#2185,1.);
#245=VECTOR('',#2186,1.);
#246=VECTOR('',#2187,1.);
#247=VECTOR('',#2188,1.);
#248=VECTOR('',#2193,1.);
#249=VECTOR('',#2194,1.);
#250=VECTOR('',#2195,1.);
#251=VECTOR('',#2196,1.);
#252=VECTOR('',#2197,1.);
#253=VECTOR('',#2198,1.);
#254=VECTOR('',#2199,1.);
#255=VECTOR('',#2200,1.);
#256=VECTOR('',#2201,1.);
#257=VECTOR('',#2202,1.);
#258=VECTOR('',#2203,1.);
#259=VECTOR('',#2204,1.);
#260=VECTOR('',#2207,1.);
#261=VECTOR('',#2210,1.);
#262=VECTOR('',#2213,1.);
#263=VECTOR('',#2214,1.);
#264=VECTOR('',#2217,3.);
#265=VECTOR('',#2220,1.);
#266=VECTOR('',#2221,1.);
#267=VECTOR('',#2226,1.);
#268=VECTOR('',#2227,1.);
#269=VECTOR('',#2230,1.);
#270=VECTOR('',#2233,1.);
#271=VECTOR('',#2236,1.);
#272=VECTOR('',#2239,1.);
#273=VECTOR('',#2242,1.);
#274=VECTOR('',#2245,1.);
#275=VECTOR('',#2248,1.);
#276=VECTOR('',#2251,1.);
#277=VECTOR('',#2254,1.);
#278=VECTOR('',#2257,1.);
#279=VECTOR('',#2262,1.);
#280=VECTOR('',#2263,1.);
#281=VECTOR('',#2264,1.);
#282=VECTOR('',#2265,1.);
#283=VECTOR('',#2266,1.);
#284=VECTOR('',#2267,1.);
#285=VECTOR('',#2268,1.);
#286=VECTOR('',#2269,1.);
#287=VECTOR('',#2270,1.);
#288=VECTOR('',#2271,1.);
#289=VECTOR('',#2272,1.);
#290=VECTOR('',#2273,1.);
#291=VECTOR('',#2276,1.);
#292=VECTOR('',#2277,1.);
#293=VECTOR('',#2280,1.);
#294=VECTOR('',#2283,1.);
#295=VECTOR('',#2286,1.);
#296=VECTOR('',#2289,1.);
#297=VECTOR('',#2292,1.);
#298=VECTOR('',#2295,1.);
#299=VECTOR('',#2298,1.);
#300=VECTOR('',#2301,1.);
#301=VECTOR('',#2304,1.);
#302=VECTOR('',#2307,1.);
#303=VECTOR('',#2312,1.);
#304=VECTOR('',#2313,1.);
#305=VECTOR('',#2314,1.);
#306=VECTOR('',#2317,1.);
#307=VECTOR('',#2318,1.);
#308=VECTOR('',#2321,1.);
#309=VECTOR('',#2322,1.);
#310=VECTOR('',#2325,1.);
#311=VECTOR('',#2326,1.);
#312=VECTOR('',#2329,1.);
#313=VECTOR('',#2330,1.);
#314=VECTOR('',#2333,1.);
#315=VECTOR('',#2334,1.);
#316=VECTOR('',#2337,1.);
#317=VECTOR('',#2338,1.);
#318=VECTOR('',#2341,1.);
#319=VECTOR('',#2342,1.);
#320=VECTOR('',#2345,1.);
#321=VECTOR('',#2346,1.);
#322=VECTOR('',#2349,1.);
#323=VECTOR('',#2350,1.);
#324=VECTOR('',#2353,1.);
#325=VECTOR('',#2354,1.);
#326=VECTOR('',#2357,1.);
#327=VECTOR('',#2362,1.);
#328=VECTOR('',#2363,10.5675730862134);
#329=VECTOR('',#2364,1.);
#330=VECTOR('',#2365,10.0748128051564);
#331=VECTOR('',#2378,10.4865123828692);
#332=VECTOR('',#2379,10.5675730862227);
#333=VECTOR('',#2382,1.);
#334=VECTOR('',#2383,10.074812805169);
#335=VECTOR('',#2384,1.);
#336=VECTOR('',#2389,1.);
#337=VECTOR('',#2390,10.45227248018);
#338=VECTOR('',#2397,1.);
#339=VECTOR('',#2398,1.);
#340=VECTOR('',#2403,1.);
#341=VECTOR('',#2406,1.);
#342=VECTOR('',#2411,1.);
#343=VECTOR('',#2416,1.);
#344=VECTOR('',#2419,1.);
#345=VECTOR('',#2424,1.);
#346=PLANE('',#1974);
#347=PLANE('',#1975);
#348=PLANE('',#1983);
#349=PLANE('',#1985);
#350=PLANE('',#1992);
#351=PLANE('',#1993);
#352=PLANE('',#1994);
#353=PLANE('',#1995);
#354=PLANE('',#1996);
#355=PLANE('',#1997);
#356=PLANE('',#1998);
#357=PLANE('',#1999);
#358=PLANE('',#2000);
#359=PLANE('',#2001);
#360=PLANE('',#2002);
#361=PLANE('',#2003);
#362=PLANE('',#2004);
#363=PLANE('',#2005);
#364=PLANE('',#2013);
#365=PLANE('',#2014);
#366=PLANE('',#2015);
#367=PLANE('',#2016);
#368=PLANE('',#2017);
#369=PLANE('',#2018);
#370=PLANE('',#2019);
#371=PLANE('',#2020);
#372=PLANE('',#2021);
#373=PLANE('',#2022);
#374=PLANE('',#2023);
#375=PLANE('',#2024);
#376=PLANE('',#2025);
#377=PLANE('',#2026);
#378=PLANE('',#2027);
#379=PLANE('',#2028);
#380=PLANE('',#2029);
#381=PLANE('',#2030);
#382=PLANE('',#2031);
#383=PLANE('',#2032);
#384=PLANE('',#2033);
#385=PLANE('',#2034);
#386=PLANE('',#2035);
#387=PLANE('',#2036);
#388=PLANE('',#2037);
#389=PLANE('',#2038);
#390=PLANE('',#2039);
#391=PLANE('',#2040);
#392=PLANE('',#2041);
#393=PLANE('',#2042);
#394=PLANE('',#2043);
#395=PLANE('',#2044);
#396=PLANE('',#2045);
#397=PLANE('',#2046);
#398=PLANE('',#2047);
#399=PLANE('',#2048);
#400=PLANE('',#2049);
#401=PLANE('',#2050);
#402=PLANE('',#2051);
#403=PLANE('',#2060);
#404=PLANE('',#2062);
#405=PLANE('',#2064);
#406=PLANE('',#2065);
#407=PLANE('',#2066);
#408=PLANE('',#2067);
#409=PLANE('',#2068);
#410=PLANE('',#2069);
#411=PLANE('',#2070);
#412=PLANE('',#2071);
#413=PLANE('',#2072);
#414=PLANE('',#2073);
#415=PLANE('',#2074);
#416=CLOSED_SHELL('',(#1854,#1855,#1856,#1857,#1858,#1859,#1860,#1861,#1862,
#1863,#1864,#1865,#1866,#1867,#1868,#1869,#1870,#1871,#1872,#1873,#1874,
#1875,#1876,#1877,#1878,#1879,#1880,#1881,#1882,#1883,#1884,#1885,#1886,
#1887,#1888,#1889,#1890,#1891,#1892,#1893,#1894,#1895,#1896,#1897,#1898,
#1899,#1900,#1901,#1902,#1903,#1904,#1905,#1906,#1907,#1908,#1909,#1910,
#1911,#1912,#1913,#1914,#1915,#1916,#1917,#1918,#1919,#1920,#1921,#1922,
#1923,#1924,#1925,#1926,#1927,#1928,#1929,#1930,#1931,#1932,#1933,#1934,
#1935,#1936,#1937,#1938,#1939,#1940,#1941,#1942,#1943,#1944,#1945,#1946,
#1947,#1948,#1949,#1950,#1951,#1952,#1953,#1954,#1955,#1956,#1957,#1958));
#417=STYLED_ITEM('',(#4158),#1960);
#418=STYLED_ITEM('',(#4158),#13);
#419=FACE_OUTER_BOUND('',#525,.T.);
#420=FACE_OUTER_BOUND('',#526,.T.);
#421=FACE_OUTER_BOUND('',#527,.T.);
#422=FACE_OUTER_BOUND('',#528,.T.);
#423=FACE_OUTER_BOUND('',#529,.T.);
#424=FACE_OUTER_BOUND('',#530,.T.);
#425=FACE_OUTER_BOUND('',#531,.T.);
#426=FACE_OUTER_BOUND('',#532,.T.);
#427=FACE_OUTER_BOUND('',#533,.T.);
#428=FACE_OUTER_BOUND('',#534,.T.);
#429=FACE_OUTER_BOUND('',#535,.T.);
#430=FACE_OUTER_BOUND('',#536,.T.);
#431=FACE_OUTER_BOUND('',#537,.T.);
#432=FACE_OUTER_BOUND('',#538,.T.);
#433=FACE_OUTER_BOUND('',#539,.T.);
#434=FACE_OUTER_BOUND('',#540,.T.);
#435=FACE_OUTER_BOUND('',#541,.T.);
#436=FACE_OUTER_BOUND('',#542,.T.);
#437=FACE_OUTER_BOUND('',#543,.T.);
#438=FACE_OUTER_BOUND('',#544,.T.);
#439=FACE_OUTER_BOUND('',#545,.T.);
#440=FACE_OUTER_BOUND('',#546,.T.);
#441=FACE_OUTER_BOUND('',#547,.T.);
#442=FACE_OUTER_BOUND('',#548,.T.);
#443=FACE_OUTER_BOUND('',#549,.T.);
#444=FACE_OUTER_BOUND('',#550,.T.);
#445=FACE_OUTER_BOUND('',#551,.T.);
#446=FACE_OUTER_BOUND('',#552,.T.);
#447=FACE_OUTER_BOUND('',#553,.T.);
#448=FACE_OUTER_BOUND('',#554,.T.);
#449=FACE_OUTER_BOUND('',#555,.T.);
#450=FACE_OUTER_BOUND('',#556,.T.);
#451=FACE_OUTER_BOUND('',#557,.T.);
#452=FACE_OUTER_BOUND('',#559,.T.);
#453=FACE_OUTER_BOUND('',#560,.T.);
#454=FACE_OUTER_BOUND('',#561,.T.);
#455=FACE_OUTER_BOUND('',#562,.T.);
#456=FACE_OUTER_BOUND('',#563,.T.);
#457=FACE_OUTER_BOUND('',#564,.T.);
#458=FACE_OUTER_BOUND('',#565,.T.);
#459=FACE_OUTER_BOUND('',#566,.T.);
#460=FACE_OUTER_BOUND('',#567,.T.);
#461=FACE_OUTER_BOUND('',#568,.T.);
#462=FACE_OUTER_BOUND('',#569,.T.);
#463=FACE_OUTER_BOUND('',#570,.T.);
#464=FACE_OUTER_BOUND('',#571,.T.);
#465=FACE_OUTER_BOUND('',#572,.T.);
#466=FACE_OUTER_BOUND('',#573,.T.);
#467=FACE_OUTER_BOUND('',#575,.T.);
#468=FACE_OUTER_BOUND('',#576,.T.);
#469=FACE_OUTER_BOUND('',#577,.T.);
#470=FACE_OUTER_BOUND('',#578,.T.);
#471=FACE_OUTER_BOUND('',#579,.T.);
#472=FACE_OUTER_BOUND('',#580,.T.);
#473=FACE_OUTER_BOUND('',#581,.T.);
#474=FACE_OUTER_BOUND('',#582,.T.);
#475=FACE_OUTER_BOUND('',#583,.T.);
#476=FACE_OUTER_BOUND('',#584,.T.);
#477=FACE_OUTER_BOUND('',#585,.T.);
#478=FACE_OUTER_BOUND('',#586,.T.);
#479=FACE_OUTER_BOUND('',#587,.T.);
#480=FACE_OUTER_BOUND('',#588,.T.);
#481=FACE_OUTER_BOUND('',#589,.T.);
#482=FACE_OUTER_BOUND('',#590,.T.);
#483=FACE_OUTER_BOUND('',#591,.T.);
#484=FACE_OUTER_BOUND('',#592,.T.);
#485=FACE_OUTER_BOUND('',#593,.T.);
#486=FACE_OUTER_BOUND('',#594,.T.);
#487=FACE_OUTER_BOUND('',#595,.T.);
#488=FACE_OUTER_BOUND('',#596,.T.);
#489=FACE_OUTER_BOUND('',#597,.T.);
#490=FACE_OUTER_BOUND('',#598,.T.);
#491=FACE_OUTER_BOUND('',#599,.T.);
#492=FACE_OUTER_BOUND('',#600,.T.);
#493=FACE_OUTER_BOUND('',#602,.T.);
#494=FACE_OUTER_BOUND('',#603,.T.);
#495=FACE_OUTER_BOUND('',#604,.T.);
#496=FACE_OUTER_BOUND('',#605,.T.);
#497=FACE_OUTER_BOUND('',#606,.T.);
#498=FACE_OUTER_BOUND('',#607,.T.);
#499=FACE_OUTER_BOUND('',#608,.T.);
#500=FACE_OUTER_BOUND('',#609,.T.);
#501=FACE_OUTER_BOUND('',#610,.T.);
#502=FACE_OUTER_BOUND('',#611,.T.);
#503=FACE_OUTER_BOUND('',#612,.T.);
#504=FACE_OUTER_BOUND('',#613,.T.);
#505=FACE_OUTER_BOUND('',#614,.T.);
#506=FACE_OUTER_BOUND('',#615,.T.);
#507=FACE_OUTER_BOUND('',#616,.T.);
#508=FACE_OUTER_BOUND('',#617,.T.);
#509=FACE_OUTER_BOUND('',#618,.T.);
#510=FACE_OUTER_BOUND('',#620,.T.);
#511=FACE_OUTER_BOUND('',#621,.T.);
#512=FACE_OUTER_BOUND('',#622,.T.);
#513=FACE_OUTER_BOUND('',#623,.T.);
#514=FACE_OUTER_BOUND('',#624,.T.);
#515=FACE_OUTER_BOUND('',#625,.T.);
#516=FACE_OUTER_BOUND('',#626,.T.);
#517=FACE_OUTER_BOUND('',#627,.T.);
#518=FACE_OUTER_BOUND('',#628,.T.);
#519=FACE_OUTER_BOUND('',#629,.T.);
#520=FACE_OUTER_BOUND('',#630,.T.);
#521=FACE_OUTER_BOUND('',#631,.T.);
#522=FACE_OUTER_BOUND('',#632,.T.);
#523=FACE_OUTER_BOUND('',#633,.T.);
#524=FACE_OUTER_BOUND('',#634,.T.);
#525=EDGE_LOOP('',(#1239,#1240,#1241,#1242));
#526=EDGE_LOOP('',(#1243,#1244,#1245,#1246));
#527=EDGE_LOOP('',(#1247,#1248,#1249,#1250));
#528=EDGE_LOOP('',(#1251,#1252,#1253,#1254));
#529=EDGE_LOOP('',(#1255,#1256,#1257,#1258,#1259));
#530=EDGE_LOOP('',(#1260,#1261,#1262,#1263,#1264));
#531=EDGE_LOOP('',(#1265,#1266,#1267,#1268,#1269,#1270,#1271,#1272,#1273,
#1274,#1275,#1276,#1277,#1278,#1279,#1280,#1281,#1282,#1283,#1284));
#532=EDGE_LOOP('',(#1285,#1286,#1287,#1288));
#533=EDGE_LOOP('',(#1289,#1290,#1291,#1292));
#534=EDGE_LOOP('',(#1293,#1294,#1295,#1296));
#535=EDGE_LOOP('',(#1297,#1298,#1299,#1300,#1301,#1302,#1303,#1304,#1305,
#1306,#1307,#1308,#1309,#1310,#1311,#1312,#1313,#1314,#1315,#1316));
#536=EDGE_LOOP('',(#1317,#1318,#1319,#1320,#1321,#1322));
#537=EDGE_LOOP('',(#1323,#1324,#1325,#1326,#1327,#1328));
#538=EDGE_LOOP('',(#1329,#1330,#1331,#1332));
#539=EDGE_LOOP('',(#1333,#1334,#1335,#1336));
#540=EDGE_LOOP('',(#1337,#1338,#1339,#1340));
#541=EDGE_LOOP('',(#1341,#1342,#1343,#1344));
#542=EDGE_LOOP('',(#1345,#1346,#1347,#1348));
#543=EDGE_LOOP('',(#1349,#1350,#1351,#1352));
#544=EDGE_LOOP('',(#1353,#1354,#1355,#1356,#1357,#1358));
#545=EDGE_LOOP('',(#1359,#1360,#1361,#1362,#1363));
#546=EDGE_LOOP('',(#1364,#1365,#1366,#1367));
#547=EDGE_LOOP('',(#1368,#1369,#1370,#1371));
#548=EDGE_LOOP('',(#1372,#1373,#1374,#1375,#1376,#1377,#1378,#1379,#1380,
#1381,#1382,#1383,#1384,#1385,#1386,#1387));
#549=EDGE_LOOP('',(#1388,#1389,#1390,#1391,#1392,#1393));
#550=EDGE_LOOP('',(#1394,#1395,#1396,#1397,#1398));
#551=EDGE_LOOP('',(#1399,#1400,#1401,#1402));
#552=EDGE_LOOP('',(#1403,#1404,#1405,#1406));
#553=EDGE_LOOP('',(#1407,#1408,#1409,#1410,#1411,#1412,#1413,#1414));
#554=EDGE_LOOP('',(#1415,#1416,#1417,#1418,#1419,#1420,#1421,#1422,#1423,
#1424,#1425,#1426,#1427,#1428,#1429,#1430));
#555=EDGE_LOOP('',(#1431,#1432,#1433,#1434,#1435));
#556=EDGE_LOOP('',(#1436,#1437,#1438,#1439,#1440));
#557=EDGE_LOOP('',(#1441));
#558=EDGE_LOOP('',(#1442,#1443,#1444,#1445,#1446,#1447,#1448,#1449,#1450,
#1451,#1452,#1453));
#559=EDGE_LOOP('',(#1454,#1455,#1456,#1457,#1458,#1459,#1460,#1461,#1462,
#1463,#1464,#1465,#1466,#1467,#1468,#1469,#1470,#1471,#1472,#1473));
#560=EDGE_LOOP('',(#1474,#1475,#1476,#1477));
#561=EDGE_LOOP('',(#1478,#1479,#1480,#1481));
#562=EDGE_LOOP('',(#1482,#1483,#1484,#1485));
#563=EDGE_LOOP('',(#1486,#1487,#1488,#1489));
#564=EDGE_LOOP('',(#1490,#1491,#1492,#1493));
#565=EDGE_LOOP('',(#1494,#1495,#1496,#1497));
#566=EDGE_LOOP('',(#1498,#1499,#1500,#1501));
#567=EDGE_LOOP('',(#1502,#1503,#1504,#1505));
#568=EDGE_LOOP('',(#1506,#1507,#1508,#1509));
#569=EDGE_LOOP('',(#1510,#1511,#1512,#1513));
#570=EDGE_LOOP('',(#1514,#1515,#1516,#1517));
#571=EDGE_LOOP('',(#1518,#1519,#1520,#1521));
#572=EDGE_LOOP('',(#1522,#1523,#1524,#1525,#1526,#1527,#1528,#1529,#1530,
#1531,#1532,#1533));
#573=EDGE_LOOP('',(#1534));
#574=EDGE_LOOP('',(#1535,#1536,#1537,#1538,#1539,#1540,#1541,#1542,#1543,
#1544,#1545,#1546));
#575=EDGE_LOOP('',(#1547,#1548,#1549,#1550));
#576=EDGE_LOOP('',(#1551,#1552,#1553,#1554));
#577=EDGE_LOOP('',(#1555,#1556,#1557,#1558));
#578=EDGE_LOOP('',(#1559,#1560,#1561,#1562));
#579=EDGE_LOOP('',(#1563,#1564,#1565,#1566));
#580=EDGE_LOOP('',(#1567,#1568,#1569,#1570));
#581=EDGE_LOOP('',(#1571,#1572,#1573,#1574));
#582=EDGE_LOOP('',(#1575,#1576,#1577,#1578));
#583=EDGE_LOOP('',(#1579,#1580,#1581,#1582));
#584=EDGE_LOOP('',(#1583,#1584,#1585,#1586));
#585=EDGE_LOOP('',(#1587,#1588,#1589,#1590));
#586=EDGE_LOOP('',(#1591,#1592,#1593,#1594));
#587=EDGE_LOOP('',(#1595,#1596,#1597,#1598,#1599,#1600,#1601,#1602,#1603,
#1604,#1605,#1606));
#588=EDGE_LOOP('',(#1607,#1608,#1609,#1610));
#589=EDGE_LOOP('',(#1611,#1612,#1613,#1614));
#590=EDGE_LOOP('',(#1615,#1616,#1617,#1618));
#591=EDGE_LOOP('',(#1619,#1620,#1621,#1622));
#592=EDGE_LOOP('',(#1623,#1624,#1625,#1626));
#593=EDGE_LOOP('',(#1627,#1628,#1629,#1630));
#594=EDGE_LOOP('',(#1631,#1632,#1633,#1634));
#595=EDGE_LOOP('',(#1635,#1636,#1637,#1638));
#596=EDGE_LOOP('',(#1639,#1640,#1641,#1642));
#597=EDGE_LOOP('',(#1643,#1644,#1645,#1646));
#598=EDGE_LOOP('',(#1647,#1648,#1649,#1650));
#599=EDGE_LOOP('',(#1651,#1652,#1653,#1654));
#600=EDGE_LOOP('',(#1655));
#601=EDGE_LOOP('',(#1656,#1657,#1658,#1659,#1660,#1661,#1662,#1663,#1664,
#1665,#1666,#1667));
#602=EDGE_LOOP('',(#1668,#1669,#1670,#1671,#1672,#1673,#1674,#1675));
#603=EDGE_LOOP('',(#1676,#1677,#1678,#1679));
#604=EDGE_LOOP('',(#1680,#1681,#1682,#1683));
#605=EDGE_LOOP('',(#1684,#1685,#1686,#1687));
#606=EDGE_LOOP('',(#1688,#1689,#1690,#1691));
#607=EDGE_LOOP('',(#1692,#1693,#1694,#1695));
#608=EDGE_LOOP('',(#1696,#1697,#1698,#1699,#1700,#1701,#1702,#1703));
#609=EDGE_LOOP('',(#1704,#1705,#1706,#1707));
#610=EDGE_LOOP('',(#1708,#1709,#1710,#1711));
#611=EDGE_LOOP('',(#1712,#1713,#1714,#1715));
#612=EDGE_LOOP('',(#1716,#1717,#1718,#1719));
#613=EDGE_LOOP('',(#1720,#1721,#1722,#1723));
#614=EDGE_LOOP('',(#1724,#1725,#1726,#1727));
#615=EDGE_LOOP('',(#1728,#1729,#1730,#1731));
#616=EDGE_LOOP('',(#1732,#1733,#1734,#1735));
#617=EDGE_LOOP('',(#1736,#1737,#1738,#1739));
#618=EDGE_LOOP('',(#1740,#1741,#1742,#1743,#1744,#1745,#1746,#1747));
#619=EDGE_LOOP('',(#1748,#1749,#1750,#1751));
#620=EDGE_LOOP('',(#1752,#1753,#1754,#1755,#1756,#1757,#1758,#1759,#1760,
#1761,#1762,#1763));
#621=EDGE_LOOP('',(#1764,#1765,#1766,#1767));
#622=EDGE_LOOP('',(#1768,#1769,#1770,#1771));
#623=EDGE_LOOP('',(#1772,#1773,#1774,#1775));
#624=EDGE_LOOP('',(#1776,#1777,#1778,#1779));
#625=EDGE_LOOP('',(#1780,#1781,#1782,#1783));
#626=EDGE_LOOP('',(#1784,#1785,#1786,#1787));
#627=EDGE_LOOP('',(#1788,#1789,#1790,#1791));
#628=EDGE_LOOP('',(#1792,#1793,#1794,#1795));
#629=EDGE_LOOP('',(#1796,#1797,#1798,#1799));
#630=EDGE_LOOP('',(#1800,#1801,#1802,#1803,#1804));
#631=EDGE_LOOP('',(#1805,#1806,#1807,#1808));
#632=EDGE_LOOP('',(#1809,#1810,#1811,#1812));
#633=EDGE_LOOP('',(#1813,#1814,#1815,#1816));
#634=EDGE_LOOP('',(#1817,#1818,#1819,#1820));
#635=B_SPLINE_CURVE_WITH_KNOTS('',1,(#2434,#2435),.UNSPECIFIED.,.F.,.F.,
(2,2),(0.,0.59999999999998),.UNSPECIFIED.);
#636=B_SPLINE_CURVE_WITH_KNOTS('',1,(#2437,#2438),.UNSPECIFIED.,.F.,.F.,
(2,2),(0.,1.),.UNSPECIFIED.);
#637=B_SPLINE_CURVE_WITH_KNOTS('',1,(#2440,#2441),.UNSPECIFIED.,.F.,.F.,
(2,2),(0.,0.59999999999998),.UNSPECIFIED.);
#638=B_SPLINE_CURVE_WITH_KNOTS('',1,(#2442,#2443),.UNSPECIFIED.,.F.,.F.,
(2,2),(0.,1.),.UNSPECIFIED.);
#639=B_SPLINE_CURVE_WITH_KNOTS('',3,(#2458,#2459,#2460,#2461,#2462,#2463),
 .UNSPECIFIED.,.F.,.F.,(4,2,4),(0.414793904951471,1.65650513698578,3.72822539892842),
 .UNSPECIFIED.);
#640=B_SPLINE_CURVE_WITH_KNOTS('',3,(#2465,#2466,#2467,#2468,#2469,#2470),
 .UNSPECIFIED.,.F.,.F.,(4,2,4),(0.163870690426396,2.44303347601002,2.49687329051988),
 .UNSPECIFIED.);
#641=B_SPLINE_CURVE_WITH_KNOTS('',3,(#2472,#2473,#2474,#2475),
 .UNSPECIFIED.,.F.,.F.,(4,4),(0.,2.99921469991828),.UNSPECIFIED.);
#642=B_SPLINE_CURVE_WITH_KNOTS('',3,(#2476,#2477,#2478,#2479),
 .UNSPECIFIED.,.F.,.F.,(4,4),(-17.7035051414024,-14.3053684448316),
 .UNSPECIFIED.);
#643=B_SPLINE_CURVE_WITH_KNOTS('',3,(#2488,#2489,#2490,#2491,#2492,#2493),
 .UNSPECIFIED.,.F.,.F.,(4,2,4),(2.38575449649644,2.44562256968966,4.71873998773493),
 .UNSPECIFIED.);
#644=B_SPLINE_CURVE_WITH_KNOTS('',3,(#2514,#2515,#2516,#2517,#2518,#2519),
 .UNSPECIFIED.,.F.,.F.,(4,2,4),(0.0599674117504603,3.43083640395807,6.80357916994047),
 .UNSPECIFIED.);
#645=B_SPLINE_CURVE_WITH_KNOTS('',3,(#2521,#2522,#2523,#2524,#2525,#2526),
 .UNSPECIFIED.,.F.,.F.,(4,2,4),(0.0315165095482928,2.44366660992692,4.72302511203842),
 .UNSPECIFIED.);
#646=B_SPLINE_CURVE_WITH_KNOTS('',3,(#2528,#2529,#2530,#2531,#2532,#2533),
 .UNSPECIFIED.,.F.,.F.,(4,2,4),(2.40602076921586,3.43083640746272,6.81448364919577),
 .UNSPECIFIED.);
#647=B_SPLINE_CURVE_WITH_KNOTS('',3,(#2534,#2535,#2536,#2537,#2538,#2539,
#2540,#2541,#2542,#2543,#2544,#2545,#2546,#2547,#2548,#2549,#2550,#2551,
#2552,#2553,#2554,#2555),.UNSPECIFIED.,.F.,.F.,(4,3,3,3,3,3,3,4),(0.0536787133174321,
0.751571735466248,0.820141900863429,1.67818148005296,1.8193227438251,2.74695260975692,
3.45133877024348,3.65323064266718),.UNSPECIFIED.);
#648=B_SPLINE_CURVE_WITH_KNOTS('',3,(#2573,#2574,#2575,#2576,#2577,#2578,
#2579,#2580,#2581,#2582),.UNSPECIFIED.,.F.,.F.,(4,2,2,2,4),(0.0276315518869151,
1.06455676737646,2.13373083501123,2.94378472208572,3.63217013827338),
 .UNSPECIFIED.);
#649=B_SPLINE_CURVE_WITH_KNOTS('',3,(#2584,#2585,#2586,#2587,#2588,#2589),
 .UNSPECIFIED.,.F.,.F.,(4,2,4),(0.240154573900611,2.51025222343901,2.5954409961264),
 .UNSPECIFIED.);
#650=B_SPLINE_CURVE_WITH_KNOTS('',3,(#2591,#2592,#2593,#2594,#2595,#2596),
 .UNSPECIFIED.,.F.,.F.,(4,2,4),(0.172062690598036,2.44428040552265,4.86435729310229),
 .UNSPECIFIED.);
#651=B_SPLINE_CURVE_WITH_KNOTS('',3,(#2597,#2598,#2599,#2600,#2601,#2602),
 .UNSPECIFIED.,.F.,.F.,(4,2,4),(0.0594013506041838,2.51025222247568,4.67848390332645),
 .UNSPECIFIED.);
#652=B_SPLINE_CURVE_WITH_KNOTS('',3,(#2611,#2612,#2613,#2614,#2615,#2616,
#2617,#2618,#2619,#2620,#2621,#2622,#2623,#2624,#2625,#2626,#2627,#2628,
#2629),.UNSPECIFIED.,.F.,.F.,(4,3,3,3,3,3,4),(0.131217912015554,0.698499561688038,
1.48603434813358,1.61120915719033,2.58838227641798,3.20207762265761,3.7318196790674),
 .UNSPECIFIED.);
#653=B_SPLINE_CURVE_WITH_KNOTS('',1,(#2631,#2632),.UNSPECIFIED.,.F.,.F.,
(2,2),(-2.76079208751189,0.),.UNSPECIFIED.);
#654=B_SPLINE_CURVE_WITH_KNOTS('',3,(#2638,#2639,#2640,#2641,#2642,#2643,
#2644,#2645,#2646,#2647,#2648,#2649),.UNSPECIFIED.,.F.,.F.,(4,2,2,2,2,4),
(0.0140297501305735,1.07050812005165,2.09954451055219,2.98299724656394,
3.39187946897232,3.61327011077126),.UNSPECIFIED.);
#655=B_SPLINE_CURVE_WITH_KNOTS('',1,(#2665,#2666),.UNSPECIFIED.,.F.,.F.,
(2,2),(11.6803684448357,16.3514051015325),.UNSPECIFIED.);
#656=B_SPLINE_CURVE_WITH_KNOTS('',3,(#2683,#2684,#2685,#2686),
 .UNSPECIFIED.,.F.,.F.,(4,4),(-3.08408094364277,-0.400821386752886),
 .UNSPECIFIED.);
#657=B_SPLINE_CURVE_WITH_KNOTS('',3,(#2688,#2689,#2690,#2691,#2692,#2693),
 .UNSPECIFIED.,.F.,.F.,(4,2,4),(2.409964052089,3.444925196754,6.84219947550474),
 .UNSPECIFIED.);
#658=B_SPLINE_CURVE_WITH_KNOTS('',3,(#2700,#2701,#2702,#2703,#2704,#2705),
 .UNSPECIFIED.,.F.,.F.,(4,2,4),(0.0476519780667049,3.44492519675211,4.47988562626287),
 .UNSPECIFIED.);
#659=B_SPLINE_CURVE_WITH_KNOTS('',3,(#2708,#2709,#2710,#2711,#2712,#2713,
#2714,#2715,#2716,#2717,#2718,#2719,#2720,#2721,#2722,#2723,#2724,#2725,
#2726),.UNSPECIFIED.,.F.,.F.,(4,3,3,3,3,3,4),(0.113362300315085,0.699044481258479,
1.49096837800632,1.61611286805952,2.59116808336524,3.18959927481337,3.71056553149839),
 .UNSPECIFIED.);
#660=B_SPLINE_CURVE_WITH_KNOTS('',3,(#2728,#2729,#2730,#2731),
 .UNSPECIFIED.,.F.,.F.,(4,4),(-3.08408094364277,-0.469539040084797),
 .UNSPECIFIED.);
#661=B_SPLINE_CURVE_WITH_KNOTS('',3,(#2737,#2738,#2739,#2740,#2741,#2742,
#2743,#2744,#2745,#2746,#2747,#2748),.UNSPECIFIED.,.F.,.F.,(4,2,2,2,2,4),
(0.0191628315290316,1.07244271876905,2.10315551874559,2.97653760613732,
3.3824626479227,3.61890186412275),.UNSPECIFIED.);
#662=B_SPLINE_CURVE_WITH_KNOTS('',1,(#2759,#2760),.UNSPECIFIED.,.F.,.F.,
(2,2),(0.,2.49668013457647),.UNSPECIFIED.);
#663=B_SPLINE_CURVE_WITH_KNOTS('',3,(#2762,#2763,#2764,#2765,#2766,#2767,
#2768,#2769,#2770,#2771,#2772,#2773),.UNSPECIFIED.,.F.,.F.,(4,2,2,2,2,4),
(0.113377926767074,0.540517216622272,1.34827308597148,2.42830133722698,
3.10125904240444,3.71133879603349),.UNSPECIFIED.);
#664=B_SPLINE_CURVE_WITH_KNOTS('',1,(#2779,#2780),.UNSPECIFIED.,.F.,.F.,
(2,2),(0.,2.61438002107767),.UNSPECIFIED.);
#665=B_SPLINE_CURVE_WITH_KNOTS('',3,(#2781,#2782,#2783,#2784,#2785,#2786,
#2787,#2788,#2789,#2790,#2791,#2792),.UNSPECIFIED.,.F.,.F.,(4,2,2,2,2,4),
(0.0539816103888568,1.07288372880327,2.14012677498248,3.05700457241506,
3.42519978493115,3.65370570739318),.UNSPECIFIED.);
#666=B_SPLINE_CURVE_WITH_KNOTS('',3,(#2810,#2811,#2812,#2813,#2814,#2815),
 .UNSPECIFIED.,.F.,.F.,(4,2,4),(0.13048817005597,5.77264451325198,11.4338995094042),
 .UNSPECIFIED.);
#667=B_SPLINE_CURVE_WITH_KNOTS('',3,(#2817,#2818,#2819,#2820,#2821,#2822),
 .UNSPECIFIED.,.F.,.F.,(4,2,4),(2.41870789928857,3.44492519675113,6.82959922822855),
 .UNSPECIFIED.);
#668=B_SPLINE_CURVE_WITH_KNOTS('',3,(#2824,#2825,#2826,#2827,#2828,#2829,
#2830,#2831,#2832,#2833,#2834,#2835,#2836,#2837,#2838,#2839,#2840,#2841,
#2842),.UNSPECIFIED.,.F.,.F.,(4,3,3,3,3,3,4),(0.0591160608803164,0.770083740165255,
1.07381451707416,2.14351999348528,2.98073409252056,3.40520247685195,3.66166596256217),
 .UNSPECIFIED.);
#669=B_SPLINE_CURVE_WITH_KNOTS('',3,(#2843,#2844,#2845,#2846,#2847,#2848,
#2849,#2850,#2851,#2852),.UNSPECIFIED.,.F.,.F.,(4,3,3,4),(2.46809318069729,
4.54654981357502,5.891570941504,9.05901845895393),.UNSPECIFIED.);
#670=B_SPLINE_CURVE_WITH_KNOTS('',3,(#2877,#2878,#2879,#2880,#2881,#2882,
#2883,#2884,#2885,#2886),.UNSPECIFIED.,.F.,.F.,(4,3,3,4),(2.48760018150154,
5.77252538548651,8.81000323544203,9.07917424809791),.UNSPECIFIED.);
#671=B_SPLINE_CURVE_WITH_KNOTS('',3,(#2888,#2889,#2890,#2891,#2892,#2893),
 .UNSPECIFIED.,.F.,.F.,(4,2,4),(0.0602353607355797,3.44492519674754,4.47115272913604),
 .UNSPECIFIED.);
#672=B_SPLINE_CURVE_WITH_KNOTS('',3,(#2894,#2895,#2896,#2897,#2898,#2899),
 .UNSPECIFIED.,.F.,.F.,(4,2,4),(0.112755733707424,5.77542828467791,11.4178394716308),
 .UNSPECIFIED.);
#673=B_SPLINE_CURVE_WITH_KNOTS('',3,(#2922,#2923,#2924,#2925),
 .UNSPECIFIED.,.F.,.F.,(4,4),(-8.9446315551887,-2.35536844482713),
 .UNSPECIFIED.);
#674=B_SPLINE_CURVE_WITH_KNOTS('',3,(#2927,#2928,#2929,#2930,#2931,#2932,
#2933,#2934,#2935,#2936),.UNSPECIFIED.,.F.,.F.,(4,3,3,4),(2.46861243821531,
2.73779955756115,5.7754278504504,9.06058121291246),.UNSPECIFIED.);
#675=B_SPLINE_CURVE_WITH_KNOTS('',3,(#2964,#2965,#2966,#2967,#2968,#2969),
 .UNSPECIFIED.,.F.,.F.,(4,2,4),(0.239903822603166,2.53680306790289,2.6973327093732),
 .UNSPECIFIED.);
#676=B_SPLINE_CURVE_WITH_KNOTS('',3,(#2971,#2972,#2973,#2974,#2975,#2976),
 .UNSPECIFIED.,.F.,.F.,(4,2,4),(0.13050845414107,5.76595609051881,11.4354359727572),
 .UNSPECIFIED.);
#677=B_SPLINE_CURVE_WITH_KNOTS('',3,(#2977,#2978,#2979,#2980,#2981,#2982),
 .UNSPECIFIED.,.F.,.F.,(4,2,4),(2.36753981412241,2.53680306791386,4.73337233091465),
 .UNSPECIFIED.);
#678=B_SPLINE_CURVE_WITH_KNOTS('',1,(#2988,#2989),.UNSPECIFIED.,.F.,.F.,
(2,2),(2.99559836530564,6.31963155519183),.UNSPECIFIED.);
#679=B_SPLINE_CURVE_WITH_KNOTS('',3,(#3005,#3006,#3007,#3008,#3009,#3010),
 .UNSPECIFIED.,.F.,.F.,(4,2,4),(2.37628348758234,2.53680429430589,4.83370474737534),
 .UNSPECIFIED.);
#680=B_SPLINE_CURVE_WITH_KNOTS('',3,(#3014,#3015,#3016,#3017,#3018,#3019),
 .UNSPECIFIED.,.F.,.F.,(4,2,4),(0.112722589761831,5.7737100948773,11.416773767653),
 .UNSPECIFIED.);
#681=B_SPLINE_CURVE_WITH_KNOTS('',3,(#3027,#3028,#3029,#3030,#3031,#3032),
 .UNSPECIFIED.,.F.,.F.,(4,2,4),(0.0301210815836775,2.5752043824598,4.99215073989583),
 .UNSPECIFIED.);
#682=B_SPLINE_CURVE_WITH_KNOTS('',3,(#3060,#3061,#3062,#3063,#3064,#3065,
#3066,#3067,#3068,#3069),.UNSPECIFIED.,.F.,.F.,(4,3,3,4),(2.48759919008187,
4.57264346260225,5.89910197881844,9.0785237597127),.UNSPECIFIED.);
#683=B_SPLINE_CURVE_WITH_KNOTS('',3,(#3071,#3072,#3073,#3074,#3075,#3076,
#3077,#3078,#3079,#3080,#3081,#3082),.UNSPECIFIED.,.F.,.F.,(4,2,2,2,2,4),
(0.131156880447014,0.535094513512194,1.32281681760571,2.40040231141751,
3.09546437161472,3.72862595343775),.UNSPECIFIED.);
#684=B_SPLINE_CURVE_WITH_KNOTS('',3,(#3083,#3084,#3085,#3086,#3087,#3088),
 .UNSPECIFIED.,.F.,.F.,(4,2,4),(0.340347592712323,2.53680429430933,2.70606823288608),
 .UNSPECIFIED.);
#685=B_SPLINE_CURVE_WITH_KNOTS('',3,(#3103,#3104,#3105,#3106,#3107,#3108,
#3109),.UNSPECIFIED.,.F.,.F.,(4,3,4),(0.058560916354176,3.43027019538504,
6.80166956422376),.UNSPECIFIED.);
#686=B_SPLINE_CURVE_WITH_KNOTS('',3,(#3113,#3114,#3115,#3116,#3117,#3118,
#3119),.UNSPECIFIED.,.F.,.F.,(4,3,4),(0.348845105637356,2.51030615921286,
4.96177608159268),.UNSPECIFIED.);
#687=B_SPLINE_CURVE_WITH_KNOTS('',3,(#3125,#3126,#3127,#3128,#3129,#3130),
 .UNSPECIFIED.,.F.,.F.,(4,2,4),(0.227827043286709,2.54335653187582,5.05585377477413),
 .UNSPECIFIED.);
#688=B_SPLINE_CURVE_WITH_KNOTS('',3,(#3153,#3154,#3155,#3156,#3157,#3158),
 .UNSPECIFIED.,.F.,.F.,(4,2,4),(2.38982352918995,2.54398359927332,4.93411898702601),
 .UNSPECIFIED.);
#689=B_SPLINE_CURVE_WITH_KNOTS('',3,(#3160,#3161,#3162,#3163,#3164,#3165,
#3166,#3167,#3168,#3169,#3170,#3171,#3172,#3173,#3174,#3175),
 .UNSPECIFIED.,.F.,.F.,(4,3,3,3,3,4),(0.0317199664489775,0.743398196238283,
1.08176748130379,2.15185034938698,2.97804586402176,3.63201063591636),
 .UNSPECIFIED.);
#690=B_SPLINE_CURVE_WITH_KNOTS('',3,(#3176,#3177,#3178,#3179,#3180,#3181),
 .UNSPECIFIED.,.F.,.F.,(4,2,4),(0.0471889419862762,3.43082431831662,4.45562650991828),
 .UNSPECIFIED.);
#691=B_SPLINE_CURVE_WITH_KNOTS('',3,(#3199,#3200,#3201,#3202,#3203,#3204),
 .UNSPECIFIED.,.F.,.F.,(4,2,4),(2.42555710261045,2.51044459387742,4.78073477416571),
 .UNSPECIFIED.);
#692=B_SPLINE_CURVE_WITH_KNOTS('',3,(#3206,#3207,#3208,#3209,#3210,#3211,
#3212,#3213,#3214,#3215,#3216,#3217,#3218,#3219,#3220,#3221),
 .UNSPECIFIED.,.F.,.F.,(4,3,3,3,3,4),(0.0650837821379549,0.775366112097967,
1.06303461354146,2.13125411248817,2.94421426581054,3.66957375457262),
 .UNSPECIFIED.);
#693=B_SPLINE_CURVE_WITH_KNOTS('',3,(#3222,#3223,#3224,#3225,#3226,#3227),
 .UNSPECIFIED.,.F.,.F.,(4,2,4),(0.210796479185243,2.57502606919286,2.76228635943252),
 .UNSPECIFIED.);
#694=B_SPLINE_CURVE_WITH_KNOTS('',3,(#3257,#3258,#3259,#3260),
 .UNSPECIFIED.,.F.,.F.,(4,4),(-2.76111302437309,0.),.UNSPECIFIED.);
#695=B_SPLINE_CURVE_WITH_KNOTS('',3,(#3267,#3268,#3269,#3270),
 .UNSPECIFIED.,.F.,.F.,(4,4),(-3.41893460909411,-0.419465660297709),
 .UNSPECIFIED.);
#696=B_SPLINE_CURVE_WITH_KNOTS('',3,(#3288,#3289,#3290,#3291,#3292,#3293),
 .UNSPECIFIED.,.F.,.F.,(4,2,4),(1.56268122123141,2.04490184327589,2.56366821511091),
 .UNSPECIFIED.);
#697=B_SPLINE_CURVE_WITH_KNOTS('',3,(#3298,#3299,#3300,#3301),
 .UNSPECIFIED.,.F.,.F.,(4,4),(2.52916541495901,4.03007367102548),
 .UNSPECIFIED.);
#698=B_SPLINE_CURVE_WITH_KNOTS('',3,(#3305,#3306,#3307,#3308),
 .UNSPECIFIED.,.F.,.F.,(4,4),(0.0154833565451269,1.51639161261653),
 .UNSPECIFIED.);
#699=B_SPLINE_CURVE_WITH_KNOTS('',3,(#3312,#3313,#3314,#3315),
 .UNSPECIFIED.,.F.,.F.,(4,4),(0.0608753294502985,1.56268124918644),
 .UNSPECIFIED.);
#700=B_SPLINE_CURVE_WITH_KNOTS('',3,(#3319,#3320,#3321,#3322),
 .UNSPECIFIED.,.F.,.F.,(4,4),(2.56366824305773,4.06485417735482),
 .UNSPECIFIED.);
#701=B_SPLINE_CURVE_WITH_KNOTS('',3,(#3326,#3327,#3328,#3329,#3330,#3331),
 .UNSPECIFIED.,.F.,.F.,(4,2,4),(1.53112253560113,2.02200526365742,2.53172803966743),
 .UNSPECIFIED.);
#702=B_SPLINE_CURVE_WITH_KNOTS('',3,(#3335,#3336,#3337,#3338,#3339,#3340),
 .UNSPECIFIED.,.F.,.F.,(4,2,4),(1.5184686628585,2.02200526365977,2.51907416692244),
 .UNSPECIFIED.);
#703=B_SPLINE_CURVE_WITH_KNOTS('',3,(#3344,#3345,#3346,#3347),
 .UNSPECIFIED.,.F.,.F.,(4,4),(2.52745749603058,4.02926343108605),
 .UNSPECIFIED.);
#704=B_SPLINE_CURVE_WITH_KNOTS('',3,(#3351,#3352,#3353,#3354),
 .UNSPECIFIED.,.F.,.F.,(4,4),(0.0252845424080424,1.52647049201577),
 .UNSPECIFIED.);
#705=B_SPLINE_CURVE_WITH_KNOTS('',3,(#3358,#3359,#3360,#3361),
 .UNSPECIFIED.,.F.,.F.,(4,4),(0.0276516547886717,1.52855991089366),
 .UNSPECIFIED.);
#706=B_SPLINE_CURVE_WITH_KNOTS('',3,(#3365,#3366,#3367,#3368,#3369,#3370),
 .UNSPECIFIED.,.F.,.F.,(4,2,4),(1.52647046406913,2.04522671753977,2.52745746807928),
 .UNSPECIFIED.);
#707=B_SPLINE_CURVE_WITH_KNOTS('',3,(#3373,#3374,#3375,#3376),
 .UNSPECIFIED.,.F.,.F.,(4,4),(2.51699711671849,4.01790537286522),
 .UNSPECIFIED.);
#708=B_SPLINE_CURVE_WITH_KNOTS('',3,(#3421,#3422,#3423,#3424,#3425,#3426),
 .UNSPECIFIED.,.F.,.F.,(4,2,4),(1.54306495712049,2.04306037436603,2.54306409290715),
 .UNSPECIFIED.);
#709=B_SPLINE_CURVE_WITH_KNOTS('',3,(#3431,#3432,#3433,#3434),
 .UNSPECIFIED.,.F.,.F.,(4,4),(2.52763859174199,4.02854684775804),
 .UNSPECIFIED.);
#710=B_SPLINE_CURVE_WITH_KNOTS('',3,(#3438,#3439,#3440,#3441),
 .UNSPECIFIED.,.F.,.F.,(4,4),(0.0139230472604705,1.51483130328874),
 .UNSPECIFIED.);
#711=B_SPLINE_CURVE_WITH_KNOTS('',3,(#3445,#3446,#3447,#3448),
 .UNSPECIFIED.,.F.,.F.,(4,4),(0.0430506777870732,1.54306498504575),
 .UNSPECIFIED.);
#712=B_SPLINE_CURVE_WITH_KNOTS('',3,(#3452,#3453,#3454,#3455),
 .UNSPECIFIED.,.F.,.F.,(4,4),(2.54306412083206,4.04307802202292),
 .UNSPECIFIED.);
#713=B_SPLINE_CURVE_WITH_KNOTS('',3,(#3459,#3460,#3461,#3462,#3463,#3464),
 .UNSPECIFIED.,.F.,.F.,(4,2,4),(1.52727732337408,2.02123439812914,2.52788282742345),
 .UNSPECIFIED.);
#714=B_SPLINE_CURVE_WITH_KNOTS('',3,(#3468,#3469,#3470,#3471,#3472,#3473),
 .UNSPECIFIED.,.F.,.F.,(4,2,4),(1.51459021909356,2.02123439813151,2.51519572312436),
 .UNSPECIFIED.);
#715=B_SPLINE_CURVE_WITH_KNOTS('',3,(#3477,#3478,#3479,#3480),
 .UNSPECIFIED.,.F.,.F.,(4,4),(2.54303999379185,4.04305430014734),
 .UNSPECIFIED.);
#716=B_SPLINE_CURVE_WITH_KNOTS('',3,(#3484,#3485,#3486,#3487),
 .UNSPECIFIED.,.F.,.F.,(4,4),(0.0430269584671464,1.54304085862208),
 .UNSPECIFIED.);
#717=B_SPLINE_CURVE_WITH_KNOTS('',3,(#3491,#3492,#3493,#3494),
 .UNSPECIFIED.,.F.,.F.,(4,4),(0.0261248316435625,1.52703308770539),
 .UNSPECIFIED.);
#718=B_SPLINE_CURVE_WITH_KNOTS('',3,(#3498,#3499,#3500,#3501,#3502,#3503),
 .UNSPECIFIED.,.F.,.F.,(4,2,4),(1.54304083069694,2.04304444096023,2.54303996586669),
 .UNSPECIFIED.);
#719=B_SPLINE_CURVE_WITH_KNOTS('',3,(#3506,#3507,#3508,#3509),
 .UNSPECIFIED.,.F.,.F.,(4,4),(2.51543680736189,4.01634506346541),
 .UNSPECIFIED.);
#720=B_SPLINE_CURVE_WITH_KNOTS('',3,(#3529,#3530,#3531,#3532),
 .UNSPECIFIED.,.F.,.F.,(4,4),(2.51545062608425,4.01635888210647),
 .UNSPECIFIED.);
#721=B_SPLINE_CURVE_WITH_KNOTS('',3,(#3540,#3541,#3542,#3543,#3544,#3545),
 .UNSPECIFIED.,.F.,.F.,(4,2,4),(1.56268997414206,2.04488575559059,2.5636775545591),
 .UNSPECIFIED.);
#722=B_SPLINE_CURVE_WITH_KNOTS('',3,(#3551,#3552,#3553,#3554),
 .UNSPECIFIED.,.F.,.F.,(4,4),(0.0261051529229062,1.52701340894869),
 .UNSPECIFIED.);
#723=B_SPLINE_CURVE_WITH_KNOTS('',3,(#3560,#3561,#3562,#3563),
 .UNSPECIFIED.,.F.,.F.,(4,4),(0.0608827658221437,1.56269000209769),
 .UNSPECIFIED.);
#724=B_SPLINE_CURVE_WITH_KNOTS('',3,(#3569,#3570,#3571,#3572),
 .UNSPECIFIED.,.F.,.F.,(4,4),(2.56367758251442,4.06486397008895),
 .UNSPECIFIED.);
#725=B_SPLINE_CURVE_WITH_KNOTS('',3,(#3578,#3579,#3580,#3581,#3582,#3583),
 .UNSPECIFIED.,.F.,.F.,(4,2,4),(1.51228150920329,2.02200551526194,2.51288701320965),
 .UNSPECIFIED.);
#726=B_SPLINE_CURVE_WITH_KNOTS('',3,(#3589,#3590,#3591,#3592,#3593,#3594),
 .UNSPECIFIED.,.F.,.F.,(4,2,4),(1.52493591602646,2.02200551526688,2.52554142002396),
 .UNSPECIFIED.);
#727=B_SPLINE_CURVE_WITH_KNOTS('',3,(#3600,#3601,#3602,#3603),
 .UNSPECIFIED.,.F.,.F.,(4,4),(2.52745797026777,4.02926522355222),
 .UNSPECIFIED.);
#728=B_SPLINE_CURVE_WITH_KNOTS('',3,(#3609,#3610,#3611,#3612),
 .UNSPECIFIED.,.F.,.F.,(4,4),(0.0252839737606147,1.52647037849541),
 .UNSPECIFIED.);
#729=B_SPLINE_CURVE_WITH_KNOTS('',3,(#3618,#3619,#3620,#3621),
 .UNSPECIFIED.,.F.,.F.,(4,4),(0.0139368660665663,1.51484512205164),
 .UNSPECIFIED.);
#730=B_SPLINE_CURVE_WITH_KNOTS('',3,(#3627,#3628,#3629,#3630),
 .UNSPECIFIED.,.F.,.F.,(4,4),(2.52761891296567,4.02852716902992),
 .UNSPECIFIED.);
#731=B_SPLINE_CURVE_WITH_KNOTS('',3,(#3635,#3636,#3637,#3638,#3639,#3640),
 .UNSPECIFIED.,.F.,.F.,(4,2,4),(1.52647035054487,2.0452520253495,2.52745794231235),
 .UNSPECIFIED.);
#732=B_SPLINE_CURVE_WITH_KNOTS('',3,(#3668,#3669,#3670,#3671),
 .UNSPECIFIED.,.F.,.F.,(4,4),(-10.6757754352472,-5.29693047043796E-14),
 .UNSPECIFIED.);
#733=B_SPLINE_CURVE_WITH_KNOTS('',3,(#3699,#3700,#3701,#3702,#3703),
 .UNSPECIFIED.,.F.,.F.,(4,1,4),(0.,0.571428571428571,1.),.UNSPECIFIED.);
#734=B_SPLINE_CURVE_WITH_KNOTS('',3,(#3705,#3706,#3707,#3708,#3709),
 .UNSPECIFIED.,.F.,.F.,(4,1,4),(-2.30175231960167,-0.986465279829288,0.),
 .UNSPECIFIED.);
#735=B_SPLINE_CURVE_WITH_KNOTS('',3,(#3712,#3713,#3714,#3715,#3716),
 .UNSPECIFIED.,.F.,.F.,(4,1,4),(0.,0.986465279829288,2.30175231960167),
 .UNSPECIFIED.);
#736=B_SPLINE_CURVE_WITH_KNOTS('',3,(#3738,#3739,#3740,#3741),
 .UNSPECIFIED.,.F.,.F.,(4,4),(-32.6458242999341,0.),.UNSPECIFIED.);
#737=B_SPLINE_CURVE_WITH_KNOTS('',3,(#3744,#3745,#3746,#3747),
 .UNSPECIFIED.,.F.,.F.,(4,4),(0.,32.6458242999341),.UNSPECIFIED.);
#738=B_SPLINE_CURVE_WITH_KNOTS('',3,(#3774,#3775,#3776,#3777,#3778),
 .UNSPECIFIED.,.F.,.F.,(4,1,4),(0.,0.571428571428571,1.),.UNSPECIFIED.);
#739=B_SPLINE_CURVE_WITH_KNOTS('',3,(#3779,#3780,#3781,#3782,#3783),
 .UNSPECIFIED.,.F.,.F.,(4,1,4),(-4.81321962868441E-14,1.31528704049818,
2.30175232087185),.UNSPECIFIED.);
#740=B_SPLINE_CURVE_WITH_KNOTS('',3,(#3784,#3785,#3786,#3787,#3788),
 .UNSPECIFIED.,.F.,.F.,(4,1,4),(-2.30175232087185,-1.31528704049818,4.81321962868441E-14),
 .UNSPECIFIED.);
#741=B_SPLINE_CURVE_WITH_KNOTS('',3,(#3810,#3811,#3812,#3813),
 .UNSPECIFIED.,.F.,.F.,(4,4),(-1.31789069479988E-12,10.6757754437275),
 .UNSPECIFIED.);
#742=B_SPLINE_CURVE_WITH_KNOTS('',3,(#3816,#3817,#3818,#3819),
 .UNSPECIFIED.,.F.,.F.,(4,4),(-10.6757754437275,1.31789069479988E-12),
 .UNSPECIFIED.);
#743=B_SPLINE_CURVE_WITH_KNOTS('',3,(#3827,#3828,#3829,#3830),
 .UNSPECIFIED.,.F.,.F.,(4,4),(5.29693047043796E-14,10.6757754352472),
 .UNSPECIFIED.);
#744=B_SPLINE_CURVE_WITH_KNOTS('',3,(#3832,#3833,#3834,#3835,#3836),
 .UNSPECIFIED.,.F.,.F.,(4,1,4),(0.,0.966660672821597,2.25554156991706),
 .UNSPECIFIED.);
#745=B_SPLINE_CURVE_WITH_KNOTS('',3,(#3838,#3839,#3840,#3841),
 .UNSPECIFIED.,.F.,.F.,(4,4),(0.,32.6982678024774),.UNSPECIFIED.);
#746=B_SPLINE_CURVE_WITH_KNOTS('',3,(#3842,#3843,#3844,#3845,#3846),
 .UNSPECIFIED.,.F.,.F.,(4,1,4),(0.,1.28889585070602,2.25556773873554),
 .UNSPECIFIED.);
#747=B_SPLINE_CURVE_WITH_KNOTS('',3,(#3874,#3875,#3876,#3877,#3878),
 .UNSPECIFIED.,.F.,.F.,(4,1,4),(-2.25554156991706,-0.966660672821597,0.),
 .UNSPECIFIED.);
#748=B_SPLINE_CURVE_WITH_KNOTS('',3,(#3901,#3902,#3903,#3904),
 .UNSPECIFIED.,.F.,.F.,(4,4),(-32.6982678024774,0.),.UNSPECIFIED.);
#749=B_SPLINE_CURVE_WITH_KNOTS('',3,(#3951,#3952,#3953,#3954,#3955),
 .UNSPECIFIED.,.F.,.F.,(4,1,4),(-2.25556773873554,-1.28889585070602,0.),
 .UNSPECIFIED.);
#750=B_SPLINE_CURVE_WITH_KNOTS('',3,(#4098,#4099,#4100,#4101),
 .UNSPECIFIED.,.F.,.F.,(4,4),(39.8093902489022,43.3696315551776),
 .UNSPECIFIED.);
#751=B_SPLINE_CURVE_WITH_KNOTS('',3,(#4131,#4132,#4133,#4134),
 .UNSPECIFIED.,.F.,.F.,(4,4),(48.7303684448241,55.3196315551766),
 .UNSPECIFIED.);
#752=VERTEX_POINT('',#2432);
#753=VERTEX_POINT('',#2433);
#754=VERTEX_POINT('',#2436);
#755=VERTEX_POINT('',#2439);
#756=VERTEX_POINT('',#2456);
#757=VERTEX_POINT('',#2457);
#758=VERTEX_POINT('',#2464);
#759=VERTEX_POINT('',#2471);
#760=VERTEX_POINT('',#2481);
#761=VERTEX_POINT('',#2482);
#762=VERTEX_POINT('',#2484);
#763=VERTEX_POINT('',#2486);
#764=VERTEX_POINT('',#2513);
#765=VERTEX_POINT('',#2520);
#766=VERTEX_POINT('',#2527);
#767=VERTEX_POINT('',#2572);
#768=VERTEX_POINT('',#2583);
#769=VERTEX_POINT('',#2590);
#770=VERTEX_POINT('',#2604);
#771=VERTEX_POINT('',#2606);
#772=VERTEX_POINT('',#2608);
#773=VERTEX_POINT('',#2610);
#774=VERTEX_POINT('',#2630);
#775=VERTEX_POINT('',#2633);
#776=VERTEX_POINT('',#2635);
#777=VERTEX_POINT('',#2637);
#778=VERTEX_POINT('',#2650);
#779=VERTEX_POINT('',#2652);
#780=VERTEX_POINT('',#2654);
#781=VERTEX_POINT('',#2657);
#782=VERTEX_POINT('',#2661);
#783=VERTEX_POINT('',#2662);
#784=VERTEX_POINT('',#2664);
#785=VERTEX_POINT('',#2667);
#786=VERTEX_POINT('',#2682);
#787=VERTEX_POINT('',#2687);
#788=VERTEX_POINT('',#2696);
#789=VERTEX_POINT('',#2698);
#790=VERTEX_POINT('',#2707);
#791=VERTEX_POINT('',#2727);
#792=VERTEX_POINT('',#2732);
#793=VERTEX_POINT('',#2734);
#794=VERTEX_POINT('',#2736);
#795=VERTEX_POINT('',#2749);
#796=VERTEX_POINT('',#2751);
#797=VERTEX_POINT('',#2753);
#798=VERTEX_POINT('',#2756);
#799=VERTEX_POINT('',#2758);
#800=VERTEX_POINT('',#2761);
#801=VERTEX_POINT('',#2774);
#802=VERTEX_POINT('',#2776);
#803=VERTEX_POINT('',#2778);
#804=VERTEX_POINT('',#2809);
#805=VERTEX_POINT('',#2816);
#806=VERTEX_POINT('',#2823);
#807=VERTEX_POINT('',#2887);
#808=VERTEX_POINT('',#2901);
#809=VERTEX_POINT('',#2905);
#810=VERTEX_POINT('',#2963);
#811=VERTEX_POINT('',#2970);
#812=VERTEX_POINT('',#2984);
#813=VERTEX_POINT('',#2986);
#814=VERTEX_POINT('',#3004);
#815=VERTEX_POINT('',#3013);
#816=VERTEX_POINT('',#3020);
#817=VERTEX_POINT('',#3022);
#818=VERTEX_POINT('',#3024);
#819=VERTEX_POINT('',#3026);
#820=VERTEX_POINT('',#3033);
#821=VERTEX_POINT('',#3035);
#822=VERTEX_POINT('',#3038);
#823=VERTEX_POINT('',#3040);
#824=VERTEX_POINT('',#3059);
#825=VERTEX_POINT('',#3070);
#826=VERTEX_POINT('',#3095);
#827=VERTEX_POINT('',#3096);
#828=VERTEX_POINT('',#3098);
#829=VERTEX_POINT('',#3100);
#830=VERTEX_POINT('',#3102);
#831=VERTEX_POINT('',#3110);
#832=VERTEX_POINT('',#3121);
#833=VERTEX_POINT('',#3124);
#834=VERTEX_POINT('',#3131);
#835=VERTEX_POINT('',#3133);
#836=VERTEX_POINT('',#3152);
#837=VERTEX_POINT('',#3159);
#838=VERTEX_POINT('',#3198);
#839=VERTEX_POINT('',#3205);
#840=VERTEX_POINT('',#3229);
#841=VERTEX_POINT('',#3231);
#842=VERTEX_POINT('',#3232);
#843=VERTEX_POINT('',#3234);
#844=VERTEX_POINT('',#3236);
#845=VERTEX_POINT('',#3238);
#846=VERTEX_POINT('',#3240);
#847=VERTEX_POINT('',#3242);
#848=VERTEX_POINT('',#3244);
#849=VERTEX_POINT('',#3246);
#850=VERTEX_POINT('',#3248);
#851=VERTEX_POINT('',#3250);
#852=VERTEX_POINT('',#3252);
#853=VERTEX_POINT('',#3256);
#854=VERTEX_POINT('',#3261);
#855=VERTEX_POINT('',#3263);
#856=VERTEX_POINT('',#3266);
#857=VERTEX_POINT('',#3271);
#858=VERTEX_POINT('',#3274);
#859=VERTEX_POINT('',#3276);
#860=VERTEX_POINT('',#3279);
#861=VERTEX_POINT('',#3282);
#862=VERTEX_POINT('',#3286);
#863=VERTEX_POINT('',#3287);
#864=VERTEX_POINT('',#3297);
#865=VERTEX_POINT('',#3304);
#866=VERTEX_POINT('',#3311);
#867=VERTEX_POINT('',#3318);
#868=VERTEX_POINT('',#3325);
#869=VERTEX_POINT('',#3334);
#870=VERTEX_POINT('',#3343);
#871=VERTEX_POINT('',#3350);
#872=VERTEX_POINT('',#3357);
#873=VERTEX_POINT('',#3364);
#874=VERTEX_POINT('',#3394);
#875=VERTEX_POINT('',#3395);
#876=VERTEX_POINT('',#3397);
#877=VERTEX_POINT('',#3399);
#878=VERTEX_POINT('',#3401);
#879=VERTEX_POINT('',#3403);
#880=VERTEX_POINT('',#3405);
#881=VERTEX_POINT('',#3407);
#882=VERTEX_POINT('',#3409);
#883=VERTEX_POINT('',#3411);
#884=VERTEX_POINT('',#3413);
#885=VERTEX_POINT('',#3415);
#886=VERTEX_POINT('',#3419);
#887=VERTEX_POINT('',#3420);
#888=VERTEX_POINT('',#3430);
#889=VERTEX_POINT('',#3437);
#890=VERTEX_POINT('',#3444);
#891=VERTEX_POINT('',#3451);
#892=VERTEX_POINT('',#3458);
#893=VERTEX_POINT('',#3467);
#894=VERTEX_POINT('',#3476);
#895=VERTEX_POINT('',#3483);
#896=VERTEX_POINT('',#3490);
#897=VERTEX_POINT('',#3497);
#898=VERTEX_POINT('',#3527);
#899=VERTEX_POINT('',#3528);
#900=VERTEX_POINT('',#3533);
#901=VERTEX_POINT('',#3535);
#902=VERTEX_POINT('',#3539);
#903=VERTEX_POINT('',#3546);
#904=VERTEX_POINT('',#3550);
#905=VERTEX_POINT('',#3555);
#906=VERTEX_POINT('',#3559);
#907=VERTEX_POINT('',#3564);
#908=VERTEX_POINT('',#3568);
#909=VERTEX_POINT('',#3573);
#910=VERTEX_POINT('',#3577);
#911=VERTEX_POINT('',#3584);
#912=VERTEX_POINT('',#3588);
#913=VERTEX_POINT('',#3595);
#914=VERTEX_POINT('',#3599);
#915=VERTEX_POINT('',#3604);
#916=VERTEX_POINT('',#3608);
#917=VERTEX_POINT('',#3613);
#918=VERTEX_POINT('',#3617);
#919=VERTEX_POINT('',#3622);
#920=VERTEX_POINT('',#3626);
#921=VERTEX_POINT('',#3631);
#922=VERTEX_POINT('',#3661);
#923=VERTEX_POINT('',#3662);
#924=VERTEX_POINT('',#3664);
#925=VERTEX_POINT('',#3666);
#926=VERTEX_POINT('',#3697);
#927=VERTEX_POINT('',#3698);
#928=VERTEX_POINT('',#3704);
#929=VERTEX_POINT('',#3710);
#930=VERTEX_POINT('',#3737);
#931=VERTEX_POINT('',#3742);
#932=VERTEX_POINT('',#3773);
#933=VERTEX_POINT('',#3809);
#934=VERTEX_POINT('',#3814);
#935=VERTEX_POINT('',#3826);
#936=VERTEX_POINT('',#3831);
#937=VERTEX_POINT('',#3837);
#938=VERTEX_POINT('',#3873);
#939=VERTEX_POINT('',#3900);
#940=VERTEX_POINT('',#3976);
#941=VERTEX_POINT('',#3978);
#942=VERTEX_POINT('',#3997);
#943=VERTEX_POINT('',#4020);
#944=VERTEX_POINT('',#4024);
#945=VERTEX_POINT('',#4049);
#946=EDGE_CURVE('',#752,#753,#635,.T.);
#947=EDGE_CURVE('',#753,#754,#636,.T.);
#948=EDGE_CURVE('',#755,#754,#637,.T.);
#949=EDGE_CURVE('',#752,#755,#638,.T.);
#950=EDGE_CURVE('',#756,#757,#639,.T.);
#951=EDGE_CURVE('',#758,#756,#640,.F.);
#952=EDGE_CURVE('',#759,#758,#641,.T.);
#953=EDGE_CURVE('',#757,#759,#642,.T.);
#954=EDGE_CURVE('',#760,#761,#50,.T.);
#955=EDGE_CURVE('',#760,#762,#51,.F.);
#956=EDGE_CURVE('',#763,#762,#52,.T.);
#957=EDGE_CURVE('',#763,#761,#643,.T.);
#958=EDGE_CURVE('',#757,#760,#53,.T.);
#959=EDGE_CURVE('',#762,#759,#22,.T.);
#960=EDGE_CURVE('',#756,#764,#644,.F.);
#961=EDGE_CURVE('',#764,#765,#645,.F.);
#962=EDGE_CURVE('',#765,#766,#646,.F.);
#963=EDGE_CURVE('',#766,#758,#647,.F.);
#964=EDGE_CURVE('',#763,#767,#648,.F.);
#965=EDGE_CURVE('',#767,#768,#649,.F.);
#966=EDGE_CURVE('',#768,#769,#650,.F.);
#967=EDGE_CURVE('',#769,#761,#651,.F.);
#968=EDGE_CURVE('',#766,#770,#54,.T.);
#969=EDGE_CURVE('',#770,#771,#23,.T.);
#970=EDGE_CURVE('',#771,#772,#55,.T.);
#971=EDGE_CURVE('',#773,#772,#652,.F.);
#972=EDGE_CURVE('',#773,#774,#653,.T.);
#973=EDGE_CURVE('',#774,#775,#24,.T.);
#974=EDGE_CURVE('',#775,#776,#56,.T.);
#975=EDGE_CURVE('',#777,#776,#654,.F.);
#976=EDGE_CURVE('',#777,#778,#57,.T.);
#977=EDGE_CURVE('',#778,#779,#25,.T.);
#978=EDGE_CURVE('',#779,#780,#58,.T.);
#979=EDGE_CURVE('',#780,#780,#26,.F.);
#980=EDGE_CURVE('',#779,#781,#27,.T.);
#981=EDGE_CURVE('',#781,#767,#59,.T.);
#982=EDGE_CURVE('',#782,#783,#28,.T.);
#983=EDGE_CURVE('',#782,#784,#655,.T.);
#984=EDGE_CURVE('',#785,#784,#60,.T.);
#985=EDGE_CURVE('',#783,#785,#61,.F.);
#986=EDGE_CURVE('',#782,#786,#656,.T.);
#987=EDGE_CURVE('',#787,#786,#657,.F.);
#988=EDGE_CURVE('',#784,#787,#62,.T.);
#989=EDGE_CURVE('',#783,#788,#63,.T.);
#990=EDGE_CURVE('',#789,#785,#64,.T.);
#991=EDGE_CURVE('',#789,#788,#658,.T.);
#992=EDGE_CURVE('',#790,#788,#659,.F.);
#993=EDGE_CURVE('',#791,#790,#660,.T.);
#994=EDGE_CURVE('',#792,#791,#29,.T.);
#995=EDGE_CURVE('',#793,#792,#65,.T.);
#996=EDGE_CURVE('',#794,#793,#661,.F.);
#997=EDGE_CURVE('',#794,#795,#66,.T.);
#998=EDGE_CURVE('',#795,#796,#30,.T.);
#999=EDGE_CURVE('',#796,#797,#67,.T.);
#1000=EDGE_CURVE('',#797,#797,#31,.F.);
#1001=EDGE_CURVE('',#796,#798,#32,.T.);
#1002=EDGE_CURVE('',#798,#799,#662,.T.);
#1003=EDGE_CURVE('',#800,#799,#663,.F.);
#1004=EDGE_CURVE('',#800,#801,#68,.T.);
#1005=EDGE_CURVE('',#801,#802,#33,.T.);
#1006=EDGE_CURVE('',#802,#803,#664,.T.);
#1007=EDGE_CURVE('',#786,#803,#665,.F.);
#1008=EDGE_CURVE('',#789,#804,#666,.F.);
#1009=EDGE_CURVE('',#805,#804,#667,.T.);
#1010=EDGE_CURVE('',#805,#806,#668,.F.);
#1011=EDGE_CURVE('',#790,#806,#669,.T.);
#1012=EDGE_CURVE('',#803,#773,#670,.F.);
#1013=EDGE_CURVE('',#772,#807,#671,.F.);
#1014=EDGE_CURVE('',#807,#787,#672,.F.);
#1015=EDGE_CURVE('',#807,#808,#69,.T.);
#1016=EDGE_CURVE('',#808,#771,#70,.T.);
#1017=EDGE_CURVE('',#809,#765,#71,.T.);
#1018=EDGE_CURVE('',#770,#809,#72,.T.);
#1019=EDGE_CURVE('',#808,#809,#73,.T.);
#1020=EDGE_CURVE('',#774,#802,#673,.T.);
#1021=EDGE_CURVE('',#776,#800,#674,.F.);
#1022=EDGE_CURVE('',#775,#801,#74,.F.);
#1023=EDGE_CURVE('',#810,#799,#675,.T.);
#1024=EDGE_CURVE('',#810,#811,#676,.F.);
#1025=EDGE_CURVE('',#811,#777,#677,.F.);
#1026=EDGE_CURVE('',#812,#795,#75,.F.);
#1027=EDGE_CURVE('',#813,#812,#76,.T.);
#1028=EDGE_CURVE('',#813,#798,#678,.T.);
#1029=EDGE_CURVE('',#810,#813,#77,.T.);
#1030=EDGE_CURVE('',#794,#814,#679,.T.);
#1031=EDGE_CURVE('',#812,#814,#78,.T.);
#1032=EDGE_CURVE('',#815,#814,#680,.F.);
#1033=EDGE_CURVE('',#816,#815,#79,.T.);
#1034=EDGE_CURVE('',#817,#816,#80,.T.);
#1035=EDGE_CURVE('',#818,#817,#81,.T.);
#1036=EDGE_CURVE('',#819,#818,#681,.F.);
#1037=EDGE_CURVE('',#819,#820,#82,.T.);
#1038=EDGE_CURVE('',#821,#820,#83,.F.);
#1039=EDGE_CURVE('',#821,#769,#84,.T.);
#1040=EDGE_CURVE('',#768,#822,#85,.T.);
#1041=EDGE_CURVE('',#822,#823,#86,.T.);
#1042=EDGE_CURVE('',#823,#811,#87,.T.);
#1043=EDGE_CURVE('',#824,#793,#682,.T.);
#1044=EDGE_CURVE('',#824,#825,#683,.F.);
#1045=EDGE_CURVE('',#815,#825,#684,.T.);
#1046=EDGE_CURVE('',#822,#781,#88,.T.);
#1047=EDGE_CURVE('',#778,#823,#89,.T.);
#1048=EDGE_CURVE('',#826,#827,#90,.T.);
#1049=EDGE_CURVE('',#828,#826,#91,.T.);
#1050=EDGE_CURVE('',#829,#828,#92,.T.);
#1051=EDGE_CURVE('',#830,#829,#685,.F.);
#1052=EDGE_CURVE('',#831,#830,#93,.F.);
#1053=EDGE_CURVE('',#820,#831,#94,.F.);
#1054=EDGE_CURVE('',#827,#819,#686,.F.);
#1055=EDGE_CURVE('',#764,#832,#95,.T.);
#1056=EDGE_CURVE('',#831,#832,#96,.F.);
#1057=EDGE_CURVE('',#833,#830,#687,.F.);
#1058=EDGE_CURVE('',#834,#833,#97,.T.);
#1059=EDGE_CURVE('',#835,#834,#98,.T.);
#1060=EDGE_CURVE('',#804,#835,#99,.T.);
#1061=EDGE_CURVE('',#836,#829,#688,.T.);
#1062=EDGE_CURVE('',#836,#837,#689,.F.);
#1063=EDGE_CURVE('',#833,#837,#690,.T.);
#1064=EDGE_CURVE('',#838,#818,#691,.T.);
#1065=EDGE_CURVE('',#838,#839,#692,.F.);
#1066=EDGE_CURVE('',#827,#839,#693,.T.);
#1067=EDGE_CURVE('',#840,#840,#34,.F.);
#1068=EDGE_CURVE('',#841,#842,#100,.F.);
#1069=EDGE_CURVE('',#841,#843,#101,.T.);
#1070=EDGE_CURVE('',#843,#844,#102,.T.);
#1071=EDGE_CURVE('',#844,#845,#103,.T.);
#1072=EDGE_CURVE('',#846,#845,#104,.F.);
#1073=EDGE_CURVE('',#846,#847,#105,.T.);
#1074=EDGE_CURVE('',#847,#848,#106,.T.);
#1075=EDGE_CURVE('',#848,#849,#107,.T.);
#1076=EDGE_CURVE('',#849,#850,#108,.T.);
#1077=EDGE_CURVE('',#850,#851,#109,.T.);
#1078=EDGE_CURVE('',#851,#852,#110,.T.);
#1079=EDGE_CURVE('',#852,#842,#111,.T.);
#1080=EDGE_CURVE('',#806,#853,#694,.T.);
#1081=EDGE_CURVE('',#854,#805,#112,.T.);
#1082=EDGE_CURVE('',#855,#854,#35,.T.);
#1083=EDGE_CURVE('',#837,#855,#113,.T.);
#1084=EDGE_CURVE('',#856,#836,#695,.T.);
#1085=EDGE_CURVE('',#857,#856,#36,.T.);
#1086=EDGE_CURVE('',#839,#857,#114,.T.);
#1087=EDGE_CURVE('',#858,#838,#115,.T.);
#1088=EDGE_CURVE('',#859,#858,#37,.T.);
#1089=EDGE_CURVE('',#859,#840,#116,.T.);
#1090=EDGE_CURVE('',#860,#859,#38,.T.);
#1091=EDGE_CURVE('',#825,#860,#117,.T.);
#1092=EDGE_CURVE('',#861,#824,#118,.T.);
#1093=EDGE_CURVE('',#853,#861,#39,.T.);
#1094=EDGE_CURVE('',#862,#863,#696,.F.);
#1095=EDGE_CURVE('',#842,#862,#119,.T.);
#1096=EDGE_CURVE('',#852,#863,#120,.T.);
#1097=EDGE_CURVE('',#863,#864,#697,.F.);
#1098=EDGE_CURVE('',#851,#864,#121,.T.);
#1099=EDGE_CURVE('',#865,#862,#698,.F.);
#1100=EDGE_CURVE('',#841,#865,#122,.T.);
#1101=EDGE_CURVE('',#864,#866,#699,.F.);
#1102=EDGE_CURVE('',#850,#866,#123,.T.);
#1103=EDGE_CURVE('',#867,#865,#700,.F.);
#1104=EDGE_CURVE('',#843,#867,#124,.T.);
#1105=EDGE_CURVE('',#866,#868,#701,.F.);
#1106=EDGE_CURVE('',#849,#868,#125,.T.);
#1107=EDGE_CURVE('',#869,#867,#702,.F.);
#1108=EDGE_CURVE('',#844,#869,#126,.T.);
#1109=EDGE_CURVE('',#868,#870,#703,.F.);
#1110=EDGE_CURVE('',#848,#870,#127,.T.);
#1111=EDGE_CURVE('',#871,#869,#704,.F.);
#1112=EDGE_CURVE('',#845,#871,#128,.T.);
#1113=EDGE_CURVE('',#870,#872,#705,.F.);
#1114=EDGE_CURVE('',#847,#872,#129,.T.);
#1115=EDGE_CURVE('',#872,#873,#706,.F.);
#1116=EDGE_CURVE('',#846,#873,#130,.T.);
#1117=EDGE_CURVE('',#873,#871,#707,.F.);
#1118=EDGE_CURVE('',#874,#875,#131,.F.);
#1119=EDGE_CURVE('',#874,#876,#132,.T.);
#1120=EDGE_CURVE('',#876,#877,#133,.T.);
#1121=EDGE_CURVE('',#877,#878,#134,.T.);
#1122=EDGE_CURVE('',#879,#878,#135,.F.);
#1123=EDGE_CURVE('',#879,#880,#136,.T.);
#1124=EDGE_CURVE('',#880,#881,#137,.T.);
#1125=EDGE_CURVE('',#881,#882,#138,.T.);
#1126=EDGE_CURVE('',#882,#883,#139,.T.);
#1127=EDGE_CURVE('',#883,#884,#140,.T.);
#1128=EDGE_CURVE('',#884,#885,#141,.T.);
#1129=EDGE_CURVE('',#885,#875,#142,.T.);
#1130=EDGE_CURVE('',#886,#887,#708,.F.);
#1131=EDGE_CURVE('',#875,#886,#143,.T.);
#1132=EDGE_CURVE('',#885,#887,#144,.T.);
#1133=EDGE_CURVE('',#887,#888,#709,.F.);
#1134=EDGE_CURVE('',#884,#888,#145,.T.);
#1135=EDGE_CURVE('',#889,#886,#710,.F.);
#1136=EDGE_CURVE('',#874,#889,#146,.T.);
#1137=EDGE_CURVE('',#888,#890,#711,.F.);
#1138=EDGE_CURVE('',#883,#890,#147,.T.);
#1139=EDGE_CURVE('',#891,#889,#712,.F.);
#1140=EDGE_CURVE('',#876,#891,#148,.T.);
#1141=EDGE_CURVE('',#890,#892,#713,.F.);
#1142=EDGE_CURVE('',#882,#892,#149,.T.);
#1143=EDGE_CURVE('',#893,#891,#714,.F.);
#1144=EDGE_CURVE('',#877,#893,#150,.T.);
#1145=EDGE_CURVE('',#892,#894,#715,.F.);
#1146=EDGE_CURVE('',#881,#894,#151,.T.);
#1147=EDGE_CURVE('',#895,#893,#716,.F.);
#1148=EDGE_CURVE('',#878,#895,#152,.T.);
#1149=EDGE_CURVE('',#894,#896,#717,.F.);
#1150=EDGE_CURVE('',#880,#896,#153,.T.);
#1151=EDGE_CURVE('',#896,#897,#718,.F.);
#1152=EDGE_CURVE('',#879,#897,#154,.T.);
#1153=EDGE_CURVE('',#897,#895,#719,.F.);
#1154=EDGE_CURVE('',#898,#899,#720,.F.);
#1155=EDGE_CURVE('',#900,#898,#155,.T.);
#1156=EDGE_CURVE('',#900,#901,#156,.F.);
#1157=EDGE_CURVE('',#901,#899,#157,.T.);
#1158=EDGE_CURVE('',#902,#898,#721,.F.);
#1159=EDGE_CURVE('',#903,#902,#158,.T.);
#1160=EDGE_CURVE('',#900,#903,#159,.T.);
#1161=EDGE_CURVE('',#904,#902,#722,.F.);
#1162=EDGE_CURVE('',#905,#904,#160,.T.);
#1163=EDGE_CURVE('',#903,#905,#161,.T.);
#1164=EDGE_CURVE('',#899,#906,#723,.F.);
#1165=EDGE_CURVE('',#907,#901,#162,.T.);
#1166=EDGE_CURVE('',#907,#906,#163,.T.);
#1167=EDGE_CURVE('',#908,#904,#724,.F.);
#1168=EDGE_CURVE('',#909,#908,#164,.T.);
#1169=EDGE_CURVE('',#905,#909,#165,.T.);
#1170=EDGE_CURVE('',#906,#910,#725,.F.);
#1171=EDGE_CURVE('',#911,#907,#166,.T.);
#1172=EDGE_CURVE('',#911,#910,#167,.T.);
#1173=EDGE_CURVE('',#912,#908,#726,.F.);
#1174=EDGE_CURVE('',#913,#912,#168,.T.);
#1175=EDGE_CURVE('',#909,#913,#169,.T.);
#1176=EDGE_CURVE('',#910,#914,#727,.F.);
#1177=EDGE_CURVE('',#915,#911,#170,.T.);
#1178=EDGE_CURVE('',#915,#914,#171,.T.);
#1179=EDGE_CURVE('',#916,#912,#728,.F.);
#1180=EDGE_CURVE('',#917,#916,#172,.T.);
#1181=EDGE_CURVE('',#913,#917,#173,.T.);
#1182=EDGE_CURVE('',#914,#918,#729,.F.);
#1183=EDGE_CURVE('',#915,#919,#174,.F.);
#1184=EDGE_CURVE('',#919,#918,#175,.T.);
#1185=EDGE_CURVE('',#920,#916,#730,.F.);
#1186=EDGE_CURVE('',#921,#920,#176,.T.);
#1187=EDGE_CURVE('',#917,#921,#177,.T.);
#1188=EDGE_CURVE('',#918,#920,#731,.F.);
#1189=EDGE_CURVE('',#921,#919,#178,.T.);
#1190=EDGE_CURVE('',#832,#821,#179,.T.);
#1191=EDGE_CURVE('',#922,#923,#180,.T.);
#1192=EDGE_CURVE('',#924,#923,#181,.T.);
#1193=EDGE_CURVE('',#925,#924,#182,.T.);
#1194=EDGE_CURVE('',#922,#925,#732,.T.);
#1195=EDGE_CURVE('',#926,#927,#733,.T.);
#1196=EDGE_CURVE('',#927,#928,#734,.T.);
#1197=EDGE_CURVE('',#928,#929,#40,.T.);
#1198=EDGE_CURVE('',#929,#926,#735,.T.);
#1199=EDGE_CURVE('',#928,#930,#736,.T.);
#1200=EDGE_CURVE('',#930,#931,#41,.T.);
#1201=EDGE_CURVE('',#931,#929,#737,.T.);
#1202=EDGE_CURVE('',#932,#922,#738,.T.);
#1203=EDGE_CURVE('',#932,#931,#739,.T.);
#1204=EDGE_CURVE('',#930,#922,#740,.T.);
#1205=EDGE_CURVE('',#926,#933,#741,.T.);
#1206=EDGE_CURVE('',#934,#933,#42,.T.);
#1207=EDGE_CURVE('',#934,#927,#742,.T.);
#1208=EDGE_CURVE('',#935,#932,#743,.T.);
#1209=EDGE_CURVE('',#936,#935,#744,.T.);
#1210=EDGE_CURVE('',#937,#936,#745,.T.);
#1211=EDGE_CURVE('',#933,#937,#746,.T.);
#1212=EDGE_CURVE('',#935,#925,#43,.T.);
#1213=EDGE_CURVE('',#925,#938,#747,.T.);
#1214=EDGE_CURVE('',#938,#936,#44,.T.);
#1215=EDGE_CURVE('',#938,#939,#748,.T.);
#1216=EDGE_CURVE('',#939,#937,#45,.T.);
#1217=EDGE_CURVE('',#939,#934,#749,.T.);
#1218=EDGE_CURVE('',#928,#940,#183,.T.);
#1219=EDGE_CURVE('',#927,#941,#184,.T.);
#1220=EDGE_CURVE('',#940,#941,#46,.T.);
#1221=EDGE_CURVE('',#941,#942,#185,.T.);
#1222=EDGE_CURVE('',#934,#942,#186,.T.);
#1223=EDGE_CURVE('',#939,#943,#187,.T.);
#1224=EDGE_CURVE('',#942,#943,#47,.T.);
#1225=EDGE_CURVE('',#943,#944,#188,.T.);
#1226=EDGE_CURVE('',#938,#944,#189,.T.);
#1227=EDGE_CURVE('',#944,#924,#48,.T.);
#1228=EDGE_CURVE('',#923,#945,#49,.T.);
#1229=EDGE_CURVE('',#945,#940,#190,.T.);
#1230=EDGE_CURVE('',#930,#945,#191,.T.);
#1231=EDGE_CURVE('',#835,#854,#192,.T.);
#1232=EDGE_CURVE('',#855,#834,#193,.T.);
#1233=EDGE_CURVE('',#857,#826,#194,.T.);
#1234=EDGE_CURVE('',#856,#828,#750,.F.);
#1235=EDGE_CURVE('',#817,#858,#195,.T.);
#1236=EDGE_CURVE('',#860,#816,#196,.T.);
#1237=EDGE_CURVE('',#791,#853,#751,.F.);
#1238=EDGE_CURVE('',#792,#861,#197,.T.);
#1239=ORIENTED_EDGE('',*,*,#946,.T.);
#1240=ORIENTED_EDGE('',*,*,#947,.T.);
#1241=ORIENTED_EDGE('',*,*,#948,.F.);
#1242=ORIENTED_EDGE('',*,*,#949,.F.);
#1243=ORIENTED_EDGE('',*,*,#950,.F.);
#1244=ORIENTED_EDGE('',*,*,#951,.F.);
#1245=ORIENTED_EDGE('',*,*,#952,.F.);
#1246=ORIENTED_EDGE('',*,*,#953,.F.);
#1247=ORIENTED_EDGE('',*,*,#954,.F.);
#1248=ORIENTED_EDGE('',*,*,#955,.T.);
#1249=ORIENTED_EDGE('',*,*,#956,.F.);
#1250=ORIENTED_EDGE('',*,*,#957,.T.);
#1251=ORIENTED_EDGE('',*,*,#958,.F.);
#1252=ORIENTED_EDGE('',*,*,#953,.T.);
#1253=ORIENTED_EDGE('',*,*,#959,.F.);
#1254=ORIENTED_EDGE('',*,*,#955,.F.);
#1255=ORIENTED_EDGE('',*,*,#951,.T.);
#1256=ORIENTED_EDGE('',*,*,#960,.T.);
#1257=ORIENTED_EDGE('',*,*,#961,.T.);
#1258=ORIENTED_EDGE('',*,*,#962,.T.);
#1259=ORIENTED_EDGE('',*,*,#963,.T.);
#1260=ORIENTED_EDGE('',*,*,#957,.F.);
#1261=ORIENTED_EDGE('',*,*,#964,.T.);
#1262=ORIENTED_EDGE('',*,*,#965,.T.);
#1263=ORIENTED_EDGE('',*,*,#966,.T.);
#1264=ORIENTED_EDGE('',*,*,#967,.T.);
#1265=ORIENTED_EDGE('',*,*,#956,.T.);
#1266=ORIENTED_EDGE('',*,*,#959,.T.);
#1267=ORIENTED_EDGE('',*,*,#952,.T.);
#1268=ORIENTED_EDGE('',*,*,#963,.F.);
#1269=ORIENTED_EDGE('',*,*,#968,.T.);
#1270=ORIENTED_EDGE('',*,*,#969,.T.);
#1271=ORIENTED_EDGE('',*,*,#970,.T.);
#1272=ORIENTED_EDGE('',*,*,#971,.F.);
#1273=ORIENTED_EDGE('',*,*,#972,.T.);
#1274=ORIENTED_EDGE('',*,*,#973,.T.);
#1275=ORIENTED_EDGE('',*,*,#974,.T.);
#1276=ORIENTED_EDGE('',*,*,#975,.F.);
#1277=ORIENTED_EDGE('',*,*,#976,.T.);
#1278=ORIENTED_EDGE('',*,*,#977,.T.);
#1279=ORIENTED_EDGE('',*,*,#978,.T.);
#1280=ORIENTED_EDGE('',*,*,#979,.T.);
#1281=ORIENTED_EDGE('',*,*,#978,.F.);
#1282=ORIENTED_EDGE('',*,*,#980,.T.);
#1283=ORIENTED_EDGE('',*,*,#981,.T.);
#1284=ORIENTED_EDGE('',*,*,#964,.F.);
#1285=ORIENTED_EDGE('',*,*,#982,.F.);
#1286=ORIENTED_EDGE('',*,*,#983,.T.);
#1287=ORIENTED_EDGE('',*,*,#984,.F.);
#1288=ORIENTED_EDGE('',*,*,#985,.F.);
#1289=ORIENTED_EDGE('',*,*,#986,.T.);
#1290=ORIENTED_EDGE('',*,*,#987,.F.);
#1291=ORIENTED_EDGE('',*,*,#988,.F.);
#1292=ORIENTED_EDGE('',*,*,#983,.F.);
#1293=ORIENTED_EDGE('',*,*,#989,.F.);
#1294=ORIENTED_EDGE('',*,*,#985,.T.);
#1295=ORIENTED_EDGE('',*,*,#990,.F.);
#1296=ORIENTED_EDGE('',*,*,#991,.T.);
#1297=ORIENTED_EDGE('',*,*,#986,.F.);
#1298=ORIENTED_EDGE('',*,*,#982,.T.);
#1299=ORIENTED_EDGE('',*,*,#989,.T.);
#1300=ORIENTED_EDGE('',*,*,#992,.F.);
#1301=ORIENTED_EDGE('',*,*,#993,.F.);
#1302=ORIENTED_EDGE('',*,*,#994,.F.);
#1303=ORIENTED_EDGE('',*,*,#995,.F.);
#1304=ORIENTED_EDGE('',*,*,#996,.F.);
#1305=ORIENTED_EDGE('',*,*,#997,.T.);
#1306=ORIENTED_EDGE('',*,*,#998,.T.);
#1307=ORIENTED_EDGE('',*,*,#999,.T.);
#1308=ORIENTED_EDGE('',*,*,#1000,.T.);
#1309=ORIENTED_EDGE('',*,*,#999,.F.);
#1310=ORIENTED_EDGE('',*,*,#1001,.T.);
#1311=ORIENTED_EDGE('',*,*,#1002,.T.);
#1312=ORIENTED_EDGE('',*,*,#1003,.F.);
#1313=ORIENTED_EDGE('',*,*,#1004,.T.);
#1314=ORIENTED_EDGE('',*,*,#1005,.T.);
#1315=ORIENTED_EDGE('',*,*,#1006,.T.);
#1316=ORIENTED_EDGE('',*,*,#1007,.F.);
#1317=ORIENTED_EDGE('',*,*,#991,.F.);
#1318=ORIENTED_EDGE('',*,*,#1008,.T.);
#1319=ORIENTED_EDGE('',*,*,#1009,.F.);
#1320=ORIENTED_EDGE('',*,*,#1010,.T.);
#1321=ORIENTED_EDGE('',*,*,#1011,.F.);
#1322=ORIENTED_EDGE('',*,*,#992,.T.);
#1323=ORIENTED_EDGE('',*,*,#987,.T.);
#1324=ORIENTED_EDGE('',*,*,#1007,.T.);
#1325=ORIENTED_EDGE('',*,*,#1012,.T.);
#1326=ORIENTED_EDGE('',*,*,#971,.T.);
#1327=ORIENTED_EDGE('',*,*,#1013,.T.);
#1328=ORIENTED_EDGE('',*,*,#1014,.T.);
#1329=ORIENTED_EDGE('',*,*,#1015,.F.);
#1330=ORIENTED_EDGE('',*,*,#1013,.F.);
#1331=ORIENTED_EDGE('',*,*,#970,.F.);
#1332=ORIENTED_EDGE('',*,*,#1016,.F.);
#1333=ORIENTED_EDGE('',*,*,#1017,.F.);
#1334=ORIENTED_EDGE('',*,*,#1018,.F.);
#1335=ORIENTED_EDGE('',*,*,#968,.F.);
#1336=ORIENTED_EDGE('',*,*,#962,.F.);
#1337=ORIENTED_EDGE('',*,*,#1019,.F.);
#1338=ORIENTED_EDGE('',*,*,#1016,.T.);
#1339=ORIENTED_EDGE('',*,*,#969,.F.);
#1340=ORIENTED_EDGE('',*,*,#1018,.T.);
#1341=ORIENTED_EDGE('',*,*,#1006,.F.);
#1342=ORIENTED_EDGE('',*,*,#1020,.F.);
#1343=ORIENTED_EDGE('',*,*,#972,.F.);
#1344=ORIENTED_EDGE('',*,*,#1012,.F.);
#1345=ORIENTED_EDGE('',*,*,#1004,.F.);
#1346=ORIENTED_EDGE('',*,*,#1021,.F.);
#1347=ORIENTED_EDGE('',*,*,#974,.F.);
#1348=ORIENTED_EDGE('',*,*,#1022,.T.);
#1349=ORIENTED_EDGE('',*,*,#1005,.F.);
#1350=ORIENTED_EDGE('',*,*,#1022,.F.);
#1351=ORIENTED_EDGE('',*,*,#973,.F.);
#1352=ORIENTED_EDGE('',*,*,#1020,.T.);
#1353=ORIENTED_EDGE('',*,*,#1021,.T.);
#1354=ORIENTED_EDGE('',*,*,#1003,.T.);
#1355=ORIENTED_EDGE('',*,*,#1023,.F.);
#1356=ORIENTED_EDGE('',*,*,#1024,.T.);
#1357=ORIENTED_EDGE('',*,*,#1025,.T.);
#1358=ORIENTED_EDGE('',*,*,#975,.T.);
#1359=ORIENTED_EDGE('',*,*,#998,.F.);
#1360=ORIENTED_EDGE('',*,*,#1026,.F.);
#1361=ORIENTED_EDGE('',*,*,#1027,.F.);
#1362=ORIENTED_EDGE('',*,*,#1028,.T.);
#1363=ORIENTED_EDGE('',*,*,#1001,.F.);
#1364=ORIENTED_EDGE('',*,*,#1002,.F.);
#1365=ORIENTED_EDGE('',*,*,#1028,.F.);
#1366=ORIENTED_EDGE('',*,*,#1029,.F.);
#1367=ORIENTED_EDGE('',*,*,#1023,.T.);
#1368=ORIENTED_EDGE('',*,*,#997,.F.);
#1369=ORIENTED_EDGE('',*,*,#1030,.T.);
#1370=ORIENTED_EDGE('',*,*,#1031,.F.);
#1371=ORIENTED_EDGE('',*,*,#1026,.T.);
#1372=ORIENTED_EDGE('',*,*,#1029,.T.);
#1373=ORIENTED_EDGE('',*,*,#1027,.T.);
#1374=ORIENTED_EDGE('',*,*,#1031,.T.);
#1375=ORIENTED_EDGE('',*,*,#1032,.F.);
#1376=ORIENTED_EDGE('',*,*,#1033,.F.);
#1377=ORIENTED_EDGE('',*,*,#1034,.F.);
#1378=ORIENTED_EDGE('',*,*,#1035,.F.);
#1379=ORIENTED_EDGE('',*,*,#1036,.F.);
#1380=ORIENTED_EDGE('',*,*,#1037,.T.);
#1381=ORIENTED_EDGE('',*,*,#1038,.F.);
#1382=ORIENTED_EDGE('',*,*,#1039,.T.);
#1383=ORIENTED_EDGE('',*,*,#966,.F.);
#1384=ORIENTED_EDGE('',*,*,#1040,.T.);
#1385=ORIENTED_EDGE('',*,*,#1041,.T.);
#1386=ORIENTED_EDGE('',*,*,#1042,.T.);
#1387=ORIENTED_EDGE('',*,*,#1024,.F.);
#1388=ORIENTED_EDGE('',*,*,#1030,.F.);
#1389=ORIENTED_EDGE('',*,*,#996,.T.);
#1390=ORIENTED_EDGE('',*,*,#1043,.F.);
#1391=ORIENTED_EDGE('',*,*,#1044,.T.);
#1392=ORIENTED_EDGE('',*,*,#1045,.F.);
#1393=ORIENTED_EDGE('',*,*,#1032,.T.);
#1394=ORIENTED_EDGE('',*,*,#1041,.F.);
#1395=ORIENTED_EDGE('',*,*,#1046,.T.);
#1396=ORIENTED_EDGE('',*,*,#980,.F.);
#1397=ORIENTED_EDGE('',*,*,#977,.F.);
#1398=ORIENTED_EDGE('',*,*,#1047,.T.);
#1399=ORIENTED_EDGE('',*,*,#1042,.F.);
#1400=ORIENTED_EDGE('',*,*,#1047,.F.);
#1401=ORIENTED_EDGE('',*,*,#976,.F.);
#1402=ORIENTED_EDGE('',*,*,#1025,.F.);
#1403=ORIENTED_EDGE('',*,*,#1040,.F.);
#1404=ORIENTED_EDGE('',*,*,#965,.F.);
#1405=ORIENTED_EDGE('',*,*,#981,.F.);
#1406=ORIENTED_EDGE('',*,*,#1046,.F.);
#1407=ORIENTED_EDGE('',*,*,#1048,.F.);
#1408=ORIENTED_EDGE('',*,*,#1049,.F.);
#1409=ORIENTED_EDGE('',*,*,#1050,.F.);
#1410=ORIENTED_EDGE('',*,*,#1051,.F.);
#1411=ORIENTED_EDGE('',*,*,#1052,.F.);
#1412=ORIENTED_EDGE('',*,*,#1053,.F.);
#1413=ORIENTED_EDGE('',*,*,#1037,.F.);
#1414=ORIENTED_EDGE('',*,*,#1054,.F.);
#1415=ORIENTED_EDGE('',*,*,#988,.T.);
#1416=ORIENTED_EDGE('',*,*,#1014,.F.);
#1417=ORIENTED_EDGE('',*,*,#1015,.T.);
#1418=ORIENTED_EDGE('',*,*,#1019,.T.);
#1419=ORIENTED_EDGE('',*,*,#1017,.T.);
#1420=ORIENTED_EDGE('',*,*,#961,.F.);
#1421=ORIENTED_EDGE('',*,*,#1055,.T.);
#1422=ORIENTED_EDGE('',*,*,#1056,.F.);
#1423=ORIENTED_EDGE('',*,*,#1052,.T.);
#1424=ORIENTED_EDGE('',*,*,#1057,.F.);
#1425=ORIENTED_EDGE('',*,*,#1058,.F.);
#1426=ORIENTED_EDGE('',*,*,#1059,.F.);
#1427=ORIENTED_EDGE('',*,*,#1060,.F.);
#1428=ORIENTED_EDGE('',*,*,#1008,.F.);
#1429=ORIENTED_EDGE('',*,*,#990,.T.);
#1430=ORIENTED_EDGE('',*,*,#984,.T.);
#1431=ORIENTED_EDGE('',*,*,#1061,.F.);
#1432=ORIENTED_EDGE('',*,*,#1062,.T.);
#1433=ORIENTED_EDGE('',*,*,#1063,.F.);
#1434=ORIENTED_EDGE('',*,*,#1057,.T.);
#1435=ORIENTED_EDGE('',*,*,#1051,.T.);
#1436=ORIENTED_EDGE('',*,*,#1064,.F.);
#1437=ORIENTED_EDGE('',*,*,#1065,.T.);
#1438=ORIENTED_EDGE('',*,*,#1066,.F.);
#1439=ORIENTED_EDGE('',*,*,#1054,.T.);
#1440=ORIENTED_EDGE('',*,*,#1036,.T.);
#1441=ORIENTED_EDGE('',*,*,#1067,.F.);
#1442=ORIENTED_EDGE('',*,*,#1068,.F.);
#1443=ORIENTED_EDGE('',*,*,#1069,.T.);
#1444=ORIENTED_EDGE('',*,*,#1070,.T.);
#1445=ORIENTED_EDGE('',*,*,#1071,.T.);
#1446=ORIENTED_EDGE('',*,*,#1072,.F.);
#1447=ORIENTED_EDGE('',*,*,#1073,.T.);
#1448=ORIENTED_EDGE('',*,*,#1074,.T.);
#1449=ORIENTED_EDGE('',*,*,#1075,.T.);
#1450=ORIENTED_EDGE('',*,*,#1076,.T.);
#1451=ORIENTED_EDGE('',*,*,#1077,.T.);
#1452=ORIENTED_EDGE('',*,*,#1078,.T.);
#1453=ORIENTED_EDGE('',*,*,#1079,.T.);
#1454=ORIENTED_EDGE('',*,*,#1080,.F.);
#1455=ORIENTED_EDGE('',*,*,#1010,.F.);
#1456=ORIENTED_EDGE('',*,*,#1081,.F.);
#1457=ORIENTED_EDGE('',*,*,#1082,.F.);
#1458=ORIENTED_EDGE('',*,*,#1083,.F.);
#1459=ORIENTED_EDGE('',*,*,#1062,.F.);
#1460=ORIENTED_EDGE('',*,*,#1084,.F.);
#1461=ORIENTED_EDGE('',*,*,#1085,.F.);
#1462=ORIENTED_EDGE('',*,*,#1086,.F.);
#1463=ORIENTED_EDGE('',*,*,#1065,.F.);
#1464=ORIENTED_EDGE('',*,*,#1087,.F.);
#1465=ORIENTED_EDGE('',*,*,#1088,.F.);
#1466=ORIENTED_EDGE('',*,*,#1089,.T.);
#1467=ORIENTED_EDGE('',*,*,#1067,.T.);
#1468=ORIENTED_EDGE('',*,*,#1089,.F.);
#1469=ORIENTED_EDGE('',*,*,#1090,.F.);
#1470=ORIENTED_EDGE('',*,*,#1091,.F.);
#1471=ORIENTED_EDGE('',*,*,#1044,.F.);
#1472=ORIENTED_EDGE('',*,*,#1092,.F.);
#1473=ORIENTED_EDGE('',*,*,#1093,.F.);
#1474=ORIENTED_EDGE('',*,*,#1094,.F.);
#1475=ORIENTED_EDGE('',*,*,#1095,.F.);
#1476=ORIENTED_EDGE('',*,*,#1079,.F.);
#1477=ORIENTED_EDGE('',*,*,#1096,.T.);
#1478=ORIENTED_EDGE('',*,*,#1097,.F.);
#1479=ORIENTED_EDGE('',*,*,#1096,.F.);
#1480=ORIENTED_EDGE('',*,*,#1078,.F.);
#1481=ORIENTED_EDGE('',*,*,#1098,.T.);
#1482=ORIENTED_EDGE('',*,*,#1099,.F.);
#1483=ORIENTED_EDGE('',*,*,#1100,.F.);
#1484=ORIENTED_EDGE('',*,*,#1068,.T.);
#1485=ORIENTED_EDGE('',*,*,#1095,.T.);
#1486=ORIENTED_EDGE('',*,*,#1101,.F.);
#1487=ORIENTED_EDGE('',*,*,#1098,.F.);
#1488=ORIENTED_EDGE('',*,*,#1077,.F.);
#1489=ORIENTED_EDGE('',*,*,#1102,.T.);
#1490=ORIENTED_EDGE('',*,*,#1103,.F.);
#1491=ORIENTED_EDGE('',*,*,#1104,.F.);
#1492=ORIENTED_EDGE('',*,*,#1069,.F.);
#1493=ORIENTED_EDGE('',*,*,#1100,.T.);
#1494=ORIENTED_EDGE('',*,*,#1105,.F.);
#1495=ORIENTED_EDGE('',*,*,#1102,.F.);
#1496=ORIENTED_EDGE('',*,*,#1076,.F.);
#1497=ORIENTED_EDGE('',*,*,#1106,.T.);
#1498=ORIENTED_EDGE('',*,*,#1107,.F.);
#1499=ORIENTED_EDGE('',*,*,#1108,.F.);
#1500=ORIENTED_EDGE('',*,*,#1070,.F.);
#1501=ORIENTED_EDGE('',*,*,#1104,.T.);
#1502=ORIENTED_EDGE('',*,*,#1109,.F.);
#1503=ORIENTED_EDGE('',*,*,#1106,.F.);
#1504=ORIENTED_EDGE('',*,*,#1075,.F.);
#1505=ORIENTED_EDGE('',*,*,#1110,.T.);
#1506=ORIENTED_EDGE('',*,*,#1111,.F.);
#1507=ORIENTED_EDGE('',*,*,#1112,.F.);
#1508=ORIENTED_EDGE('',*,*,#1071,.F.);
#1509=ORIENTED_EDGE('',*,*,#1108,.T.);
#1510=ORIENTED_EDGE('',*,*,#1113,.F.);
#1511=ORIENTED_EDGE('',*,*,#1110,.F.);
#1512=ORIENTED_EDGE('',*,*,#1074,.F.);
#1513=ORIENTED_EDGE('',*,*,#1114,.T.);
#1514=ORIENTED_EDGE('',*,*,#1115,.F.);
#1515=ORIENTED_EDGE('',*,*,#1114,.F.);
#1516=ORIENTED_EDGE('',*,*,#1073,.F.);
#1517=ORIENTED_EDGE('',*,*,#1116,.T.);
#1518=ORIENTED_EDGE('',*,*,#1117,.F.);
#1519=ORIENTED_EDGE('',*,*,#1116,.F.);
#1520=ORIENTED_EDGE('',*,*,#1072,.T.);
#1521=ORIENTED_EDGE('',*,*,#1112,.T.);
#1522=ORIENTED_EDGE('',*,*,#1094,.T.);
#1523=ORIENTED_EDGE('',*,*,#1097,.T.);
#1524=ORIENTED_EDGE('',*,*,#1101,.T.);
#1525=ORIENTED_EDGE('',*,*,#1105,.T.);
#1526=ORIENTED_EDGE('',*,*,#1109,.T.);
#1527=ORIENTED_EDGE('',*,*,#1113,.T.);
#1528=ORIENTED_EDGE('',*,*,#1115,.T.);
#1529=ORIENTED_EDGE('',*,*,#1117,.T.);
#1530=ORIENTED_EDGE('',*,*,#1111,.T.);
#1531=ORIENTED_EDGE('',*,*,#1107,.T.);
#1532=ORIENTED_EDGE('',*,*,#1103,.T.);
#1533=ORIENTED_EDGE('',*,*,#1099,.T.);
#1534=ORIENTED_EDGE('',*,*,#1000,.F.);
#1535=ORIENTED_EDGE('',*,*,#1118,.F.);
#1536=ORIENTED_EDGE('',*,*,#1119,.T.);
#1537=ORIENTED_EDGE('',*,*,#1120,.T.);
#1538=ORIENTED_EDGE('',*,*,#1121,.T.);
#1539=ORIENTED_EDGE('',*,*,#1122,.F.);
#1540=ORIENTED_EDGE('',*,*,#1123,.T.);
#1541=ORIENTED_EDGE('',*,*,#1124,.T.);
#1542=ORIENTED_EDGE('',*,*,#1125,.T.);
#1543=ORIENTED_EDGE('',*,*,#1126,.T.);
#1544=ORIENTED_EDGE('',*,*,#1127,.T.);
#1545=ORIENTED_EDGE('',*,*,#1128,.T.);
#1546=ORIENTED_EDGE('',*,*,#1129,.T.);
#1547=ORIENTED_EDGE('',*,*,#1130,.F.);
#1548=ORIENTED_EDGE('',*,*,#1131,.F.);
#1549=ORIENTED_EDGE('',*,*,#1129,.F.);
#1550=ORIENTED_EDGE('',*,*,#1132,.T.);
#1551=ORIENTED_EDGE('',*,*,#1133,.F.);
#1552=ORIENTED_EDGE('',*,*,#1132,.F.);
#1553=ORIENTED_EDGE('',*,*,#1128,.F.);
#1554=ORIENTED_EDGE('',*,*,#1134,.T.);
#1555=ORIENTED_EDGE('',*,*,#1135,.F.);
#1556=ORIENTED_EDGE('',*,*,#1136,.F.);
#1557=ORIENTED_EDGE('',*,*,#1118,.T.);
#1558=ORIENTED_EDGE('',*,*,#1131,.T.);
#1559=ORIENTED_EDGE('',*,*,#1137,.F.);
#1560=ORIENTED_EDGE('',*,*,#1134,.F.);
#1561=ORIENTED_EDGE('',*,*,#1127,.F.);
#1562=ORIENTED_EDGE('',*,*,#1138,.T.);
#1563=ORIENTED_EDGE('',*,*,#1139,.F.);
#1564=ORIENTED_EDGE('',*,*,#1140,.F.);
#1565=ORIENTED_EDGE('',*,*,#1119,.F.);
#1566=ORIENTED_EDGE('',*,*,#1136,.T.);
#1567=ORIENTED_EDGE('',*,*,#1141,.F.);
#1568=ORIENTED_EDGE('',*,*,#1138,.F.);
#1569=ORIENTED_EDGE('',*,*,#1126,.F.);
#1570=ORIENTED_EDGE('',*,*,#1142,.T.);
#1571=ORIENTED_EDGE('',*,*,#1143,.F.);
#1572=ORIENTED_EDGE('',*,*,#1144,.F.);
#1573=ORIENTED_EDGE('',*,*,#1120,.F.);
#1574=ORIENTED_EDGE('',*,*,#1140,.T.);
#1575=ORIENTED_EDGE('',*,*,#1145,.F.);
#1576=ORIENTED_EDGE('',*,*,#1142,.F.);
#1577=ORIENTED_EDGE('',*,*,#1125,.F.);
#1578=ORIENTED_EDGE('',*,*,#1146,.T.);
#1579=ORIENTED_EDGE('',*,*,#1147,.F.);
#1580=ORIENTED_EDGE('',*,*,#1148,.F.);
#1581=ORIENTED_EDGE('',*,*,#1121,.F.);
#1582=ORIENTED_EDGE('',*,*,#1144,.T.);
#1583=ORIENTED_EDGE('',*,*,#1149,.F.);
#1584=ORIENTED_EDGE('',*,*,#1146,.F.);
#1585=ORIENTED_EDGE('',*,*,#1124,.F.);
#1586=ORIENTED_EDGE('',*,*,#1150,.T.);
#1587=ORIENTED_EDGE('',*,*,#1151,.F.);
#1588=ORIENTED_EDGE('',*,*,#1150,.F.);
#1589=ORIENTED_EDGE('',*,*,#1123,.F.);
#1590=ORIENTED_EDGE('',*,*,#1152,.T.);
#1591=ORIENTED_EDGE('',*,*,#1153,.F.);
#1592=ORIENTED_EDGE('',*,*,#1152,.F.);
#1593=ORIENTED_EDGE('',*,*,#1122,.T.);
#1594=ORIENTED_EDGE('',*,*,#1148,.T.);
#1595=ORIENTED_EDGE('',*,*,#1130,.T.);
#1596=ORIENTED_EDGE('',*,*,#1133,.T.);
#1597=ORIENTED_EDGE('',*,*,#1137,.T.);
#1598=ORIENTED_EDGE('',*,*,#1141,.T.);
#1599=ORIENTED_EDGE('',*,*,#1145,.T.);
#1600=ORIENTED_EDGE('',*,*,#1149,.T.);
#1601=ORIENTED_EDGE('',*,*,#1151,.T.);
#1602=ORIENTED_EDGE('',*,*,#1153,.T.);
#1603=ORIENTED_EDGE('',*,*,#1147,.T.);
#1604=ORIENTED_EDGE('',*,*,#1143,.T.);
#1605=ORIENTED_EDGE('',*,*,#1139,.T.);
#1606=ORIENTED_EDGE('',*,*,#1135,.T.);
#1607=ORIENTED_EDGE('',*,*,#1154,.F.);
#1608=ORIENTED_EDGE('',*,*,#1155,.F.);
#1609=ORIENTED_EDGE('',*,*,#1156,.T.);
#1610=ORIENTED_EDGE('',*,*,#1157,.T.);
#1611=ORIENTED_EDGE('',*,*,#1158,.F.);
#1612=ORIENTED_EDGE('',*,*,#1159,.F.);
#1613=ORIENTED_EDGE('',*,*,#1160,.F.);
#1614=ORIENTED_EDGE('',*,*,#1155,.T.);
#1615=ORIENTED_EDGE('',*,*,#1161,.F.);
#1616=ORIENTED_EDGE('',*,*,#1162,.F.);
#1617=ORIENTED_EDGE('',*,*,#1163,.F.);
#1618=ORIENTED_EDGE('',*,*,#1159,.T.);
#1619=ORIENTED_EDGE('',*,*,#1164,.F.);
#1620=ORIENTED_EDGE('',*,*,#1157,.F.);
#1621=ORIENTED_EDGE('',*,*,#1165,.F.);
#1622=ORIENTED_EDGE('',*,*,#1166,.T.);
#1623=ORIENTED_EDGE('',*,*,#1167,.F.);
#1624=ORIENTED_EDGE('',*,*,#1168,.F.);
#1625=ORIENTED_EDGE('',*,*,#1169,.F.);
#1626=ORIENTED_EDGE('',*,*,#1162,.T.);
#1627=ORIENTED_EDGE('',*,*,#1170,.F.);
#1628=ORIENTED_EDGE('',*,*,#1166,.F.);
#1629=ORIENTED_EDGE('',*,*,#1171,.F.);
#1630=ORIENTED_EDGE('',*,*,#1172,.T.);
#1631=ORIENTED_EDGE('',*,*,#1173,.F.);
#1632=ORIENTED_EDGE('',*,*,#1174,.F.);
#1633=ORIENTED_EDGE('',*,*,#1175,.F.);
#1634=ORIENTED_EDGE('',*,*,#1168,.T.);
#1635=ORIENTED_EDGE('',*,*,#1176,.F.);
#1636=ORIENTED_EDGE('',*,*,#1172,.F.);
#1637=ORIENTED_EDGE('',*,*,#1177,.F.);
#1638=ORIENTED_EDGE('',*,*,#1178,.T.);
#1639=ORIENTED_EDGE('',*,*,#1179,.F.);
#1640=ORIENTED_EDGE('',*,*,#1180,.F.);
#1641=ORIENTED_EDGE('',*,*,#1181,.F.);
#1642=ORIENTED_EDGE('',*,*,#1174,.T.);
#1643=ORIENTED_EDGE('',*,*,#1182,.F.);
#1644=ORIENTED_EDGE('',*,*,#1178,.F.);
#1645=ORIENTED_EDGE('',*,*,#1183,.T.);
#1646=ORIENTED_EDGE('',*,*,#1184,.T.);
#1647=ORIENTED_EDGE('',*,*,#1185,.F.);
#1648=ORIENTED_EDGE('',*,*,#1186,.F.);
#1649=ORIENTED_EDGE('',*,*,#1187,.F.);
#1650=ORIENTED_EDGE('',*,*,#1180,.T.);
#1651=ORIENTED_EDGE('',*,*,#1188,.F.);
#1652=ORIENTED_EDGE('',*,*,#1184,.F.);
#1653=ORIENTED_EDGE('',*,*,#1189,.F.);
#1654=ORIENTED_EDGE('',*,*,#1186,.T.);
#1655=ORIENTED_EDGE('',*,*,#979,.F.);
#1656=ORIENTED_EDGE('',*,*,#1183,.F.);
#1657=ORIENTED_EDGE('',*,*,#1177,.T.);
#1658=ORIENTED_EDGE('',*,*,#1171,.T.);
#1659=ORIENTED_EDGE('',*,*,#1165,.T.);
#1660=ORIENTED_EDGE('',*,*,#1156,.F.);
#1661=ORIENTED_EDGE('',*,*,#1160,.T.);
#1662=ORIENTED_EDGE('',*,*,#1163,.T.);
#1663=ORIENTED_EDGE('',*,*,#1169,.T.);
#1664=ORIENTED_EDGE('',*,*,#1175,.T.);
#1665=ORIENTED_EDGE('',*,*,#1181,.T.);
#1666=ORIENTED_EDGE('',*,*,#1187,.T.);
#1667=ORIENTED_EDGE('',*,*,#1189,.T.);
#1668=ORIENTED_EDGE('',*,*,#954,.T.);
#1669=ORIENTED_EDGE('',*,*,#967,.F.);
#1670=ORIENTED_EDGE('',*,*,#1039,.F.);
#1671=ORIENTED_EDGE('',*,*,#1190,.F.);
#1672=ORIENTED_EDGE('',*,*,#1055,.F.);
#1673=ORIENTED_EDGE('',*,*,#960,.F.);
#1674=ORIENTED_EDGE('',*,*,#950,.T.);
#1675=ORIENTED_EDGE('',*,*,#958,.T.);
#1676=ORIENTED_EDGE('',*,*,#1191,.T.);
#1677=ORIENTED_EDGE('',*,*,#1192,.F.);
#1678=ORIENTED_EDGE('',*,*,#1193,.F.);
#1679=ORIENTED_EDGE('',*,*,#1194,.F.);
#1680=ORIENTED_EDGE('',*,*,#1195,.T.);
#1681=ORIENTED_EDGE('',*,*,#1196,.T.);
#1682=ORIENTED_EDGE('',*,*,#1197,.T.);
#1683=ORIENTED_EDGE('',*,*,#1198,.T.);
#1684=ORIENTED_EDGE('',*,*,#1197,.F.);
#1685=ORIENTED_EDGE('',*,*,#1199,.T.);
#1686=ORIENTED_EDGE('',*,*,#1200,.T.);
#1687=ORIENTED_EDGE('',*,*,#1201,.T.);
#1688=ORIENTED_EDGE('',*,*,#1202,.F.);
#1689=ORIENTED_EDGE('',*,*,#1203,.T.);
#1690=ORIENTED_EDGE('',*,*,#1200,.F.);
#1691=ORIENTED_EDGE('',*,*,#1204,.T.);
#1692=ORIENTED_EDGE('',*,*,#1195,.F.);
#1693=ORIENTED_EDGE('',*,*,#1205,.T.);
#1694=ORIENTED_EDGE('',*,*,#1206,.F.);
#1695=ORIENTED_EDGE('',*,*,#1207,.T.);
#1696=ORIENTED_EDGE('',*,*,#1198,.F.);
#1697=ORIENTED_EDGE('',*,*,#1201,.F.);
#1698=ORIENTED_EDGE('',*,*,#1203,.F.);
#1699=ORIENTED_EDGE('',*,*,#1208,.F.);
#1700=ORIENTED_EDGE('',*,*,#1209,.F.);
#1701=ORIENTED_EDGE('',*,*,#1210,.F.);
#1702=ORIENTED_EDGE('',*,*,#1211,.F.);
#1703=ORIENTED_EDGE('',*,*,#1205,.F.);
#1704=ORIENTED_EDGE('',*,*,#1212,.T.);
#1705=ORIENTED_EDGE('',*,*,#1213,.T.);
#1706=ORIENTED_EDGE('',*,*,#1214,.T.);
#1707=ORIENTED_EDGE('',*,*,#1209,.T.);
#1708=ORIENTED_EDGE('',*,*,#1214,.F.);
#1709=ORIENTED_EDGE('',*,*,#1215,.T.);
#1710=ORIENTED_EDGE('',*,*,#1216,.T.);
#1711=ORIENTED_EDGE('',*,*,#1210,.T.);
#1712=ORIENTED_EDGE('',*,*,#1202,.T.);
#1713=ORIENTED_EDGE('',*,*,#1194,.T.);
#1714=ORIENTED_EDGE('',*,*,#1212,.F.);
#1715=ORIENTED_EDGE('',*,*,#1208,.T.);
#1716=ORIENTED_EDGE('',*,*,#1216,.F.);
#1717=ORIENTED_EDGE('',*,*,#1217,.T.);
#1718=ORIENTED_EDGE('',*,*,#1206,.T.);
#1719=ORIENTED_EDGE('',*,*,#1211,.T.);
#1720=ORIENTED_EDGE('',*,*,#1218,.F.);
#1721=ORIENTED_EDGE('',*,*,#1196,.F.);
#1722=ORIENTED_EDGE('',*,*,#1219,.T.);
#1723=ORIENTED_EDGE('',*,*,#1220,.F.);
#1724=ORIENTED_EDGE('',*,*,#1221,.F.);
#1725=ORIENTED_EDGE('',*,*,#1219,.F.);
#1726=ORIENTED_EDGE('',*,*,#1207,.F.);
#1727=ORIENTED_EDGE('',*,*,#1222,.T.);
#1728=ORIENTED_EDGE('',*,*,#1217,.F.);
#1729=ORIENTED_EDGE('',*,*,#1223,.T.);
#1730=ORIENTED_EDGE('',*,*,#1224,.F.);
#1731=ORIENTED_EDGE('',*,*,#1222,.F.);
#1732=ORIENTED_EDGE('',*,*,#1225,.F.);
#1733=ORIENTED_EDGE('',*,*,#1223,.F.);
#1734=ORIENTED_EDGE('',*,*,#1215,.F.);
#1735=ORIENTED_EDGE('',*,*,#1226,.T.);
#1736=ORIENTED_EDGE('',*,*,#1213,.F.);
#1737=ORIENTED_EDGE('',*,*,#1193,.T.);
#1738=ORIENTED_EDGE('',*,*,#1227,.F.);
#1739=ORIENTED_EDGE('',*,*,#1226,.F.);
#1740=ORIENTED_EDGE('',*,*,#1225,.T.);
#1741=ORIENTED_EDGE('',*,*,#1227,.T.);
#1742=ORIENTED_EDGE('',*,*,#1192,.T.);
#1743=ORIENTED_EDGE('',*,*,#1228,.T.);
#1744=ORIENTED_EDGE('',*,*,#1229,.T.);
#1745=ORIENTED_EDGE('',*,*,#1220,.T.);
#1746=ORIENTED_EDGE('',*,*,#1221,.T.);
#1747=ORIENTED_EDGE('',*,*,#1224,.T.);
#1748=ORIENTED_EDGE('',*,*,#1053,.T.);
#1749=ORIENTED_EDGE('',*,*,#1056,.T.);
#1750=ORIENTED_EDGE('',*,*,#1190,.T.);
#1751=ORIENTED_EDGE('',*,*,#1038,.T.);
#1752=ORIENTED_EDGE('',*,*,#1154,.T.);
#1753=ORIENTED_EDGE('',*,*,#1164,.T.);
#1754=ORIENTED_EDGE('',*,*,#1170,.T.);
#1755=ORIENTED_EDGE('',*,*,#1176,.T.);
#1756=ORIENTED_EDGE('',*,*,#1182,.T.);
#1757=ORIENTED_EDGE('',*,*,#1188,.T.);
#1758=ORIENTED_EDGE('',*,*,#1185,.T.);
#1759=ORIENTED_EDGE('',*,*,#1179,.T.);
#1760=ORIENTED_EDGE('',*,*,#1173,.T.);
#1761=ORIENTED_EDGE('',*,*,#1167,.T.);
#1762=ORIENTED_EDGE('',*,*,#1161,.T.);
#1763=ORIENTED_EDGE('',*,*,#1158,.T.);
#1764=ORIENTED_EDGE('',*,*,#1204,.F.);
#1765=ORIENTED_EDGE('',*,*,#1230,.T.);
#1766=ORIENTED_EDGE('',*,*,#1228,.F.);
#1767=ORIENTED_EDGE('',*,*,#1191,.F.);
#1768=ORIENTED_EDGE('',*,*,#1229,.F.);
#1769=ORIENTED_EDGE('',*,*,#1230,.F.);
#1770=ORIENTED_EDGE('',*,*,#1199,.F.);
#1771=ORIENTED_EDGE('',*,*,#1218,.T.);
#1772=ORIENTED_EDGE('',*,*,#1060,.T.);
#1773=ORIENTED_EDGE('',*,*,#1231,.T.);
#1774=ORIENTED_EDGE('',*,*,#1081,.T.);
#1775=ORIENTED_EDGE('',*,*,#1009,.T.);
#1776=ORIENTED_EDGE('',*,*,#1059,.T.);
#1777=ORIENTED_EDGE('',*,*,#1232,.F.);
#1778=ORIENTED_EDGE('',*,*,#1082,.T.);
#1779=ORIENTED_EDGE('',*,*,#1231,.F.);
#1780=ORIENTED_EDGE('',*,*,#1058,.T.);
#1781=ORIENTED_EDGE('',*,*,#1063,.T.);
#1782=ORIENTED_EDGE('',*,*,#1083,.T.);
#1783=ORIENTED_EDGE('',*,*,#1232,.T.);
#1784=ORIENTED_EDGE('',*,*,#1048,.T.);
#1785=ORIENTED_EDGE('',*,*,#1066,.T.);
#1786=ORIENTED_EDGE('',*,*,#1086,.T.);
#1787=ORIENTED_EDGE('',*,*,#1233,.T.);
#1788=ORIENTED_EDGE('',*,*,#1049,.T.);
#1789=ORIENTED_EDGE('',*,*,#1233,.F.);
#1790=ORIENTED_EDGE('',*,*,#1085,.T.);
#1791=ORIENTED_EDGE('',*,*,#1234,.T.);
#1792=ORIENTED_EDGE('',*,*,#1050,.T.);
#1793=ORIENTED_EDGE('',*,*,#1234,.F.);
#1794=ORIENTED_EDGE('',*,*,#1084,.T.);
#1795=ORIENTED_EDGE('',*,*,#1061,.T.);
#1796=ORIENTED_EDGE('',*,*,#1035,.T.);
#1797=ORIENTED_EDGE('',*,*,#1235,.T.);
#1798=ORIENTED_EDGE('',*,*,#1087,.T.);
#1799=ORIENTED_EDGE('',*,*,#1064,.T.);
#1800=ORIENTED_EDGE('',*,*,#1034,.T.);
#1801=ORIENTED_EDGE('',*,*,#1236,.F.);
#1802=ORIENTED_EDGE('',*,*,#1090,.T.);
#1803=ORIENTED_EDGE('',*,*,#1088,.T.);
#1804=ORIENTED_EDGE('',*,*,#1235,.F.);
#1805=ORIENTED_EDGE('',*,*,#1033,.T.);
#1806=ORIENTED_EDGE('',*,*,#1045,.T.);
#1807=ORIENTED_EDGE('',*,*,#1091,.T.);
#1808=ORIENTED_EDGE('',*,*,#1236,.T.);
#1809=ORIENTED_EDGE('',*,*,#1080,.T.);
#1810=ORIENTED_EDGE('',*,*,#1237,.F.);
#1811=ORIENTED_EDGE('',*,*,#993,.T.);
#1812=ORIENTED_EDGE('',*,*,#1011,.T.);
#1813=ORIENTED_EDGE('',*,*,#1092,.T.);
#1814=ORIENTED_EDGE('',*,*,#1043,.T.);
#1815=ORIENTED_EDGE('',*,*,#995,.T.);
#1816=ORIENTED_EDGE('',*,*,#1238,.T.);
#1817=ORIENTED_EDGE('',*,*,#1093,.T.);
#1818=ORIENTED_EDGE('',*,*,#1238,.F.);
#1819=ORIENTED_EDGE('',*,*,#994,.T.);
#1820=ORIENTED_EDGE('',*,*,#1237,.T.);
#1821=B_SPLINE_SURFACE_WITH_KNOTS('',1,1,((#2428,#2429),(#2430,#2431)),
 .UNSPECIFIED.,.F.,.F.,.F.,(2,2),(2,2),(-0.999392117738483,0.599999999999914),
(-9.14198434289023E-12,0.0348625157267106),.UNSPECIFIED.);
#1822=B_SPLINE_SURFACE_WITH_KNOTS('',1,1,((#2444,#2445,#2446,#2447),(#2448,
#2449,#2450,#2451),(#2452,#2453,#2454,#2455)),.UNSPECIFIED.,.F.,.F.,.F.,
(2,1,2),(2,1,1,2),(-48.9999999999994,2.02504679691629E-13,17.9999999999998),
(-113.999999999985,0.,3.,39.6500020000385),.UNSPECIFIED.);
#1823=B_SPLINE_SURFACE_WITH_KNOTS('',3,3,((#2497,#2498,#2499,#2500),(#2501,
#2502,#2503,#2504),(#2505,#2506,#2507,#2508),(#2509,#2510,#2511,#2512)),
 .UNSPECIFIED.,.F.,.F.,.F.,(4,4),(4,4),(0.0528641193279356,0.0781002367907977),
(0.029233375848083,0.0466643298634244),.UNSPECIFIED.);
#1824=B_SPLINE_SURFACE_WITH_KNOTS('',3,3,((#2556,#2557,#2558,#2559),(#2560,
#2561,#2562,#2563),(#2564,#2565,#2566,#2567),(#2568,#2569,#2570,#2571)),
 .UNSPECIFIED.,.F.,.F.,.F.,(4,4),(4,4),(0.0805100566200607,0.0981310718347016),
(0.0292341000022191,0.0466643291873388),.UNSPECIFIED.);
#1825=B_SPLINE_SURFACE_WITH_KNOTS('',1,1,((#2670,#2671,#2672),(#2673,#2674,
#2675),(#2676,#2677,#2678),(#2679,#2680,#2681)),.UNSPECIFIED.,.F.,.F.,.F.,
(2,1,1,2),(2,1,2),(-66.2000000000287,-3.43547412740008E-12,18.0000000000034,
20.7000000000045),(0.,3.,10.5),.UNSPECIFIED.);
#1826=B_SPLINE_SURFACE_WITH_KNOTS('',3,3,((#2793,#2794,#2795,#2796),(#2797,
#2798,#2799,#2800),(#2801,#2802,#2803,#2804),(#2805,#2806,#2807,#2808)),
 .UNSPECIFIED.,.F.,.F.,.F.,(4,4),(4,4),(0.052811743453319,0.0781501804035537),
(0.0934657060589062,0.135435009903945),.UNSPECIFIED.);
#1827=B_SPLINE_SURFACE_WITH_KNOTS('',3,3,((#2853,#2854,#2855,#2856,#2857,
#2858),(#2859,#2860,#2861,#2862,#2863,#2864),(#2865,#2866,#2867,#2868,#2869,
#2870),(#2871,#2872,#2873,#2874,#2875,#2876)),.UNSPECIFIED.,.F.,.F.,.F.,
(4,4),(4,2,4),(0.0528117394965882,0.0781502010486489),(0.0490811058678115,
0.0813091688309271,0.0910526367950348),.UNSPECIFIED.);
#1828=B_SPLINE_SURFACE_WITH_KNOTS('',1,1,((#2910,#2911,#2912,#2913),(#2914,
#2915,#2916,#2917),(#2918,#2919,#2920,#2921)),.UNSPECIFIED.,.F.,.F.,.F.,
(2,1,2),(2,1,1,2),(-48.9999999999994,2.02504679691629E-13,17.9999999999998),
(-113.999999999985,0.,3.,39.6500020000385),.UNSPECIFIED.);
#1829=B_SPLINE_SURFACE_WITH_KNOTS('',3,3,((#2939,#2940,#2941,#2942,#2943,
#2944),(#2945,#2946,#2947,#2948,#2949,#2950),(#2951,#2952,#2953,#2954,#2955,
#2956),(#2957,#2958,#2959,#2960,#2961,#2962)),.UNSPECIFIED.,.F.,.F.,.F.,
(4,4),(4,2,4),(0.080558796123445,0.0985486717674687),(0.0490811053331059,
0.0813091688309271,0.0910526361183987),.UNSPECIFIED.);
#1830=B_SPLINE_SURFACE_WITH_KNOTS('',1,1,((#2990,#2991,#2992),(#2993,#2994,
#2995),(#2996,#2997,#2998),(#2999,#3000,#3001)),.UNSPECIFIED.,.F.,.F.,.F.,
(2,1,1,2),(2,1,2),(-66.2000000000287,-3.43547412740008E-12,18.0000000000034,
20.7000000000045),(0.,3.,10.5),.UNSPECIFIED.);
#1831=B_SPLINE_SURFACE_WITH_KNOTS('',3,3,((#3043,#3044,#3045,#3046),(#3047,
#3048,#3049,#3050),(#3051,#3052,#3053,#3054),(#3055,#3056,#3057,#3058)),
 .UNSPECIFIED.,.F.,.F.,.F.,(4,4),(4,4),(0.080558755743503,0.0985486406303027),
(0.0934657055186101,0.135435009227871),.UNSPECIFIED.);
#1832=B_SPLINE_SURFACE_WITH_KNOTS('',3,3,((#3136,#3137,#3138,#3139),(#3140,
#3141,#3142,#3143),(#3144,#3145,#3146,#3147),(#3148,#3149,#3150,#3151)),
 .UNSPECIFIED.,.F.,.F.,.F.,(4,4),(4,4),(0.0528641768062731,0.0781002058135064),
(0.137851514191558,0.15606451856604),.UNSPECIFIED.);
#1833=B_SPLINE_SURFACE_WITH_KNOTS('',3,3,((#3182,#3183,#3184,#3185),(#3186,
#3187,#3188,#3189),(#3190,#3191,#3192,#3193),(#3194,#3195,#3196,#3197)),
 .UNSPECIFIED.,.F.,.F.,.F.,(4,4),(4,4),(0.0805082342257799,0.0981306289227101),
(0.137851513657582,0.156280860059076),.UNSPECIFIED.);
#1834=B_SPLINE_SURFACE_WITH_KNOTS('',3,3,((#3377,#3378,#3379,#3380),(#3381,
#3382,#3383,#3384),(#3385,#3386,#3387,#3388),(#3389,#3390,#3391,#3392)),
 .UNSPECIFIED.,.F.,.F.,.F.,(4,4),(4,4),(0.0718587185564347,0.0868035945312131),
(0.129209516012049,0.144080514090043),.UNSPECIFIED.);
#1835=B_SPLINE_SURFACE_WITH_KNOTS('',3,3,((#3510,#3511,#3512,#3513),(#3514,
#3515,#3516,#3517),(#3518,#3519,#3520,#3521),(#3522,#3523,#3524,#3525)),
 .UNSPECIFIED.,.F.,.F.,.F.,(4,4),(4,4),(0.0718961139135041,0.08683528066722),
(0.0848342159474357,0.0996840726060493),.UNSPECIFIED.);
#1836=B_SPLINE_SURFACE_WITH_KNOTS('',3,3,((#3645,#3646,#3647,#3648),(#3649,
#3650,#3651,#3652),(#3653,#3654,#3655,#3656),(#3657,#3658,#3659,#3660)),
 .UNSPECIFIED.,.F.,.F.,.F.,(4,4),(4,4),(-7.09164016568968E-14,1.),(0.024407946030828,
1.),.UNSPECIFIED.);
#1837=B_SPLINE_SURFACE_WITH_KNOTS('',3,3,((#3672,#3673,#3674,#3675,#3676),
(#3677,#3678,#3679,#3680,#3681),(#3682,#3683,#3684,#3685,#3686),(#3687,
#3688,#3689,#3690,#3691),(#3692,#3693,#3694,#3695,#3696)),.UNSPECIFIED.,
 .F.,.F.,.F.,(4,1,4),(4,1,4),(0.,0.571428571428571,1.),(0.,0.986465279829288,
2.30175231960167),.UNSPECIFIED.);
#1838=B_SPLINE_SURFACE_WITH_KNOTS('',3,3,((#3717,#3718,#3719,#3720),(#3721,
#3722,#3723,#3724),(#3725,#3726,#3727,#3728),(#3729,#3730,#3731,#3732),
(#3733,#3734,#3735,#3736)),.UNSPECIFIED.,.F.,.F.,.F.,(4,1,4),(4,4),(0.,
0.571428571428571,1.),(0.,32.6458242999341),.UNSPECIFIED.);
#1839=B_SPLINE_SURFACE_WITH_KNOTS('',3,3,((#3748,#3749,#3750,#3751,#3752),
(#3753,#3754,#3755,#3756,#3757),(#3758,#3759,#3760,#3761,#3762),(#3763,
#3764,#3765,#3766,#3767),(#3768,#3769,#3770,#3771,#3772)),.UNSPECIFIED.,
 .F.,.F.,.F.,(4,1,4),(4,1,4),(0.,0.571428571428571,1.),(-4.81321962868441E-14,
1.31528704049818,2.30175232087185),.UNSPECIFIED.);
#1840=B_SPLINE_SURFACE_WITH_KNOTS('',3,3,((#3789,#3790,#3791,#3792),(#3793,
#3794,#3795,#3796),(#3797,#3798,#3799,#3800),(#3801,#3802,#3803,#3804),
(#3805,#3806,#3807,#3808)),.UNSPECIFIED.,.F.,.F.,.F.,(4,1,4),(4,4),(0.,
0.571428571428571,1.),(-1.31789069479988E-12,10.6757754437275),
 .UNSPECIFIED.);
#1841=B_SPLINE_SURFACE_WITH_KNOTS('',3,3,((#3847,#3848,#3849,#3850,#3851),
(#3852,#3853,#3854,#3855,#3856),(#3857,#3858,#3859,#3860,#3861),(#3862,
#3863,#3864,#3865,#3866),(#3867,#3868,#3869,#3870,#3871)),.UNSPECIFIED.,
 .F.,.F.,.F.,(4,1,4),(4,1,4),(0.,0.5,1.),(0.,0.966660672821597,2.25554156991706),
 .UNSPECIFIED.);
#1842=B_SPLINE_SURFACE_WITH_KNOTS('',3,3,((#3880,#3881,#3882,#3883),(#3884,
#3885,#3886,#3887),(#3888,#3889,#3890,#3891),(#3892,#3893,#3894,#3895),
(#3896,#3897,#3898,#3899)),.UNSPECIFIED.,.F.,.F.,.F.,(4,1,4),(4,4),(0.,
0.5,1.),(0.,32.6982678024774),.UNSPECIFIED.);
#1843=B_SPLINE_SURFACE_WITH_KNOTS('',3,3,((#3906,#3907,#3908,#3909),(#3910,
#3911,#3912,#3913),(#3914,#3915,#3916,#3917),(#3918,#3919,#3920,#3921),
(#3922,#3923,#3924,#3925)),.UNSPECIFIED.,.F.,.F.,.F.,(4,1,4),(4,4),(0.,
0.571428571428571,1.),(5.29693047043796E-14,10.6757754352472),
 .UNSPECIFIED.);
#1844=B_SPLINE_SURFACE_WITH_KNOTS('',3,3,((#3926,#3927,#3928,#3929,#3930),
(#3931,#3932,#3933,#3934,#3935),(#3936,#3937,#3938,#3939,#3940),(#3941,
#3942,#3943,#3944,#3945),(#3946,#3947,#3948,#3949,#3950)),.UNSPECIFIED.,
 .F.,.F.,.F.,(4,1,4),(4,1,4),(0.,0.5,1.),(0.,1.28889585070602,2.25556773873554),
 .UNSPECIFIED.);
#1845=B_SPLINE_SURFACE_WITH_KNOTS('',3,3,((#3956,#3957,#3958,#3959),(#3960,
#3961,#3962,#3963),(#3964,#3965,#3966,#3967),(#3968,#3969,#3970,#3971),
(#3972,#3973,#3974,#3975)),.UNSPECIFIED.,.F.,.F.,.F.,(4,1,4),(4,4),(-4.19108093211908E-15,
0.428571428571434,1.00000000000002),(0.021997349588969,1.),
 .UNSPECIFIED.);
#1846=B_SPLINE_SURFACE_WITH_KNOTS('',3,3,((#3981,#3982,#3983,#3984),(#3985,
#3986,#3987,#3988),(#3989,#3990,#3991,#3992),(#3993,#3994,#3995,#3996)),
 .UNSPECIFIED.,.F.,.F.,.F.,(4,4),(4,4),(-1.63344449784163E-15,1.00000000000014),
(0.0244079491160959,1.),.UNSPECIFIED.);
#1847=B_SPLINE_SURFACE_WITH_KNOTS('',3,3,((#4000,#4001,#4002,#4003),(#4004,
#4005,#4006,#4007),(#4008,#4009,#4010,#4011),(#4012,#4013,#4014,#4015),
(#4016,#4017,#4018,#4019)),.UNSPECIFIED.,.F.,.F.,.F.,(4,1,4),(4,4),(-4.99632152898799E-16,
0.428571428571428,1.),(0.0238670394589099,1.),.UNSPECIFIED.);
#1848=B_SPLINE_SURFACE_WITH_KNOTS('',3,3,((#4027,#4028,#4029,#4030),(#4031,
#4032,#4033,#4034),(#4035,#4036,#4037,#4038),(#4039,#4040,#4041,#4042),
(#4043,#4044,#4045,#4046)),.UNSPECIFIED.,.F.,.F.,.F.,(4,1,4),(4,4),(0.,
0.571428571428571,1.),(0.0237223677971252,1.),.UNSPECIFIED.);
#1849=B_SPLINE_SURFACE_WITH_KNOTS('',3,3,((#4052,#4053,#4054,#4055),(#4056,
#4057,#4058,#4059),(#4060,#4061,#4062,#4063),(#4064,#4065,#4066,#4067)),
 .UNSPECIFIED.,.F.,.F.,.F.,(4,4),(4,4),(0.0718587551936997,0.0868036330157198),
(0.0404345553834115,0.055307225835191),.UNSPECIFIED.);
#1850=B_SPLINE_SURFACE_WITH_KNOTS('',3,3,((#4068,#4069,#4070,#4071),(#4072,
#4073,#4074,#4075),(#4076,#4077,#4078,#4079),(#4080,#4081,#4082,#4083),
(#4084,#4085,#4086,#4087)),.UNSPECIFIED.,.F.,.F.,.F.,(4,1,4),(4,4),(-1.87079852146179E-14,
0.571428571428565,1.),(0.0219973493510715,1.),.UNSPECIFIED.);
#1851=B_SPLINE_SURFACE_WITH_KNOTS('',1,1,((#4102,#4103,#4104,#4105),(#4106,
#4107,#4108,#4109),(#4110,#4111,#4112,#4113)),.UNSPECIFIED.,.F.,.F.,.F.,
(2,1,2),(2,1,1,2),(2.02504679691629E-13,17.9999999999998,66.9999999999988),
(-1.5,0.,3.,10.5),.UNSPECIFIED.);
#1852=B_SPLINE_SURFACE_WITH_KNOTS('',1,1,((#4119,#4120,#4121,#4122),(#4123,
#4124,#4125,#4126),(#4127,#4128,#4129,#4130)),.UNSPECIFIED.,.F.,.F.,.F.,
(2,1,2),(2,1,1,2),(2.02504679691629E-13,17.9999999999998,66.9999999999988),
(-1.5,0.,3.,10.5),.UNSPECIFIED.);
#1853=ADVANCED_FACE('',(#419),#1821,.T.);
#1854=ADVANCED_FACE('',(#420),#1822,.F.);
#1855=ADVANCED_FACE('',(#421),#346,.T.);
#1856=ADVANCED_FACE('',(#422),#347,.F.);
#1857=ADVANCED_FACE('',(#423),#1823,.F.);
#1858=ADVANCED_FACE('',(#424),#1824,.F.);
#1859=ADVANCED_FACE('',(#425),#19,.T.);
#1860=ADVANCED_FACE('',(#426),#348,.F.);
#1861=ADVANCED_FACE('',(#427),#1825,.F.);
#1862=ADVANCED_FACE('',(#428),#349,.T.);
#1863=ADVANCED_FACE('',(#429),#20,.T.);
#1864=ADVANCED_FACE('',(#430),#1826,.F.);
#1865=ADVANCED_FACE('',(#431),#1827,.F.);
#1866=ADVANCED_FACE('',(#432),#350,.T.);
#1867=ADVANCED_FACE('',(#433),#351,.F.);
#1868=ADVANCED_FACE('',(#434),#352,.F.);
#1869=ADVANCED_FACE('',(#435),#1828,.F.);
#1870=ADVANCED_FACE('',(#436),#353,.T.);
#1871=ADVANCED_FACE('',(#437),#354,.F.);
#1872=ADVANCED_FACE('',(#438),#1829,.F.);
#1873=ADVANCED_FACE('',(#439),#355,.F.);
#1874=ADVANCED_FACE('',(#440),#1830,.F.);
#1875=ADVANCED_FACE('',(#441),#356,.T.);
#1876=ADVANCED_FACE('',(#442),#357,.F.);
#1877=ADVANCED_FACE('',(#443),#1831,.F.);
#1878=ADVANCED_FACE('',(#444),#358,.F.);
#1879=ADVANCED_FACE('',(#445),#359,.T.);
#1880=ADVANCED_FACE('',(#446),#360,.F.);
#1881=ADVANCED_FACE('',(#447),#361,.F.);
#1882=ADVANCED_FACE('',(#448),#362,.F.);
#1883=ADVANCED_FACE('',(#449),#1832,.F.);
#1884=ADVANCED_FACE('',(#450),#1833,.F.);
#1885=ADVANCED_FACE('',(#451,#15),#363,.T.);
#1886=ADVANCED_FACE('',(#452),#21,.T.);
#1887=ADVANCED_FACE('',(#453),#364,.T.);
#1888=ADVANCED_FACE('',(#454),#365,.T.);
#1889=ADVANCED_FACE('',(#455),#366,.T.);
#1890=ADVANCED_FACE('',(#456),#367,.T.);
#1891=ADVANCED_FACE('',(#457),#368,.T.);
#1892=ADVANCED_FACE('',(#458),#369,.T.);
#1893=ADVANCED_FACE('',(#459),#370,.T.);
#1894=ADVANCED_FACE('',(#460),#371,.T.);
#1895=ADVANCED_FACE('',(#461),#372,.T.);
#1896=ADVANCED_FACE('',(#462),#373,.T.);
#1897=ADVANCED_FACE('',(#463),#374,.T.);
#1898=ADVANCED_FACE('',(#464),#375,.T.);
#1899=ADVANCED_FACE('',(#465),#1834,.F.);
#1900=ADVANCED_FACE('',(#466,#16),#376,.T.);
#1901=ADVANCED_FACE('',(#467),#377,.T.);
#1902=ADVANCED_FACE('',(#468),#378,.T.);
#1903=ADVANCED_FACE('',(#469),#379,.T.);
#1904=ADVANCED_FACE('',(#470),#380,.T.);
#1905=ADVANCED_FACE('',(#471),#381,.T.);
#1906=ADVANCED_FACE('',(#472),#382,.T.);
#1907=ADVANCED_FACE('',(#473),#383,.T.);
#1908=ADVANCED_FACE('',(#474),#384,.T.);
#1909=ADVANCED_FACE('',(#475),#385,.T.);
#1910=ADVANCED_FACE('',(#476),#386,.T.);
#1911=ADVANCED_FACE('',(#477),#387,.T.);
#1912=ADVANCED_FACE('',(#478),#388,.T.);
#1913=ADVANCED_FACE('',(#479),#1835,.F.);
#1914=ADVANCED_FACE('',(#480),#389,.T.);
#1915=ADVANCED_FACE('',(#481),#390,.T.);
#1916=ADVANCED_FACE('',(#482),#391,.T.);
#1917=ADVANCED_FACE('',(#483),#392,.T.);
#1918=ADVANCED_FACE('',(#484),#393,.T.);
#1919=ADVANCED_FACE('',(#485),#394,.T.);
#1920=ADVANCED_FACE('',(#486),#395,.T.);
#1921=ADVANCED_FACE('',(#487),#396,.T.);
#1922=ADVANCED_FACE('',(#488),#397,.T.);
#1923=ADVANCED_FACE('',(#489),#398,.T.);
#1924=ADVANCED_FACE('',(#490),#399,.T.);
#1925=ADVANCED_FACE('',(#491),#400,.T.);
#1926=ADVANCED_FACE('',(#492,#17),#401,.T.);
#1927=ADVANCED_FACE('',(#493),#402,.T.);
#1928=ADVANCED_FACE('',(#494),#1836,.T.);
#1929=ADVANCED_FACE('',(#495),#1837,.F.);
#1930=ADVANCED_FACE('',(#496),#1838,.F.);
#1931=ADVANCED_FACE('',(#497),#1839,.F.);
#1932=ADVANCED_FACE('',(#498),#1840,.F.);
#1933=ADVANCED_FACE('',(#499),#14,.T.);
#1934=ADVANCED_FACE('',(#500),#1841,.F.);
#1935=ADVANCED_FACE('',(#501),#1842,.F.);
#1936=ADVANCED_FACE('',(#502),#1843,.F.);
#1937=ADVANCED_FACE('',(#503),#1844,.F.);
#1938=ADVANCED_FACE('',(#504),#1845,.T.);
#1939=ADVANCED_FACE('',(#505),#1846,.T.);
#1940=ADVANCED_FACE('',(#506),#1847,.T.);
#1941=ADVANCED_FACE('',(#507),#403,.T.);
#1942=ADVANCED_FACE('',(#508),#1848,.T.);
#1943=ADVANCED_FACE('',(#509,#18),#404,.F.);
#1944=ADVANCED_FACE('',(#510),#1849,.F.);
#1945=ADVANCED_FACE('',(#511),#1850,.T.);
#1946=ADVANCED_FACE('',(#512),#405,.T.);
#1947=ADVANCED_FACE('',(#513),#406,.F.);
#1948=ADVANCED_FACE('',(#514),#407,.F.);
#1949=ADVANCED_FACE('',(#515),#408,.T.);
#1950=ADVANCED_FACE('',(#516),#409,.T.);
#1951=ADVANCED_FACE('',(#517),#410,.F.);
#1952=ADVANCED_FACE('',(#518),#1851,.F.);
#1953=ADVANCED_FACE('',(#519),#411,.T.);
#1954=ADVANCED_FACE('',(#520),#412,.F.);
#1955=ADVANCED_FACE('',(#521),#413,.F.);
#1956=ADVANCED_FACE('',(#522),#1852,.F.);
#1957=ADVANCED_FACE('',(#523),#414,.T.);
#1958=ADVANCED_FACE('',(#524),#415,.F.);
#1959=OPEN_SHELL('',(#1853));
#1960=SHELL_BASED_SURFACE_MODEL('Body28',(#1959));
#1961=DERIVED_UNIT_ELEMENT(#1963,1.);
#1962=DERIVED_UNIT_ELEMENT(#4143,-3.);
#1963=(
MASS_UNIT()
NAMED_UNIT(*)
SI_UNIT(.KILO.,.GRAM.)
);
#1964=DERIVED_UNIT((#1961,#1962));
#1965=MEASURE_REPRESENTATION_ITEM('density measure',
POSITIVE_RATIO_MEASURE(7850.),#1964);
#1966=PROPERTY_DEFINITION_REPRESENTATION(#1971,#1968);
#1967=PROPERTY_DEFINITION_REPRESENTATION(#1972,#1969);
#1968=REPRESENTATION('material name',(#1970),#4140);
#1969=REPRESENTATION('density',(#1965),#4140);
#1970=DESCRIPTIVE_REPRESENTATION_ITEM('Steel','Steel');
#1971=PROPERTY_DEFINITION('material property','material name',#4150);
#1972=PROPERTY_DEFINITION('material property','density of part',#4150);
#1973=AXIS2_PLACEMENT_3D('',#2427,#2075,#2076);
#1974=AXIS2_PLACEMENT_3D('',#2480,#2077,#2078);
#1975=AXIS2_PLACEMENT_3D('',#2494,#2082,#2083);
#1976=AXIS2_PLACEMENT_3D('',#2496,#2085,#2086);
#1977=AXIS2_PLACEMENT_3D('',#2603,#2087,#2088);
#1978=AXIS2_PLACEMENT_3D('',#2607,#2090,#2091);
#1979=AXIS2_PLACEMENT_3D('',#2634,#2093,#2094);
#1980=AXIS2_PLACEMENT_3D('',#2653,#2097,#2098);
#1981=AXIS2_PLACEMENT_3D('',#2656,#2100,#2101);
#1982=AXIS2_PLACEMENT_3D('',#2658,#2102,#2103);
#1983=AXIS2_PLACEMENT_3D('',#2660,#2105,#2106);
#1984=AXIS2_PLACEMENT_3D('',#2663,#2107,#2108);
#1985=AXIS2_PLACEMENT_3D('',#2695,#2112,#2113);
#1986=AXIS2_PLACEMENT_3D('',#2706,#2116,#2117);
#1987=AXIS2_PLACEMENT_3D('',#2733,#2118,#2119);
#1988=AXIS2_PLACEMENT_3D('',#2752,#2122,#2123);
#1989=AXIS2_PLACEMENT_3D('',#2755,#2125,#2126);
#1990=AXIS2_PLACEMENT_3D('',#2757,#2127,#2128);
#1991=AXIS2_PLACEMENT_3D('',#2777,#2130,#2131);
#1992=AXIS2_PLACEMENT_3D('',#2900,#2132,#2133);
#1993=AXIS2_PLACEMENT_3D('',#2904,#2136,#2137);
#1994=AXIS2_PLACEMENT_3D('',#2908,#2140,#2141);
#1995=AXIS2_PLACEMENT_3D('',#2926,#2143,#2144);
#1996=AXIS2_PLACEMENT_3D('',#2938,#2146,#2147);
#1997=AXIS2_PLACEMENT_3D('',#2983,#2148,#2149);
#1998=AXIS2_PLACEMENT_3D('',#3003,#2153,#2154);
#1999=AXIS2_PLACEMENT_3D('',#3012,#2156,#2157);
#2000=AXIS2_PLACEMENT_3D('',#3089,#2167,#2168);
#2001=AXIS2_PLACEMENT_3D('',#3092,#2171,#2172);
#2002=AXIS2_PLACEMENT_3D('',#3093,#2173,#2174);
#2003=AXIS2_PLACEMENT_3D('',#3094,#2175,#2176);
#2004=AXIS2_PLACEMENT_3D('',#3120,#2182,#2183);
#2005=AXIS2_PLACEMENT_3D('',#3228,#2189,#2190);
#2006=AXIS2_PLACEMENT_3D('',#3230,#2191,#2192);
#2007=AXIS2_PLACEMENT_3D('',#3255,#2205,#2206);
#2008=AXIS2_PLACEMENT_3D('',#3264,#2208,#2209);
#2009=AXIS2_PLACEMENT_3D('',#3272,#2211,#2212);
#2010=AXIS2_PLACEMENT_3D('',#3277,#2215,#2216);
#2011=AXIS2_PLACEMENT_3D('',#3280,#2218,#2219);
#2012=AXIS2_PLACEMENT_3D('',#3284,#2222,#2223);
#2013=AXIS2_PLACEMENT_3D('',#3285,#2224,#2225);
#2014=AXIS2_PLACEMENT_3D('',#3296,#2228,#2229);
#2015=AXIS2_PLACEMENT_3D('',#3303,#2231,#2232);
#2016=AXIS2_PLACEMENT_3D('',#3310,#2234,#2235);
#2017=AXIS2_PLACEMENT_3D('',#3317,#2237,#2238);
#2018=AXIS2_PLACEMENT_3D('',#3324,#2240,#2241);
#2019=AXIS2_PLACEMENT_3D('',#3333,#2243,#2244);
#2020=AXIS2_PLACEMENT_3D('',#3342,#2246,#2247);
#2021=AXIS2_PLACEMENT_3D('',#3349,#2249,#2250);
#2022=AXIS2_PLACEMENT_3D('',#3356,#2252,#2253);
#2023=AXIS2_PLACEMENT_3D('',#3363,#2255,#2256);
#2024=AXIS2_PLACEMENT_3D('',#3372,#2258,#2259);
#2025=AXIS2_PLACEMENT_3D('',#3393,#2260,#2261);
#2026=AXIS2_PLACEMENT_3D('',#3418,#2274,#2275);
#2027=AXIS2_PLACEMENT_3D('',#3429,#2278,#2279);
#2028=AXIS2_PLACEMENT_3D('',#3436,#2281,#2282);
#2029=AXIS2_PLACEMENT_3D('',#3443,#2284,#2285);
#2030=AXIS2_PLACEMENT_3D('',#3450,#2287,#2288);
#2031=AXIS2_PLACEMENT_3D('',#3457,#2290,#2291);
#2032=AXIS2_PLACEMENT_3D('',#3466,#2293,#2294);
#2033=AXIS2_PLACEMENT_3D('',#3475,#2296,#2297);
#2034=AXIS2_PLACEMENT_3D('',#3482,#2299,#2300);
#2035=AXIS2_PLACEMENT_3D('',#3489,#2302,#2303);
#2036=AXIS2_PLACEMENT_3D('',#3496,#2305,#2306);
#2037=AXIS2_PLACEMENT_3D('',#3505,#2308,#2309);
#2038=AXIS2_PLACEMENT_3D('',#3526,#2310,#2311);
#2039=AXIS2_PLACEMENT_3D('',#3538,#2315,#2316);
#2040=AXIS2_PLACEMENT_3D('',#3549,#2319,#2320);
#2041=AXIS2_PLACEMENT_3D('',#3558,#2323,#2324);
#2042=AXIS2_PLACEMENT_3D('',#3567,#2327,#2328);
#2043=AXIS2_PLACEMENT_3D('',#3576,#2331,#2332);
#2044=AXIS2_PLACEMENT_3D('',#3587,#2335,#2336);
#2045=AXIS2_PLACEMENT_3D('',#3598,#2339,#2340);
#2046=AXIS2_PLACEMENT_3D('',#3607,#2343,#2344);
#2047=AXIS2_PLACEMENT_3D('',#3616,#2347,#2348);
#2048=AXIS2_PLACEMENT_3D('',#3625,#2351,#2352);
#2049=AXIS2_PLACEMENT_3D('',#3634,#2355,#2356);
#2050=AXIS2_PLACEMENT_3D('',#3642,#2358,#2359);
#2051=AXIS2_PLACEMENT_3D('',#3643,#2360,#2361);
#2052=AXIS2_PLACEMENT_3D('',#3711,#2366,#2367);
#2053=AXIS2_PLACEMENT_3D('',#3743,#2368,#2369);
#2054=AXIS2_PLACEMENT_3D('',#3815,#2370,#2371);
#2055=AXIS2_PLACEMENT_3D('',#3872,#2372,#2373);
#2056=AXIS2_PLACEMENT_3D('',#3879,#2374,#2375);
#2057=AXIS2_PLACEMENT_3D('',#3905,#2376,#2377);
#2058=AXIS2_PLACEMENT_3D('',#3980,#2380,#2381);
#2059=AXIS2_PLACEMENT_3D('',#4022,#2385,#2386);
#2060=AXIS2_PLACEMENT_3D('',#4023,#2387,#2388);
#2061=AXIS2_PLACEMENT_3D('',#4047,#2391,#2392);
#2062=AXIS2_PLACEMENT_3D('',#4048,#2393,#2394);
#2063=AXIS2_PLACEMENT_3D('',#4050,#2395,#2396);
#2064=AXIS2_PLACEMENT_3D('',#4089,#2399,#2400);
#2065=AXIS2_PLACEMENT_3D('',#4090,#2401,#2402);
#2066=AXIS2_PLACEMENT_3D('',#4092,#2404,#2405);
#2067=AXIS2_PLACEMENT_3D('',#4094,#2407,#2408);
#2068=AXIS2_PLACEMENT_3D('',#4095,#2409,#2410);
#2069=AXIS2_PLACEMENT_3D('',#4097,#2412,#2413);
#2070=AXIS2_PLACEMENT_3D('',#4114,#2414,#2415);
#2071=AXIS2_PLACEMENT_3D('',#4116,#2417,#2418);
#2072=AXIS2_PLACEMENT_3D('',#4118,#2420,#2421);
#2073=AXIS2_PLACEMENT_3D('',#4135,#2422,#2423);
#2074=AXIS2_PLACEMENT_3D('',#4137,#2425,#2426);
#2075=DIRECTION('axis',(0.,0.,1.));
#2076=DIRECTION('refdir',(1.,0.,0.));
#2077=DIRECTION('center_axis',(-4.04219867454635E-13,-1.,0.));
#2078=DIRECTION('ref_axis',(0.,0.,-1.));
#2079=DIRECTION('',(0.322673927789771,-1.30431212322248E-13,0.946510188177983));
#2080=DIRECTION('',(-1.,4.04219867454635E-13,0.));
#2081=DIRECTION('',(0.,0.,-1.));
#2082=DIRECTION('center_axis',(0.,0.,1.));
#2083=DIRECTION('ref_axis',(1.,0.,0.));
#2084=DIRECTION('',(0.0118913367601302,-0.999929295555469,0.));
#2085=DIRECTION('center_axis',(0.,0.,-1.));
#2086=DIRECTION('ref_axis',(0.,1.,0.));
#2087=DIRECTION('center_axis',(0.,0.,1.));
#2088=DIRECTION('ref_axis',(0.,1.,0.));
#2089=DIRECTION('',(0.,0.,-1.));
#2090=DIRECTION('center_axis',(0.,0.,-1.));
#2091=DIRECTION('ref_axis',(0.,1.,0.));
#2092=DIRECTION('',(0.,0.,1.));
#2093=DIRECTION('center_axis',(0.,0.,-1.));
#2094=DIRECTION('ref_axis',(0.,1.,0.));
#2095=DIRECTION('',(0.,0.,1.));
#2096=DIRECTION('',(0.,0.,-1.));
#2097=DIRECTION('center_axis',(0.,0.,-1.));
#2098=DIRECTION('ref_axis',(0.,1.,0.));
#2099=DIRECTION('',(0.,0.,-1.));
#2100=DIRECTION('center_axis',(0.,-3.06161699786838E-16,-1.));
#2101=DIRECTION('ref_axis',(0.,1.,0.));
#2102=DIRECTION('center_axis',(0.,0.,-1.));
#2103=DIRECTION('ref_axis',(0.,1.,0.));
#2104=DIRECTION('',(0.,0.,1.));
#2105=DIRECTION('center_axis',(0.,0.,1.));
#2106=DIRECTION('ref_axis',(1.,0.,0.));
#2107=DIRECTION('center_axis',(0.,0.,-1.));
#2108=DIRECTION('ref_axis',(0.,1.,0.));
#2109=DIRECTION('',(-1.,3.05980976775076E-13,0.));
#2110=DIRECTION('',(-2.02109933727317E-13,-1.,0.));
#2111=DIRECTION('',(-2.59471349367411E-14,-0.0847998304019228,0.996398007205858));
#2112=DIRECTION('center_axis',(1.,-2.02109933727317E-13,0.));
#2113=DIRECTION('ref_axis',(0.,0.,-1.));
#2114=DIRECTION('',(0.,0.,1.));
#2115=DIRECTION('',(1.71388881026204E-14,0.0847998304019228,-0.996398007205858));
#2116=DIRECTION('center_axis',(0.,0.,1.));
#2117=DIRECTION('ref_axis',(0.,1.,0.));
#2118=DIRECTION('center_axis',(0.,0.,1.));
#2119=DIRECTION('ref_axis',(0.,1.,0.));
#2120=DIRECTION('',(0.,0.,-1.));
#2121=DIRECTION('',(0.,0.,-1.));
#2122=DIRECTION('center_axis',(0.,0.,-1.));
#2123=DIRECTION('ref_axis',(0.,1.,0.));
#2124=DIRECTION('',(0.,0.,-1.));
#2125=DIRECTION('center_axis',(0.,-3.06161699786838E-16,-1.));
#2126=DIRECTION('ref_axis',(0.,1.,0.));
#2127=DIRECTION('center_axis',(0.,0.,-1.));
#2128=DIRECTION('ref_axis',(0.,1.,0.));
#2129=DIRECTION('',(0.,0.,-1.));
#2130=DIRECTION('center_axis',(0.,0.,-1.));
#2131=DIRECTION('ref_axis',(0.,1.,0.));
#2132=DIRECTION('center_axis',(1.,0.,0.));
#2133=DIRECTION('ref_axis',(0.,-1.,0.));
#2134=DIRECTION('',(0.,0.0847998304019228,-0.996398007205858));
#2135=DIRECTION('',(0.,-1.,0.));
#2136=DIRECTION('center_axis',(1.,0.,0.));
#2137=DIRECTION('ref_axis',(0.,-1.,0.));
#2138=DIRECTION('',(0.,-0.0847998304019228,0.996398007205858));
#2139=DIRECTION('',(0.,1.,0.));
#2140=DIRECTION('center_axis',(0.,0.,1.));
#2141=DIRECTION('ref_axis',(1.,0.,0.));
#2142=DIRECTION('',(-1.,3.05980976775076E-13,0.));
#2143=DIRECTION('center_axis',(-4.04219867454635E-13,-1.,0.));
#2144=DIRECTION('ref_axis',(0.,0.,-1.));
#2145=DIRECTION('',(-1.,4.04219867454635E-13,0.));
#2146=DIRECTION('center_axis',(0.,0.,1.));
#2147=DIRECTION('ref_axis',(1.,0.,0.));
#2148=DIRECTION('center_axis',(0.,0.,1.));
#2149=DIRECTION('ref_axis',(1.,0.,0.));
#2150=DIRECTION('',(-2.02109933727317E-13,-1.,0.));
#2151=DIRECTION('',(1.,-2.29004016330074E-17,0.));
#2152=DIRECTION('',(0.,-0.33873978986746,-0.940880095846728));
#2153=DIRECTION('center_axis',(1.,-2.02109933727317E-13,0.));
#2154=DIRECTION('ref_axis',(0.,0.,-1.));
#2155=DIRECTION('',(6.84626764809178E-14,0.33873978986746,0.940880095846728));
#2156=DIRECTION('center_axis',(-2.15465320833926E-17,-0.940880095846728,
0.33873978986746));
#2157=DIRECTION('ref_axis',(0.,-0.33873978986746,-0.940880095846728));
#2158=DIRECTION('',(0.,0.33873978986746,0.940880095846728));
#2159=DIRECTION('',(-1.,2.29004016330074E-17,0.));
#2160=DIRECTION('',(0.,-0.33873978986746,-0.940880095846728));
#2161=DIRECTION('',(0.291559846987972,-0.324022423013051,-0.900001291670796));
#2162=DIRECTION('',(-1.,3.42076412572844E-17,3.14068704642415E-17));
#2163=DIRECTION('',(0.301943307514208,0.32292940925592,0.896965348096014));
#2164=DIRECTION('',(0.,-0.33873978986746,-0.940880095846728));
#2165=DIRECTION('',(1.,-2.29004016330074E-17,0.));
#2166=DIRECTION('',(0.,0.33873978986746,0.940880095846728));
#2167=DIRECTION('center_axis',(0.,0.,1.));
#2168=DIRECTION('ref_axis',(1.,0.,0.));
#2169=DIRECTION('',(0.,1.,0.));
#2170=DIRECTION('',(0.,-1.,0.));
#2171=DIRECTION('center_axis',(1.,0.,0.));
#2172=DIRECTION('ref_axis',(0.,-1.,0.));
#2173=DIRECTION('center_axis',(1.,0.,0.));
#2174=DIRECTION('ref_axis',(0.,-1.,0.));
#2175=DIRECTION('center_axis',(0.951325893333488,-1.05283837203984E-13,
0.308186704244751));
#2176=DIRECTION('ref_axis',(1.10668807837864E-13,1.,0.));
#2177=DIRECTION('',(-0.308186704244751,1.24575188741094E-13,0.951325893333488));
#2178=DIRECTION('',(-1.10670631317587E-13,-1.,0.));
#2179=DIRECTION('',(0.308186704244751,-3.41066551502471E-14,-0.951325893333488));
#2180=DIRECTION('',(0.307181537659929,0.0806998379269186,-0.948223095626473));
#2181=DIRECTION('',(-1.10665802222857E-13,-1.,-1.49066873908435E-17));
#2182=DIRECTION('center_axis',(3.04878835501587E-13,0.996398007205858,0.0847998304019228));
#2183=DIRECTION('ref_axis',(-1.,3.05980976775076E-13,0.));
#2184=DIRECTION('',(-0.322487783801301,0.0802692829415662,-0.943164074546403));
#2185=DIRECTION('',(1.,-3.0597830384993E-13,-3.1406870464246E-17));
#2186=DIRECTION('',(0.,-0.0847998304019228,0.996398007205858));
#2187=DIRECTION('',(1.,-3.05980976775076E-13,0.));
#2188=DIRECTION('',(0.,0.0847998304019228,-0.996398007205858));
#2189=DIRECTION('center_axis',(0.,-3.06161699786838E-16,-1.));
#2190=DIRECTION('ref_axis',(0.,1.,-3.06161699786838E-16));
#2191=DIRECTION('center_axis',(0.,-3.06161699786838E-16,-1.));
#2192=DIRECTION('ref_axis',(0.,1.,0.));
#2193=DIRECTION('',(0.,-1.,3.06161699786838E-16));
#2194=DIRECTION('',(-1.,0.,0.));
#2195=DIRECTION('',(0.,-1.,3.06161699786838E-16));
#2196=DIRECTION('',(1.,0.,0.));
#2197=DIRECTION('',(0.,-1.,3.06161699786838E-16));
#2198=DIRECTION('',(1.,0.,0.));
#2199=DIRECTION('',(0.,1.,-3.06161699786838E-16));
#2200=DIRECTION('',(1.,0.,0.));
#2201=DIRECTION('',(0.,1.,-3.06161699786838E-16));
#2202=DIRECTION('',(-1.,0.,0.));
#2203=DIRECTION('',(0.,1.,-3.06161699786838E-16));
#2204=DIRECTION('',(-1.,0.,0.));
#2205=DIRECTION('center_axis',(0.,0.,1.));
#2206=DIRECTION('ref_axis',(0.,1.,0.));
#2207=DIRECTION('',(0.,0.,1.));
#2208=DIRECTION('center_axis',(0.,0.,1.));
#2209=DIRECTION('ref_axis',(0.,1.,0.));
#2210=DIRECTION('',(0.,0.,-1.));
#2211=DIRECTION('center_axis',(0.,0.,1.));
#2212=DIRECTION('ref_axis',(0.,1.,0.));
#2213=DIRECTION('',(0.,0.,-1.));
#2214=DIRECTION('',(0.,0.,1.));
#2215=DIRECTION('center_axis',(0.,0.,1.));
#2216=DIRECTION('ref_axis',(0.,1.,0.));
#2217=DIRECTION('',(0.,0.,-1.));
#2218=DIRECTION('center_axis',(0.,0.,1.));
#2219=DIRECTION('ref_axis',(0.,1.,0.));
#2220=DIRECTION('',(0.,0.,-1.));
#2221=DIRECTION('',(0.,0.,1.));
#2222=DIRECTION('center_axis',(0.,0.,1.));
#2223=DIRECTION('ref_axis',(0.,1.,0.));
#2224=DIRECTION('center_axis',(0.,-1.,0.));
#2225=DIRECTION('ref_axis',(1.,0.,0.));
#2226=DIRECTION('',(0.,0.,1.));
#2227=DIRECTION('',(0.,0.,1.));
#2228=DIRECTION('center_axis',(-1.,0.,0.));
#2229=DIRECTION('ref_axis',(0.,-1.,3.06161699786838E-16));
#2230=DIRECTION('',(0.,0.,1.));
#2231=DIRECTION('center_axis',(1.,0.,0.));
#2232=DIRECTION('ref_axis',(0.,1.,-3.06161699786838E-16));
#2233=DIRECTION('',(0.,0.,1.));
#2234=DIRECTION('center_axis',(0.,-1.,0.));
#2235=DIRECTION('ref_axis',(1.,0.,0.));
#2236=DIRECTION('',(0.,0.,1.));
#2237=DIRECTION('center_axis',(0.,-1.,0.));
#2238=DIRECTION('ref_axis',(1.,0.,0.));
#2239=DIRECTION('',(0.,0.,1.));
#2240=DIRECTION('center_axis',(-1.,0.,0.));
#2241=DIRECTION('ref_axis',(0.,-1.,3.06161699786838E-16));
#2242=DIRECTION('',(0.,0.,1.));
#2243=DIRECTION('center_axis',(1.,0.,0.));
#2244=DIRECTION('ref_axis',(0.,1.,-3.06161699786838E-16));
#2245=DIRECTION('',(0.,0.,1.));
#2246=DIRECTION('center_axis',(0.,1.,0.));
#2247=DIRECTION('ref_axis',(-1.,0.,0.));
#2248=DIRECTION('',(0.,0.,1.));
#2249=DIRECTION('center_axis',(0.,1.,0.));
#2250=DIRECTION('ref_axis',(-1.,0.,0.));
#2251=DIRECTION('',(0.,0.,1.));
#2252=DIRECTION('center_axis',(-1.,0.,0.));
#2253=DIRECTION('ref_axis',(0.,-1.,3.06161699786838E-16));
#2254=DIRECTION('',(0.,0.,1.));
#2255=DIRECTION('center_axis',(0.,1.,0.));
#2256=DIRECTION('ref_axis',(-1.,0.,0.));
#2257=DIRECTION('',(0.,0.,1.));
#2258=DIRECTION('center_axis',(1.,0.,0.));
#2259=DIRECTION('ref_axis',(0.,1.,-3.06161699786838E-16));
#2260=DIRECTION('center_axis',(0.,-3.06161699786838E-16,-1.));
#2261=DIRECTION('ref_axis',(0.,1.,-3.06161699786838E-16));
#2262=DIRECTION('',(0.,-1.,3.06161699786838E-16));
#2263=DIRECTION('',(-1.,0.,0.));
#2264=DIRECTION('',(0.,-1.,3.06161699786838E-16));
#2265=DIRECTION('',(1.,0.,0.));
#2266=DIRECTION('',(0.,-1.,3.06161699786838E-16));
#2267=DIRECTION('',(1.,0.,0.));
#2268=DIRECTION('',(0.,1.,-3.06161699786838E-16));
#2269=DIRECTION('',(1.,0.,0.));
#2270=DIRECTION('',(0.,1.,-3.06161699786838E-16));
#2271=DIRECTION('',(-1.,0.,0.));
#2272=DIRECTION('',(0.,1.,-3.06161699786838E-16));
#2273=DIRECTION('',(-1.,0.,0.));
#2274=DIRECTION('center_axis',(0.,-1.,0.));
#2275=DIRECTION('ref_axis',(1.,0.,0.));
#2276=DIRECTION('',(0.,0.,1.));
#2277=DIRECTION('',(0.,0.,1.));
#2278=DIRECTION('center_axis',(-1.,0.,0.));
#2279=DIRECTION('ref_axis',(0.,-1.,3.06161699786838E-16));
#2280=DIRECTION('',(0.,0.,1.));
#2281=DIRECTION('center_axis',(1.,0.,0.));
#2282=DIRECTION('ref_axis',(0.,1.,-3.06161699786838E-16));
#2283=DIRECTION('',(0.,0.,1.));
#2284=DIRECTION('center_axis',(0.,-1.,0.));
#2285=DIRECTION('ref_axis',(1.,0.,0.));
#2286=DIRECTION('',(0.,0.,1.));
#2287=DIRECTION('center_axis',(0.,-1.,0.));
#2288=DIRECTION('ref_axis',(1.,0.,0.));
#2289=DIRECTION('',(0.,0.,1.));
#2290=DIRECTION('center_axis',(-1.,0.,0.));
#2291=DIRECTION('ref_axis',(0.,-1.,3.06161699786838E-16));
#2292=DIRECTION('',(0.,0.,1.));
#2293=DIRECTION('center_axis',(1.,0.,0.));
#2294=DIRECTION('ref_axis',(0.,1.,-3.06161699786838E-16));
#2295=DIRECTION('',(0.,0.,1.));
#2296=DIRECTION('center_axis',(0.,1.,0.));
#2297=DIRECTION('ref_axis',(-1.,0.,0.));
#2298=DIRECTION('',(0.,0.,1.));
#2299=DIRECTION('center_axis',(0.,1.,0.));
#2300=DIRECTION('ref_axis',(-1.,0.,0.));
#2301=DIRECTION('',(0.,0.,1.));
#2302=DIRECTION('center_axis',(-1.,0.,0.));
#2303=DIRECTION('ref_axis',(0.,-1.,3.06161699786838E-16));
#2304=DIRECTION('',(0.,0.,1.));
#2305=DIRECTION('center_axis',(0.,1.,0.));
#2306=DIRECTION('ref_axis',(-1.,0.,0.));
#2307=DIRECTION('',(0.,0.,1.));
#2308=DIRECTION('center_axis',(1.,0.,0.));
#2309=DIRECTION('ref_axis',(0.,1.,-3.06161699786838E-16));
#2310=DIRECTION('center_axis',(1.,0.,0.));
#2311=DIRECTION('ref_axis',(0.,1.,-3.06161699786838E-16));
#2312=DIRECTION('',(0.,0.,1.));
#2313=DIRECTION('',(0.,-1.,3.06161699786838E-16));
#2314=DIRECTION('',(0.,0.,1.));
#2315=DIRECTION('center_axis',(0.,1.,0.));
#2316=DIRECTION('ref_axis',(-1.,0.,0.));
#2317=DIRECTION('',(0.,0.,1.));
#2318=DIRECTION('',(1.,0.,0.));
#2319=DIRECTION('center_axis',(-1.,0.,0.));
#2320=DIRECTION('ref_axis',(0.,-1.,3.06161699786838E-16));
#2321=DIRECTION('',(0.,0.,1.));
#2322=DIRECTION('',(0.,1.,-3.06161699786838E-16));
#2323=DIRECTION('center_axis',(0.,1.,0.));
#2324=DIRECTION('ref_axis',(-1.,0.,0.));
#2325=DIRECTION('',(1.,0.,0.));
#2326=DIRECTION('',(0.,0.,1.));
#2327=DIRECTION('center_axis',(0.,1.,0.));
#2328=DIRECTION('ref_axis',(-1.,0.,0.));
#2329=DIRECTION('',(0.,0.,1.));
#2330=DIRECTION('',(1.,0.,0.));
#2331=DIRECTION('center_axis',(1.,0.,0.));
#2332=DIRECTION('ref_axis',(0.,1.,-3.06161699786838E-16));
#2333=DIRECTION('',(0.,-1.,3.06161699786838E-16));
#2334=DIRECTION('',(0.,0.,1.));
#2335=DIRECTION('center_axis',(-1.,0.,0.));
#2336=DIRECTION('ref_axis',(0.,-1.,3.06161699786838E-16));
#2337=DIRECTION('',(0.,0.,1.));
#2338=DIRECTION('',(0.,1.,-3.06161699786838E-16));
#2339=DIRECTION('center_axis',(0.,-1.,0.));
#2340=DIRECTION('ref_axis',(1.,0.,0.));
#2341=DIRECTION('',(-1.,0.,0.));
#2342=DIRECTION('',(0.,0.,1.));
#2343=DIRECTION('center_axis',(0.,-1.,0.));
#2344=DIRECTION('ref_axis',(1.,0.,0.));
#2345=DIRECTION('',(0.,0.,1.));
#2346=DIRECTION('',(-1.,0.,0.));
#2347=DIRECTION('center_axis',(1.,0.,0.));
#2348=DIRECTION('ref_axis',(0.,1.,-3.06161699786838E-16));
#2349=DIRECTION('',(0.,-1.,3.06161699786838E-16));
#2350=DIRECTION('',(0.,0.,1.));
#2351=DIRECTION('center_axis',(-1.,0.,0.));
#2352=DIRECTION('ref_axis',(0.,-1.,3.06161699786838E-16));
#2353=DIRECTION('',(0.,0.,1.));
#2354=DIRECTION('',(0.,1.,-3.06161699786838E-16));
#2355=DIRECTION('center_axis',(0.,-1.,0.));
#2356=DIRECTION('ref_axis',(1.,0.,0.));
#2357=DIRECTION('',(-1.,0.,0.));
#2358=DIRECTION('center_axis',(0.,-3.06161699786838E-16,-1.));
#2359=DIRECTION('ref_axis',(0.,1.,-3.06161699786838E-16));
#2360=DIRECTION('center_axis',(0.946450232904348,0.0112553542497395,-0.322653488491939));
#2361=DIRECTION('ref_axis',(-0.0118913367601302,0.999929295555469,-6.93889390390723E-18));
#2362=DIRECTION('',(0.0118913367601302,-0.999929295555469,-1.52791030950673E-17));
#2363=DIRECTION('',(0.283887319776317,-0.44546146208763,-0.849100745179846));
#2364=DIRECTION('',(0.,-1.,0.));
#2365=DIRECTION('',(0.29777228202692,0.228186493438144,-0.926964180682773));
#2366=DIRECTION('center_axis',(-0.997853372530351,0.0221833106309656,0.0616161314856244));
#2367=DIRECTION('ref_axis',(-7.53175299905721E-13,-0.94088009584661,0.338739789867789));
#2368=DIRECTION('center_axis',(-0.997853372525229,-0.022183310656466,-0.061616131559399));
#2369=DIRECTION('ref_axis',(-2.16715534406829E-13,-0.940880095846764,0.338739789867361));
#2370=DIRECTION('center_axis',(1.41590522109597E-5,0.999394894970236,0.0347828076346959));
#2371=DIRECTION('ref_axis',(-0.952782782953226,-0.0105484114647778,0.303469437544336));
#2372=DIRECTION('center_axis',(-1.41598179336037E-5,0.999394894886176,0.0347828100496201));
#2373=DIRECTION('ref_axis',(-0.0661579244012848,-0.0347075428602074,0.99720535272707));
#2374=DIRECTION('center_axis',(0.998137461666993,-0.0051732119790555,0.0607852407644544));
#2375=DIRECTION('ref_axis',(-9.34363697524435E-13,0.996398007205926,0.0847998304011261));
#2376=DIRECTION('center_axis',(0.998137461780356,0.00517321182424337,-0.0607852389161248));
#2377=DIRECTION('ref_axis',(-1.3926637620898E-12,0.996398007205702,0.0847998304037532));
#2378=DIRECTION('',(-0.429122651623377,-0.305965437746469,-0.849846398338154));
#2379=DIRECTION('',(-0.283887319779165,-0.445461462087239,-0.849100745179099));
#2380=DIRECTION('center_axis',(0.,0.,-1.));
#2381=DIRECTION('ref_axis',(-1.,-7.10542735760095E-15,0.));
#2382=DIRECTION('',(0.,1.,0.));
#2383=DIRECTION('',(-0.297772282029797,0.228186493439303,-0.926964180681563));
#2384=DIRECTION('',(-0.430528385912501,0.0765383797198968,-0.899325961680985));
#2385=DIRECTION('center_axis',(0.,0.,-1.));
#2386=DIRECTION('ref_axis',(-7.10542735760095E-15,1.,0.));
#2387=DIRECTION('center_axis',(0.,0.996398007205757,0.0847998304031115));
#2388=DIRECTION('ref_axis',(0.,-0.0847998304031115,0.996398007205757));
#2389=DIRECTION('',(1.,0.,0.));
#2390=DIRECTION('',(0.430528385910544,0.0765383797185897,-0.899325961682034));
#2391=DIRECTION('center_axis',(0.,0.,-1.));
#2392=DIRECTION('ref_axis',(1.,7.10542735760095E-15,0.));
#2393=DIRECTION('center_axis',(3.14068704642415E-17,-1.49066873908469E-17,
1.));
#2394=DIRECTION('ref_axis',(1.,0.,-3.14068704642415E-17));
#2395=DIRECTION('center_axis',(0.,0.,-1.));
#2396=DIRECTION('ref_axis',(7.10542735760095E-15,-1.,0.));
#2397=DIRECTION('',(-1.,0.,0.));
#2398=DIRECTION('',(0.42912265162083,-0.305965437746879,-0.849846398339293));
#2399=DIRECTION('center_axis',(-2.15465320833926E-17,-0.940880095846728,
0.33873978986746));
#2400=DIRECTION('ref_axis',(0.,-0.33873978986746,-0.940880095846728));
#2401=DIRECTION('center_axis',(1.,0.,0.));
#2402=DIRECTION('ref_axis',(0.,-1.,0.));
#2403=DIRECTION('',(0.,-1.,0.));
#2404=DIRECTION('center_axis',(0.,0.,1.));
#2405=DIRECTION('ref_axis',(1.,0.,0.));
#2406=DIRECTION('',(0.,1.,0.));
#2407=DIRECTION('center_axis',(1.,0.,0.));
#2408=DIRECTION('ref_axis',(0.,-1.,0.));
#2409=DIRECTION('center_axis',(-4.04219867454635E-13,-1.,0.));
#2410=DIRECTION('ref_axis',(0.,0.,-1.));
#2411=DIRECTION('',(1.,-4.04219867454635E-13,0.));
#2412=DIRECTION('center_axis',(0.,0.,1.));
#2413=DIRECTION('ref_axis',(1.,0.,0.));
#2414=DIRECTION('center_axis',(1.,0.,0.));
#2415=DIRECTION('ref_axis',(0.,-1.,0.));
#2416=DIRECTION('',(0.,1.,0.));
#2417=DIRECTION('center_axis',(0.,0.,1.));
#2418=DIRECTION('ref_axis',(1.,0.,0.));
#2419=DIRECTION('',(0.,-1.,0.));
#2420=DIRECTION('center_axis',(1.,0.,0.));
#2421=DIRECTION('ref_axis',(0.,-1.,0.));
#2422=DIRECTION('center_axis',(-4.04219867454635E-13,-1.,0.));
#2423=DIRECTION('ref_axis',(0.,0.,-1.));
#2424=DIRECTION('',(1.,-4.04219867454635E-13,0.));
#2425=DIRECTION('center_axis',(0.,0.,1.));
#2426=DIRECTION('ref_axis',(1.,0.,0.));
#2427=CARTESIAN_POINT('',(0.,0.,0.));
#2428=CARTESIAN_POINT('Ctrl Pts',(247.655043830175,278.537362314228,10.154746994852));
#2429=CARTESIAN_POINT('Ctrl Pts',(247.655043830175,278.572203637668,10.155962389855));
#2430=CARTESIAN_POINT('Ctrl Pts',(247.655043830175,278.593121147087,8.55632711921155));
#2431=CARTESIAN_POINT('Ctrl Pts',(247.655043830175,278.627962470528,8.55754251421461));
#2432=CARTESIAN_POINT('',(247.655043830175,278.572203637659,9.15596238985472));
#2433=CARTESIAN_POINT('',(247.655043830175,278.593121147096,8.5563271192118));
#2434=CARTESIAN_POINT('Ctrl Pts',(247.655043830175,278.572203637659,9.15596238985472));
#2435=CARTESIAN_POINT('Ctrl Pts',(247.655043830175,278.593121147096,8.5563271192118));
#2436=CARTESIAN_POINT('',(247.655043830175,278.593121147096,9.5563271192118));
#2437=CARTESIAN_POINT('Ctrl Pts',(247.655043830175,278.593121147096,8.5563271192118));
#2438=CARTESIAN_POINT('Ctrl Pts',(247.655043830175,278.593121147096,9.5563271192118));
#2439=CARTESIAN_POINT('',(247.655043830175,278.572203637659,10.1559623898547));
#2440=CARTESIAN_POINT('Ctrl Pts',(247.655043830175,278.572203637659,10.1559623898547));
#2441=CARTESIAN_POINT('Ctrl Pts',(247.655043830175,278.593121147096,9.5563271192118));
#2442=CARTESIAN_POINT('Ctrl Pts',(247.655043830175,278.572203637659,9.15596238985472));
#2443=CARTESIAN_POINT('Ctrl Pts',(247.655043830175,278.572203637659,10.1559623898547));
#2444=CARTESIAN_POINT('Ctrl Pts',(244.931789991601,248.46639455101,-109.369605451666));
#2445=CARTESIAN_POINT('Ctrl Pts',(244.931789991601,248.46639455101,4.63039454831976));
#2446=CARTESIAN_POINT('Ctrl Pts',(244.931789991601,248.46639455101,7.63039454831976));
#2447=CARTESIAN_POINT('Ctrl Pts',(244.931789991601,248.46639455101,44.2803965483583));
#2448=CARTESIAN_POINT('Ctrl Pts',(293.931789991602,248.466394550992,-109.369605451666));
#2449=CARTESIAN_POINT('Ctrl Pts',(293.931789991602,248.466394550992,4.63039454831976));
#2450=CARTESIAN_POINT('Ctrl Pts',(293.931789991602,248.466394550992,7.63039454831976));
#2451=CARTESIAN_POINT('Ctrl Pts',(293.931789991602,248.466394550992,44.2803965483583));
#2452=CARTESIAN_POINT('Ctrl Pts',(311.931789991602,248.466394550983,-109.369605451666));
#2453=CARTESIAN_POINT('Ctrl Pts',(311.931789991602,248.466394550983,4.63039454831976));
#2454=CARTESIAN_POINT('Ctrl Pts',(311.931789991602,248.466394550983,7.63039454831976));
#2455=CARTESIAN_POINT('Ctrl Pts',(311.931789991602,248.466394550983,44.2803965483583));
#2456=CARTESIAN_POINT('',(285.972442804832,248.466394550992,7.76659121519685));
#2457=CARTESIAN_POINT('',(284.903284850207,248.466394550992,4.6303945483197));
#2458=CARTESIAN_POINT('Ctrl Pts',(285.972442804832,248.466394550992,7.76659121519713));
#2459=CARTESIAN_POINT('Ctrl Pts',(285.838886858021,248.466394550992,7.37482710456534));
#2460=CARTESIAN_POINT('Ctrl Pts',(285.705330911214,248.466394550992,6.98306299393358));
#2461=CARTESIAN_POINT('Ctrl Pts',(285.348944926343,248.466394550992,5.93766410497391));
#2462=CARTESIAN_POINT('Ctrl Pts',(285.126114888269,248.466394550996,5.28402932664759));
#2463=CARTESIAN_POINT('Ctrl Pts',(284.903284850202,248.466394550996,4.63039454831976));
#2464=CARTESIAN_POINT('',(288.301421546787,248.466394550992,7.62960924823804));
#2465=CARTESIAN_POINT('Ctrl Pts',(285.972442804832,248.466394550992,7.7665912151962));
#2466=CARTESIAN_POINT('Ctrl Pts',(286.73065361171,248.466394550992,7.71869801342022));
#2467=CARTESIAN_POINT('Ctrl Pts',(287.489073535824,248.466394550992,7.67401451660254));
#2468=CARTESIAN_POINT('Ctrl Pts',(288.265581549108,248.466394550992,7.63156321070958));
#2469=CARTESIAN_POINT('Ctrl Pts',(288.28350149719,248.466394550992,7.63058533352546));
#2470=CARTESIAN_POINT('Ctrl Pts',(288.301421546785,248.466394550992,7.62960924823788));
#2471=CARTESIAN_POINT('',(288.301421546776,248.466394550992,4.63039454831976));
#2472=CARTESIAN_POINT('Ctrl Pts',(288.301421546788,248.466394550995,4.63039454831975));
#2473=CARTESIAN_POINT('Ctrl Pts',(288.301421546788,248.466394550995,5.63013278162584));
#2474=CARTESIAN_POINT('Ctrl Pts',(288.301421546788,248.466394550995,6.62987101493194));
#2475=CARTESIAN_POINT('Ctrl Pts',(288.301421546788,248.466394550995,7.62960924823804));
#2476=CARTESIAN_POINT('Ctrl Pts',(284.903284850207,248.466394550992,4.63039454831976));
#2477=CARTESIAN_POINT('Ctrl Pts',(286.035997082399,248.466394550992,4.63039454831976));
#2478=CARTESIAN_POINT('Ctrl Pts',(287.168709314587,248.466394550992,4.63039454831976));
#2479=CARTESIAN_POINT('Ctrl Pts',(288.301421546776,248.466394550992,4.63039454831976));
#2480=CARTESIAN_POINT('Origin',(302.931789991601,247.816394550982,6.13039454831976));
#2481=CARTESIAN_POINT('',(284.911014765639,247.816394550996,4.63039454831976));
#2482=CARTESIAN_POINT('',(285.972459922687,247.816394550982,7.74396700897858));
#2483=CARTESIAN_POINT('',(286.385394314784,247.816394550982,8.95524122578351));
#2484=CARTESIAN_POINT('',(288.30142154678,247.816394550987,4.63039454831976));
#2485=CARTESIAN_POINT('',(302.931789991601,247.816394550987,4.63039454831976));
#2486=CARTESIAN_POINT('',(288.30142154678,247.816394550982,7.60698612318192));
#2487=CARTESIAN_POINT('',(288.30142154678,247.816394550982,9.52704581891339E-11));
#2488=CARTESIAN_POINT('Ctrl Pts',(288.30142154678,247.816394550987,7.60698612318226));
#2489=CARTESIAN_POINT('Ctrl Pts',(288.281495050423,247.816394550987,7.60807149740731));
#2490=CARTESIAN_POINT('Ctrl Pts',(288.261568679563,247.816394550987,7.6091590872592));
#2491=CARTESIAN_POINT('Ctrl Pts',(287.48506733019,247.816394550987,7.65162747029289));
#2492=CARTESIAN_POINT('Ctrl Pts',(286.728659642761,247.816394550987,7.69620088800993));
#2493=CARTESIAN_POINT('Ctrl Pts',(285.972459922687,247.816394550987,7.74396700897832));
#2494=CARTESIAN_POINT('Origin',(302.931789991601,248.466394550983,4.63039454831976));
#2495=CARTESIAN_POINT('',(284.905895984364,248.246827180883,4.63039454831976));
#2496=CARTESIAN_POINT('Origin',(290.981789991602,248.141394550994,4.63039454831976));
#2497=CARTESIAN_POINT('Ctrl Pts',(285.972265317944,255.218695617678,8.00161496600152));
#2498=CARTESIAN_POINT('Ctrl Pts',(287.53258879587,255.222121877212,7.90317366994748));
#2499=CARTESIAN_POINT('Ctrl Pts',(289.094214986853,255.22507652447,7.81828257908557));
#2500=CARTESIAN_POINT('Ctrl Pts',(290.656789991608,255.227558149192,7.74698221232812));
#2501=CARTESIAN_POINT('Ctrl Pts',(285.972265359875,252.966341163605,7.92322219989449));
#2502=CARTESIAN_POINT('Ctrl Pts',(287.532588837801,252.96976742314,7.82478090384044));
#2503=CARTESIAN_POINT('Ctrl Pts',(289.094215028784,252.972722070398,7.73988981297853));
#2504=CARTESIAN_POINT('Ctrl Pts',(290.656790033539,252.97520369512,7.66858944622108));
#2505=CARTESIAN_POINT('Ctrl Pts',(285.972265401806,250.713986709533,7.84482943378745));
#2506=CARTESIAN_POINT('Ctrl Pts',(287.532588879732,250.717412969067,7.7463881377334));
#2507=CARTESIAN_POINT('Ctrl Pts',(289.094215070716,250.720367616325,7.66149704687149));
#2508=CARTESIAN_POINT('Ctrl Pts',(290.65679007547,250.722849241047,7.59019668011404));
#2509=CARTESIAN_POINT('Ctrl Pts',(285.972265443737,248.46163225546,7.76643666768042));
#2510=CARTESIAN_POINT('Ctrl Pts',(287.532588921663,248.465058514995,7.66799537162636));
#2511=CARTESIAN_POINT('Ctrl Pts',(289.094215112647,248.468013162253,7.58310428076445));
#2512=CARTESIAN_POINT('Ctrl Pts',(290.656790117401,248.470494786975,7.511803914007));
#2513=CARTESIAN_POINT('',(285.97226531818,255.205925104224,8.00117049072239));
#2514=CARTESIAN_POINT('Ctrl Pts',(285.972265318185,255.205925104233,8.00117049072241));
#2515=CARTESIAN_POINT('Ctrl Pts',(285.972294891073,254.082982118666,7.96208480812265));
#2516=CARTESIAN_POINT('Ctrl Pts',(285.972324463949,252.960039133091,7.92299912552782));
#2517=CARTESIAN_POINT('Ctrl Pts',(285.972383626172,250.7135289487,7.84480603368669));
#2518=CARTESIAN_POINT('Ctrl Pts',(285.972413215497,249.589961749875,7.8056986244407));
#2519=CARTESIAN_POINT('Ctrl Pts',(285.972442804832,248.466394551047,7.76659121519935));
#2520=CARTESIAN_POINT('',(290.656789991608,255.227558149186,7.74698221232797));
#2521=CARTESIAN_POINT('Ctrl Pts',(290.656789991608,255.227558149195,7.74698221232803));
#2522=CARTESIAN_POINT('Ctrl Pts',(289.853578612026,255.224444396385,7.78356880772317));
#2523=CARTESIAN_POINT('Ctrl Pts',(289.050523943461,255.221025191872,7.82374446069665));
#2524=CARTESIAN_POINT('Ctrl Pts',(287.489022521127,255.213781420675,7.90885877239617));
#2525=CARTESIAN_POINT('Ctrl Pts',(286.730539218631,255.209989464261,7.95341426019561));
#2526=CARTESIAN_POINT('Ctrl Pts',(285.97226531818,255.205925104215,8.00117049072195));
#2527=CARTESIAN_POINT('',(290.656789991608,250.821762995815,7.5936393581829));
#2528=CARTESIAN_POINT('Ctrl Pts',(290.656789991608,250.821762995779,7.59363935818215));
#2529=CARTESIAN_POINT('Ctrl Pts',(290.656789991608,251.163161490376,7.60552166721834));
#2530=CARTESIAN_POINT('Ctrl Pts',(290.656789991608,251.504559984969,7.61740397625406));
#2531=CARTESIAN_POINT('Ctrl Pts',(290.656789991608,252.973158369423,7.66851826096878));
#2532=CARTESIAN_POINT('Ctrl Pts',(290.656789991608,254.100358259275,7.70775023664745));
#2533=CARTESIAN_POINT('Ctrl Pts',(290.656789991608,255.227558149136,7.74698221232622));
#2534=CARTESIAN_POINT('Ctrl Pts',(288.30142154683,248.466394551057,7.62960924682246));
#2535=CARTESIAN_POINT('Ctrl Pts',(288.329392520719,248.69707869113,7.63611461595412));
#2536=CARTESIAN_POINT('Ctrl Pts',(288.38702944457,248.923205499092,7.64084540962746));
#2537=CARTESIAN_POINT('Ctrl Pts',(288.47291181159,249.139157178791,7.64373860323214));
#2538=CARTESIAN_POINT('Ctrl Pts',(288.481350021923,249.16037510464,7.64402286852453));
#2539=CARTESIAN_POINT('Ctrl Pts',(288.490060907873,249.181494801678,7.64428943525317));
#2540=CARTESIAN_POINT('Ctrl Pts',(288.499043124156,249.202510940493,7.64453826983148));
#2541=CARTESIAN_POINT('Ctrl Pts',(288.611440360121,249.465492351655,7.64765201347033));
#2542=CARTESIAN_POINT('Ctrl Pts',(288.764792773037,249.708677028492,7.64794173783087));
#2543=CARTESIAN_POINT('Ctrl Pts',(288.953128220001,249.9231158766,7.64560473182726));
#2544=CARTESIAN_POINT('Ctrl Pts',(288.98410802984,249.958389505879,7.64522031135436));
#2545=CARTESIAN_POINT('Ctrl Pts',(289.016034412347,249.992885330758,7.6447649304636));
#2546=CARTESIAN_POINT('Ctrl Pts',(289.048880792598,250.026563516484,7.64423958056291));
#2547=CARTESIAN_POINT('Ctrl Pts',(289.264758718684,250.247908359757,7.64078679684172));
#2548=CARTESIAN_POINT('Ctrl Pts',(289.517023550719,250.430497416034,7.63436965084581));
#2549=CARTESIAN_POINT('Ctrl Pts',(289.794626825886,250.566398389753,7.62552504907276));
#2550=CARTESIAN_POINT('Ctrl Pts',(290.005422006877,250.669593391088,7.61880899202909));
#2551=CARTESIAN_POINT('Ctrl Pts',(290.228441001509,250.744700814004,7.61077025282739));
#2552=CARTESIAN_POINT('Ctrl Pts',(290.45796378072,250.790093309894,7.60169421249653));
#2553=CARTESIAN_POINT('Ctrl Pts',(290.52374983141,250.803103752891,7.59909282865428));
#2554=CARTESIAN_POINT('Ctrl Pts',(290.590070151942,250.813673078185,7.59640590740419));
#2555=CARTESIAN_POINT('Ctrl Pts',(290.656789991611,250.821762995816,7.59363935818274));
#2556=CARTESIAN_POINT('Ctrl Pts',(285.972459922685,247.816394550989,7.74396700897896));
#2557=CARTESIAN_POINT('Ctrl Pts',(287.532718626017,247.819820628865,7.64553093222023));
#2558=CARTESIAN_POINT('Ctrl Pts',(289.094279919366,247.822775133628,7.56064393544441));
#2559=CARTESIAN_POINT('Ctrl Pts',(290.656789947593,247.825256655194,7.48934653251122));
#2560=CARTESIAN_POINT('Ctrl Pts',(285.972459951964,246.243697318049,7.68922958249794));
#2561=CARTESIAN_POINT('Ctrl Pts',(287.532718655295,246.247123395926,7.59079350573921));
#2562=CARTESIAN_POINT('Ctrl Pts',(289.094279948644,246.250077900689,7.50590650896338));
#2563=CARTESIAN_POINT('Ctrl Pts',(290.656789976871,246.252559422254,7.43460910603019));
#2564=CARTESIAN_POINT('Ctrl Pts',(285.972459981242,244.67100008511,7.63449215601692));
#2565=CARTESIAN_POINT('Ctrl Pts',(287.532718684574,244.674426162987,7.53605607925819));
#2566=CARTESIAN_POINT('Ctrl Pts',(289.094279977923,244.677380667749,7.45116908248236));
#2567=CARTESIAN_POINT('Ctrl Pts',(290.65679000615,244.679862189315,7.37987167954917));
#2568=CARTESIAN_POINT('Ctrl Pts',(285.97246001052,243.098302852171,7.57975472953589));
#2569=CARTESIAN_POINT('Ctrl Pts',(287.532718713852,243.101728930047,7.48131865277716));
#2570=CARTESIAN_POINT('Ctrl Pts',(289.094280007201,243.10468343481,7.39643165600133));
#2571=CARTESIAN_POINT('Ctrl Pts',(290.656790035428,243.107164956376,7.32513425306814));
#2572=CARTESIAN_POINT('',(290.656789991608,245.461026106168,7.40705994031092));
#2573=CARTESIAN_POINT('Ctrl Pts',(290.656789991608,245.461026106171,7.40705994031091));
#2574=CARTESIAN_POINT('Ctrl Pts',(290.314248514244,245.502559940952,7.42415463471715));
#2575=CARTESIAN_POINT('Ctrl Pts',(289.982835847611,245.60937265574,7.44368908251808));
#2576=CARTESIAN_POINT('Ctrl Pts',(289.368808032068,245.947117160831,7.48573099252642));
#2577=CARTESIAN_POINT('Ctrl Pts',(289.09403153204,246.178505445605,7.50788713132322));
#2578=CARTESIAN_POINT('Ctrl Pts',(288.703820800094,246.667112272999,7.54531664818838));
#2579=CARTESIAN_POINT('Ctrl Pts',(288.568065231366,246.901779171799,7.56074378014688));
#2580=CARTESIAN_POINT('Ctrl Pts',(288.38541119705,247.365941011735,7.58673337626778));
#2581=CARTESIAN_POINT('Ctrl Pts',(288.328997607169,247.588966852236,7.59756850832334));
#2582=CARTESIAN_POINT('Ctrl Pts',(288.301421546782,247.816394550973,7.60698612318162));
#2583=CARTESIAN_POINT('',(290.656789991608,243.107164956309,7.32513425506785));
#2584=CARTESIAN_POINT('Ctrl Pts',(290.656789991608,243.107164956309,7.32513425506786));
#2585=CARTESIAN_POINT('Ctrl Pts',(290.656789991608,243.863406265677,7.35145508859822));
#2586=CARTESIAN_POINT('Ctrl Pts',(290.656789991604,244.619647575041,7.37777592212859));
#2587=CARTESIAN_POINT('Ctrl Pts',(290.656789991604,245.404267958329,7.40508448387629));
#2588=CARTESIAN_POINT('Ctrl Pts',(290.656789991604,245.432647032248,7.40607221209363));
#2589=CARTESIAN_POINT('Ctrl Pts',(290.656789991604,245.461026106168,7.40705994031097));
#2590=CARTESIAN_POINT('',(285.972581493395,243.200107447237,7.58329034532045));
#2591=CARTESIAN_POINT('Ctrl Pts',(285.972581493395,243.200107447228,7.58329034532026));
#2592=CARTESIAN_POINT('Ctrl Pts',(286.728243724576,243.182704759247,7.53495282128652));
#2593=CARTESIAN_POINT('Ctrl Pts',(287.484143443965,243.166463767516,7.48984201258279));
#2594=CARTESIAN_POINT('Ctrl Pts',(289.045538190576,243.135326101728,7.40335435790412));
#2595=CARTESIAN_POINT('Ctrl Pts',(289.85107103992,243.120585451375,7.36241088169524));
#2596=CARTESIAN_POINT('Ctrl Pts',(290.65678999161,243.107164956323,7.32513425506787));
#2597=CARTESIAN_POINT('Ctrl Pts',(285.972459922689,247.816394550982,7.74396700897855));
#2598=CARTESIAN_POINT('Ctrl Pts',(285.972481424187,246.99993867519,7.71554906112971));
#2599=CARTESIAN_POINT('Ctrl Pts',(285.972502925695,246.183482799388,7.68713111328348));
#2600=CARTESIAN_POINT('Ctrl Pts',(285.972543449261,244.644720431475,7.63357222539848));
#2601=CARTESIAN_POINT('Ctrl Pts',(285.972562471327,243.922413939385,7.60843128535944));
#2602=CARTESIAN_POINT('Ctrl Pts',(285.972581493395,243.200107447278,7.58329034532192));
#2603=CARTESIAN_POINT('Origin',(290.981789991602,248.141394550994,9.52704581891339E-11));
#2604=CARTESIAN_POINT('',(290.656789991608,250.821762995815,4.63039454831976));
#2605=CARTESIAN_POINT('',(290.656789991608,250.821762995815,9.52704581891339E-11));
#2606=CARTESIAN_POINT('',(291.306789991609,250.821762995815,4.63039454831976));
#2607=CARTESIAN_POINT('Origin',(290.981789991602,248.141394550994,4.63039454831976));
#2608=CARTESIAN_POINT('',(291.306789991609,250.821762995815,7.56473119529743));
#2609=CARTESIAN_POINT('',(291.306789991609,250.821762995815,9.52704581891339E-11));
#2610=CARTESIAN_POINT('',(293.662158436414,248.466394550992,7.39118663583165));
#2611=CARTESIAN_POINT('Ctrl Pts',(291.306789991611,250.821762995817,7.56473119529731));
#2612=CARTESIAN_POINT('Ctrl Pts',(291.494064628397,250.799055523694,7.55583880914566));
#2613=CARTESIAN_POINT('Ctrl Pts',(291.678551564571,250.756770246609,7.54658365466187));
#2614=CARTESIAN_POINT('Ctrl Pts',(291.857205691309,250.695537724932,7.53708974504576));
#2615=CARTESIAN_POINT('Ctrl Pts',(292.105224185178,250.610531024671,7.52390972392389));
#2616=CARTESIAN_POINT('Ctrl Pts',(292.339326328407,250.489924915665,7.51041274460725));
#2617=CARTESIAN_POINT('Ctrl Pts',(292.552227312036,250.337692883551,7.49689145472318));
#2618=CARTESIAN_POINT('Ctrl Pts',(292.586066883865,250.313496345341,7.4947423117157));
#2619=CARTESIAN_POINT('Ctrl Pts',(292.619370834826,250.288500827744,7.49259244784301));
#2620=CARTESIAN_POINT('Ctrl Pts',(292.652109908532,250.262722290172,7.49044292879353));
#2621=CARTESIAN_POINT('Ctrl Pts',(292.907686433994,250.061482966079,7.47366277749756));
#2622=CARTESIAN_POINT('Ctrl Pts',(293.124824092783,249.815686762555,7.45716563745213));
#2623=CARTESIAN_POINT('Ctrl Pts',(293.293014798011,249.537188195549,7.44144057481059));
#2624=CARTESIAN_POINT('Ctrl Pts',(293.398643832465,249.362282366539,7.43156474260385));
#2625=CARTESIAN_POINT('Ctrl Pts',(293.484088461759,249.175932372405,7.42207494193778));
#2626=CARTESIAN_POINT('Ctrl Pts',(293.547693739048,248.981714706413,7.41309442951859));
#2627=CARTESIAN_POINT('Ctrl Pts',(293.602597838557,248.81406594338,7.40534244778821));
#2628=CARTESIAN_POINT('Ctrl Pts',(293.640930705958,248.641465799294,7.39801207368064));
#2629=CARTESIAN_POINT('Ctrl Pts',(293.662158437311,248.46639455131,7.39118662675372));
#2630=CARTESIAN_POINT('',(293.662158436421,248.466394550996,4.63039454831976));
#2631=CARTESIAN_POINT('Ctrl Pts',(293.662158436414,248.466394550992,7.39118663583165));
#2632=CARTESIAN_POINT('Ctrl Pts',(293.662158436414,248.466394550992,4.63039454831976));
#2633=CARTESIAN_POINT('',(293.662158436421,247.816394550987,4.63039454831976));
#2634=CARTESIAN_POINT('Origin',(290.981789991602,248.141394550994,4.63039454831976));
#2635=CARTESIAN_POINT('',(293.662158436421,247.816394550982,7.36856351053323));
#2636=CARTESIAN_POINT('',(293.662158436421,247.816394550982,9.52704581891339E-11));
#2637=CARTESIAN_POINT('',(291.306789991609,245.461026106163,7.37815177718341));
#2638=CARTESIAN_POINT('Ctrl Pts',(293.662158436423,247.816394550983,7.3685635105332));
#2639=CARTESIAN_POINT('Ctrl Pts',(293.619799262495,247.467046264401,7.35786544078869));
#2640=CARTESIAN_POINT('Ctrl Pts',(293.509531250111,247.129211222987,7.34989844502371));
#2641=CARTESIAN_POINT('Ctrl Pts',(293.169858580832,246.522756498412,7.34091666163715));
#2642=CARTESIAN_POINT('Ctrl Pts',(292.946759096239,246.258168060945,7.33982384539971));
#2643=CARTESIAN_POINT('Ctrl Pts',(292.451195618271,245.857196785487,7.34477221357939));
#2644=CARTESIAN_POINT('Ctrl Pts',(292.193547688992,245.710694603667,7.34980054324112));
#2645=CARTESIAN_POINT('Ctrl Pts',(291.789604644337,245.561472405548,7.36116365987351));
#2646=CARTESIAN_POINT('Ctrl Pts',(291.658426832255,245.52400727127,7.36532816880738));
#2647=CARTESIAN_POINT('Ctrl Pts',(291.452756334384,245.481764860501,7.37258862007414));
#2648=CARTESIAN_POINT('Ctrl Pts',(291.379958224843,245.469897899842,7.3752950831713));
#2649=CARTESIAN_POINT('Ctrl Pts',(291.306789991616,245.461026106173,7.37815177718347));
#2650=CARTESIAN_POINT('',(291.306789991609,245.461026106168,4.63039454831976));
#2651=CARTESIAN_POINT('',(291.306789991609,245.461026106168,9.52704581891339E-11));
#2652=CARTESIAN_POINT('',(290.981789991602,245.441394550994,4.63039454831976));
#2653=CARTESIAN_POINT('Origin',(290.981789991602,248.141394550994,4.63039454831976));
#2654=CARTESIAN_POINT('',(290.981789991602,245.441394550994,0.200000000095271));
#2655=CARTESIAN_POINT('',(290.981789991602,245.441394550994,9.52704581891339E-11));
#2656=CARTESIAN_POINT('Origin',(290.981789991602,248.141394550994,0.200000000095271));
#2657=CARTESIAN_POINT('',(290.656789991608,245.461026106168,4.63039454831976));
#2658=CARTESIAN_POINT('Origin',(290.981789991602,248.141394550994,4.63039454831976));
#2659=CARTESIAN_POINT('',(290.656789991608,245.461026106168,9.52704581891339E-11));
#2660=CARTESIAN_POINT('Origin',(302.931789991601,248.466394550983,4.63039454831976));
#2661=CARTESIAN_POINT('',(302.606789991605,250.821762995811,4.63039454831976));
#2662=CARTESIAN_POINT('',(303.256789991606,250.821762995815,4.63039454831976));
#2663=CARTESIAN_POINT('Origin',(302.931789991601,248.141394550994,4.63039454831976));
#2664=CARTESIAN_POINT('',(302.606789991605,255.492799652507,4.63039454831988));
#2665=CARTESIAN_POINT('Ctrl Pts',(302.606789991605,250.821762995811,4.63039454831976));
#2666=CARTESIAN_POINT('Ctrl Pts',(302.606789991605,255.492799652507,4.63039454831976));
#2667=CARTESIAN_POINT('',(303.256789991606,255.492799652507,4.63039454831976));
#2668=CARTESIAN_POINT('',(309.071250483025,255.492799652507,4.63039454831976));
#2669=CARTESIAN_POINT('',(303.256789991606,248.14139455098,4.63039454831976));
#2670=CARTESIAN_POINT('Ctrl Pts',(302.606789991587,172.94139455098,4.63039454831976));
#2671=CARTESIAN_POINT('Ctrl Pts',(302.606789991587,172.94139455098,7.63039454831976));
#2672=CARTESIAN_POINT('Ctrl Pts',(302.606789991587,172.94139455098,15.1303945483198));
#2673=CARTESIAN_POINT('Ctrl Pts',(302.606789991601,239.141394550979,4.63039454831976));
#2674=CARTESIAN_POINT('Ctrl Pts',(302.606789991601,239.141394550979,7.63039454831976));
#2675=CARTESIAN_POINT('Ctrl Pts',(302.606789991601,239.141394550979,15.1303945483198));
#2676=CARTESIAN_POINT('Ctrl Pts',(302.606789991605,257.141394550977,4.63039454831976));
#2677=CARTESIAN_POINT('Ctrl Pts',(302.606789991605,257.141394550977,7.63039454831976));
#2678=CARTESIAN_POINT('Ctrl Pts',(302.606789991605,257.141394550977,15.1303945483198));
#2679=CARTESIAN_POINT('Ctrl Pts',(302.606789991605,259.841394550976,4.63039454831976));
#2680=CARTESIAN_POINT('Ctrl Pts',(302.606789991605,259.841394550976,7.63039454831976));
#2681=CARTESIAN_POINT('Ctrl Pts',(302.606789991605,259.841394550976,15.1303945483198));
#2682=CARTESIAN_POINT('',(302.606789991605,250.821762995815,7.31365410520966));
#2683=CARTESIAN_POINT('Ctrl Pts',(302.606789991605,250.821762995815,4.63039454831976));
#2684=CARTESIAN_POINT('Ctrl Pts',(302.606789991605,250.821762995815,5.52481440061639));
#2685=CARTESIAN_POINT('Ctrl Pts',(302.606789991605,250.821762995815,6.41923425291301));
#2686=CARTESIAN_POINT('Ctrl Pts',(302.606789991605,250.821762995815,7.31365410520964));
#2687=CARTESIAN_POINT('',(302.606789991601,255.251316306735,7.46782386113574));
#2688=CARTESIAN_POINT('Ctrl Pts',(302.606789991607,250.821762995797,7.31365410520882));
#2689=CARTESIAN_POINT('Ctrl Pts',(302.606789991607,251.166541279376,7.32565404743703));
#2690=CARTESIAN_POINT('Ctrl Pts',(302.606789991605,251.511319562946,7.33765398966522));
#2691=CARTESIAN_POINT('Ctrl Pts',(302.606789991607,252.987837333276,7.38904390830805));
#2692=CARTESIAN_POINT('Ctrl Pts',(302.606789991605,254.119576820035,7.42843388472284));
#2693=CARTESIAN_POINT('Ctrl Pts',(302.606789991605,255.251316306785,7.46782386113746));
#2694=CARTESIAN_POINT('',(302.606789991601,255.458714254405,5.030897976101));
#2695=CARTESIAN_POINT('Origin',(303.256789991606,248.14139455098,6.13039454831976));
#2696=CARTESIAN_POINT('',(303.256789991606,250.821762995815,7.31367501227599));
#2697=CARTESIAN_POINT('',(303.256789991606,250.821762995815,9.52704581891339E-11));
#2698=CARTESIAN_POINT('',(303.256789991606,255.251314532652,7.46784470665439));
#2699=CARTESIAN_POINT('',(303.256789991606,255.385954148596,5.88582921931396));
#2700=CARTESIAN_POINT('Ctrl Pts',(303.256789991606,255.251314532647,7.46784470665452));
#2701=CARTESIAN_POINT('Ctrl Pts',(303.256789991606,254.11957539905,7.42845474248003));
#2702=CARTESIAN_POINT('Ctrl Pts',(303.256789991601,252.987836265429,7.38906477830554));
#2703=CARTESIAN_POINT('Ctrl Pts',(303.256789991606,251.511319086489,7.33767488017925));
#2704=CARTESIAN_POINT('Ctrl Pts',(303.256789991606,251.166541041152,7.32567494622739));
#2705=CARTESIAN_POINT('Ctrl Pts',(303.256789991606,250.821762995815,7.31367501227566));
#2706=CARTESIAN_POINT('Origin',(302.931789991601,248.141394550994,9.52704581891339E-11));
#2707=CARTESIAN_POINT('',(305.612158436425,248.466394550983,7.24493645187774));
#2708=CARTESIAN_POINT('Ctrl Pts',(303.256789991599,250.82176299582,7.31367501227591));
#2709=CARTESIAN_POINT('Ctrl Pts',(303.450376771898,250.798290154224,7.31309834152584));
#2710=CARTESIAN_POINT('Ctrl Pts',(303.640962251821,250.7539002132,7.31200131769093));
#2711=CARTESIAN_POINT('Ctrl Pts',(303.825186229999,250.68930411793,7.31037122463085));
#2712=CARTESIAN_POINT('Ctrl Pts',(304.074282709912,250.601961199233,7.30816711175036));
#2713=CARTESIAN_POINT('Ctrl Pts',(304.309005643653,250.478637712498,7.30501343196214));
#2714=CARTESIAN_POINT('Ctrl Pts',(304.521955188377,250.323451929826,7.3008785418421));
#2715=CARTESIAN_POINT('Ctrl Pts',(304.555606732787,250.298928556159,7.300225122091));
#2716=CARTESIAN_POINT('Ctrl Pts',(304.588714550926,250.273609514968,7.29954709388373));
#2717=CARTESIAN_POINT('Ctrl Pts',(304.62124944436,250.247511061716,7.29884422537914));
#2718=CARTESIAN_POINT('Ctrl Pts',(304.874742966198,250.044166648039,7.29336787080069));
#2719=CARTESIAN_POINT('Ctrl Pts',(305.089430634667,249.796736642259,7.28646856836081));
#2720=CARTESIAN_POINT('Ctrl Pts',(305.254989881602,249.517164251023,7.27817382079165));
#2721=CARTESIAN_POINT('Ctrl Pts',(305.356600350264,249.345579261212,7.27308299558231));
#2722=CARTESIAN_POINT('Ctrl Pts',(305.4388829366,249.163275633674,7.26750733645567));
#2723=CARTESIAN_POINT('Ctrl Pts',(305.500339024301,248.973593962794,7.26149449584817));
#2724=CARTESIAN_POINT('Ctrl Pts',(305.553839825117,248.808465955597,7.25625999753053));
#2725=CARTESIAN_POINT('Ctrl Pts',(305.59127680691,248.638611250981,7.25072159197986));
#2726=CARTESIAN_POINT('Ctrl Pts',(305.612158435025,248.466394551702,7.24493643133243));
#2727=CARTESIAN_POINT('',(305.612158436425,248.466394550983,4.63039454831976));
#2728=CARTESIAN_POINT('Ctrl Pts',(305.612158436425,248.466394550983,4.63039454831976));
#2729=CARTESIAN_POINT('Ctrl Pts',(305.612158436425,248.466394550983,5.50190851617242));
#2730=CARTESIAN_POINT('Ctrl Pts',(305.612158436425,248.466394550983,6.37342248402507));
#2731=CARTESIAN_POINT('Ctrl Pts',(305.612158436425,248.466394550983,7.24493645187773));
#2732=CARTESIAN_POINT('',(305.612158436422,247.816394550982,4.63039454831976));
#2733=CARTESIAN_POINT('Origin',(302.931789991601,248.141394550994,4.63039454831976));
#2734=CARTESIAN_POINT('',(305.612158436425,247.816394550982,7.22231332604157));
#2735=CARTESIAN_POINT('',(305.612158436422,247.816394550982,9.52704581891339E-11));
#2736=CARTESIAN_POINT('',(303.256789991606,245.461026106168,7.12709558972054));
#2737=CARTESIAN_POINT('Ctrl Pts',(305.612158436422,247.816394550983,7.22231332604141));
#2738=CARTESIAN_POINT('Ctrl Pts',(305.56993872355,247.468196439818,7.20977217500645));
#2739=CARTESIAN_POINT('Ctrl Pts',(305.460261121179,247.131468412931,7.19694417836661));
#2740=CARTESIAN_POINT('Ctrl Pts',(305.12180857394,246.525313957195,7.17286900571121));
#2741=CARTESIAN_POINT('Ctrl Pts',(304.898733476064,246.260148794618,7.1618281895624));
#2742=CARTESIAN_POINT('Ctrl Pts',(304.405851169822,245.860641367872,7.14479089691165));
#2743=CARTESIAN_POINT('Ctrl Pts',(304.151599761658,245.715122665906,7.13840102935178));
#2744=CARTESIAN_POINT('Ctrl Pts',(303.752324250995,245.565539995232,7.13177513264308));
#2745=CARTESIAN_POINT('Ctrl Pts',(303.622240782431,245.527664705064,7.1300843724646));
#2746=CARTESIAN_POINT('Ctrl Pts',(303.412756589571,245.483410007059,7.12810244400519));
#2747=CARTESIAN_POINT('Ctrl Pts',(303.334990993803,245.470508133079,7.12752267981787));
#2748=CARTESIAN_POINT('Ctrl Pts',(303.256789991601,245.461026106171,7.12709558972065));
#2749=CARTESIAN_POINT('',(303.256789991606,245.461026106168,4.63039454831976));
#2750=CARTESIAN_POINT('',(303.256789991606,245.461026106168,9.52704581891339E-11));
#2751=CARTESIAN_POINT('',(302.931789991601,245.441394550994,4.63039454831976));
#2752=CARTESIAN_POINT('Origin',(302.931789991601,248.141394550994,4.63039454831976));
#2753=CARTESIAN_POINT('',(302.931789991601,245.441394550994,0.200000000095271));
#2754=CARTESIAN_POINT('',(302.931789991601,245.441394550994,9.52704581891339E-11));
#2755=CARTESIAN_POINT('Origin',(302.931789991601,248.141394550994,0.200000000095271));
#2756=CARTESIAN_POINT('',(302.606789991605,245.461026106168,4.63039454831976));
#2757=CARTESIAN_POINT('Origin',(302.931789991601,248.141394550994,4.63039454831976));
#2758=CARTESIAN_POINT('',(302.606789991601,245.461026106177,7.12707468289623));
#2759=CARTESIAN_POINT('Ctrl Pts',(302.606789991601,245.461026106177,4.63039454831976));
#2760=CARTESIAN_POINT('Ctrl Pts',(302.606789991601,245.461026106177,7.12707468289623));
#2761=CARTESIAN_POINT('',(300.251421546777,247.816394550982,7.22215144380224));
#2762=CARTESIAN_POINT('Ctrl Pts',(302.606789991597,245.461026106172,7.12707468289594));
#2763=CARTESIAN_POINT('Ctrl Pts',(302.46556554903,245.478149850456,7.12783690353629));
#2764=CARTESIAN_POINT('Ctrl Pts',(302.325859864063,245.506414915176,7.12909708929151));
#2765=CARTESIAN_POINT('Ctrl Pts',(301.930141502035,245.619651859183,7.13411935695806));
#2766=CARTESIAN_POINT('Ctrl Pts',(301.683855058723,245.732013840557,7.13908309139743));
#2767=CARTESIAN_POINT('Ctrl Pts',(301.156706149427,246.075332277587,7.15390623829821));
#2768=CARTESIAN_POINT('Ctrl Pts',(300.897456367838,246.330054566038,7.16469511071207));
#2769=CARTESIAN_POINT('Ctrl Pts',(300.570116211863,246.813704317692,7.18424266908727));
#2770=CARTESIAN_POINT('Ctrl Pts',(300.468071933049,247.014296793373,7.19215617445752));
#2771=CARTESIAN_POINT('Ctrl Pts',(300.323033795285,247.416346613509,7.20751620165922));
#2772=CARTESIAN_POINT('Ctrl Pts',(300.275880021646,247.614678476407,7.21488746016349));
#2773=CARTESIAN_POINT('Ctrl Pts',(300.25142154678,247.816394550982,7.22215144380232));
#2774=CARTESIAN_POINT('',(300.251421546782,247.816394550987,4.63039454831976));
#2775=CARTESIAN_POINT('',(300.251421546782,247.816394550982,9.52704581891339E-11));
#2776=CARTESIAN_POINT('',(300.251421546777,248.466394550992,4.63039454831976));
#2777=CARTESIAN_POINT('Origin',(302.931789991601,248.141394550994,4.63039454831976));
#2778=CARTESIAN_POINT('',(300.251421546784,248.466394550992,7.24477456939743));
#2779=CARTESIAN_POINT('Ctrl Pts',(300.251421546784,248.466394550992,4.63039454831976));
#2780=CARTESIAN_POINT('Ctrl Pts',(300.251421546784,248.466394550992,7.24477456939743));
#2781=CARTESIAN_POINT('Ctrl Pts',(300.251421546776,248.466394550974,7.24477456939687));
#2782=CARTESIAN_POINT('Ctrl Pts',(300.292242293082,248.803054982668,7.2560859176113));
#2783=CARTESIAN_POINT('Ctrl Pts',(300.396155276142,249.129233481194,7.26639513995555));
#2784=CARTESIAN_POINT('Ctrl Pts',(300.727333725736,249.740406398937,7.28475075471116));
#2785=CARTESIAN_POINT('Ctrl Pts',(300.956891790606,250.016572590939,7.29249545987083));
#2786=CARTESIAN_POINT('Ctrl Pts',(301.470945863202,250.43253215264,7.30373974867201));
#2787=CARTESIAN_POINT('Ctrl Pts',(301.739424693953,250.583045955536,7.3076121730362));
#2788=CARTESIAN_POINT('Ctrl Pts',(302.143013069885,250.726523625826,7.31126054828402));
#2789=CARTESIAN_POINT('Ctrl Pts',(302.261317795892,250.759701082775,7.3120959079589));
#2790=CARTESIAN_POINT('Ctrl Pts',(302.456036234739,250.800240095946,7.31311439260276));
#2791=CARTESIAN_POINT('Ctrl Pts',(302.531210675807,250.812598853595,7.31342411161268));
#2792=CARTESIAN_POINT('Ctrl Pts',(302.606789991605,250.821762995817,7.31365410520972));
#2793=CARTESIAN_POINT('Ctrl Pts',(303.256789909137,255.251314532657,7.46784470655227));
#2794=CARTESIAN_POINT('Ctrl Pts',(307.025165953197,255.251151995295,7.47251669073158));
#2795=CARTESIAN_POINT('Ctrl Pts',(310.793478988243,255.248234862397,7.55633278258173));
#2796=CARTESIAN_POINT('Ctrl Pts',(314.556789991375,255.242576691288,7.71890345496415));
#2797=CARTESIAN_POINT('Ctrl Pts',(303.256789951238,252.989827938767,7.38913409806501));
#2798=CARTESIAN_POINT('Ctrl Pts',(307.025165995298,252.989665401405,7.39380608224432));
#2799=CARTESIAN_POINT('Ctrl Pts',(310.793479030344,252.986748268507,7.47762217409448));
#2800=CARTESIAN_POINT('Ctrl Pts',(314.556790033476,252.981090097398,7.64019284647689));
#2801=CARTESIAN_POINT('Ctrl Pts',(303.256789993339,250.728341344877,7.31042348957775));
#2802=CARTESIAN_POINT('Ctrl Pts',(307.025166037399,250.728178807515,7.31509547375706));
#2803=CARTESIAN_POINT('Ctrl Pts',(310.793479072445,250.725261674617,7.39891156560722));
#2804=CARTESIAN_POINT('Ctrl Pts',(314.556790075577,250.719603503509,7.56148223798964));
#2805=CARTESIAN_POINT('Ctrl Pts',(303.25679003544,248.466854750987,7.23171288109049));
#2806=CARTESIAN_POINT('Ctrl Pts',(307.0251660795,248.466692213625,7.2363848652698));
#2807=CARTESIAN_POINT('Ctrl Pts',(310.793479114546,248.463775080727,7.32020095711996));
#2808=CARTESIAN_POINT('Ctrl Pts',(314.556790117678,248.458116909618,7.48277162950238));
#2809=CARTESIAN_POINT('',(314.556789991605,255.229985128276,7.71846520802082));
#2810=CARTESIAN_POINT('Ctrl Pts',(314.556789991605,255.229985128272,7.71846520802073));
#2811=CARTESIAN_POINT('Ctrl Pts',(312.677825389851,255.236881077651,7.63743780281591));
#2812=CARTESIAN_POINT('Ctrl Pts',(310.797908737643,255.24210801575,7.57602128015715));
#2813=CARTESIAN_POINT('Ctrl Pts',(307.031041018899,255.249230829395,7.49232821993828));
#2814=CARTESIAN_POINT('Ctrl Pts',(305.143877803785,255.251115766462,7.47018020932043));
#2815=CARTESIAN_POINT('Ctrl Pts',(303.256789991606,255.251314532647,7.4678447066543));
#2816=CARTESIAN_POINT('',(314.556789991605,250.821762995815,7.56503787603614));
#2817=CARTESIAN_POINT('Ctrl Pts',(314.556789991605,250.821762995824,7.56503787603617));
#2818=CARTESIAN_POINT('Ctrl Pts',(314.556789991605,251.163628427398,7.57693643729018));
#2819=CARTESIAN_POINT('Ctrl Pts',(314.556789991605,251.505493858976,7.58883499854442));
#2820=CARTESIAN_POINT('Ctrl Pts',(314.556789991605,252.974901236471,7.63997744253988));
#2821=CARTESIAN_POINT('Ctrl Pts',(314.556789991605,254.102443182396,7.67922132528101));
#2822=CARTESIAN_POINT('Ctrl Pts',(314.556789991605,255.229985128317,7.71846520802235));
#2823=CARTESIAN_POINT('',(312.201421546779,248.466394550996,7.39150757269285));
#2824=CARTESIAN_POINT('Ctrl Pts',(312.201421545632,248.466394551712,7.3915075521113));
#2825=CARTESIAN_POINT('Ctrl Pts',(312.229897530537,248.701244242824,7.40066357045336));
#2826=CARTESIAN_POINT('Ctrl Pts',(312.289071565992,248.930960091961,7.41069952726978));
#2827=CARTESIAN_POINT('Ctrl Pts',(312.377137579768,249.149716533714,7.4214081875597));
#2828=CARTESIAN_POINT('Ctrl Pts',(312.414760047797,249.243170942323,7.42598300833465));
#2829=CARTESIAN_POINT('Ctrl Pts',(312.45765544831,249.334625166193,7.43068128356526));
#2830=CARTESIAN_POINT('Ctrl Pts',(312.505682809812,249.423624899084,7.43548967415361));
#2831=CARTESIAN_POINT('Ctrl Pts',(312.674829750684,249.737071902752,7.45242428253311));
#2832=CARTESIAN_POINT('Ctrl Pts',(312.904322058936,250.013941646698,7.47038861690723));
#2833=CARTESIAN_POINT('Ctrl Pts',(313.180882787696,250.238276685627,7.48874233952061));
#2834=CARTESIAN_POINT('Ctrl Pts',(313.397335396814,250.413854413928,7.50310703679528));
#2835=CARTESIAN_POINT('Ctrl Pts',(313.639679446367,250.554866570557,7.51752209124893));
#2836=CARTESIAN_POINT('Ctrl Pts',(313.899292771979,250.656290018806,7.53164549441013));
#2837=CARTESIAN_POINT('Ctrl Pts',(314.030916987339,250.70771180836,7.53880607391782));
#2838=CARTESIAN_POINT('Ctrl Pts',(314.166381454055,250.748723352575,7.54585827824293));
#2839=CARTESIAN_POINT('Ctrl Pts',(314.304437949088,250.77894353046,7.55275153359046));
#2840=CARTESIAN_POINT('Ctrl Pts',(314.387851581545,250.797202539646,7.55691643338634));
#2841=CARTESIAN_POINT('Ctrl Pts',(314.472063904379,250.811489787991,7.56101581661784));
#2842=CARTESIAN_POINT('Ctrl Pts',(314.556789991599,250.821762995815,7.5650378760358));
#2843=CARTESIAN_POINT('Ctrl Pts',(305.612158435022,248.466394551705,7.24493643133251));
#2844=CARTESIAN_POINT('Ctrl Pts',(306.304961842891,248.466394552015,7.25186421303237));
#2845=CARTESIAN_POINT('Ctrl Pts',(306.997740550699,248.466394552317,7.26146799217896));
#2846=CARTESIAN_POINT('Ctrl Pts',(307.690463754586,248.466394552481,7.27374562515129));
#2847=CARTESIAN_POINT('Ctrl Pts',(308.138742217699,248.466394552587,7.28169078767598));
#2848=CARTESIAN_POINT('Ctrl Pts',(308.58699563007,248.466394552637,7.29075564022422));
#2849=CARTESIAN_POINT('Ctrl Pts',(309.035221337555,248.466394552626,7.30093973184402));
#2850=CARTESIAN_POINT('Ctrl Pts',(310.090767138991,248.466394552601,7.32492268277973));
#2851=CARTESIAN_POINT('Ctrl Pts',(311.146203591906,248.466394552191,7.35511371939337));
#2852=CARTESIAN_POINT('Ctrl Pts',(312.201421545635,248.4663945517,7.391507552111));
#2853=CARTESIAN_POINT('Ctrl Pts',(291.30678990931,255.242587979578,7.71859716356245));
#2854=CARTESIAN_POINT('Ctrl Pts',(294.196306205741,255.246933685389,7.59373935891998));
#2855=CARTESIAN_POINT('Ctrl Pts',(297.08889822257,255.249661731639,7.51535960355372));
#2856=CARTESIAN_POINT('Ctrl Pts',(300.857096313626,255.251096172549,7.47414774780328));
#2857=CARTESIAN_POINT('Ctrl Pts',(301.731937197193,255.251280493001,7.46885238285707));
#2858=CARTESIAN_POINT('Ctrl Pts',(302.606789991606,255.251316306789,7.46782386113746));
#2859=CARTESIAN_POINT('Ctrl Pts',(291.306789951412,252.981099189945,7.63988647865277));
#2860=CARTESIAN_POINT('Ctrl Pts',(294.196306247842,252.985444895756,7.51502867401029));
#2861=CARTESIAN_POINT('Ctrl Pts',(297.088898264671,252.988172942005,7.43664891864404));
#2862=CARTESIAN_POINT('Ctrl Pts',(300.857096355727,252.989607382916,7.3954370628936));
#2863=CARTESIAN_POINT('Ctrl Pts',(301.731937239294,252.989791703368,7.39014169794739));
#2864=CARTESIAN_POINT('Ctrl Pts',(302.606790033707,252.989827517156,7.38911317622778));
#2865=CARTESIAN_POINT('Ctrl Pts',(291.306789993513,250.719610400312,7.56117579374309));
#2866=CARTESIAN_POINT('Ctrl Pts',(294.196306289943,250.723956106122,7.43631798910061));
#2867=CARTESIAN_POINT('Ctrl Pts',(297.088898306772,250.726684152372,7.35793823373436));
#2868=CARTESIAN_POINT('Ctrl Pts',(300.857096397828,250.728118593283,7.31672637798392));
#2869=CARTESIAN_POINT('Ctrl Pts',(301.731937281395,250.728302913734,7.31143101303771));
#2870=CARTESIAN_POINT('Ctrl Pts',(302.606790075809,250.728338727523,7.3104024913181));
#2871=CARTESIAN_POINT('Ctrl Pts',(291.306790035614,248.458121610678,7.48246510883341));
#2872=CARTESIAN_POINT('Ctrl Pts',(294.196306332044,248.462467316489,7.35760730419093));
#2873=CARTESIAN_POINT('Ctrl Pts',(297.088898348873,248.465195362739,7.27922754882468));
#2874=CARTESIAN_POINT('Ctrl Pts',(300.857096439929,248.46662980365,7.23801569307423));
#2875=CARTESIAN_POINT('Ctrl Pts',(301.731937323496,248.466814124101,7.23272032812802));
#2876=CARTESIAN_POINT('Ctrl Pts',(302.60679011791,248.46684993789,7.23169180640841));
#2877=CARTESIAN_POINT('Ctrl Pts',(293.662158437298,248.466394551299,7.39118662675379));
#2878=CARTESIAN_POINT('Ctrl Pts',(294.756513450129,248.4663945515,7.35344328776113));
#2879=CARTESIAN_POINT('Ctrl Pts',(295.851103791259,248.466394551506,7.32238191781622));
#2880=CARTESIAN_POINT('Ctrl Pts',(296.94580775186,248.466394551341,7.29801213356706));
#2881=CARTESIAN_POINT('Ctrl Pts',(297.958049633876,248.466394551189,7.27547808129311));
#2882=CARTESIAN_POINT('Ctrl Pts',(298.970141591788,248.466394563481,7.25866966722883));
#2883=CARTESIAN_POINT('Ctrl Pts',(299.982329268669,248.466394554699,7.24758620861256));
#2884=CARTESIAN_POINT('Ctrl Pts',(300.072025916823,248.466394553921,7.24660403000029));
#2885=CARTESIAN_POINT('Ctrl Pts',(300.161723285823,248.466394552612,7.24566681940177));
#2886=CARTESIAN_POINT('Ctrl Pts',(300.251421546796,248.466394550997,7.24477456924061));
#2887=CARTESIAN_POINT('',(291.306789991609,255.23001115228,7.71815942594275));
#2888=CARTESIAN_POINT('Ctrl Pts',(291.306789991609,255.230011152271,7.7181594259427));
#2889=CARTESIAN_POINT('Ctrl Pts',(291.306789991609,254.102463941294,7.6789153617682));
#2890=CARTESIAN_POINT('Ctrl Pts',(291.306789991613,252.974916730323,7.63967129759355));
#2891=CARTESIAN_POINT('Ctrl Pts',(291.306789991613,251.505500678172,7.58852855404519));
#2892=CARTESIAN_POINT('Ctrl Pts',(291.306789991613,251.163631837003,7.57662987467138));
#2893=CARTESIAN_POINT('Ctrl Pts',(291.306789991613,250.821762995824,7.56473119529745));
#2894=CARTESIAN_POINT('Ctrl Pts',(302.606789991601,255.251316306734,7.46782386113554));
#2895=CARTESIAN_POINT('Ctrl Pts',(300.719275653801,255.251127780252,7.47003904729925));
#2896=CARTESIAN_POINT('Ctrl Pts',(298.832816291822,255.249251893606,7.49208071539527));
#2897=CARTESIAN_POINT('Ctrl Pts',(295.065614879538,255.242135676449,7.57569626704737));
#2898=CARTESIAN_POINT('Ctrl Pts',(293.185725973963,255.236908877898,7.63711114998303));
#2899=CARTESIAN_POINT('Ctrl Pts',(291.306789991604,255.230011152285,7.71815942594317));
#2900=CARTESIAN_POINT('Origin',(291.306789991609,248.14139455098,6.13039454831976));
#2901=CARTESIAN_POINT('',(291.306789991609,255.492799652516,4.63039454831976));
#2902=CARTESIAN_POINT('',(291.306789991609,255.385954148596,5.88582921931426));
#2903=CARTESIAN_POINT('',(291.306789991609,248.14139455098,4.63039454831976));
#2904=CARTESIAN_POINT('Origin',(290.656789991608,248.14139455098,6.13039454831976));
#2905=CARTESIAN_POINT('',(290.656789991608,255.492799652516,4.63039454831976));
#2906=CARTESIAN_POINT('',(290.656789991608,255.385954148596,5.88582921931428));
#2907=CARTESIAN_POINT('',(290.656789991608,248.14139455098,4.63039454831976));
#2908=CARTESIAN_POINT('Origin',(302.931789991601,248.466394550983,4.63039454831976));
#2909=CARTESIAN_POINT('',(309.071250483025,255.492799652507,4.63039454831976));
#2910=CARTESIAN_POINT('Ctrl Pts',(244.931789991601,248.46639455101,-109.369605451666));
#2911=CARTESIAN_POINT('Ctrl Pts',(244.931789991601,248.46639455101,4.63039454831976));
#2912=CARTESIAN_POINT('Ctrl Pts',(244.931789991601,248.46639455101,7.63039454831976));
#2913=CARTESIAN_POINT('Ctrl Pts',(244.931789991601,248.46639455101,44.2803965483583));
#2914=CARTESIAN_POINT('Ctrl Pts',(293.931789991602,248.466394550992,-109.369605451666));
#2915=CARTESIAN_POINT('Ctrl Pts',(293.931789991602,248.466394550992,4.63039454831976));
#2916=CARTESIAN_POINT('Ctrl Pts',(293.931789991602,248.466394550992,7.63039454831976));
#2917=CARTESIAN_POINT('Ctrl Pts',(293.931789991602,248.466394550992,44.2803965483583));
#2918=CARTESIAN_POINT('Ctrl Pts',(311.931789991602,248.466394550983,-109.369605451666));
#2919=CARTESIAN_POINT('Ctrl Pts',(311.931789991602,248.466394550983,4.63039454831976));
#2920=CARTESIAN_POINT('Ctrl Pts',(311.931789991602,248.466394550983,7.63039454831976));
#2921=CARTESIAN_POINT('Ctrl Pts',(311.931789991602,248.466394550983,44.2803965483583));
#2922=CARTESIAN_POINT('Ctrl Pts',(293.662158436421,248.466394550996,4.63039454831976));
#2923=CARTESIAN_POINT('Ctrl Pts',(295.858579473208,248.466394550996,4.63039454831976));
#2924=CARTESIAN_POINT('Ctrl Pts',(298.055000509994,248.466394550996,4.63039454831976));
#2925=CARTESIAN_POINT('Ctrl Pts',(300.251421546777,248.466394550992,4.63039454831976));
#2926=CARTESIAN_POINT('Origin',(302.931789991601,247.816394550982,6.13039454831976));
#2927=CARTESIAN_POINT('Ctrl Pts',(300.251421546788,247.816394550989,7.22215144364562));
#2928=CARTESIAN_POINT('Ctrl Pts',(300.161723289876,247.816394552604,7.22304369377043));
#2929=CARTESIAN_POINT('Ctrl Pts',(300.072025924912,247.816394553912,7.22398090432877));
#2930=CARTESIAN_POINT('Ctrl Pts',(299.982329280769,247.81639455469,7.22496308289711));
#2931=CARTESIAN_POINT('Ctrl Pts',(298.970152083411,247.81639456347,7.23604642676257));
#2932=CARTESIAN_POINT('Ctrl Pts',(297.958070599904,247.816394551177,7.25285460759127));
#2933=CARTESIAN_POINT('Ctrl Pts',(296.945839194411,247.81639455133,7.27538830816349));
#2934=CARTESIAN_POINT('Ctrl Pts',(295.851124750591,247.816394551494,7.29975819765247));
#2935=CARTESIAN_POINT('Ctrl Pts',(294.756523927442,247.816394551495,7.33081980106059));
#2936=CARTESIAN_POINT('Ctrl Pts',(293.662158437307,247.816394551299,7.36856350145569));
#2937=CARTESIAN_POINT('',(302.931789991601,247.816394550987,4.63039454831976));
#2938=CARTESIAN_POINT('Origin',(302.931789991601,248.466394550983,4.63039454831976));
#2939=CARTESIAN_POINT('Ctrl Pts',(291.306789903797,247.813211411487,7.46001913888439));
#2940=CARTESIAN_POINT('Ctrl Pts',(294.196306248066,247.817557117424,7.33516133062809));
#2941=CARTESIAN_POINT('Ctrl Pts',(297.088898312873,247.820285163746,7.25678157318611));
#2942=CARTESIAN_POINT('Ctrl Pts',(300.857096391187,247.821719604652,7.21556971757494));
#2943=CARTESIAN_POINT('Ctrl Pts',(301.731937213995,247.821903925101,7.21027435269982));
#2944=CARTESIAN_POINT('Ctrl Pts',(302.606789947653,247.821939738907,7.20924583045901));
#2945=CARTESIAN_POINT('Ctrl Pts',(291.306789933688,246.207592932549,7.40413589473116));
#2946=CARTESIAN_POINT('Ctrl Pts',(294.196306277957,246.211938638485,7.27927808647486));
#2947=CARTESIAN_POINT('Ctrl Pts',(297.088898342765,246.214666684808,7.20089832903288));
#2948=CARTESIAN_POINT('Ctrl Pts',(300.857096421078,246.216101125714,7.15968647342171));
#2949=CARTESIAN_POINT('Ctrl Pts',(301.731937243886,246.216285446162,7.15439110854658));
#2950=CARTESIAN_POINT('Ctrl Pts',(302.606789977544,246.216321259969,7.15336258630578));
#2951=CARTESIAN_POINT('Ctrl Pts',(291.30678996358,244.601974453611,7.34825265057793));
#2952=CARTESIAN_POINT('Ctrl Pts',(294.196306307849,244.606320159547,7.22339484232163));
#2953=CARTESIAN_POINT('Ctrl Pts',(297.088898372656,244.609048205869,7.14501508487964));
#2954=CARTESIAN_POINT('Ctrl Pts',(300.857096450969,244.610482646775,7.10380322926848));
#2955=CARTESIAN_POINT('Ctrl Pts',(301.731937273777,244.610666967224,7.09850786439335));
#2956=CARTESIAN_POINT('Ctrl Pts',(302.606790007435,244.610702781031,7.09747934215254));
#2957=CARTESIAN_POINT('Ctrl Pts',(291.306789993471,242.996355974673,7.2923694064247));
#2958=CARTESIAN_POINT('Ctrl Pts',(294.19630633774,243.000701680609,7.1675115981684));
#2959=CARTESIAN_POINT('Ctrl Pts',(297.088898402547,243.003429726931,7.08913184072641));
#2960=CARTESIAN_POINT('Ctrl Pts',(300.857096480861,243.004864167837,7.04791998511524));
#2961=CARTESIAN_POINT('Ctrl Pts',(301.731937303668,243.005048488286,7.04262462024011));
#2962=CARTESIAN_POINT('Ctrl Pts',(302.606790037326,243.005084302093,7.04159609799931));
#2963=CARTESIAN_POINT('',(302.606789991605,243.005084302094,7.04159609805318));
#2964=CARTESIAN_POINT('Ctrl Pts',(302.606789991601,243.005084302094,7.04159609805313));
#2965=CARTESIAN_POINT('Ctrl Pts',(302.606789991601,243.770254070478,7.06822768551874));
#2966=CARTESIAN_POINT('Ctrl Pts',(302.606789991607,244.535423838856,7.09485927298448));
#2967=CARTESIAN_POINT('Ctrl Pts',(302.606789991607,245.354071106885,7.12335213459883));
#2968=CARTESIAN_POINT('Ctrl Pts',(302.606789991607,245.407548606536,7.12521340874787));
#2969=CARTESIAN_POINT('Ctrl Pts',(302.606789991607,245.461026106177,7.1270746828964));
#2970=CARTESIAN_POINT('',(291.306789991609,243.096625243534,7.29585925915516));
#2971=CARTESIAN_POINT('Ctrl Pts',(291.306789991613,243.09662524354,7.29585925915502));
#2972=CARTESIAN_POINT('Ctrl Pts',(293.183242522521,243.067027255323,7.21364819678752));
#2973=CARTESIAN_POINT('Ctrl Pts',(295.060747284303,243.04458809524,7.15132142052855));
#2974=CARTESIAN_POINT('Ctrl Pts',(298.827972894223,243.01397538256,7.06629187009498));
#2975=CARTESIAN_POINT('Ctrl Pts',(300.716887945964,243.005895360973,7.04384888671101));
#2976=CARTESIAN_POINT('Ctrl Pts',(302.606789991607,243.005084302093,7.04159609805315));
#2977=CARTESIAN_POINT('Ctrl Pts',(291.306789991613,245.461026106118,7.37815177718173));
#2978=CARTESIAN_POINT('Ctrl Pts',(291.306789991613,245.40463916404,7.37618924048965));
#2979=CARTESIAN_POINT('Ctrl Pts',(291.306789991613,245.348252221956,7.37422670379776));
#2980=CARTESIAN_POINT('Ctrl Pts',(291.306789991613,244.560118601098,7.34679586445547));
#2981=CARTESIAN_POINT('Ctrl Pts',(291.306789991609,243.828371922318,7.32132756180531));
#2982=CARTESIAN_POINT('Ctrl Pts',(291.306789991609,243.096625243534,7.29585925915505));
#2983=CARTESIAN_POINT('Origin',(302.931789991601,248.466394550983,4.63039454831976));
#2984=CARTESIAN_POINT('',(303.256789991606,242.136992916285,4.63039454831976));
#2985=CARTESIAN_POINT('',(303.256789991606,248.14139455098,4.63039454831976));
#2986=CARTESIAN_POINT('',(302.606789991605,242.136992916285,4.63039454831972));
#2987=CARTESIAN_POINT('',(311.05909222417,242.136992916285,4.63039454831976));
#2988=CARTESIAN_POINT('Ctrl Pts',(302.606789991605,242.136992916285,4.63039454831976));
#2989=CARTESIAN_POINT('Ctrl Pts',(302.606789991605,245.461026106168,4.63039454831976));
#2990=CARTESIAN_POINT('Ctrl Pts',(302.606789991587,172.94139455098,4.63039454831976));
#2991=CARTESIAN_POINT('Ctrl Pts',(302.606789991587,172.94139455098,7.63039454831976));
#2992=CARTESIAN_POINT('Ctrl Pts',(302.606789991587,172.94139455098,15.1303945483198));
#2993=CARTESIAN_POINT('Ctrl Pts',(302.606789991601,239.141394550979,4.63039454831976));
#2994=CARTESIAN_POINT('Ctrl Pts',(302.606789991601,239.141394550979,7.63039454831976));
#2995=CARTESIAN_POINT('Ctrl Pts',(302.606789991601,239.141394550979,15.1303945483198));
#2996=CARTESIAN_POINT('Ctrl Pts',(302.606789991605,257.141394550977,4.63039454831976));
#2997=CARTESIAN_POINT('Ctrl Pts',(302.606789991605,257.141394550977,7.63039454831976));
#2998=CARTESIAN_POINT('Ctrl Pts',(302.606789991605,257.141394550977,15.1303945483198));
#2999=CARTESIAN_POINT('Ctrl Pts',(302.606789991605,259.841394550976,4.63039454831976));
#3000=CARTESIAN_POINT('Ctrl Pts',(302.606789991605,259.841394550976,7.63039454831976));
#3001=CARTESIAN_POINT('Ctrl Pts',(302.606789991605,259.841394550976,15.1303945483198));
#3002=CARTESIAN_POINT('',(302.606789991605,243.526005023305,8.48850004250442));
#3003=CARTESIAN_POINT('Origin',(303.256789991606,248.14139455098,6.13039454831976));
#3004=CARTESIAN_POINT('',(303.256789991606,243.005091924533,7.04161727006486));
#3005=CARTESIAN_POINT('Ctrl Pts',(303.256789991606,245.461026106218,7.12709558972204));
#3006=CARTESIAN_POINT('Ctrl Pts',(303.256789991606,245.407551549702,7.12523441800598));
#3007=CARTESIAN_POINT('Ctrl Pts',(303.256789991606,245.354076993185,7.12337324629006));
#3008=CARTESIAN_POINT('Ctrl Pts',(303.256789991606,244.535432265948,7.0948804730705));
#3009=CARTESIAN_POINT('Ctrl Pts',(303.256789991606,243.770262095213,7.06824887156681));
#3010=CARTESIAN_POINT('Ctrl Pts',(303.256789991606,243.005091924492,7.04161727006352));
#3011=CARTESIAN_POINT('',(303.256789991606,243.415020581983,8.18023081961085));
#3012=CARTESIAN_POINT('Origin',(319.18639445674,243.526005023305,8.48850004250442));
#3013=CARTESIAN_POINT('',(314.556789991609,243.096737052633,7.29616981894638));
#3014=CARTESIAN_POINT('Ctrl Pts',(303.256789991606,243.005091924534,7.04161727006492));
#3015=CARTESIAN_POINT('Ctrl Pts',(305.143786904127,243.005945912902,7.04398929921891));
#3016=CARTESIAN_POINT('Ctrl Pts',(307.030823218497,243.014044084666,7.06648269636277));
#3017=CARTESIAN_POINT('Ctrl Pts',(310.797757016705,243.044646963826,7.15148493330812));
#3018=CARTESIAN_POINT('Ctrl Pts',(312.67780052699,243.067107132952,7.21387006405492));
#3019=CARTESIAN_POINT('Ctrl Pts',(314.556789991611,243.096737052642,7.29616981894665));
#3020=CARTESIAN_POINT('',(314.556789991605,242.136992916285,4.63039454831976));
#3021=CARTESIAN_POINT('',(314.556789991605,243.415020581983,8.18023081961201));
#3022=CARTESIAN_POINT('',(315.206789991607,242.136992916285,4.63039454831976));
#3023=CARTESIAN_POINT('',(311.05909222417,242.136992916285,4.63039454831976));
#3024=CARTESIAN_POINT('',(315.206789991607,243.107273641399,7.32543613763655));
#3025=CARTESIAN_POINT('',(315.206789991607,243.415020581983,8.18023081961201));
#3026=CARTESIAN_POINT('',(320.160111164867,243.206423703305,7.60083431209838));
#3027=CARTESIAN_POINT('Ctrl Pts',(315.206789991603,243.107273641403,7.32543613763656));
#3028=CARTESIAN_POINT('Ctrl Pts',(316.054128126762,243.121382882833,7.36462581899493));
#3029=CARTESIAN_POINT('Ctrl Pts',(316.901261029197,243.136950635667,7.40786664637159));
#3030=CARTESIAN_POINT('Ctrl Pts',(318.552365644725,243.170144051287,7.50006433027935));
#3031=CARTESIAN_POINT('Ctrl Pts',(319.356374924121,243.187626881866,7.54862445754973));
#3032=CARTESIAN_POINT('Ctrl Pts',(320.160111164866,243.206423703307,7.60083431209853));
#3033=CARTESIAN_POINT('',(322.622438840942,240.469937907687,9.52704581891339E-11));
#3034=CARTESIAN_POINT('',(319.944531124274,243.446006649401,8.26629739623782));
#3035=CARTESIAN_POINT('',(283.419836536705,240.469937907687,9.52704581891339E-11));
#3036=CARTESIAN_POINT('',(317.012217224171,240.469937907687,9.5268792854597E-11));
#3037=CARTESIAN_POINT('',(287.695020079361,245.042261458279,12.7000380505583));
#3038=CARTESIAN_POINT('',(290.656789991608,242.136992916285,4.63039454831976));
#3039=CARTESIAN_POINT('',(290.656789991608,243.415020581983,8.18023081961085));
#3040=CARTESIAN_POINT('',(291.306789991609,242.136992916285,4.63039454831976));
#3041=CARTESIAN_POINT('',(311.05909222417,242.136992916285,4.63039454831976));
#3042=CARTESIAN_POINT('',(291.306789991609,243.415020581983,8.18023081961085));
#3043=CARTESIAN_POINT('Ctrl Pts',(303.256789901908,247.821949836096,7.2092670886577));
#3044=CARTESIAN_POINT('Ctrl Pts',(307.025165933778,247.821787298806,7.21393907078414));
#3045=CARTESIAN_POINT('Ctrl Pts',(310.793478956699,247.818870165997,7.29775516007439));
#3046=CARTESIAN_POINT('Ctrl Pts',(314.556789947817,247.813211994995,7.46032582939358));
#3047=CARTESIAN_POINT('Ctrl Pts',(303.256789931799,246.216330532229,7.15338381579296));
#3048=CARTESIAN_POINT('Ctrl Pts',(307.02516596367,246.216167994939,7.15805579791941));
#3049=CARTESIAN_POINT('Ctrl Pts',(310.79347898659,246.213250862129,7.24187188720966));
#3050=CARTESIAN_POINT('Ctrl Pts',(314.556789977708,246.207592691128,7.40444255652885));
#3051=CARTESIAN_POINT('Ctrl Pts',(303.25678996169,244.610711228361,7.09750054292823));
#3052=CARTESIAN_POINT('Ctrl Pts',(307.025165993561,244.610548691071,7.10217252505467));
#3053=CARTESIAN_POINT('Ctrl Pts',(310.793479016481,244.607631558262,7.18598861434493));
#3054=CARTESIAN_POINT('Ctrl Pts',(314.556790007599,244.60197338726,7.34855928366412));
#3055=CARTESIAN_POINT('Ctrl Pts',(303.256789991581,243.005091924494,7.04161727006349));
#3056=CARTESIAN_POINT('Ctrl Pts',(307.025166023452,243.004929387204,7.04628925218994));
#3057=CARTESIAN_POINT('Ctrl Pts',(310.793479046372,243.002012254395,7.13010534148019));
#3058=CARTESIAN_POINT('Ctrl Pts',(314.55679003749,242.996354083393,7.29267601079939));
#3059=CARTESIAN_POINT('',(312.201421546781,247.816394550982,7.36888444655992));
#3060=CARTESIAN_POINT('Ctrl Pts',(312.201421545634,247.816394551689,7.36888442597807));
#3061=CARTESIAN_POINT('Ctrl Pts',(311.506800285429,247.816394552013,7.34492735642323));
#3062=CARTESIAN_POINT('Ctrl Pts',(310.81208434227,247.816394552319,7.32365810096594));
#3063=CARTESIAN_POINT('Ctrl Pts',(310.117304856425,247.81639455248,7.30507816958072));
#3064=CARTESIAN_POINT('Ctrl Pts',(309.675301692253,247.816394552582,7.29325803293352));
#3065=CARTESIAN_POINT('Ctrl Pts',(309.233274695221,247.816394552629,7.2825263653372));
#3066=CARTESIAN_POINT('Ctrl Pts',(308.791225910602,247.816394552619,7.27288342599511));
#3067=CARTESIAN_POINT('Ctrl Pts',(307.731668060241,247.816394552595,7.24977002214472));
#3068=CARTESIAN_POINT('Ctrl Pts',(306.671942145614,247.816394552173,7.23291075648964));
#3069=CARTESIAN_POINT('Ctrl Pts',(305.612158435021,247.8163945517,7.22231330549616));
#3070=CARTESIAN_POINT('',(314.556789991609,245.461026106163,7.37845844928829));
#3071=CARTESIAN_POINT('Ctrl Pts',(314.556789991609,245.461026106171,7.37845844928863));
#3072=CARTESIAN_POINT('Ctrl Pts',(314.423345122282,245.47720656174,7.37324996032566));
#3073=CARTESIAN_POINT('Ctrl Pts',(314.291215859353,245.503339549587,7.36854471298199));
#3074=CARTESIAN_POINT('Ctrl Pts',(313.908575976277,245.609254541787,7.35624431579065));
#3075=CARTESIAN_POINT('Ctrl Pts',(313.667149188022,245.715786076335,7.35022806224195));
#3076=CARTESIAN_POINT('Ctrl Pts',(313.140806872982,246.046646774303,7.34115632418438));
#3077=CARTESIAN_POINT('Ctrl Pts',(312.877899419655,246.296555368353,7.34008973973343));
#3078=CARTESIAN_POINT('Ctrl Pts',(312.538525755672,246.780223473288,7.34462557896008));
#3079=CARTESIAN_POINT('Ctrl Pts',(312.430428890736,246.986195952195,7.34797332865395));
#3080=CARTESIAN_POINT('Ctrl Pts',(312.276653267049,247.401268562194,7.35703129332753));
#3081=CARTESIAN_POINT('Ctrl Pts',(312.226810334874,247.607005915738,7.36247235872048));
#3082=CARTESIAN_POINT('Ctrl Pts',(312.201421546781,247.816394550987,7.36888444656027));
#3083=CARTESIAN_POINT('Ctrl Pts',(314.556789991602,243.096737052633,7.29616981894575));
#3084=CARTESIAN_POINT('Ctrl Pts',(314.556789991602,243.828446233615,7.32163681767072));
#3085=CARTESIAN_POINT('Ctrl Pts',(314.556789991602,244.560155414592,7.3471038163958));
#3086=CARTESIAN_POINT('Ctrl Pts',(314.556789991602,245.348251765768,7.37453335984323));
#3087=CARTESIAN_POINT('Ctrl Pts',(314.556789991602,245.404638935966,7.37649590456579));
#3088=CARTESIAN_POINT('Ctrl Pts',(314.556789991602,245.461026106163,7.37845844928822));
#3089=CARTESIAN_POINT('Origin',(302.931789991601,248.466394550983,4.63039454831976));
#3090=CARTESIAN_POINT('',(290.656789991608,248.14139455098,4.63039454831976));
#3091=CARTESIAN_POINT('',(291.306789991609,248.14139455098,4.63039454831976));
#3092=CARTESIAN_POINT('Origin',(291.306789991609,248.14139455098,6.13039454831976));
#3093=CARTESIAN_POINT('Origin',(290.656789991608,248.14139455098,6.13039454831976));
#3094=CARTESIAN_POINT('Origin',(320.647064923069,248.722313194558,6.09768147436542));
#3095=CARTESIAN_POINT('',(321.122399742699,247.816394550973,4.63039454831976));
#3096=CARTESIAN_POINT('',(320.109189457485,247.816394550973,7.75802194574684));
#3097=CARTESIAN_POINT('',(319.800979470997,247.816394550973,8.70941970785455));
#3098=CARTESIAN_POINT('',(321.122399742703,248.466394550983,4.63039454831933));
#3099=CARTESIAN_POINT('',(321.122399742703,248.594353872772,4.63039454831976));
#3100=CARTESIAN_POINT('',(320.102009314392,248.466394550983,7.78018596498373));
#3101=CARTESIAN_POINT('',(320.647064923069,248.466394550983,6.09768147436542));
#3102=CARTESIAN_POINT('',(320.027566617291,255.205175414244,8.00997934784609));
#3103=CARTESIAN_POINT('Ctrl Pts',(320.102009314394,248.466394550982,7.78018596498416));
#3104=CARTESIAN_POINT('Ctrl Pts',(320.089602175062,249.589576377035,7.81848493360817));
#3105=CARTESIAN_POINT('Ctrl Pts',(320.077194762393,250.712758171278,7.85678474658875));
#3106=CARTESIAN_POINT('Ctrl Pts',(320.064787075968,251.8359399337,7.89508540398172));
#3107=CARTESIAN_POINT('Ctrl Pts',(320.052380529993,252.959018459027,7.93338254097506));
#3108=CARTESIAN_POINT('Ctrl Pts',(320.039973710314,254.082096952538,7.97168052222565));
#3109=CARTESIAN_POINT('Ctrl Pts',(320.027566617296,255.205175414237,8.00997934783989));
#3110=CARTESIAN_POINT('',(322.622438840942,255.886875784281,9.52704581891339E-11));
#3111=CARTESIAN_POINT('',(320.464695575793,255.320013813625,6.66062815514158));
#3112=CARTESIAN_POINT('',(322.622438840942,248.431853872767,9.5268792854597E-11));
#3113=CARTESIAN_POINT('Ctrl Pts',(320.160111164866,243.206423703302,7.60083431209834));
#3114=CARTESIAN_POINT('Ctrl Pts',(320.152158016924,243.926448410905,7.62538448081881));
#3115=CARTESIAN_POINT('Ctrl Pts',(320.144204756635,244.646473105439,7.64993499647791));
#3116=CARTESIAN_POINT('Ctrl Pts',(320.136251383886,245.366497786897,7.67448585909009));
#3117=CARTESIAN_POINT('Ctrl Pts',(320.127230886366,246.18313005841,7.70233077499208));
#3118=CARTESIAN_POINT('Ctrl Pts',(320.118210244184,246.999762313103,7.73017613719632));
#3119=CARTESIAN_POINT('Ctrl Pts',(320.109189457483,247.816394550984,7.75802194574393));
#3120=CARTESIAN_POINT('Origin',(315.210710974445,255.458714254396,5.030897976101));
#3121=CARTESIAN_POINT('',(283.236495573583,255.886875784295,9.52704581891339E-11));
#3122=CARTESIAN_POINT('',(286.865887910319,254.983496695168,10.6147042970962));
#3123=CARTESIAN_POINT('',(315.024375483026,255.886875784281,9.52704581891339E-11));
#3124=CARTESIAN_POINT('',(315.206789991603,255.227532852164,7.74727945228804));
#3125=CARTESIAN_POINT('Ctrl Pts',(320.027566617289,255.205175414244,8.00997934784453));
#3126=CARTESIAN_POINT('Ctrl Pts',(319.257282814385,255.209335710229,7.96109587001625));
#3127=CARTESIAN_POINT('Ctrl Pts',(318.48678146737,255.213214962619,7.91551465437069));
#3128=CARTESIAN_POINT('Ctrl Pts',(316.879872819754,255.220717291691,7.82736228783575));
#3129=CARTESIAN_POINT('Ctrl Pts',(316.04341611378,255.224290593428,7.78537599246925));
#3130=CARTESIAN_POINT('Ctrl Pts',(315.206789991603,255.227532852159,7.74727945228845));
#3131=CARTESIAN_POINT('',(315.206789991607,255.492799652507,4.63039454831976));
#3132=CARTESIAN_POINT('',(315.206789991607,255.385954148587,5.88582921931365));
#3133=CARTESIAN_POINT('',(314.556789991605,255.492799652507,4.63039454831976));
#3134=CARTESIAN_POINT('',(309.071250483025,255.492799652516,4.63039454831976));
#3135=CARTESIAN_POINT('',(314.556789991605,255.385954148587,5.88582921931366));
#3136=CARTESIAN_POINT('Ctrl Pts',(315.206789909585,255.227532852301,7.7472794485472));
#3137=CARTESIAN_POINT('Ctrl Pts',(316.839659754212,255.224940472676,7.82176369692541));
#3138=CARTESIAN_POINT('Ctrl Pts',(318.471534057914,255.221832041986,7.91107494953769));
#3139=CARTESIAN_POINT('Ctrl Pts',(320.102009188699,255.218208661525,8.01518156410443));
#3140=CARTESIAN_POINT('Ctrl Pts',(315.206789951516,252.975186293002,7.66888695721625));
#3141=CARTESIAN_POINT('Ctrl Pts',(316.839659796143,252.972593913377,7.74337120559446));
#3142=CARTESIAN_POINT('Ctrl Pts',(318.471534099845,252.969485482687,7.83268245820674));
#3143=CARTESIAN_POINT('Ctrl Pts',(320.10200923063,252.965862102226,7.93678907277348));
#3144=CARTESIAN_POINT('Ctrl Pts',(315.206789993446,250.722839733703,7.59049446588529));
#3145=CARTESIAN_POINT('Ctrl Pts',(316.839659838074,250.720247354078,7.6649787142635));
#3146=CARTESIAN_POINT('Ctrl Pts',(318.471534141776,250.717138923388,7.75428996687578));
#3147=CARTESIAN_POINT('Ctrl Pts',(320.102009272561,250.713515542927,7.85839658144252));
#3148=CARTESIAN_POINT('Ctrl Pts',(315.206790035377,248.470493174404,7.51210197455432));
#3149=CARTESIAN_POINT('Ctrl Pts',(316.839659880005,248.467900794779,7.58658622293254));
#3150=CARTESIAN_POINT('Ctrl Pts',(318.471534183707,248.464792364089,7.67589747554482));
#3151=CARTESIAN_POINT('Ctrl Pts',(320.102009314492,248.461168983628,7.78000409011156));
#3152=CARTESIAN_POINT('',(317.562158436426,248.466394550983,7.62986349711617));
#3153=CARTESIAN_POINT('Ctrl Pts',(317.562158436431,248.466394550983,7.62986349711561));
#3154=CARTESIAN_POINT('Ctrl Pts',(317.613469193457,248.466394550983,7.63265720117729));
#3155=CARTESIAN_POINT('Ctrl Pts',(317.664779120521,248.466394550983,7.63546558652583));
#3156=CARTESIAN_POINT('Ctrl Pts',(318.511596785575,248.466394550983,7.6820581614692));
#3157=CARTESIAN_POINT('Ctrl Pts',(319.306919544047,248.466394550983,7.729357606836));
#3158=CARTESIAN_POINT('Ctrl Pts',(320.102009314396,248.466394550983,7.78018596498343));
#3159=CARTESIAN_POINT('',(315.206789991607,250.821762995815,7.59393747110833));
#3160=CARTESIAN_POINT('Ctrl Pts',(315.206789991605,250.82176299582,7.59393747110838));
#3161=CARTESIAN_POINT('Ctrl Pts',(315.441958038068,250.793248375021,7.60368533848823));
#3162=CARTESIAN_POINT('Ctrl Pts',(315.671955943615,250.733955233678,7.6124393827539));
#3163=CARTESIAN_POINT('Ctrl Pts',(315.890939859589,250.645713533707,7.61992722700287));
#3164=CARTESIAN_POINT('Ctrl Pts',(315.995056338058,250.603758785505,7.62348734223354));
#3165=CARTESIAN_POINT('Ctrl Pts',(316.096683109947,250.555260093509,7.62676040818457));
#3166=CARTESIAN_POINT('Ctrl Pts',(316.195192413363,250.500414279331,7.62971312844041));
#3167=CARTESIAN_POINT('Ctrl Pts',(316.506725174675,250.326966012573,7.63905101900288));
#3168=CARTESIAN_POINT('Ctrl Pts',(316.780886157929,250.093483492002,7.64500319739502));
#3169=CARTESIAN_POINT('Ctrl Pts',(317.001765550472,249.813430325152,7.6468206908681));
#3170=CARTESIAN_POINT('Ctrl Pts',(317.172303336692,249.597205323134,7.6482239513072));
#3171=CARTESIAN_POINT('Ctrl Pts',(317.308754251395,249.356165959542,7.64713673402558));
#3172=CARTESIAN_POINT('Ctrl Pts',(317.406385599172,249.098691275371,7.64343437813132));
#3173=CARTESIAN_POINT('Ctrl Pts',(317.483664476935,248.894890394831,7.6405038244198));
#3174=CARTESIAN_POINT('Ctrl Pts',(317.535946133421,248.682574644107,7.63596042770617));
#3175=CARTESIAN_POINT('Ctrl Pts',(317.562158436455,248.466394551039,7.62986349544227));
#3176=CARTESIAN_POINT('Ctrl Pts',(315.206789991607,255.227532852159,7.74727945228831));
#3177=CARTESIAN_POINT('Ctrl Pts',(315.206789991607,254.100336915108,7.70804761226919));
#3178=CARTESIAN_POINT('Ctrl Pts',(315.206789991603,252.973140978065,7.66881577225037));
#3179=CARTESIAN_POINT('Ctrl Pts',(315.206789991607,251.504551025951,7.6177017785236));
#3180=CARTESIAN_POINT('Ctrl Pts',(315.206789991607,251.163157010883,7.60581962481603));
#3181=CARTESIAN_POINT('Ctrl Pts',(315.206789991607,250.821762995811,7.59393747110832));
#3182=CARTESIAN_POINT('Ctrl Pts',(315.206789903761,247.825734701634,7.48966127263298));
#3183=CARTESIAN_POINT('Ctrl Pts',(316.859055690203,247.823111528622,7.56503027659136));
#3184=CARTESIAN_POINT('Ctrl Pts',(318.510302144327,247.819959971977,7.65558061989006));
#3185=CARTESIAN_POINT('Ctrl Pts',(320.160111079046,247.816281172687,7.76127951988118));
#3186=CARTESIAN_POINT('Ctrl Pts',(315.206789933042,246.252914348208,7.43491956096693));
#3187=CARTESIAN_POINT('Ctrl Pts',(316.859055719483,246.250291175195,7.51028856492532));
#3188=CARTESIAN_POINT('Ctrl Pts',(318.510302173608,246.247139618551,7.60083890822401));
#3189=CARTESIAN_POINT('Ctrl Pts',(320.160111108327,246.24346081926,7.70653780821513));
#3190=CARTESIAN_POINT('Ctrl Pts',(315.206789962322,244.680093994781,7.38017784930089));
#3191=CARTESIAN_POINT('Ctrl Pts',(316.859055748764,244.677470821768,7.45554685325927));
#3192=CARTESIAN_POINT('Ctrl Pts',(318.510302202888,244.674319265124,7.54609719655797));
#3193=CARTESIAN_POINT('Ctrl Pts',(320.160111137607,244.670640465834,7.65179609654909));
#3194=CARTESIAN_POINT('Ctrl Pts',(315.206789991603,243.107273641354,7.32543613763484));
#3195=CARTESIAN_POINT('Ctrl Pts',(316.859055778044,243.104650468342,7.40080514159322));
#3196=CARTESIAN_POINT('Ctrl Pts',(318.510302232169,243.101498911697,7.49135548489192));
#3197=CARTESIAN_POINT('Ctrl Pts',(320.160111166888,243.097820112407,7.59705438488304));
#3198=CARTESIAN_POINT('',(315.206789991607,245.461026106168,7.40735804411903));
#3199=CARTESIAN_POINT('Ctrl Pts',(315.206789991607,245.461026106218,7.40735804412063));
#3200=CARTESIAN_POINT('Ctrl Pts',(315.206789991607,245.432747398672,7.40637380908746));
#3201=CARTESIAN_POINT('Ctrl Pts',(315.206789991607,245.404468691122,7.4053895740542));
#3202=CARTESIAN_POINT('Ctrl Pts',(315.206789991607,244.619884536164,7.37808227189231));
#3203=CARTESIAN_POINT('Ctrl Pts',(315.206789991607,243.863579088757,7.35175920476353));
#3204=CARTESIAN_POINT('Ctrl Pts',(315.206789991607,243.107273641358,7.32543613763484));
#3205=CARTESIAN_POINT('',(317.562158436422,247.816394550982,7.60724037074179));
#3206=CARTESIAN_POINT('Ctrl Pts',(317.562158436452,247.816394551047,7.60724036899068));
#3207=CARTESIAN_POINT('Ctrl Pts',(317.53371505275,247.581814118035,7.59752719178303));
#3208=CARTESIAN_POINT('Ctrl Pts',(317.474643952808,247.352352981419,7.58632448527913));
#3209=CARTESIAN_POINT('Ctrl Pts',(317.386741035581,247.133814694377,7.57398976950752));
#3210=CARTESIAN_POINT('Ctrl Pts',(317.351139839543,247.045305408858,7.56899413741577));
#3211=CARTESIAN_POINT('Ctrl Pts',(317.310809319505,246.958587773891,7.56381344391927));
#3212=CARTESIAN_POINT('Ctrl Pts',(317.265868604189,246.874047254857,7.55847379897196));
#3213=CARTESIAN_POINT('Ctrl Pts',(317.09898711329,246.560117052397,7.53864572317432));
#3214=CARTESIAN_POINT('Ctrl Pts',(316.871760578709,246.282271389716,7.51700378530492));
#3215=CARTESIAN_POINT('Ctrl Pts',(316.597305940952,246.056447302864,7.49518797441755));
#3216=CARTESIAN_POINT('Ctrl Pts',(316.388434370446,245.884585635433,7.47858522097471));
#3217=CARTESIAN_POINT('Ctrl Pts',(316.154896205862,245.74506517324,7.46210167780501));
#3218=CARTESIAN_POINT('Ctrl Pts',(315.904512219251,245.642586986367,7.44644914177592));
#3219=CARTESIAN_POINT('Ctrl Pts',(315.681108403103,245.551151354522,7.43248324751631));
#3220=CARTESIAN_POINT('Ctrl Pts',(315.44644147378,245.490084308491,7.41931448466465));
#3221=CARTESIAN_POINT('Ctrl Pts',(315.20678999161,245.461026106167,7.40735804411922));
#3222=CARTESIAN_POINT('Ctrl Pts',(320.109189457485,247.816394550973,7.75802194574575));
#3223=CARTESIAN_POINT('Ctrl Pts',(319.322718337082,247.816394550973,7.70772345520397));
#3224=CARTESIAN_POINT('Ctrl Pts',(318.536019426588,247.816394550982,7.66087781562492));
#3225=CARTESIAN_POINT('Ctrl Pts',(317.686812969375,247.816394550982,7.61404913452106));
#3226=CARTESIAN_POINT('Ctrl Pts',(317.624486314867,247.816394550982,7.61063392127749));
#3227=CARTESIAN_POINT('Ctrl Pts',(317.562158436422,247.816394550982,7.60724037074113));
#3228=CARTESIAN_POINT('Origin',(305.881789991602,239.149367041996,0.200000000095271));
#3229=CARTESIAN_POINT('',(314.881789991603,245.441394550994,0.200000000095271));
#3230=CARTESIAN_POINT('Origin',(314.881789991603,248.141394550994,0.200000000095271));
#3231=CARTESIAN_POINT('',(314.381789991603,248.641394550991,0.200000000095268));
#3232=CARTESIAN_POINT('',(314.381789991603,250.141394550992,0.200000000095267));
#3233=CARTESIAN_POINT('',(314.381789991603,243.895380796494,0.20000000009527));
#3234=CARTESIAN_POINT('',(312.881789991602,248.641394550991,0.200000000095268));
#3235=CARTESIAN_POINT('',(309.381789991603,248.641394550991,0.200000000095268));
#3236=CARTESIAN_POINT('',(312.881789991602,247.641394550992,0.200000000095268));
#3237=CARTESIAN_POINT('',(312.881789991602,243.395380796496,0.20000000009527));
#3238=CARTESIAN_POINT('',(314.381789991603,247.641394550992,0.200000000095268));
#3239=CARTESIAN_POINT('',(310.131789991601,247.641394550992,0.200000000095268));
#3240=CARTESIAN_POINT('',(314.381789991603,246.141394550991,0.200000000095269));
#3241=CARTESIAN_POINT('',(314.381789991603,243.895380796494,0.20000000009527));
#3242=CARTESIAN_POINT('',(315.381789991602,246.141394550991,0.200000000095269));
#3243=CARTESIAN_POINT('',(310.631789991603,246.141394550991,0.200000000095269));
#3244=CARTESIAN_POINT('',(315.381789991602,247.641394550992,0.200000000095268));
#3245=CARTESIAN_POINT('',(315.381789991602,243.395380796496,0.20000000009527));
#3246=CARTESIAN_POINT('',(316.881789991603,247.641394550992,0.200000000095268));
#3247=CARTESIAN_POINT('',(310.131789991601,247.641394550992,0.200000000095268));
#3248=CARTESIAN_POINT('',(316.881789991603,248.641394550991,0.200000000095268));
#3249=CARTESIAN_POINT('',(316.881789991603,243.895380796494,0.20000000009527));
#3250=CARTESIAN_POINT('',(315.381789991602,248.641394550991,0.200000000095268));
#3251=CARTESIAN_POINT('',(310.631789991603,248.641394550991,0.200000000095268));
#3252=CARTESIAN_POINT('',(315.381789991602,250.141394550992,0.200000000095267));
#3253=CARTESIAN_POINT('',(315.381789991602,244.645380796496,0.200000000095269));
#3254=CARTESIAN_POINT('',(310.131789991601,250.141394550992,0.200000000095267));
#3255=CARTESIAN_POINT('Origin',(314.881789991603,248.141394550994,9.52704581891339E-11));
#3256=CARTESIAN_POINT('',(312.201421546781,248.466394550983,4.63039454831976));
#3257=CARTESIAN_POINT('Ctrl Pts',(312.201421546779,248.466394550992,7.39150757269285));
#3258=CARTESIAN_POINT('Ctrl Pts',(312.201421546779,248.466394550992,6.47113656456849));
#3259=CARTESIAN_POINT('Ctrl Pts',(312.201421546779,248.466394550983,5.55076555644413));
#3260=CARTESIAN_POINT('Ctrl Pts',(312.201421546779,248.466394550983,4.63039454831976));
#3261=CARTESIAN_POINT('',(314.556789991605,250.821762995815,4.63039454831976));
#3262=CARTESIAN_POINT('',(314.556789991605,250.821762995815,9.52704581891339E-11));
#3263=CARTESIAN_POINT('',(315.206789991607,250.821762995815,4.63039454831976));
#3264=CARTESIAN_POINT('Origin',(314.881789991603,248.141394550994,4.63039454831976));
#3265=CARTESIAN_POINT('',(315.206789991607,250.821762995815,9.52704581891339E-11));
#3266=CARTESIAN_POINT('',(317.562158436431,248.466394550983,4.63039454831976));
#3267=CARTESIAN_POINT('Ctrl Pts',(317.562158436426,248.466394550983,4.63039454831976));
#3268=CARTESIAN_POINT('Ctrl Pts',(317.562158436426,248.466394550983,5.63021753125189));
#3269=CARTESIAN_POINT('Ctrl Pts',(317.562158436426,248.466394550992,6.63004051418403));
#3270=CARTESIAN_POINT('Ctrl Pts',(317.562158436426,248.466394550983,7.62986349711616));
#3271=CARTESIAN_POINT('',(317.562158436422,247.816394550982,4.63039454831976));
#3272=CARTESIAN_POINT('Origin',(314.881789991603,248.141394550994,4.63039454831976));
#3273=CARTESIAN_POINT('',(317.562158436422,247.816394550982,9.52704581891339E-11));
#3274=CARTESIAN_POINT('',(315.206789991607,245.461026106168,4.63039454831976));
#3275=CARTESIAN_POINT('',(315.206789991607,245.461026106168,9.52704581891339E-11));
#3276=CARTESIAN_POINT('',(314.881789991603,245.441394550994,4.63039454831976));
#3277=CARTESIAN_POINT('Origin',(314.881789991603,248.141394550994,4.63039454831976));
#3278=CARTESIAN_POINT('',(314.881789991603,245.441394550994,9.52704581891339E-11));
#3279=CARTESIAN_POINT('',(314.556789991605,245.461026106168,4.63039454831976));
#3280=CARTESIAN_POINT('Origin',(314.881789991603,248.141394550994,4.63039454831976));
#3281=CARTESIAN_POINT('',(314.556789991605,245.461026106168,9.52704581891339E-11));
#3282=CARTESIAN_POINT('',(312.201421546781,247.816394550982,4.63039454831976));
#3283=CARTESIAN_POINT('',(312.201421546781,247.816394550982,9.52704581891339E-11));
#3284=CARTESIAN_POINT('Origin',(314.881789991603,248.141394550994,4.63039454831976));
#3285=CARTESIAN_POINT('Origin',(314.381789991603,250.141394550992,9.52671275200601E-11));
#3286=CARTESIAN_POINT('',(314.381789991603,250.141394550992,7.53384581665317));
#3287=CARTESIAN_POINT('',(315.381789991602,250.141394550992,7.57830678024261));
#3288=CARTESIAN_POINT('Ctrl Pts',(315.381789991602,250.141394550992,7.57830678024217));
#3289=CARTESIAN_POINT('Ctrl Pts',(315.22122154455,250.141394550992,7.57086886604832));
#3290=CARTESIAN_POINT('Ctrl Pts',(315.060646585391,250.141394550992,7.56357465212382));
#3291=CARTESIAN_POINT('Ctrl Pts',(314.727314558024,250.141394550992,7.54873173985864));
#3292=CARTESIAN_POINT('Ctrl Pts',(314.554555895079,250.141394551001,7.54120562182301));
#3293=CARTESIAN_POINT('Ctrl Pts',(314.381789991603,250.141394551001,7.53384581665182));
#3294=CARTESIAN_POINT('',(314.381789991603,250.141394550992,9.52671275200601E-11));
#3295=CARTESIAN_POINT('',(315.381789991602,250.141394550992,9.52671275200601E-11));
#3296=CARTESIAN_POINT('Origin',(315.381789991602,250.141394550992,9.52671275200601E-11));
#3297=CARTESIAN_POINT('',(315.381789991602,248.641394550987,7.52609956576003));
#3298=CARTESIAN_POINT('Ctrl Pts',(315.381789991602,248.641394550987,7.52609956575997));
#3299=CARTESIAN_POINT('Ctrl Pts',(315.381789991602,249.141394550966,7.54350197058688));
#3300=CARTESIAN_POINT('Ctrl Pts',(315.381789991602,249.64139455094,7.56090437541371));
#3301=CARTESIAN_POINT('Ctrl Pts',(315.381789991602,250.141394550942,7.57830678024071));
#3302=CARTESIAN_POINT('',(315.381789991602,248.641394550991,9.52671275200601E-11));
#3303=CARTESIAN_POINT('Origin',(314.381789991603,248.641394550991,9.52671275200601E-11));
#3304=CARTESIAN_POINT('',(314.381789991605,248.641394550991,7.48163860227466));
#3305=CARTESIAN_POINT('Ctrl Pts',(314.381789991603,250.141394550992,7.5338458166532));
#3306=CARTESIAN_POINT('Ctrl Pts',(314.381789991603,249.641394550999,7.51644341186074));
#3307=CARTESIAN_POINT('Ctrl Pts',(314.381789991603,249.141394551007,7.49904100706779));
#3308=CARTESIAN_POINT('Ctrl Pts',(314.381789991603,248.641394551023,7.48163860227584));
#3309=CARTESIAN_POINT('',(314.381789991603,248.641394550991,9.52671275200601E-11));
#3310=CARTESIAN_POINT('Origin',(315.381789991602,248.641394550991,9.52671275200601E-11));
#3311=CARTESIAN_POINT('',(316.881789991603,248.641394550987,7.59977341683286));
#3312=CARTESIAN_POINT('Ctrl Pts',(316.881789991598,248.641394550991,7.59977341683287));
#3313=CARTESIAN_POINT('Ctrl Pts',(316.381860931097,248.641394550991,7.57382194550144));
#3314=CARTESIAN_POINT('Ctrl Pts',(315.881857042414,248.641394550991,7.54926386656134));
#3315=CARTESIAN_POINT('Ctrl Pts',(315.381789991598,248.641394550991,7.52609956575979));
#3316=CARTESIAN_POINT('',(316.881789991603,248.641394550991,9.52671275200601E-11));
#3317=CARTESIAN_POINT('Origin',(312.881789991602,248.641394550991,9.52671275200601E-11));
#3318=CARTESIAN_POINT('',(312.881789991602,248.641394550991,7.4219245607527));
#3319=CARTESIAN_POINT('Ctrl Pts',(314.381789991598,248.641394550987,7.48163860227355));
#3320=CARTESIAN_POINT('Ctrl Pts',(313.881846744875,248.641394550987,7.46034108459477));
#3321=CARTESIAN_POINT('Ctrl Pts',(313.381842867038,248.641394550987,7.44043624642156));
#3322=CARTESIAN_POINT('Ctrl Pts',(312.881789991607,248.641394550991,7.42192456075245));
#3323=CARTESIAN_POINT('',(312.881789991602,248.641394550991,9.52671275200601E-11));
#3324=CARTESIAN_POINT('Origin',(316.881789991603,248.641394550991,9.52671275200601E-11));
#3325=CARTESIAN_POINT('',(316.881789991603,247.641394550992,7.56496860707421));
#3326=CARTESIAN_POINT('Ctrl Pts',(316.881789991603,247.641394550988,7.56496860707415));
#3327=CARTESIAN_POINT('Ctrl Pts',(316.881789991603,247.804923109798,7.57066018745381));
#3328=CARTESIAN_POINT('Ctrl Pts',(316.881789991603,247.968451668612,7.57635176783325));
#3329=CARTESIAN_POINT('Ctrl Pts',(316.881789991603,248.301785001941,7.58795337108615));
#3330=CARTESIAN_POINT('Ctrl Pts',(316.881789991605,248.471589776468,7.59386339395948));
#3331=CARTESIAN_POINT('Ctrl Pts',(316.881789991605,248.641394550991,7.59977341683288));
#3332=CARTESIAN_POINT('',(316.881789991603,247.641394550992,9.52682377430847E-11));
#3333=CARTESIAN_POINT('Origin',(312.881789991602,247.641394550992,9.52682377430847E-11));
#3334=CARTESIAN_POINT('',(312.881789991607,247.641394550992,7.38711975127107));
#3335=CARTESIAN_POINT('Ctrl Pts',(312.881789991602,248.641394550987,7.42192456075244));
#3336=CARTESIAN_POINT('Ctrl Pts',(312.881789991602,248.473650587039,7.4160862640457));
#3337=CARTESIAN_POINT('Ctrl Pts',(312.881789991602,248.305906623095,7.41024796733857));
#3338=CARTESIAN_POINT('Ctrl Pts',(312.881789991602,247.972573289767,7.398646364178));
#3339=CARTESIAN_POINT('Ctrl Pts',(312.881789991602,247.806983920382,7.39288305772426));
#3340=CARTESIAN_POINT('Ctrl Pts',(312.881789991602,247.641394551001,7.38711975127074));
#3341=CARTESIAN_POINT('',(312.881789991602,247.641394550992,9.52682377430847E-11));
#3342=CARTESIAN_POINT('Origin',(314.381789991603,247.641394550992,9.52682377430847E-11));
#3343=CARTESIAN_POINT('',(315.381789991598,247.641394550988,7.49129475610497));
#3344=CARTESIAN_POINT('Ctrl Pts',(315.381789991598,247.641394550992,7.49129475610494));
#3345=CARTESIAN_POINT('Ctrl Pts',(315.881857042455,247.641394550992,7.51445905687391));
#3346=CARTESIAN_POINT('Ctrl Pts',(316.381860931126,247.641394550992,7.53901713577879));
#3347=CARTESIAN_POINT('Ctrl Pts',(316.881789991598,247.641394550992,7.56496860707396));
#3348=CARTESIAN_POINT('',(315.381789991602,247.641394550992,9.52682377430847E-11));
#3349=CARTESIAN_POINT('Origin',(314.381789991603,247.641394550992,9.52682377430847E-11));
#3350=CARTESIAN_POINT('',(314.381789991598,247.641394550992,7.44683379268895));
#3351=CARTESIAN_POINT('Ctrl Pts',(312.881789991613,247.641394550992,7.38711975127087));
#3352=CARTESIAN_POINT('Ctrl Pts',(313.381842867009,247.641394550992,7.40563143690439));
#3353=CARTESIAN_POINT('Ctrl Pts',(313.881846744869,247.641394551001,7.4255362750433));
#3354=CARTESIAN_POINT('Ctrl Pts',(314.38178999161,247.641394551001,7.44683379268789));
#3355=CARTESIAN_POINT('',(314.381789991603,247.641394550992,9.52682377430847E-11));
#3356=CARTESIAN_POINT('Origin',(315.381789991602,247.641394550992,9.52682377430847E-11));
#3357=CARTESIAN_POINT('',(315.381789991602,246.141394550987,7.43908754162293));
#3358=CARTESIAN_POINT('Ctrl Pts',(315.381789991602,246.141394550991,7.43908754162258));
#3359=CARTESIAN_POINT('Ctrl Pts',(315.381789991602,246.641394550984,7.45648994645005));
#3360=CARTESIAN_POINT('Ctrl Pts',(315.381789991602,247.141394550995,7.47389235127768));
#3361=CARTESIAN_POINT('Ctrl Pts',(315.381789991602,247.641394550992,7.49129475610522));
#3362=CARTESIAN_POINT('',(315.381789991602,246.141394550991,9.52682377430847E-11));
#3363=CARTESIAN_POINT('Origin',(315.381789991602,246.141394550991,9.5268792854597E-11));
#3364=CARTESIAN_POINT('',(314.381789991603,246.141394550991,7.39462657831076));
#3365=CARTESIAN_POINT('Ctrl Pts',(314.381789991605,246.141394550991,7.39462657830962));
#3366=CARTESIAN_POINT('Ctrl Pts',(314.554552523587,246.141394550991,7.40198623980758));
#3367=CARTESIAN_POINT('Ctrl Pts',(314.727307815326,246.141394550991,7.40951220767887));
#3368=CARTESIAN_POINT('Ctrl Pts',(315.060639843257,246.141394550991,7.42435510732737));
#3369=CARTESIAN_POINT('Ctrl Pts',(315.221218173617,246.141394550991,7.43164947132357));
#3370=CARTESIAN_POINT('Ctrl Pts',(315.381789991607,246.141394550991,7.43908754162272));
#3371=CARTESIAN_POINT('',(314.381789991603,246.141394550991,9.52682377430847E-11));
#3372=CARTESIAN_POINT('Origin',(314.381789991603,248.641394550991,9.52671275200601E-11));
#3373=CARTESIAN_POINT('Ctrl Pts',(314.381789991603,247.641394550988,7.44683379268896));
#3374=CARTESIAN_POINT('Ctrl Pts',(314.381789991603,247.141394550972,7.4294313878955));
#3375=CARTESIAN_POINT('Ctrl Pts',(314.381789991603,246.64139455097,7.41202898310189));
#3376=CARTESIAN_POINT('Ctrl Pts',(314.381789991603,246.141394550955,7.39462657830855));
#3377=CARTESIAN_POINT('Ctrl Pts',(312.881789944991,250.145015908833,7.47425781391938));
#3378=CARTESIAN_POINT('Ctrl Pts',(314.21573254631,250.143299287986,7.52357989726714));
#3379=CARTESIAN_POINT('Ctrl Pts',(315.549139124389,250.14123827719,7.5827968758928));
#3380=CARTESIAN_POINT('Ctrl Pts',(316.881789963729,250.138833477086,7.65189149233437));
#3381=CARTESIAN_POINT('Ctrl Pts',(312.881789969823,248.811167387288,7.42783347116881));
#3382=CARTESIAN_POINT('Ctrl Pts',(314.215732571142,248.809450766441,7.47715555451657));
#3383=CARTESIAN_POINT('Ctrl Pts',(315.54913914922,248.807389755646,7.53637253314223));
#3384=CARTESIAN_POINT('Ctrl Pts',(316.881789988561,248.804984955541,7.6054671495838));
#3385=CARTESIAN_POINT('Ctrl Pts',(312.881789994655,247.477318865744,7.38140912841824));
#3386=CARTESIAN_POINT('Ctrl Pts',(314.215732595973,247.475602244897,7.430731211766));
#3387=CARTESIAN_POINT('Ctrl Pts',(315.549139174052,247.473541234102,7.48994819039166));
#3388=CARTESIAN_POINT('Ctrl Pts',(316.881790013392,247.471136433997,7.55904280683323));
#3389=CARTESIAN_POINT('Ctrl Pts',(312.881790019486,246.1434703442,7.33498478566767));
#3390=CARTESIAN_POINT('Ctrl Pts',(314.215732620805,246.141753723353,7.38430686901543));
#3391=CARTESIAN_POINT('Ctrl Pts',(315.549139198884,246.139692712558,7.44352384764109));
#3392=CARTESIAN_POINT('Ctrl Pts',(316.881790038224,246.137287912453,7.51261846408266));
#3393=CARTESIAN_POINT('Origin',(293.931789991602,239.149367041996,0.200000000095271));
#3394=CARTESIAN_POINT('',(302.431789991601,248.641394550991,0.200000000095268));
#3395=CARTESIAN_POINT('',(302.431789991601,250.141394550992,0.200000000095267));
#3396=CARTESIAN_POINT('',(302.431789991601,243.895380796494,0.20000000009527));
#3397=CARTESIAN_POINT('',(300.9317899916,248.641394550991,0.200000000095268));
#3398=CARTESIAN_POINT('',(297.431789991601,248.641394550991,0.200000000095268));
#3399=CARTESIAN_POINT('',(300.9317899916,247.641394550992,0.200000000095268));
#3400=CARTESIAN_POINT('',(300.9317899916,243.395380796496,0.20000000009527));
#3401=CARTESIAN_POINT('',(302.431789991601,247.641394550992,0.200000000095268));
#3402=CARTESIAN_POINT('',(298.181789991602,247.641394550992,0.200000000095268));
#3403=CARTESIAN_POINT('',(302.431789991601,246.141394550991,0.200000000095269));
#3404=CARTESIAN_POINT('',(302.431789991601,243.895380796494,0.20000000009527));
#3405=CARTESIAN_POINT('',(303.4317899916,246.141394550991,0.200000000095269));
#3406=CARTESIAN_POINT('',(298.681789991601,246.141394550991,0.200000000095269));
#3407=CARTESIAN_POINT('',(303.4317899916,247.641394550992,0.200000000095268));
#3408=CARTESIAN_POINT('',(303.4317899916,243.395380796496,0.20000000009527));
#3409=CARTESIAN_POINT('',(304.931789991601,247.641394550992,0.200000000095268));
#3410=CARTESIAN_POINT('',(298.181789991602,247.641394550992,0.200000000095268));
#3411=CARTESIAN_POINT('',(304.931789991601,248.641394550991,0.200000000095268));
#3412=CARTESIAN_POINT('',(304.931789991601,243.895380796494,0.20000000009527));
#3413=CARTESIAN_POINT('',(303.4317899916,248.641394550991,0.200000000095268));
#3414=CARTESIAN_POINT('',(298.681789991601,248.641394550991,0.200000000095268));
#3415=CARTESIAN_POINT('',(303.4317899916,250.141394550992,0.200000000095267));
#3416=CARTESIAN_POINT('',(303.4317899916,244.645380796496,0.200000000095269));
#3417=CARTESIAN_POINT('',(298.181789991602,250.141394550992,0.200000000095267));
#3418=CARTESIAN_POINT('Origin',(302.431789991601,250.141394550992,9.52671275200601E-11));
#3419=CARTESIAN_POINT('',(302.431789991601,250.141394550992,7.29023698109327));
#3420=CARTESIAN_POINT('',(303.4317899916,250.141394550992,7.29026910565333));
#3421=CARTESIAN_POINT('Ctrl Pts',(303.431789991594,250.141394550992,7.29026910565335));
#3422=CARTESIAN_POINT('Ctrl Pts',(303.265124716547,250.141394550992,7.28995372998275));
#3423=CARTESIAN_POINT('Ctrl Pts',(303.098459295124,250.141394550992,7.28979334146441));
#3424=CARTESIAN_POINT('Ctrl Pts',(302.765126250042,250.141394550992,7.28978260497077));
#3425=CARTESIAN_POINT('Ctrl Pts',(302.598458052182,250.141394550992,7.28993226212454));
#3426=CARTESIAN_POINT('Ctrl Pts',(302.431789991597,250.141394550992,7.29023698109341));
#3427=CARTESIAN_POINT('',(302.431789991601,250.141394550992,9.52671275200601E-11));
#3428=CARTESIAN_POINT('',(303.4317899916,250.141394550992,9.52671275200601E-11));
#3429=CARTESIAN_POINT('Origin',(303.4317899916,250.141394550992,9.52671275200601E-11));
#3430=CARTESIAN_POINT('',(303.4317899916,248.641394550991,7.23806189241167));
#3431=CARTESIAN_POINT('Ctrl Pts',(303.4317899916,248.641394550991,7.2380618924116));
#3432=CARTESIAN_POINT('Ctrl Pts',(303.4317899916,249.141394550979,7.25546429682488));
#3433=CARTESIAN_POINT('Ctrl Pts',(303.4317899916,249.641394550958,7.27286670123836));
#3434=CARTESIAN_POINT('Ctrl Pts',(303.4317899916,250.141394550933,7.29026910565146));
#3435=CARTESIAN_POINT('',(303.4317899916,248.641394550991,9.52671275200601E-11));
#3436=CARTESIAN_POINT('Origin',(302.431789991601,248.641394550991,9.52671275200601E-11));
#3437=CARTESIAN_POINT('',(302.431789991601,248.641394550991,7.23802976795548));
#3438=CARTESIAN_POINT('Ctrl Pts',(302.431789991601,250.141394550992,7.29023698109317));
#3439=CARTESIAN_POINT('Ctrl Pts',(302.431789991601,249.641394550999,7.27283457671426));
#3440=CARTESIAN_POINT('Ctrl Pts',(302.431789991601,249.141394551016,7.25543217233541));
#3441=CARTESIAN_POINT('Ctrl Pts',(302.431789991601,248.641394551028,7.23802976795652));
#3442=CARTESIAN_POINT('',(302.431789991601,248.641394550991,9.52671275200601E-11));
#3443=CARTESIAN_POINT('Origin',(303.4317899916,248.641394550991,9.52671275200601E-11));
#3444=CARTESIAN_POINT('',(304.931789991601,248.641394550991,7.24508424055745));
#3445=CARTESIAN_POINT('Ctrl Pts',(304.931789991601,248.641394550991,7.24508424055752));
#3446=CARTESIAN_POINT('Ctrl Pts',(304.431799028107,248.641394550991,7.24134911827413));
#3447=CARTESIAN_POINT('Ctrl Pts',(303.93179516858,248.641394550991,7.23900803706776));
#3448=CARTESIAN_POINT('Ctrl Pts',(303.431789991594,248.641394550991,7.23806189241169));
#3449=CARTESIAN_POINT('',(304.931789991601,248.641394550991,9.52671275200601E-11));
#3450=CARTESIAN_POINT('Origin',(300.9317899916,248.641394550991,9.52671275200601E-11));
#3451=CARTESIAN_POINT('',(300.9317899916,248.641394550991,7.24495991017864));
#3452=CARTESIAN_POINT('Ctrl Pts',(302.431789991597,248.641394550991,7.23802976795565));
#3453=CARTESIAN_POINT('Ctrl Pts',(301.93178489465,248.641394550991,7.23894392658746));
#3454=CARTESIAN_POINT('Ctrl Pts',(301.431781033198,248.641394550991,7.24125364666394));
#3455=CARTESIAN_POINT('Ctrl Pts',(300.9317899916,248.641394550991,7.24495991017894));
#3456=CARTESIAN_POINT('',(300.9317899916,248.641394550991,9.52671275200601E-11));
#3457=CARTESIAN_POINT('Origin',(304.931789991601,248.641394550991,9.52671275200601E-11));
#3458=CARTESIAN_POINT('',(304.931789991601,247.641394550992,7.21027943162592));
#3459=CARTESIAN_POINT('Ctrl Pts',(304.931789991601,247.641394550988,7.21027943162599));
#3460=CARTESIAN_POINT('Ctrl Pts',(304.931789991601,247.805947271895,7.21600665763654));
#3461=CARTESIAN_POINT('Ctrl Pts',(304.931789991601,247.970499992816,7.22173388364714));
#3462=CARTESIAN_POINT('Ctrl Pts',(304.931789991601,248.303833326149,7.2333354866244));
#3463=CARTESIAN_POINT('Ctrl Pts',(304.931789991601,248.472613938575,7.23920986359097));
#3464=CARTESIAN_POINT('Ctrl Pts',(304.931789991601,248.641394551,7.24508424055773));
#3465=CARTESIAN_POINT('',(304.931789991601,247.641394550992,9.52682377430847E-11));
#3466=CARTESIAN_POINT('Origin',(300.9317899916,247.641394550992,9.52682377430847E-11));
#3467=CARTESIAN_POINT('',(300.9317899916,247.641394550992,7.21015510152414));
#3468=CARTESIAN_POINT('Ctrl Pts',(300.9317899916,248.641394551,7.24495991017888));
#3469=CARTESIAN_POINT('Ctrl Pts',(300.9317899916,248.472615354476,7.239085582539));
#3470=CARTESIAN_POINT('Ctrl Pts',(300.9317899916,248.303836157938,7.23321125489883));
#3471=CARTESIAN_POINT('Ctrl Pts',(300.9317899916,247.97050282461,7.22160965201403));
#3472=CARTESIAN_POINT('Ctrl Pts',(300.9317899916,247.805948687796,7.21588237676921));
#3473=CARTESIAN_POINT('Ctrl Pts',(300.9317899916,247.641394550992,7.21015510152447));
#3474=CARTESIAN_POINT('',(300.9317899916,247.641394550992,9.52682377430847E-11));
#3475=CARTESIAN_POINT('Origin',(302.431789991601,247.641394550992,9.52682377430847E-11));
#3476=CARTESIAN_POINT('',(303.4317899916,247.641394550992,7.2032570835839));
#3477=CARTESIAN_POINT('Ctrl Pts',(303.431789991605,247.641394550992,7.20325708358398));
#3478=CARTESIAN_POINT('Ctrl Pts',(303.931795168592,247.641394550992,7.20420322820547));
#3479=CARTESIAN_POINT('Ctrl Pts',(304.431799028116,247.641394550992,7.20654430937723));
#3480=CARTESIAN_POINT('Ctrl Pts',(304.931789991601,247.641394550992,7.21027943162597));
#3481=CARTESIAN_POINT('',(303.4317899916,247.641394550992,9.52682377430847E-11));
#3482=CARTESIAN_POINT('Origin',(302.431789991601,247.641394550992,9.52682377430847E-11));
#3483=CARTESIAN_POINT('',(302.431789991601,247.641394550992,7.20322495919687));
#3484=CARTESIAN_POINT('Ctrl Pts',(300.931789991605,247.641394550992,7.21015510152422));
#3485=CARTESIAN_POINT('Ctrl Pts',(301.431781033216,247.641394550992,7.20644883797445));
#3486=CARTESIAN_POINT('Ctrl Pts',(301.931784894684,247.641394550992,7.2041391178635));
#3487=CARTESIAN_POINT('Ctrl Pts',(302.431789991608,247.641394550992,7.20322495919714));
#3488=CARTESIAN_POINT('',(302.431789991601,247.641394550992,9.52682377430847E-11));
#3489=CARTESIAN_POINT('Origin',(303.4317899916,247.641394550992,9.52682377430847E-11));
#3490=CARTESIAN_POINT('',(303.4317899916,246.141394550991,7.15104987034227));
#3491=CARTESIAN_POINT('Ctrl Pts',(303.4317899916,246.141394550991,7.15104987034211));
#3492=CARTESIAN_POINT('Ctrl Pts',(303.4317899916,246.641394550993,7.168452274756));
#3493=CARTESIAN_POINT('Ctrl Pts',(303.4317899916,247.141394550977,7.18585467916978));
#3494=CARTESIAN_POINT('Ctrl Pts',(303.4317899916,247.641394550988,7.20325708358399));
#3495=CARTESIAN_POINT('',(303.4317899916,246.141394550991,9.52682377430847E-11));
#3496=CARTESIAN_POINT('Origin',(303.4317899916,246.141394550991,9.5268792854597E-11));
#3497=CARTESIAN_POINT('',(302.431789991601,246.141394550991,7.15101774605899));
#3498=CARTESIAN_POINT('Ctrl Pts',(302.431789991608,246.141394550991,7.15101774605938));
#3499=CARTESIAN_POINT('Ctrl Pts',(302.598458016209,246.141394550991,7.15071302711013));
#3500=CARTESIAN_POINT('Ctrl Pts',(302.765126178083,246.141394550991,7.15056336990902));
#3501=CARTESIAN_POINT('Ctrl Pts',(303.098459223161,246.141394550987,7.15057410617643));
#3502=CARTESIAN_POINT('Ctrl Pts',(303.265124680574,246.141394550991,7.15073449464977));
#3503=CARTESIAN_POINT('Ctrl Pts',(303.43178999161,246.141394550991,7.15104987034231));
#3504=CARTESIAN_POINT('',(302.431789991601,246.141394550991,9.52682377430847E-11));
#3505=CARTESIAN_POINT('Origin',(302.431789991601,248.641394550991,9.52671275200601E-11));
#3506=CARTESIAN_POINT('Ctrl Pts',(302.431789991601,247.641394550988,7.20322495919681));
#3507=CARTESIAN_POINT('Ctrl Pts',(302.431789991601,247.141394550972,7.18582255481698));
#3508=CARTESIAN_POINT('Ctrl Pts',(302.431789991601,246.641394550966,7.16842015043685));
#3509=CARTESIAN_POINT('Ctrl Pts',(302.431789991601,246.14139455095,7.15101774605732));
#3510=CARTESIAN_POINT('Ctrl Pts',(300.931789945062,250.141154710801,7.29715877591356));
#3511=CARTESIAN_POINT('Ctrl Pts',(302.265076928922,250.141498302394,7.2872875315789));
#3512=CARTESIAN_POINT('Ctrl Pts',(303.598483197976,250.141496685499,7.28733470088328));
#3513=CARTESIAN_POINT('Ctrl Pts',(304.931789963685,250.141150463123,7.29728295831478));
#3514=CARTESIAN_POINT('Ctrl Pts',(300.931789969884,248.807815744244,7.25075216812686));
#3515=CARTESIAN_POINT('Ctrl Pts',(302.265076953744,248.808159335837,7.2408809237922));
#3516=CARTESIAN_POINT('Ctrl Pts',(303.598483222798,248.808157718941,7.24092809309658));
#3517=CARTESIAN_POINT('Ctrl Pts',(304.931789988507,248.807811496565,7.25087635052808));
#3518=CARTESIAN_POINT('Ctrl Pts',(300.931789994707,247.474476777686,7.20434556034016));
#3519=CARTESIAN_POINT('Ctrl Pts',(302.265076978567,247.474820369279,7.1944743160055));
#3520=CARTESIAN_POINT('Ctrl Pts',(303.59848324762,247.474818752384,7.19452148530987));
#3521=CARTESIAN_POINT('Ctrl Pts',(304.93179001333,247.474472530007,7.20446974274138));
#3522=CARTESIAN_POINT('Ctrl Pts',(300.931790019529,246.141137811128,7.15793895255345));
#3523=CARTESIAN_POINT('Ctrl Pts',(302.265077003389,246.141481402721,7.14806770821879));
#3524=CARTESIAN_POINT('Ctrl Pts',(303.598483272443,246.141479785826,7.14811487752317));
#3525=CARTESIAN_POINT('Ctrl Pts',(304.931790038152,246.14113356345,7.15806313495467));
#3526=CARTESIAN_POINT('Origin',(290.4817899916,248.641394550991,9.52671275200601E-11));
#3527=CARTESIAN_POINT('',(290.4817899916,246.141394550991,7.43879203780046));
#3528=CARTESIAN_POINT('',(290.4817899916,247.641394551001,7.49099924969554));
#3529=CARTESIAN_POINT('Ctrl Pts',(290.4817899916,247.641394551001,7.49099924969546));
#3530=CARTESIAN_POINT('Ctrl Pts',(290.4817899916,247.141394550999,7.47359684573044));
#3531=CARTESIAN_POINT('Ctrl Pts',(290.4817899916,246.641394551002,7.45619444176545));
#3532=CARTESIAN_POINT('Ctrl Pts',(290.4817899916,246.141394550991,7.43879203780041));
#3533=CARTESIAN_POINT('',(290.4817899916,246.141394550991,0.200000000095269));
#3534=CARTESIAN_POINT('',(290.4817899916,246.141394550991,9.52682377430847E-11));
#3535=CARTESIAN_POINT('',(290.4817899916,247.641394550992,0.200000000095268));
#3536=CARTESIAN_POINT('',(290.4817899916,243.895380796494,0.20000000009527));
#3537=CARTESIAN_POINT('',(290.4817899916,247.641394550992,9.52682377430847E-11));
#3538=CARTESIAN_POINT('Origin',(291.481789991601,246.141394550991,9.5268792854597E-11));
#3539=CARTESIAN_POINT('',(291.481789991597,246.141394550987,7.39431790771027));
#3540=CARTESIAN_POINT('Ctrl Pts',(290.481789991609,246.141394550991,7.43879203780203));
#3541=CARTESIAN_POINT('Ctrl Pts',(290.6423500546,246.141394550991,7.43135207065984));
#3542=CARTESIAN_POINT('Ctrl Pts',(290.802916638042,246.141394550991,7.42405593781625));
#3543=CARTESIAN_POINT('Ctrl Pts',(291.136248662983,246.141394550991,7.40920857146091));
#3544=CARTESIAN_POINT('Ctrl Pts',(291.309015701618,246.141394550991,7.40167997467928));
#3545=CARTESIAN_POINT('Ctrl Pts',(291.481789991601,246.141394550991,7.39431790771102));
#3546=CARTESIAN_POINT('',(291.481789991601,246.141394550991,0.200000000095269));
#3547=CARTESIAN_POINT('',(291.481789991601,246.141394550991,9.52682377430847E-11));
#3548=CARTESIAN_POINT('',(286.7317899916,246.141394550991,0.200000000095269));
#3549=CARTESIAN_POINT('Origin',(291.481789991601,247.641394550992,9.52682377430847E-11));
#3550=CARTESIAN_POINT('',(291.481789991601,247.641394550992,7.44652511970918));
#3551=CARTESIAN_POINT('Ctrl Pts',(291.481789991603,246.141394550991,7.39431790771019));
#3552=CARTESIAN_POINT('Ctrl Pts',(291.481789991603,246.641394550993,7.4117203117099));
#3553=CARTESIAN_POINT('Ctrl Pts',(291.481789991603,247.141394550986,7.42912271570916));
#3554=CARTESIAN_POINT('Ctrl Pts',(291.481789991603,247.641394550992,7.44652511970903));
#3555=CARTESIAN_POINT('',(291.481789991601,247.641394550992,0.200000000095268));
#3556=CARTESIAN_POINT('',(291.481789991601,247.641394550992,9.52682377430847E-11));
#3557=CARTESIAN_POINT('',(291.481789991601,243.395380796496,0.20000000009527));
#3558=CARTESIAN_POINT('Origin',(290.4817899916,247.641394550992,9.52682377430847E-11));
#3559=CARTESIAN_POINT('',(288.981789991601,247.641394550988,7.56469990549329));
#3560=CARTESIAN_POINT('Ctrl Pts',(288.981789991601,247.641394550992,7.5646999054934));
#3561=CARTESIAN_POINT('Ctrl Pts',(289.481718965078,247.641394550992,7.53873829075202));
#3562=CARTESIAN_POINT('Ctrl Pts',(289.981722853447,247.641394550992,7.51417115807269));
#3563=CARTESIAN_POINT('Ctrl Pts',(290.481789991609,247.641394550992,7.49099924969687));
#3564=CARTESIAN_POINT('',(288.981789991601,247.641394550992,0.200000000095268));
#3565=CARTESIAN_POINT('',(286.2317899916,247.641394550992,0.200000000095268));
#3566=CARTESIAN_POINT('',(288.981789991601,247.641394550992,9.52682377430847E-11));
#3567=CARTESIAN_POINT('Origin',(290.4817899916,247.641394550992,9.52682377430847E-11));
#3568=CARTESIAN_POINT('',(292.9817899916,247.641394550988,7.3867999546221));
#3569=CARTESIAN_POINT('Ctrl Pts',(291.481789991608,247.641394550992,7.44652511970977));
#3570=CARTESIAN_POINT('Ctrl Pts',(291.981733153318,247.641394550992,7.42522209465776));
#3571=CARTESIAN_POINT('Ctrl Pts',(292.48173703083,247.641394550992,7.4053134299614));
#3572=CARTESIAN_POINT('Ctrl Pts',(292.9817899916,247.641394550992,7.38679995462211));
#3573=CARTESIAN_POINT('',(292.9817899916,247.641394550992,0.200000000095268));
#3574=CARTESIAN_POINT('',(292.9817899916,247.641394550992,9.52682377430847E-11));
#3575=CARTESIAN_POINT('',(286.2317899916,247.641394550992,0.200000000095268));
#3576=CARTESIAN_POINT('Origin',(288.981789991601,247.641394550992,9.52682377430847E-11));
#3577=CARTESIAN_POINT('',(288.981789991601,248.641394550987,7.59950471331948));
#3578=CARTESIAN_POINT('Ctrl Pts',(288.981789991601,248.641394550987,7.59950471331914));
#3579=CARTESIAN_POINT('Ctrl Pts',(288.981789991601,248.471589366686,7.59359467651186));
#3580=CARTESIAN_POINT('Ctrl Pts',(288.981789991603,248.30178418239,7.58768463970436));
#3581=CARTESIAN_POINT('Ctrl Pts',(288.981789991603,247.968450849053,7.57608303709577));
#3582=CARTESIAN_POINT('Ctrl Pts',(288.981789991601,247.804922700016,7.57039147129477));
#3583=CARTESIAN_POINT('Ctrl Pts',(288.981789991601,247.641394550978,7.56469990549333));
#3584=CARTESIAN_POINT('',(288.981789991601,248.641394550991,0.200000000095268));
#3585=CARTESIAN_POINT('',(288.981789991601,243.395380796496,0.20000000009527));
#3586=CARTESIAN_POINT('',(288.981789991601,248.641394550991,9.52671275200601E-11));
#3587=CARTESIAN_POINT('Origin',(292.9817899916,248.641394550991,9.52671275200601E-11));
#3588=CARTESIAN_POINT('',(292.9817899916,248.641394550991,7.42160476272542));
#3589=CARTESIAN_POINT('Ctrl Pts',(292.9817899916,247.641394551015,7.38679995462304));
#3590=CARTESIAN_POINT('Ctrl Pts',(292.9817899916,247.806984152262,7.39256326891831));
#3591=CARTESIAN_POINT('Ctrl Pts',(292.9817899916,247.972573753505,7.39832658321349));
#3592=CARTESIAN_POINT('Ctrl Pts',(292.9817899916,248.305907086833,7.40992818591437));
#3593=CARTESIAN_POINT('Ctrl Pts',(292.9817899916,248.473650818919,7.41576647431994));
#3594=CARTESIAN_POINT('Ctrl Pts',(292.9817899916,248.641394551,7.42160476272565));
#3595=CARTESIAN_POINT('',(292.9817899916,248.641394550991,0.200000000095268));
#3596=CARTESIAN_POINT('',(292.9817899916,248.641394550991,9.52671275200601E-11));
#3597=CARTESIAN_POINT('',(292.9817899916,243.895380796494,0.20000000009527));
#3598=CARTESIAN_POINT('Origin',(288.981789991601,248.641394550991,9.52671275200601E-11));
#3599=CARTESIAN_POINT('',(290.4817899916,248.641394550991,7.52580405762498));
#3600=CARTESIAN_POINT('Ctrl Pts',(290.481789991597,248.641394550991,7.52580405762706));
#3601=CARTESIAN_POINT('Ctrl Pts',(289.981722853415,248.641394550991,7.54897596596936));
#3602=CARTESIAN_POINT('Ctrl Pts',(289.481718965042,248.641394550991,7.57354309861421));
#3603=CARTESIAN_POINT('Ctrl Pts',(288.981789991601,248.641394550991,7.59950471331915));
#3604=CARTESIAN_POINT('',(290.4817899916,248.641394550991,0.200000000095268));
#3605=CARTESIAN_POINT('',(285.4817899916,248.641394550991,0.200000000095268));
#3606=CARTESIAN_POINT('',(290.4817899916,248.641394550991,9.52671275200601E-11));
#3607=CARTESIAN_POINT('Origin',(291.481789991601,248.641394550991,9.52671275200601E-11));
#3608=CARTESIAN_POINT('',(291.481789991603,248.641394550991,7.48132992770833));
#3609=CARTESIAN_POINT('Ctrl Pts',(292.981789991597,248.641394550991,7.42160476272538));
#3610=CARTESIAN_POINT('Ctrl Pts',(292.481737030826,248.641394550991,7.44011823803013));
#3611=CARTESIAN_POINT('Ctrl Pts',(291.981733153311,248.641394550991,7.46002690269162));
#3612=CARTESIAN_POINT('Ctrl Pts',(291.481789991597,248.641394550991,7.48132992770917));
#3613=CARTESIAN_POINT('',(291.481789991601,248.641394550991,0.200000000095268));
#3614=CARTESIAN_POINT('',(291.481789991601,248.641394550991,9.52671275200601E-11));
#3615=CARTESIAN_POINT('',(286.7317899916,248.641394550991,0.200000000095268));
#3616=CARTESIAN_POINT('Origin',(290.4817899916,248.641394550991,9.52671275200601E-11));
#3617=CARTESIAN_POINT('',(290.4817899916,250.141394550992,7.57801126952004));
#3618=CARTESIAN_POINT('Ctrl Pts',(290.481789991611,250.141394550992,7.57801126951999));
#3619=CARTESIAN_POINT('Ctrl Pts',(290.481789991611,249.641394550999,7.56060886555538));
#3620=CARTESIAN_POINT('Ctrl Pts',(290.4817899916,249.141394551007,7.54320646159076));
#3621=CARTESIAN_POINT('Ctrl Pts',(290.4817899916,248.641394551014,7.52580405762614));
#3622=CARTESIAN_POINT('',(290.4817899916,250.141394550992,0.200000000095267));
#3623=CARTESIAN_POINT('',(290.4817899916,243.895380796494,0.20000000009527));
#3624=CARTESIAN_POINT('',(290.4817899916,250.141394550992,9.52671275200601E-11));
#3625=CARTESIAN_POINT('Origin',(291.481789991601,250.141394550992,9.52671275200601E-11));
#3626=CARTESIAN_POINT('',(291.481789991603,250.141394550992,7.53353713970748));
#3627=CARTESIAN_POINT('Ctrl Pts',(291.481789991603,248.641394550987,7.48132992770844));
#3628=CARTESIAN_POINT('Ctrl Pts',(291.481789991603,249.141394551007,7.49873233170866));
#3629=CARTESIAN_POINT('Ctrl Pts',(291.481789991601,249.641394551013,7.51613473570893));
#3630=CARTESIAN_POINT('Ctrl Pts',(291.481789991601,250.141394551038,7.5335371397091));
#3631=CARTESIAN_POINT('',(291.481789991601,250.141394550992,0.200000000095267));
#3632=CARTESIAN_POINT('',(291.481789991601,250.141394550992,9.52671275200601E-11));
#3633=CARTESIAN_POINT('',(291.481789991601,244.645380796496,0.200000000095269));
#3634=CARTESIAN_POINT('Origin',(290.4817899916,250.141394550992,9.52671275200601E-11));
#3635=CARTESIAN_POINT('Ctrl Pts',(291.481789991597,250.141394550992,7.53353713970807));
#3636=CARTESIAN_POINT('Ctrl Pts',(291.309019075259,250.141394550992,7.54089906287436));
#3637=CARTESIAN_POINT('Ctrl Pts',(291.136255409983,250.141394550992,7.54842750935091));
#3638=CARTESIAN_POINT('Ctrl Pts',(290.802923384474,250.141394550992,7.56327486306748));
#3639=CARTESIAN_POINT('Ctrl Pts',(290.642353427672,250.141394550992,7.57057114612347));
#3640=CARTESIAN_POINT('Ctrl Pts',(290.481789991593,250.141394550992,7.5780112695219));
#3641=CARTESIAN_POINT('',(286.2317899916,250.141394550992,0.200000000095267));
#3642=CARTESIAN_POINT('Origin',(281.981789991601,239.149367041996,0.200000000095271));
#3643=CARTESIAN_POINT('Origin',(285.520748873321,248.248938883271,6.43403668661745));
#3644=CARTESIAN_POINT('',(283.330349601204,247.994794883775,9.52726786351832E-11));
#3645=CARTESIAN_POINT('Ctrl Pts',(320.911263829712,254.648570655769,9.11104501907406));
#3646=CARTESIAN_POINT('Ctrl Pts',(321.886855883677,255.39617862084,6.07403001274779));
#3647=CARTESIAN_POINT('Ctrl Pts',(322.862447937641,256.14378658591,3.03701500642153));
#3648=CARTESIAN_POINT('Ctrl Pts',(323.838039991606,256.89139455098,9.52704581891339E-11));
#3649=CARTESIAN_POINT('Ctrl Pts',(320.911263829712,253.751986160415,9.07988026898021));
#3650=CARTESIAN_POINT('Ctrl Pts',(321.886855883677,254.754822392638,6.05325351268523));
#3651=CARTESIAN_POINT('Ctrl Pts',(322.862447937641,255.75765862486,3.02662675639025));
#3652=CARTESIAN_POINT('Ctrl Pts',(323.838039991606,256.760494857083,9.52704581891339E-11));
#3653=CARTESIAN_POINT('Ctrl Pts',(320.911263829712,244.880526502511,8.78508803917692));
#3654=CARTESIAN_POINT('Ctrl Pts',(321.886855883677,243.094449083301,5.85672535948303));
#3655=CARTESIAN_POINT('Ctrl Pts',(322.862447937641,241.30837166409,2.92836267978916));
#3656=CARTESIAN_POINT('Ctrl Pts',(323.838039991606,239.52229424488,9.52704581891339E-11));
#3657=CARTESIAN_POINT('Ctrl Pts',(320.911263829712,243.983942007157,8.75392328908308));
#3658=CARTESIAN_POINT('Ctrl Pts',(321.886855883677,242.453092855098,5.83594885942047));
#3659=CARTESIAN_POINT('Ctrl Pts',(322.862447937641,240.922243703039,2.91797442975787));
#3660=CARTESIAN_POINT('Ctrl Pts',(323.838039991606,239.39139455098,9.52704581891339E-11));
#3661=CARTESIAN_POINT('',(320.914353623668,243.979093660514,8.74468178314619));
#3662=CARTESIAN_POINT('',(323.838039991606,239.39139455098,9.52704581891339E-11));
#3663=CARTESIAN_POINT('',(320.83803999162,244.09884110868,8.97293418234152));
#3664=CARTESIAN_POINT('',(323.838039991606,256.89139455098,9.52704581891339E-11));
#3665=CARTESIAN_POINT('',(323.838039991606,239.39139455098,9.52704581891339E-11));
#3666=CARTESIAN_POINT('',(320.911278685999,254.648582040318,9.11099877150756));
#3667=CARTESIAN_POINT('',(320.83803999162,254.592458344923,9.33899059755936));
#3668=CARTESIAN_POINT('Ctrl Pts',(320.914353623669,243.979093660512,8.74468178314608));
#3669=CARTESIAN_POINT('Ctrl Pts',(320.914931640812,247.538965523032,8.86670443281681));
#3670=CARTESIAN_POINT('Ctrl Pts',(320.911102003811,251.095150596901,8.98803839187936));
#3671=CARTESIAN_POINT('Ctrl Pts',(320.911278685996,254.648582040317,9.11099877150752));
#3672=CARTESIAN_POINT('Ctrl Pts',(286.635755529175,242.465936319808,8.76967792915653));
#3673=CARTESIAN_POINT('Ctrl Pts',(286.307945516065,242.473231323435,8.78992002495656));
#3674=CARTESIAN_POINT('Ctrl Pts',(285.560199054292,242.779935602879,8.84785304602676));
#3675=CARTESIAN_POINT('Ctrl Pts',(285.202401541378,243.535053782628,8.89814625832463));
#3676=CARTESIAN_POINT('Ctrl Pts',(285.202408940923,243.973217503005,8.91339597125171));
#3677=CARTESIAN_POINT('Ctrl Pts',(286.634378985856,242.409262169757,8.7677893309058));
#3678=CARTESIAN_POINT('Ctrl Pts',(286.292688229147,242.421220199003,8.78896026145455));
#3679=CARTESIAN_POINT('Ctrl Pts',(285.522829507698,242.742397178165,8.84882531324551));
#3680=CARTESIAN_POINT('Ctrl Pts',(285.147857101648,243.51586845139,8.90091071657805));
#3681=CARTESIAN_POINT('Ctrl Pts',(285.140230958516,243.973075120361,8.91751719173897));
#3682=CARTESIAN_POINT('Ctrl Pts',(286.6298396413,242.311671647865,8.72941107903742));
#3683=CARTESIAN_POINT('Ctrl Pts',(286.264311332318,242.33135295477,8.75798501839114));
#3684=CARTESIAN_POINT('Ctrl Pts',(285.455872740519,242.677653873492,8.82453145554588));
#3685=CARTESIAN_POINT('Ctrl Pts',(285.050326153611,243.483679998873,8.87450245123028));
#3686=CARTESIAN_POINT('Ctrl Pts',(285.029175882049,243.974312097868,8.88202956252118));
#3687=CARTESIAN_POINT('Ctrl Pts',(286.623335190482,242.253775775746,8.6449175228217));
#3688=CARTESIAN_POINT('Ctrl Pts',(286.243366627983,242.272482997596,8.68542806828698));
#3689=CARTESIAN_POINT('Ctrl Pts',(285.405492260287,242.632624292511,8.76198268878683));
#3690=CARTESIAN_POINT('Ctrl Pts',(284.982396961041,243.468293355261,8.80111589879086));
#3691=CARTESIAN_POINT('Ctrl Pts',(284.964300661381,243.977554685361,8.78889313736033));
#3692=CARTESIAN_POINT('Ctrl Pts',(286.620549227423,242.239396131226,8.60497677267038));
#3693=CARTESIAN_POINT('Ctrl Pts',(286.236878165306,242.255631070701,8.65007077067785));
#3694=CARTESIAN_POINT('Ctrl Pts',(285.388937219336,242.618701506835,8.73098842247908));
#3695=CARTESIAN_POINT('Ctrl Pts',(284.962059827205,243.465892134871,8.76453070793973));
#3696=CARTESIAN_POINT('Ctrl Pts',(284.949226358219,243.979093658391,8.74468177910137));
#3697=CARTESIAN_POINT('',(285.202408940927,243.973217503008,8.91339597125165));
#3698=CARTESIAN_POINT('',(284.949226358221,243.979093658395,8.74468177910124));
#3699=CARTESIAN_POINT('Ctrl Pts',(285.202408940923,243.973217503005,8.91339597125171));
#3700=CARTESIAN_POINT('Ctrl Pts',(285.140230958516,243.973075120361,8.91751719173897));
#3701=CARTESIAN_POINT('Ctrl Pts',(285.029175882049,243.974312097868,8.88202956252118));
#3702=CARTESIAN_POINT('Ctrl Pts',(284.964300661381,243.977554685361,8.78889313736033));
#3703=CARTESIAN_POINT('Ctrl Pts',(284.949226358219,243.979093658391,8.74468177910137));
#3704=CARTESIAN_POINT('',(286.620549227423,242.239396131226,8.60497677267061));
#3705=CARTESIAN_POINT('Ctrl Pts',(284.949226358219,243.979093658391,8.74468177910137));
#3706=CARTESIAN_POINT('Ctrl Pts',(284.962059827205,243.465892134871,8.76453070793973));
#3707=CARTESIAN_POINT('Ctrl Pts',(285.388937219336,242.618701506835,8.73098842247908));
#3708=CARTESIAN_POINT('Ctrl Pts',(286.236878165306,242.255631070701,8.65007077067785));
#3709=CARTESIAN_POINT('Ctrl Pts',(286.620549227423,242.239396131226,8.60497677267038));
#3710=CARTESIAN_POINT('',(286.635755529176,242.465936319809,8.76967792915651));
#3711=CARTESIAN_POINT('Origin',(286.620549227423,242.474616155191,8.52029182520366));
#3712=CARTESIAN_POINT('Ctrl Pts',(286.635755529175,242.465936319808,8.76967792915653));
#3713=CARTESIAN_POINT('Ctrl Pts',(286.307945516065,242.473231323435,8.78992002495656));
#3714=CARTESIAN_POINT('Ctrl Pts',(285.560199054292,242.779935602879,8.84785304602676));
#3715=CARTESIAN_POINT('Ctrl Pts',(285.202401541378,243.535053782628,8.89814625832463));
#3716=CARTESIAN_POINT('Ctrl Pts',(285.202408940923,243.973217503005,8.91339597125171));
#3717=CARTESIAN_POINT('Ctrl Pts',(319.227824453913,242.465936319347,8.76967792943381));
#3718=CARTESIAN_POINT('Ctrl Pts',(308.379365506324,242.224517374898,8.0997912976126));
#3719=CARTESIAN_POINT('Ctrl Pts',(297.484214476827,242.224517375269,8.09979129812457));
#3720=CARTESIAN_POINT('Ctrl Pts',(286.635755529175,242.465936319805,8.76967792915644));
#3721=CARTESIAN_POINT('Ctrl Pts',(319.229200997239,242.409262169409,8.76778933105877));
#3722=CARTESIAN_POINT('Ctrl Pts',(308.379838226984,242.167872051865,8.0977915420282));
#3723=CARTESIAN_POINT('Ctrl Pts',(297.483741756164,242.167872052199,8.09779154258051));
#3724=CARTESIAN_POINT('Ctrl Pts',(286.634378985856,242.409262169755,8.76778933090571));
#3725=CARTESIAN_POINT('Ctrl Pts',(319.233740346538,242.31167173989,8.72941096921665));
#3726=CARTESIAN_POINT('Ctrl Pts',(308.381344950447,242.070330644302,8.05919398679674));
#3727=CARTESIAN_POINT('Ctrl Pts',(297.482235032698,242.070330644547,8.05919398737635));
#3728=CARTESIAN_POINT('Ctrl Pts',(286.629839636561,242.311671739969,8.72941096913929));
#3729=CARTESIAN_POINT('Ctrl Pts',(319.240244792613,242.253775775823,8.644917523043));
#3730=CARTESIAN_POINT('Ctrl Pts',(308.383517220671,242.012407794976,7.97449572982003));
#3731=CARTESIAN_POINT('Ctrl Pts',(297.480062762475,242.012407795168,7.97449573035136));
#3732=CARTESIAN_POINT('Ctrl Pts',(286.623335190482,242.253775775743,8.64491752282174));
#3733=CARTESIAN_POINT('Ctrl Pts',(319.24303075567,242.239396131331,8.60497677296779));
#3734=CARTESIAN_POINT('Ctrl Pts',(308.384448796818,241.997998643968,7.93447363799125));
#3735=CARTESIAN_POINT('Ctrl Pts',(297.479131186328,241.99799864415,7.93447363849711));
#3736=CARTESIAN_POINT('Ctrl Pts',(286.620549227423,242.239396131224,8.60497677267046));
#3737=CARTESIAN_POINT('',(319.24303075567,242.239396131336,8.60497677296784));
#3738=CARTESIAN_POINT('Ctrl Pts',(286.620549227423,242.239396131224,8.60497677267046));
#3739=CARTESIAN_POINT('Ctrl Pts',(297.479131186328,241.99799864415,7.93447363849711));
#3740=CARTESIAN_POINT('Ctrl Pts',(308.384448796818,241.997998643968,7.93447363799125));
#3741=CARTESIAN_POINT('Ctrl Pts',(319.24303075567,242.239396131331,8.60497677296779));
#3742=CARTESIAN_POINT('',(319.22782445391,242.46593631935,8.76967792943389));
#3743=CARTESIAN_POINT('Origin',(319.24303075567,242.474616155291,8.520291825501));
#3744=CARTESIAN_POINT('Ctrl Pts',(319.227824453913,242.465936319347,8.76967792943381));
#3745=CARTESIAN_POINT('Ctrl Pts',(308.379365506324,242.224517374898,8.0997912976126));
#3746=CARTESIAN_POINT('Ctrl Pts',(297.484214476827,242.224517375269,8.09979129812457));
#3747=CARTESIAN_POINT('Ctrl Pts',(286.635755529175,242.465936319805,8.76967792915644));
#3748=CARTESIAN_POINT('Ctrl Pts',(320.66117104091,243.973217504512,8.9133959752722));
#3749=CARTESIAN_POINT('Ctrl Pts',(320.66117844083,243.535053783924,8.89814626128004));
#3750=CARTESIAN_POINT('Ctrl Pts',(320.30337235349,242.779941883675,8.84785278705527));
#3751=CARTESIAN_POINT('Ctrl Pts',(319.5556344672,242.473231322978,8.78992002526879));
#3752=CARTESIAN_POINT('Ctrl Pts',(319.227824453913,242.465936319349,8.7696779294339));
#3753=CARTESIAN_POINT('Ctrl Pts',(320.723349023328,243.973075121909,8.91751719577551));
#3754=CARTESIAN_POINT('Ctrl Pts',(320.715722880557,243.515868452772,8.90091071949686));
#3755=CARTESIAN_POINT('Ctrl Pts',(320.340742806427,242.742402515503,8.84882326963105));
#3756=CARTESIAN_POINT('Ctrl Pts',(319.570891754117,242.421220198662,8.78896026165087));
#3757=CARTESIAN_POINT('Ctrl Pts',(319.229200997239,242.409262169411,8.76778933105886));
#3758=CARTESIAN_POINT('Ctrl Pts',(320.834403961043,243.974312105782,8.88202938867086));
#3759=CARTESIAN_POINT('Ctrl Pts',(320.813253689815,243.483680006671,8.87450227621577));
#3760=CARTESIAN_POINT('Ctrl Pts',(320.40770150302,242.677656991698,8.82453273182139));
#3761=CARTESIAN_POINT('Ctrl Pts',(319.599268656119,242.331353055368,8.7579848983935));
#3762=CARTESIAN_POINT('Ctrl Pts',(319.233740346979,242.311671748462,8.72941095899113));
#3763=CARTESIAN_POINT('Ctrl Pts',(320.899279320506,243.977554687364,8.78889314140884));
#3764=CARTESIAN_POINT('Ctrl Pts',(320.881183021201,243.468293357151,8.80111590170802));
#3765=CARTESIAN_POINT('Ctrl Pts',(320.458081748929,242.632626947207,8.76198513053471));
#3766=CARTESIAN_POINT('Ctrl Pts',(319.620213355298,242.272482997686,8.68542806855467));
#3767=CARTESIAN_POINT('Ctrl Pts',(319.240244792612,242.253775775825,8.64491752304301));
#3768=CARTESIAN_POINT('Ctrl Pts',(320.914353623671,243.979093660513,8.74468178314635));
#3769=CARTESIAN_POINT('Ctrl Pts',(320.901520155061,243.465892136877,8.76453071087345));
#3770=CARTESIAN_POINT('Ctrl Pts',(320.474636421486,242.618704263017,8.7309906583229));
#3771=CARTESIAN_POINT('Ctrl Pts',(319.626701817994,242.255631070826,8.6500707710237));
#3772=CARTESIAN_POINT('Ctrl Pts',(319.243030755669,242.239396131334,8.60497677296777));
#3773=CARTESIAN_POINT('',(320.661171040908,243.973217504513,8.91339597527208));
#3774=CARTESIAN_POINT('Ctrl Pts',(320.66117104091,243.973217504512,8.9133959752722));
#3775=CARTESIAN_POINT('Ctrl Pts',(320.723349023328,243.973075121909,8.91751719577551));
#3776=CARTESIAN_POINT('Ctrl Pts',(320.834403961043,243.974312105782,8.88202938867086));
#3777=CARTESIAN_POINT('Ctrl Pts',(320.899279320506,243.977554687364,8.78889314140884));
#3778=CARTESIAN_POINT('Ctrl Pts',(320.914353623671,243.979093660513,8.74468178314635));
#3779=CARTESIAN_POINT('Ctrl Pts',(320.66117104091,243.973217504512,8.9133959752722));
#3780=CARTESIAN_POINT('Ctrl Pts',(320.66117844083,243.535053783924,8.89814626128004));
#3781=CARTESIAN_POINT('Ctrl Pts',(320.30337235349,242.779941883675,8.84785278705527));
#3782=CARTESIAN_POINT('Ctrl Pts',(319.5556344672,242.473231322978,8.78992002526879));
#3783=CARTESIAN_POINT('Ctrl Pts',(319.227824453913,242.465936319349,8.7696779294339));
#3784=CARTESIAN_POINT('Ctrl Pts',(319.243030755669,242.239396131334,8.60497677296777));
#3785=CARTESIAN_POINT('Ctrl Pts',(319.626701817994,242.255631070826,8.6500707710237));
#3786=CARTESIAN_POINT('Ctrl Pts',(320.474636421486,242.618704263017,8.7309906583229));
#3787=CARTESIAN_POINT('Ctrl Pts',(320.901520155061,243.465892136877,8.76453071087345));
#3788=CARTESIAN_POINT('Ctrl Pts',(320.914353623671,243.979093660513,8.74468178314635));
#3789=CARTESIAN_POINT('Ctrl Pts',(285.202408940925,243.973217503011,8.91339597125181));
#3790=CARTESIAN_POINT('Ctrl Pts',(285.20246900073,247.529656017927,9.03717314374));
#3791=CARTESIAN_POINT('Ctrl Pts',(285.206986124922,251.086103772821,9.16065490317161));
#3792=CARTESIAN_POINT('Ctrl Pts',(285.207036464179,254.642542265336,9.28443272081969));
#3793=CARTESIAN_POINT('Ctrl Pts',(285.140230958518,243.973075120368,8.91751719173908));
#3794=CARTESIAN_POINT('Ctrl Pts',(285.139911675639,247.530383514259,9.04135911271873));
#3795=CARTESIAN_POINT('Ctrl Pts',(285.14400727067,251.086751572087,9.1648520150807));
#3796=CARTESIAN_POINT('Ctrl Pts',(285.143914174864,254.64239758524,9.28861542805884));
#3797=CARTESIAN_POINT('Ctrl Pts',(285.029175927016,243.97431209988,8.88202950487946));
#3798=CARTESIAN_POINT('Ctrl Pts',(285.028184583482,247.533148959495,9.00541559814425));
#3799=CARTESIAN_POINT('Ctrl Pts',(285.031509332309,251.089398248108,9.12834680398104));
#3800=CARTESIAN_POINT('Ctrl Pts',(285.031162548689,254.643678188088,9.25186648285022));
#3801=CARTESIAN_POINT('Ctrl Pts',(284.964300661382,243.977554685368,8.7888931373604));
#3802=CARTESIAN_POINT('Ctrl Pts',(284.963461101174,247.53724546203,8.91129526785539));
#3803=CARTESIAN_POINT('Ctrl Pts',(284.96698876019,251.093442066305,9.03306729419951));
#3804=CARTESIAN_POINT('Ctrl Pts',(284.966708291793,254.647009472608,9.15617679133871));
#3805=CARTESIAN_POINT('Ctrl Pts',(284.949226358221,243.979093658398,8.74468177910144));
#3806=CARTESIAN_POINT('Ctrl Pts',(284.948648338142,247.538965523946,8.86670442024834));
#3807=CARTESIAN_POINT('Ctrl Pts',(284.952477972691,251.095150601545,8.98803837093877));
#3808=CARTESIAN_POINT('Ctrl Pts',(284.952301287759,254.648582047571,9.11099874197492));
#3809=CARTESIAN_POINT('',(285.20703646418,254.642542265342,9.28443272081976));
#3810=CARTESIAN_POINT('Ctrl Pts',(285.202408940925,243.973217503011,8.91339597125181));
#3811=CARTESIAN_POINT('Ctrl Pts',(285.20246900073,247.529656017927,9.03717314374));
#3812=CARTESIAN_POINT('Ctrl Pts',(285.206986124922,251.086103772821,9.16065490317161));
#3813=CARTESIAN_POINT('Ctrl Pts',(285.207036464179,254.642542265336,9.28443272081969));
#3814=CARTESIAN_POINT('',(284.95230128776,254.648582047571,9.11099874197495));
#3815=CARTESIAN_POINT('Origin',(285.190496983496,254.651219150437,9.03513138258886));
#3816=CARTESIAN_POINT('Ctrl Pts',(284.952301287759,254.648582047571,9.11099874197492));
#3817=CARTESIAN_POINT('Ctrl Pts',(284.952477972691,251.095150601545,8.98803837093877));
#3818=CARTESIAN_POINT('Ctrl Pts',(284.948648338142,247.538965523946,8.86670442024834));
#3819=CARTESIAN_POINT('Ctrl Pts',(284.949226358221,243.979093658398,8.74468177910144));
#3820=CARTESIAN_POINT('Ctrl Pts',(278.249649940317,269.308752122874,10.3476243955273));
#3821=CARTESIAN_POINT('Ctrl Pts',(303.632431316043,269.390439208996,8.00063222925559));
#3822=CARTESIAN_POINT('Ctrl Pts',(329.002640945318,269.30415706413,10.4796752169522));
#3823=CARTESIAN_POINT('Ctrl Pts',(278.249650738223,226.448698380591,8.85588842018865));
#3824=CARTESIAN_POINT('Ctrl Pts',(303.63243211395,226.530385466717,6.50889625391693));
#3825=CARTESIAN_POINT('Ctrl Pts',(329.002641743227,226.444103321846,8.98793924161356));
#3826=CARTESIAN_POINT('',(320.656543509158,254.64254225747,9.28443275030423));
#3827=CARTESIAN_POINT('Ctrl Pts',(320.656543509157,254.642542257469,9.28443275030416));
#3828=CARTESIAN_POINT('Ctrl Pts',(320.656593851257,251.086103767969,9.16065492416471));
#3829=CARTESIAN_POINT('Ctrl Pts',(320.661110978059,247.529656016469,9.03717315624255));
#3830=CARTESIAN_POINT('Ctrl Pts',(320.661171040908,243.97321750451,8.91339597527202));
#3831=CARTESIAN_POINT('',(319.255547716184,256.116102360716,9.24646123140437));
#3832=CARTESIAN_POINT('Ctrl Pts',(319.255547716185,256.116102360712,9.2464612314044));
#3833=CARTESIAN_POINT('Ctrl Pts',(319.576867959714,256.11443608381,9.26602917394328));
#3834=CARTESIAN_POINT('Ctrl Pts',(320.318548118688,255.820710830548,9.30274183470504));
#3835=CARTESIAN_POINT('Ctrl Pts',(320.65653743138,255.071909253697,9.29937638382003));
#3836=CARTESIAN_POINT('Ctrl Pts',(320.656543509156,254.642542257469,9.28443275030403));
#3837=CARTESIAN_POINT('',(286.60803225205,256.116102363849,9.24646120108411));
#3838=CARTESIAN_POINT('Ctrl Pts',(286.608032252047,256.116102363851,9.24646120108429));
#3839=CARTESIAN_POINT('Ctrl Pts',(297.477012101805,256.172465850952,8.58455591825985));
#3840=CARTESIAN_POINT('Ctrl Pts',(308.386567867666,256.172465849892,8.58455592846733));
#3841=CARTESIAN_POINT('Ctrl Pts',(319.255547716183,256.116102360701,9.24646123140386));
#3842=CARTESIAN_POINT('Ctrl Pts',(285.207036464178,254.642542265336,9.28443272081976));
#3843=CARTESIAN_POINT('Ctrl Pts',(285.20704254168,255.071914243133,9.29937652667583));
#3844=CARTESIAN_POINT('Ctrl Pts',(285.545012202479,255.820703561999,9.30274275806554));
#3845=CARTESIAN_POINT('Ctrl Pts',(286.286708280524,256.114436067675,9.26602937005581));
#3846=CARTESIAN_POINT('Ctrl Pts',(286.608032252047,256.116102363848,9.24646120108418));
#3847=CARTESIAN_POINT('Ctrl Pts',(319.255547716185,256.116102360712,9.2464612314044));
#3848=CARTESIAN_POINT('Ctrl Pts',(319.576867959714,256.11443608381,9.26602917394328));
#3849=CARTESIAN_POINT('Ctrl Pts',(320.318548118688,255.820710830548,9.30274183470504));
#3850=CARTESIAN_POINT('Ctrl Pts',(320.65653743138,255.071909253697,9.29937638382003));
#3851=CARTESIAN_POINT('Ctrl Pts',(320.656543509156,254.642542257469,9.28443275030403));
#3852=CARTESIAN_POINT('Ctrl Pts',(319.255740985951,256.17942907957,9.24867711055244));
#3853=CARTESIAN_POINT('Ctrl Pts',(319.592635067899,256.173521781162,9.26892649495388));
#3854=CARTESIAN_POINT('Ctrl Pts',(320.360642084276,255.860154565833,9.30666787646296));
#3855=CARTESIAN_POINT('Ctrl Pts',(320.709447430049,255.087716917129,9.30339163357494));
#3856=CARTESIAN_POINT('Ctrl Pts',(320.71177551237,254.642415662415,9.28809261923669));
#3857=CARTESIAN_POINT('Ctrl Pts',(319.259221701597,256.307212851959,9.2023964657492));
#3858=CARTESIAN_POINT('Ctrl Pts',(319.626651521697,256.292884174032,9.23133703644868));
#3859=CARTESIAN_POINT('Ctrl Pts',(320.446788652202,255.940167639313,9.28087072601891));
#3860=CARTESIAN_POINT('Ctrl Pts',(320.817353865388,255.120408883004,9.27667439466654));
#3861=CARTESIAN_POINT('Ctrl Pts',(320.824456459967,254.643492593712,9.2571956302296));
#3862=CARTESIAN_POINT('Ctrl Pts',(319.266914260017,256.368518245214,9.08129659269487));
#3863=CARTESIAN_POINT('Ctrl Pts',(319.647817904318,256.358389140524,9.12460386426723));
#3864=CARTESIAN_POINT('Ctrl Pts',(320.503371711847,255.993857284389,9.19706507519363));
#3865=CARTESIAN_POINT('Ctrl Pts',(320.887957455764,255.141793309394,9.1910495050361));
#3866=CARTESIAN_POINT('Ctrl Pts',(320.8944705146,254.646747369384,9.16370649582701));
#3867=CARTESIAN_POINT('Ctrl Pts',(319.270779887559,256.373881643579,9.01827666190696));
#3868=CARTESIAN_POINT('Ctrl Pts',(319.652174892449,256.369796867792,9.06627277739419));
#3869=CARTESIAN_POINT('Ctrl Pts',(320.518453247681,256.009481131675,9.14848817807684));
#3870=CARTESIAN_POINT('Ctrl Pts',(320.907044491684,255.147266564309,9.14162655750866));
#3871=CARTESIAN_POINT('Ctrl Pts',(320.911278685994,254.648582040316,9.11099877150732));
#3872=CARTESIAN_POINT('Origin',(320.673082990259,254.651219143184,9.03513141212246));
#3873=CARTESIAN_POINT('',(319.270779887559,256.373881643581,9.01827666190659));
#3874=CARTESIAN_POINT('Ctrl Pts',(320.911278685994,254.648582040316,9.11099877150732));
#3875=CARTESIAN_POINT('Ctrl Pts',(320.907044491684,255.147266564309,9.14162655750866));
#3876=CARTESIAN_POINT('Ctrl Pts',(320.518453247681,256.009481131675,9.14848817807684));
#3877=CARTESIAN_POINT('Ctrl Pts',(319.652174892449,256.369796867792,9.06627277739419));
#3878=CARTESIAN_POINT('Ctrl Pts',(319.270779887559,256.373881643579,9.01827666190696));
#3879=CARTESIAN_POINT('Origin',(319.270779887559,256.124782141778,8.99707670430631));
#3880=CARTESIAN_POINT('Ctrl Pts',(286.608032252047,256.116102363851,9.24646120108429));
#3881=CARTESIAN_POINT('Ctrl Pts',(297.477012101805,256.172465850952,8.58455591825985));
#3882=CARTESIAN_POINT('Ctrl Pts',(308.386567867666,256.172465849892,8.58455592846733));
#3883=CARTESIAN_POINT('Ctrl Pts',(319.255547716183,256.116102360701,9.24646123140386));
#3884=CARTESIAN_POINT('Ctrl Pts',(286.607838982279,256.179429082619,9.24867708008498));
#3885=CARTESIAN_POINT('Ctrl Pts',(297.476928668229,256.235788265747,8.58675688513635));
#3886=CARTESIAN_POINT('Ctrl Pts',(308.386651301251,256.235788264718,8.58675689539144));
#3887=CARTESIAN_POINT('Ctrl Pts',(319.255740985949,256.179429079558,9.24867711055188));
#3888=CARTESIAN_POINT('Ctrl Pts',(286.604358267456,256.307212866133,9.20239644799089));
#3889=CARTESIAN_POINT('Ctrl Pts',(297.475784566135,256.363567999823,8.54032661699977));
#3890=CARTESIAN_POINT('Ctrl Pts',(308.387795403454,256.363567998893,8.54032662730515));
#3891=CARTESIAN_POINT('Ctrl Pts',(319.259221700871,256.307212863368,9.20239647860132));
#3892=CARTESIAN_POINT('Ctrl Pts',(286.596665708558,256.368518247794,9.08129656223977));
#3893=CARTESIAN_POINT('Ctrl Pts',(297.473209901262,256.424890199935,8.41892432252846));
#3894=CARTESIAN_POINT('Ctrl Pts',(308.39037006856,256.42489019906,8.41892433278071));
#3895=CARTESIAN_POINT('Ctrl Pts',(319.266914260014,256.368518245202,9.08129659269445));
#3896=CARTESIAN_POINT('Ctrl Pts',(286.592800081139,256.373881646152,9.01827663153893));
#3897=CARTESIAN_POINT('Ctrl Pts',(297.471922090804,256.430266668012,8.35575262469877));
#3898=CARTESIAN_POINT('Ctrl Pts',(308.391657879134,256.430266667142,8.35575263492239));
#3899=CARTESIAN_POINT('Ctrl Pts',(319.270779887556,256.373881643567,9.01827666190658));
#3900=CARTESIAN_POINT('',(286.592800081139,256.37388164615,9.01827663153891));
#3901=CARTESIAN_POINT('Ctrl Pts',(319.270779887556,256.373881643567,9.01827666190658));
#3902=CARTESIAN_POINT('Ctrl Pts',(308.391657879134,256.430266667142,8.35575263492239));
#3903=CARTESIAN_POINT('Ctrl Pts',(297.471922090804,256.430266668012,8.35575262469877));
#3904=CARTESIAN_POINT('Ctrl Pts',(286.592800081139,256.373881646152,9.01827663153893));
#3905=CARTESIAN_POINT('Origin',(286.592800081139,256.124782144348,8.99707667393797));
#3906=CARTESIAN_POINT('Ctrl Pts',(320.656543509157,254.642542257469,9.28443275030416));
#3907=CARTESIAN_POINT('Ctrl Pts',(320.656593851257,251.086103767969,9.16065492416471));
#3908=CARTESIAN_POINT('Ctrl Pts',(320.661110978059,247.529656016469,9.03717315624255));
#3909=CARTESIAN_POINT('Ctrl Pts',(320.661171040908,243.97321750451,8.91339597527202));
#3910=CARTESIAN_POINT('Ctrl Pts',(320.719665798545,254.642397577407,9.2886154576558));
#3911=CARTESIAN_POINT('Ctrl Pts',(320.719572705577,251.086751567165,9.16485203615309));
#3912=CARTESIAN_POINT('Ctrl Pts',(320.723668303175,247.530383512821,9.04135912527059));
#3913=CARTESIAN_POINT('Ctrl Pts',(320.723349023326,243.973075121907,8.91751719577534));
#3914=CARTESIAN_POINT('Ctrl Pts',(320.832417281426,254.643678186682,9.25186633275836));
#3915=CARTESIAN_POINT('Ctrl Pts',(320.832070500615,251.089398249431,9.12834664531504));
#3916=CARTESIAN_POINT('Ctrl Pts',(320.835395261919,247.533148964155,9.00541543962376));
#3917=CARTESIAN_POINT('Ctrl Pts',(320.834403921367,243.97431210755,8.88202933781067));
#3918=CARTESIAN_POINT('Ctrl Pts',(320.896871681944,254.647009465232,9.15617682092439));
#3919=CARTESIAN_POINT('Ctrl Pts',(320.896591216312,251.093442061559,9.0330673151944));
#3920=CARTESIAN_POINT('Ctrl Pts',(320.900118877768,247.537245460999,8.91129528043774));
#3921=CARTESIAN_POINT('Ctrl Pts',(320.899279320505,243.977554687362,8.7888931414086));
#3922=CARTESIAN_POINT('Ctrl Pts',(320.911278685996,254.648582040317,9.11099877150752));
#3923=CARTESIAN_POINT('Ctrl Pts',(320.911102003811,251.095150596901,8.98803839187936));
#3924=CARTESIAN_POINT('Ctrl Pts',(320.914931640812,247.538965523032,8.86670443281681));
#3925=CARTESIAN_POINT('Ctrl Pts',(320.914353623669,243.979093660512,8.74468178314608));
#3926=CARTESIAN_POINT('Ctrl Pts',(285.207036464178,254.642542265336,9.28443272081976));
#3927=CARTESIAN_POINT('Ctrl Pts',(285.20704254168,255.071914243133,9.29937652667583));
#3928=CARTESIAN_POINT('Ctrl Pts',(285.545012202479,255.820703561999,9.30274275806554));
#3929=CARTESIAN_POINT('Ctrl Pts',(286.286708280524,256.114436067675,9.26602937005581));
#3930=CARTESIAN_POINT('Ctrl Pts',(286.608032252047,256.116102363848,9.24646120108418));
#3931=CARTESIAN_POINT('Ctrl Pts',(285.151804461027,254.642415670252,9.28809258965401));
#3932=CARTESIAN_POINT('Ctrl Pts',(285.154132570041,255.08772209143,9.30339178041535));
#3933=CARTESIAN_POINT('Ctrl Pts',(285.502917789294,255.860146104323,9.30667023233145));
#3934=CARTESIAN_POINT('Ctrl Pts',(286.270940991635,256.173521715703,9.26892669880205));
#3935=CARTESIAN_POINT('Ctrl Pts',(286.607838982279,256.179429082616,9.24867708008488));
#3936=CARTESIAN_POINT('Ctrl Pts',(285.039123217993,254.643492586302,9.25719603423559));
#3937=CARTESIAN_POINT('Ctrl Pts',(285.046225894711,255.120414408913,9.27667502356165));
#3938=CARTESIAN_POINT('Ctrl Pts',(285.416769593279,255.940156468138,9.28087231229108));
#3939=CARTESIAN_POINT('Ctrl Pts',(286.23692422076,256.292884596656,9.23133800065739));
#3940=CARTESIAN_POINT('Ctrl Pts',(286.604358303867,256.307213440841,9.20239709480905));
#3941=CARTESIAN_POINT('Ctrl Pts',(284.969109459131,254.646747376781,9.16370646623259));
#3942=CARTESIAN_POINT('Ctrl Pts',(284.975622593248,255.141799060523,9.19104979163961));
#3943=CARTESIAN_POINT('Ctrl Pts',(285.360185249436,255.993846776108,9.19706716588146));
#3944=CARTESIAN_POINT('Ctrl Pts',(286.215757644848,256.358389025593,9.12460433571));
#3945=CARTESIAN_POINT('Ctrl Pts',(286.596665708557,256.368518247791,9.08129656224));
#3946=CARTESIAN_POINT('Ctrl Pts',(284.952301287758,254.648582047571,9.1109987419748));
#3947=CARTESIAN_POINT('Ctrl Pts',(284.956535530876,255.147272357547,9.14162688232631));
#3948=CARTESIAN_POINT('Ctrl Pts',(285.345102083554,256.009470506244,9.14849085993369));
#3949=CARTESIAN_POINT('Ctrl Pts',(286.211400651097,256.369796823014,9.06627330336067));
#3950=CARTESIAN_POINT('Ctrl Pts',(286.592800081138,256.373881646149,9.01827663153922));
#3951=CARTESIAN_POINT('Ctrl Pts',(286.592800081138,256.373881646149,9.01827663153922));
#3952=CARTESIAN_POINT('Ctrl Pts',(286.211400651097,256.369796823014,9.06627330336067));
#3953=CARTESIAN_POINT('Ctrl Pts',(285.345102083554,256.009470506244,9.14849085993369));
#3954=CARTESIAN_POINT('Ctrl Pts',(284.956535530876,255.147272357547,9.14162688232631));
#3955=CARTESIAN_POINT('Ctrl Pts',(284.952301287758,254.648582047571,9.1109987419748));
#3956=CARTESIAN_POINT('Ctrl Pts',(286.67655191847,242.279326178772,8.71588605491521));
#3957=CARTESIAN_POINT('Ctrl Pts',(285.209547942849,241.233348969508,5.81059070330856));
#3958=CARTESIAN_POINT('Ctrl Pts',(283.742543967227,240.187371760244,2.90529535170192));
#3959=CARTESIAN_POINT('Ctrl Pts',(282.275539991606,239.14139455098,9.52704581891339E-11));
#3960=CARTESIAN_POINT('Ctrl Pts',(286.291257127328,242.279326178772,8.71588605491522));
#3961=CARTESIAN_POINT('Ctrl Pts',(284.933711784019,241.233724294862,5.81060597972627));
#3962=CARTESIAN_POINT('Ctrl Pts',(283.576985466101,240.18699643489,2.90528007528422));
#3963=CARTESIAN_POINT('Ctrl Pts',(282.219440122792,239.14139455098,9.52704581891339E-11));
#3964=CARTESIAN_POINT('Ctrl Pts',(285.390733134529,242.593100893195,8.72679660582403));
#3965=CARTESIAN_POINT('Ctrl Pts',(284.289544930077,241.457563218678,5.81785598202105));
#3966=CARTESIAN_POINT('Ctrl Pts',(283.189509820009,240.322646295081,2.90894062389825));
#3967=CARTESIAN_POINT('Ctrl Pts',(282.088321615557,239.187108620564,9.52704581891339E-11));
#3968=CARTESIAN_POINT('Ctrl Pts',(284.959547942853,243.481874657842,8.75770098071432));
#3969=CARTESIAN_POINT('Ctrl Pts',(283.983135488453,242.094100629259,5.83849388312979));
#3970=CARTESIAN_POINT('Ctrl Pts',(283.001952446006,240.704368754478,2.9192070976798));
#3971=CARTESIAN_POINT('Ctrl Pts',(282.025539991606,239.316594725895,9.52704581891339E-11));
#3972=CARTESIAN_POINT('Ctrl Pts',(284.959547942854,243.99528976108,8.77555341229584));
#3973=CARTESIAN_POINT('Ctrl Pts',(283.981545292438,242.46065802438,5.85036894156232));
#3974=CARTESIAN_POINT('Ctrl Pts',(283.003542642022,240.92602628768,2.92518447082879));
#3975=CARTESIAN_POINT('Ctrl Pts',(282.025539991606,239.39139455098,9.52704581891339E-11));
#3976=CARTESIAN_POINT('',(282.275539991606,239.141394550979,9.52704581891339E-11));
#3977=CARTESIAN_POINT('',(286.775539991622,242.349904902635,8.91192477980508));
#3978=CARTESIAN_POINT('',(282.025539991605,239.39139455098,9.52704581891339E-11));
#3979=CARTESIAN_POINT('',(285.025539991623,244.09884110868,8.97293418234152));
#3980=CARTESIAN_POINT('Origin',(282.275539991606,239.39139455098,9.52704581891339E-11));
#3981=CARTESIAN_POINT('Ctrl Pts',(284.952316144274,243.983941992633,8.75392326139917));
#3982=CARTESIAN_POINT('Ctrl Pts',(283.976724093384,242.453092845415,5.83594884096454));
#3983=CARTESIAN_POINT('Ctrl Pts',(283.001132042495,240.922243698198,2.91797442052991));
#3984=CARTESIAN_POINT('Ctrl Pts',(282.025539991605,239.39139455098,9.52715684121586E-11));
#3985=CARTESIAN_POINT('Ctrl Pts',(284.952316144274,244.880526485566,8.78508801139446));
#3986=CARTESIAN_POINT('Ctrl Pts',(283.976724093384,243.094449072004,5.8567253409614));
#3987=CARTESIAN_POINT('Ctrl Pts',(283.001132042495,241.308371658442,2.92836267052833));
#3988=CARTESIAN_POINT('Ctrl Pts',(282.025539991605,239.52229424488,9.52715684121586E-11));
#3989=CARTESIAN_POINT('Ctrl Pts',(284.952316144274,253.751986169919,9.0798802402651));
#3990=CARTESIAN_POINT('Ctrl Pts',(283.976724093384,254.754822398974,6.05325349354183));
#3991=CARTESIAN_POINT('Ctrl Pts',(283.001132042495,255.75765862803,3.02662674681855));
#3992=CARTESIAN_POINT('Ctrl Pts',(282.025539991605,256.760494857086,9.52715684121586E-11));
#3993=CARTESIAN_POINT('Ctrl Pts',(284.952316144274,254.648570662848,9.11104499026028));
#3994=CARTESIAN_POINT('Ctrl Pts',(283.976724093384,255.396178625559,6.07402999353861));
#3995=CARTESIAN_POINT('Ctrl Pts',(283.001132042495,256.14378658827,3.03701499681694));
#3996=CARTESIAN_POINT('Ctrl Pts',(282.025539991605,256.89139455098,9.52715684121586E-11));
#3997=CARTESIAN_POINT('',(282.025539991605,256.89139455098,9.52715684121586E-11));
#3998=CARTESIAN_POINT('',(282.025539991605,256.89139455098,9.52715684121586E-11));
#3999=CARTESIAN_POINT('',(285.025539991623,254.59245834491,9.33899059755886));
#4000=CARTESIAN_POINT('Ctrl Pts',(284.953938873245,254.647327146051,9.1160965404628));
#4001=CARTESIAN_POINT('Ctrl Pts',(283.977805912698,255.395349614361,6.07739769367363));
#4002=CARTESIAN_POINT('Ctrl Pts',(283.001672952152,256.143372082671,3.03869884688445));
#4003=CARTESIAN_POINT('Ctrl Pts',(282.025539991606,256.89139455098,9.52715684121586E-11));
#4004=CARTESIAN_POINT('Ctrl Pts',(284.953938873244,255.031759583664,9.12946026720105));
#4005=CARTESIAN_POINT('Ctrl Pts',(283.978180786385,255.670610155669,6.08631792765984));
#4006=CARTESIAN_POINT('Ctrl Pts',(283.001298078465,256.308643847789,3.04314233963648));
#4007=CARTESIAN_POINT('Ctrl Pts',(282.025539991606,256.947494419794,9.52715684121586E-11));
#4008=CARTESIAN_POINT('Ctrl Pts',(285.26739204343,255.930266806802,9.16069437709286));
#4009=CARTESIAN_POINT('Ctrl Pts',(284.201806394752,256.313431788836,6.1071451736582));
#4010=CARTESIAN_POINT('Ctrl Pts',(283.136839861559,256.695447762893,3.05354920352993));
#4011=CARTESIAN_POINT('Ctrl Pts',(282.071254212881,257.078612744927,9.52715684121586E-11));
#4012=CARTESIAN_POINT('Ctrl Pts',(286.155251040715,256.360488182518,9.17564982918149));
#4013=CARTESIAN_POINT('Ctrl Pts',(284.837732579358,256.619204274974,6.11703533186114));
#4014=CARTESIAN_POINT('Ctrl Pts',(283.518258627878,256.882678458524,3.05861449741562));
#4015=CARTESIAN_POINT('Ctrl Pts',(282.20074016652,257.14139455098,9.52715684121586E-11));
#4016=CARTESIAN_POINT('Ctrl Pts',(286.668138314053,256.360488182519,9.17564982918154));
#4017=CARTESIAN_POINT('Ctrl Pts',(285.203938873237,256.62079030534,6.11709988615278));
#4018=CARTESIAN_POINT('Ctrl Pts',(283.739739432422,256.88109242816,3.05854994312403));
#4019=CARTESIAN_POINT('Ctrl Pts',(282.275539991606,257.14139455098,9.52715684121586E-11));
#4020=CARTESIAN_POINT('',(282.275539991606,257.141394550977,9.52704581891339E-11));
#4021=CARTESIAN_POINT('',(286.77553999162,256.341394550955,9.40000000009529));
#4022=CARTESIAN_POINT('Origin',(282.275539991606,256.89139455098,9.52715684121586E-11));
#4023=CARTESIAN_POINT('Origin',(310.588039991617,256.341394550955,9.40000000009529));
#4024=CARTESIAN_POINT('',(323.588039991605,257.141394550977,9.52704581891339E-11));
#4025=CARTESIAN_POINT('',(299.775539991608,257.141394550977,9.52704581891339E-11));
#4026=CARTESIAN_POINT('',(319.088039991616,256.341394550968,9.4000000000958));
#4027=CARTESIAN_POINT('Ctrl Pts',(319.194790646701,256.360372445205,9.17700974280281));
#4028=CARTESIAN_POINT('Ctrl Pts',(320.659207095002,256.62071314713,6.11800649523363));
#4029=CARTESIAN_POINT('Ctrl Pts',(322.123623543304,256.881053849055,3.05900324766445));
#4030=CARTESIAN_POINT('Ctrl Pts',(323.588039991605,257.14139455098,9.52704581891339E-11));
#4031=CARTESIAN_POINT('Ctrl Pts',(319.707742848529,256.360372445205,9.17700974280283));
#4032=CARTESIAN_POINT('Ctrl Pts',(321.025456577935,256.619126881702,6.11794193137451));
#4033=CARTESIAN_POINT('Ctrl Pts',(322.345126087285,256.882640114484,3.05906781152359));
#4034=CARTESIAN_POINT('Ctrl Pts',(323.662839816691,257.14139455098,9.52704581891339E-11));
#4035=CARTESIAN_POINT('Ctrl Pts',(320.595712046692,255.930093976011,9.16205198255945));
#4036=CARTESIAN_POINT('Ctrl Pts',(321.661455624714,256.313315746528,6.10805021573879));
#4037=CARTESIAN_POINT('Ctrl Pts',(322.726581871963,256.695390589843,3.05400176691593));
#4038=CARTESIAN_POINT('Ctrl Pts',(323.792325449986,257.07861236036,9.52704581891339E-11));
#4039=CARTESIAN_POINT('Ctrl Pts',(320.909207095009,255.03147565459,9.1308133351149));
#4040=CARTESIAN_POINT('Ctrl Pts',(321.885109797961,255.670420909976,6.08721997457833));
#4041=CARTESIAN_POINT('Ctrl Pts',(322.862137288653,256.308549164408,3.04359336063185));
#4042=CARTESIAN_POINT('Ctrl Pts',(323.838039991605,256.947494419794,9.52704581891339E-11));
#4043=CARTESIAN_POINT('Ctrl Pts',(320.909207095009,254.646994555145,9.11744762775243));
#4044=CARTESIAN_POINT('Ctrl Pts',(321.885484727208,255.39512788709,6.07829841853338));
#4045=CARTESIAN_POINT('Ctrl Pts',(322.861762359406,256.143261219035,3.03914920931432));
#4046=CARTESIAN_POINT('Ctrl Pts',(323.838039991605,256.89139455098,9.52704581891339E-11));
#4047=CARTESIAN_POINT('Origin',(323.588039991605,256.89139455098,9.52704581891339E-11));
#4048=CARTESIAN_POINT('Origin',(314.8380399916,248.14139455098,9.52704581891339E-11));
#4049=CARTESIAN_POINT('',(323.588039991605,239.141394550979,9.52704581891339E-11));
#4050=CARTESIAN_POINT('Origin',(323.588039991605,239.39139455098,9.52704581891339E-11));
#4051=CARTESIAN_POINT('',(306.0880399916,239.141394550979,9.52704581891339E-11));
#4052=CARTESIAN_POINT('Ctrl Pts',(288.981789945105,250.138832489373,7.65162275541024));
#4053=CARTESIAN_POINT('Ctrl Pts',(290.314413737437,250.14123823058,7.58250252515321));
#4054=CARTESIAN_POINT('Ctrl Pts',(291.647820353444,250.143299975181,7.52326588949863));
#4055=CARTESIAN_POINT('Ctrl Pts',(292.981789963607,250.145016846065,7.47393804920173));
#4056=CARTESIAN_POINT('Ctrl Pts',(288.981789969937,248.80498380296,7.60519840692145));
#4057=CARTESIAN_POINT('Ctrl Pts',(290.314413762268,248.807389544167,7.53607817666442));
#4058=CARTESIAN_POINT('Ctrl Pts',(291.647820378276,248.809451288768,7.47684154100984));
#4059=CARTESIAN_POINT('Ctrl Pts',(292.981789988439,248.811168159652,7.42751370071294));
#4060=CARTESIAN_POINT('Ctrl Pts',(288.981789994768,247.471135116547,7.55877405843266));
#4061=CARTESIAN_POINT('Ctrl Pts',(290.3144137871,247.473540857754,7.48965382817563));
#4062=CARTESIAN_POINT('Ctrl Pts',(291.647820403108,247.475602602356,7.43041719252104));
#4063=CARTESIAN_POINT('Ctrl Pts',(292.981790013271,247.47731947324,7.38108935222415));
#4064=CARTESIAN_POINT('Ctrl Pts',(288.9817900196,246.137286430135,7.51234970994387));
#4065=CARTESIAN_POINT('Ctrl Pts',(290.314413811932,246.139692171342,7.44322947968684));
#4066=CARTESIAN_POINT('Ctrl Pts',(291.64782042794,246.141753915943,7.38399284403225));
#4067=CARTESIAN_POINT('Ctrl Pts',(292.981790038102,246.143470786827,7.33466500373536));
#4068=CARTESIAN_POINT('Ctrl Pts',(320.904032039675,243.9952897622,8.77555341443048));
#4069=CARTESIAN_POINT('Ctrl Pts',(321.882034690318,242.460658025127,5.85036894298541));
#4070=CARTESIAN_POINT('Ctrl Pts',(322.860037340962,240.926026288054,2.92518447154034));
#4071=CARTESIAN_POINT('Ctrl Pts',(323.838039991605,239.39139455098,9.52704581891339E-11));
#4072=CARTESIAN_POINT('Ctrl Pts',(320.904032039675,243.481874658855,8.75770098284461));
#4073=CARTESIAN_POINT('Ctrl Pts',(321.880444494303,242.094100629934,5.83849388455));
#4074=CARTESIAN_POINT('Ctrl Pts',(322.861627536978,240.704368754816,2.91920709838988));
#4075=CARTESIAN_POINT('Ctrl Pts',(323.838039991605,239.316594725895,9.52704581891339E-11));
#4076=CARTESIAN_POINT('Ctrl Pts',(320.472843855937,242.593103384825,8.72679669455677));
#4077=CARTESIAN_POINT('Ctrl Pts',(321.574032060646,241.457565710031,5.81785607004619));
#4078=CARTESIAN_POINT('Ctrl Pts',(322.674069727306,240.322646658244,2.90894062460585));
#4079=CARTESIAN_POINT('Ctrl Pts',(323.775257932016,239.187108983451,9.52704581891339E-11));
#4080=CARTESIAN_POINT('Ctrl Pts',(319.572322854923,242.279326179536,8.71588605703534));
#4081=CARTESIAN_POINT('Ctrl Pts',(320.929868198552,241.233724295371,5.8106059811397));
#4082=CARTESIAN_POINT('Ctrl Pts',(322.28659451679,240.186996435145,2.90528007599091));
#4083=CARTESIAN_POINT('Ctrl Pts',(323.644139860419,239.14139455098,9.52704581891339E-11));
#4084=CARTESIAN_POINT('Ctrl Pts',(319.187028063701,242.279326179535,8.71588605703533));
#4085=CARTESIAN_POINT('Ctrl Pts',(320.654032039669,241.233348970017,5.81059070472198));
#4086=CARTESIAN_POINT('Ctrl Pts',(322.121036015637,240.187371760499,2.90529535240862));
#4087=CARTESIAN_POINT('Ctrl Pts',(323.588039991605,239.14139455098,9.52704581891339E-11));
#4088=CARTESIAN_POINT('',(319.08803999162,242.349904902635,8.91192477980508));
#4089=CARTESIAN_POINT('Origin',(319.08803999162,242.349904902635,8.91192477980508));
#4090=CARTESIAN_POINT('Origin',(314.556789991605,248.14139455098,6.13039454831976));
#4091=CARTESIAN_POINT('',(314.556789991605,248.14139455098,4.63039454831976));
#4092=CARTESIAN_POINT('Origin',(302.931789991601,248.466394550983,4.63039454831976));
#4093=CARTESIAN_POINT('',(315.206789991607,248.14139455098,4.63039454831976));
#4094=CARTESIAN_POINT('Origin',(315.206789991607,248.14139455098,6.13039454831976));
#4095=CARTESIAN_POINT('Origin',(302.931789991601,247.816394550982,6.13039454831976));
#4096=CARTESIAN_POINT('',(302.931789991601,247.816394550982,4.63039454831976));
#4097=CARTESIAN_POINT('Origin',(302.931789991601,248.466394550983,4.63039454831976));
#4098=CARTESIAN_POINT('Ctrl Pts',(321.122399742703,248.466394550983,4.63039454831976));
#4099=CARTESIAN_POINT('Ctrl Pts',(319.935652640606,248.466394550983,4.63039454831976));
#4100=CARTESIAN_POINT('Ctrl Pts',(318.748905538514,248.466394550983,4.63039454831976));
#4101=CARTESIAN_POINT('Ctrl Pts',(317.562158436422,248.466394550983,4.63039454831976));
#4102=CARTESIAN_POINT('Ctrl Pts',(293.931789991602,248.466394550992,3.13039454831976));
#4103=CARTESIAN_POINT('Ctrl Pts',(293.931789991602,248.466394550992,4.63039454831976));
#4104=CARTESIAN_POINT('Ctrl Pts',(293.931789991602,248.466394550992,7.63039454831976));
#4105=CARTESIAN_POINT('Ctrl Pts',(293.931789991602,248.466394550992,15.1303945483198));
#4106=CARTESIAN_POINT('Ctrl Pts',(311.931789991602,248.466394550983,3.13039454831976));
#4107=CARTESIAN_POINT('Ctrl Pts',(311.931789991602,248.466394550983,4.63039454831976));
#4108=CARTESIAN_POINT('Ctrl Pts',(311.931789991602,248.466394550983,7.63039454831976));
#4109=CARTESIAN_POINT('Ctrl Pts',(311.931789991602,248.466394550983,15.1303945483198));
#4110=CARTESIAN_POINT('Ctrl Pts',(360.9317899916,248.46639455096,3.13039454831976));
#4111=CARTESIAN_POINT('Ctrl Pts',(360.9317899916,248.46639455096,4.63039454831976));
#4112=CARTESIAN_POINT('Ctrl Pts',(360.9317899916,248.46639455096,7.63039454831976));
#4113=CARTESIAN_POINT('Ctrl Pts',(360.9317899916,248.46639455096,15.1303945483198));
#4114=CARTESIAN_POINT('Origin',(315.206789991607,248.14139455098,6.13039454831976));
#4115=CARTESIAN_POINT('',(315.206789991607,248.14139455098,4.63039454831976));
#4116=CARTESIAN_POINT('Origin',(302.931789991601,248.466394550983,4.63039454831976));
#4117=CARTESIAN_POINT('',(314.556789991605,248.14139455098,4.63039454831976));
#4118=CARTESIAN_POINT('Origin',(314.556789991605,248.14139455098,6.13039454831976));
#4119=CARTESIAN_POINT('Ctrl Pts',(293.931789991602,248.466394550992,3.13039454831976));
#4120=CARTESIAN_POINT('Ctrl Pts',(293.931789991602,248.466394550992,4.63039454831976));
#4121=CARTESIAN_POINT('Ctrl Pts',(293.931789991602,248.466394550992,7.63039454831976));
#4122=CARTESIAN_POINT('Ctrl Pts',(293.931789991602,248.466394550992,15.1303945483198));
#4123=CARTESIAN_POINT('Ctrl Pts',(311.931789991602,248.466394550983,3.13039454831976));
#4124=CARTESIAN_POINT('Ctrl Pts',(311.931789991602,248.466394550983,4.63039454831976));
#4125=CARTESIAN_POINT('Ctrl Pts',(311.931789991602,248.466394550983,7.63039454831976));
#4126=CARTESIAN_POINT('Ctrl Pts',(311.931789991602,248.466394550983,15.1303945483198));
#4127=CARTESIAN_POINT('Ctrl Pts',(360.9317899916,248.46639455096,3.13039454831976));
#4128=CARTESIAN_POINT('Ctrl Pts',(360.9317899916,248.46639455096,4.63039454831976));
#4129=CARTESIAN_POINT('Ctrl Pts',(360.9317899916,248.46639455096,7.63039454831976));
#4130=CARTESIAN_POINT('Ctrl Pts',(360.9317899916,248.46639455096,15.1303945483198));
#4131=CARTESIAN_POINT('Ctrl Pts',(312.201421546779,248.466394550983,4.63039454831976));
#4132=CARTESIAN_POINT('Ctrl Pts',(310.005000509993,248.466394550983,4.63039454831976));
#4133=CARTESIAN_POINT('Ctrl Pts',(307.808579473212,248.466394550983,4.63039454831976));
#4134=CARTESIAN_POINT('Ctrl Pts',(305.612158436429,248.466394550983,4.63039454831976));
#4135=CARTESIAN_POINT('Origin',(302.931789991601,247.816394550982,6.13039454831976));
#4136=CARTESIAN_POINT('',(302.931789991601,247.816394550982,4.63039454831976));
#4137=CARTESIAN_POINT('Origin',(302.931789991601,248.466394550983,4.63039454831976));
#4138=UNCERTAINTY_MEASURE_WITH_UNIT(LENGTH_MEASURE(0.01),#4142,
'DISTANCE_ACCURACY_VALUE',
'Maximum model space distance between geometric entities at asserted c
onnectivities');
#4139=UNCERTAINTY_MEASURE_WITH_UNIT(LENGTH_MEASURE(0.01),#4142,
'DISTANCE_ACCURACY_VALUE',
'Maximum model space distance between geometric entities at asserted c
onnectivities');
#4140=(
GEOMETRIC_REPRESENTATION_CONTEXT(3)
GLOBAL_UNCERTAINTY_ASSIGNED_CONTEXT((#4138))
GLOBAL_UNIT_ASSIGNED_CONTEXT((#4142,#4144,#4145))
REPRESENTATION_CONTEXT('','3D')
);
#4141=(
GEOMETRIC_REPRESENTATION_CONTEXT(3)
GLOBAL_UNCERTAINTY_ASSIGNED_CONTEXT((#4139))
GLOBAL_UNIT_ASSIGNED_CONTEXT((#4142,#4144,#4145))
REPRESENTATION_CONTEXT('','3D')
);
#4142=(
LENGTH_UNIT()
NAMED_UNIT(*)
SI_UNIT(.MILLI.,.METRE.)
);
#4143=(
LENGTH_UNIT()
NAMED_UNIT(*)
SI_UNIT($,.METRE.)
);
#4144=(
NAMED_UNIT(*)
PLANE_ANGLE_UNIT()
SI_UNIT($,.RADIAN.)
);
#4145=(
NAMED_UNIT(*)
SI_UNIT($,.STERADIAN.)
SOLID_ANGLE_UNIT()
);
#4146=SHAPE_DEFINITION_REPRESENTATION(#4147,#4148);
#4147=PRODUCT_DEFINITION_SHAPE('',$,#4150);
#4148=SHAPE_REPRESENTATION('',(#1973,#1960),#4140);
#4149=PRODUCT_DEFINITION_CONTEXT('part definition',#4154,'design');
#4150=PRODUCT_DEFINITION(
'_CHERRYMX CAD_CAM KEYCAPS.0a65399a-5414-456f-92bb-ff9080eeff1a',
'_CHERRYMX CAD_CAM KEYCAPS.0a65399a-5414-456f-92bb-ff9080eeff1a',#4151,
#4149);
#4151=PRODUCT_DEFINITION_FORMATION('',$,#4156);
#4152=PRODUCT_RELATED_PRODUCT_CATEGORY(
'_CHERRYMX CAD_CAM KEYCAPS.0a65399a-5414-456f-92bb-ff9080eeff1a',
'_CHERRYMX CAD_CAM KEYCAPS.0a65399a-5414-456f-92bb-ff9080eeff1a',(#4156));
#4153=APPLICATION_PROTOCOL_DEFINITION('international standard',
'automotive_design',2009,#4154);
#4154=APPLICATION_CONTEXT(
'Core Data for Automotive Mechanical Design Process');
#4155=PRODUCT_CONTEXT('part definition',#4154,'mechanical');
#4156=PRODUCT(
'_CHERRYMX CAD_CAM KEYCAPS.0a65399a-5414-456f-92bb-ff9080eeff1a',
'_CHERRYMX CAD_CAM KEYCAPS.0a65399a-5414-456f-92bb-ff9080eeff1a',$,(#4155));
#4157=PRESENTATION_STYLE_ASSIGNMENT((#4159));
#4158=PRESENTATION_STYLE_ASSIGNMENT((#4160));
#4159=SURFACE_STYLE_USAGE(.BOTH.,#4161);
#4160=SURFACE_STYLE_USAGE(.BOTH.,#4162);
#4161=SURFACE_SIDE_STYLE('',(#4163));
#4162=SURFACE_SIDE_STYLE('',(#4164));
#4163=SURFACE_STYLE_FILL_AREA(#4165);
#4164=SURFACE_STYLE_FILL_AREA(#4166);
#4165=FILL_AREA_STYLE('Steel - Satin',(#4167));
#4166=FILL_AREA_STYLE('Generic',(#4168));
#4167=FILL_AREA_STYLE_COLOUR('Steel - Satin',#4169);
#4168=FILL_AREA_STYLE_COLOUR('Generic',#4170);
#4169=COLOUR_RGB('Steel - Satin',0.627450980392157,0.627450980392157,0.627450980392157);
#4170=COLOUR_RGB('Generic',1.,1.,1.);
ENDSEC;
END-ISO-10303-21;
