ISO-10303-21;
HEADER;
/* Generated by software containing ST-Developer
 * from STEP Tools, Inc. (www.steptools.com) 
 */

FILE_DESCRIPTION(
/* description */ (''),
/* implementation_level */ '2;1');

FILE_NAME(
/* name */ 'k2.5u.step',
/* time_stamp */ '2026-05-03T22:44:15-07:00',
/* author */ (''),
/* organization */ (''),
/* preprocessor_version */ 'ST-DEVELOPER v20.1',
/* originating_system */ 'Autodesk Translation Framework v14.24.0.0',
/* authorisation */ '');

FILE_SCHEMA (('AUTOMOTIVE_DESIGN { 1 0 10303 214 3 1 1 }'));
ENDSEC;

DATA;
#10=MECHANICAL_DESIGN_GEOMETRIC_PRESENTATION_REPRESENTATION('',(#421,#422),
#4206);
#11=SHAPE_REPRESENTATION_RELATIONSHIP('SRR','None',#4213,#12);
#12=ADVANCED_BREP_SHAPE_REPRESENTATION('',(#13),#4205);
#13=MANIFOLD_SOLID_BREP('Body42',#420);
#14=FACE_BOUND('',#565,.T.);
#15=FACE_BOUND('',#569,.T.);
#16=FACE_BOUND('',#595,.T.);
#17=FACE_BOUND('',#597,.T.);
#18=(
BOUNDED_SURFACE()
B_SPLINE_SURFACE(1,2,((#3605,#3606,#3607),(#3608,#3609,#3610)),
 .UNSPECIFIED.,.F.,.F.,.F.)
B_SPLINE_SURFACE_WITH_KNOTS((2,2),(3,3),(-2.80979151556297E-12,0.124754755453113),
(-1.06241656441163E-14,0.171929426067851),.UNSPECIFIED.)
GEOMETRIC_REPRESENTATION_ITEM()
RATIONAL_B_SPLINE_SURFACE(((1.,0.996307308958274,1.),(1.,0.996307308958274,
1.)))
REPRESENTATION_ITEM('')
SURFACE()
);
#19=PLANE('',#2026);
#20=PLANE('',#2027);
#21=PLANE('',#2028);
#22=PLANE('',#2029);
#23=PLANE('',#2038);
#24=PLANE('',#2040);
#25=PLANE('',#2042);
#26=PLANE('',#2043);
#27=PLANE('',#2044);
#28=PLANE('',#2045);
#29=PLANE('',#2046);
#30=PLANE('',#2047);
#31=PLANE('',#2048);
#32=PLANE('',#2049);
#33=PLANE('',#2050);
#34=PLANE('',#2051);
#35=PLANE('',#2052);
#36=PLANE('',#2053);
#37=PLANE('',#2054);
#38=PLANE('',#2055);
#39=PLANE('',#2056);
#40=PLANE('',#2057);
#41=PLANE('',#2058);
#42=PLANE('',#2059);
#43=PLANE('',#2060);
#44=PLANE('',#2061);
#45=PLANE('',#2062);
#46=PLANE('',#2063);
#47=PLANE('',#2064);
#48=PLANE('',#2065);
#49=PLANE('',#2066);
#50=PLANE('',#2067);
#51=PLANE('',#2068);
#52=PLANE('',#2069);
#53=PLANE('',#2077);
#54=PLANE('',#2078);
#55=PLANE('',#2079);
#56=PLANE('',#2080);
#57=PLANE('',#2081);
#58=PLANE('',#2082);
#59=PLANE('',#2083);
#60=PLANE('',#2084);
#61=PLANE('',#2085);
#62=PLANE('',#2086);
#63=PLANE('',#2087);
#64=PLANE('',#2088);
#65=PLANE('',#2089);
#66=PLANE('',#2090);
#67=PLANE('',#2091);
#68=PLANE('',#2092);
#69=PLANE('',#2093);
#70=PLANE('',#2094);
#71=PLANE('',#2095);
#72=PLANE('',#2096);
#73=PLANE('',#2097);
#74=PLANE('',#2098);
#75=PLANE('',#2099);
#76=PLANE('',#2100);
#77=PLANE('',#2101);
#78=PLANE('',#2102);
#79=PLANE('',#2103);
#80=PLANE('',#2104);
#81=PLANE('',#2105);
#82=PLANE('',#2106);
#83=PLANE('',#2107);
#84=PLANE('',#2108);
#85=PLANE('',#2109);
#86=PLANE('',#2110);
#87=PLANE('',#2111);
#88=PLANE('',#2112);
#89=CIRCLE('',#2013,2.7);
#90=CIRCLE('',#2014,2.7);
#91=CIRCLE('',#2015,2.7);
#92=CIRCLE('',#2016,2.7);
#93=CIRCLE('',#2017,2.7);
#94=CIRCLE('',#2018,2.7);
#95=CIRCLE('',#2020,2.7);
#96=CIRCLE('',#2021,2.7);
#97=CIRCLE('',#2022,2.7);
#98=CIRCLE('',#2023,2.7);
#99=CIRCLE('',#2024,2.7);
#100=CIRCLE('',#2025,2.7);
#101=CIRCLE('',#2030,0.249999999999998);
#102=CIRCLE('',#2031,0.25);
#103=CIRCLE('',#2032,0.250000000000005);
#104=CIRCLE('',#2033,0.249999999999999);
#105=CIRCLE('',#2034,0.250000000000015);
#106=CIRCLE('',#2035,0.249999999999997);
#107=CIRCLE('',#2036,0.250000000000002);
#108=CIRCLE('',#2037,0.250000000000002);
#109=CIRCLE('',#2039,0.250000000000002);
#110=CIRCLE('',#2041,0.250000000000002);
#111=CIRCLE('',#2070,2.7);
#112=CIRCLE('',#2072,2.7);
#113=CIRCLE('',#2073,2.7);
#114=CIRCLE('',#2074,2.7);
#115=CIRCLE('',#2075,2.7);
#116=CIRCLE('',#2076,2.7);
#117=LINE('',#2487,#267);
#118=LINE('',#2491,#268);
#119=LINE('',#2496,#269);
#120=LINE('',#2509,#270);
#121=LINE('',#2535,#271);
#122=LINE('',#2539,#272);
#123=LINE('',#2561,#273);
#124=LINE('',#3084,#274);
#125=LINE('',#3088,#275);
#126=LINE('',#3092,#276);
#127=LINE('',#3094,#277);
#128=LINE('',#3102,#278);
#129=LINE('',#3105,#279);
#130=LINE('',#3113,#280);
#131=LINE('',#3116,#281);
#132=LINE('',#3118,#282);
#133=LINE('',#3119,#283);
#134=LINE('',#3121,#284);
#135=LINE('',#3123,#285);
#136=LINE('',#3124,#286);
#137=LINE('',#3379,#287);
#138=LINE('',#3381,#288);
#139=LINE('',#3383,#289);
#140=LINE('',#3384,#290);
#141=LINE('',#3386,#291);
#142=LINE('',#3387,#292);
#143=LINE('',#3389,#293);
#144=LINE('',#3391,#294);
#145=LINE('',#3392,#295);
#146=LINE('',#3394,#296);
#147=LINE('',#3395,#297);
#148=LINE('',#3398,#298);
#149=LINE('',#3400,#299);
#150=LINE('',#3401,#300);
#151=LINE('',#3403,#301);
#152=LINE('',#3405,#302);
#153=LINE('',#3406,#303);
#154=LINE('',#3408,#304);
#155=LINE('',#3410,#305);
#156=LINE('',#3411,#306);
#157=LINE('',#3413,#307);
#158=LINE('',#3414,#308);
#159=LINE('',#3417,#309);
#160=LINE('',#3418,#310);
#161=LINE('',#3429,#311);
#162=LINE('',#3448,#312);
#163=LINE('',#3450,#313);
#164=LINE('',#3452,#314);
#165=LINE('',#3762,#315);
#166=LINE('',#3765,#316);
#167=LINE('',#3783,#317);
#168=LINE('',#3784,#318);
#169=LINE('',#3806,#319);
#170=LINE('',#3810,#320);
#171=LINE('',#3811,#321);
#172=LINE('',#3836,#322);
#173=LINE('',#3857,#323);
#174=LINE('',#3862,#324);
#175=LINE('',#3864,#325);
#176=LINE('',#3866,#326);
#177=LINE('',#3868,#327);
#178=LINE('',#3870,#328);
#179=LINE('',#3872,#329);
#180=LINE('',#3874,#330);
#181=LINE('',#3876,#331);
#182=LINE('',#3878,#332);
#183=LINE('',#3880,#333);
#184=LINE('',#3882,#334);
#185=LINE('',#3883,#335);
#186=LINE('',#3885,#336);
#187=LINE('',#3886,#337);
#188=LINE('',#3888,#338);
#189=LINE('',#3890,#339);
#190=LINE('',#3892,#340);
#191=LINE('',#3894,#341);
#192=LINE('',#3896,#342);
#193=LINE('',#3898,#343);
#194=LINE('',#3900,#344);
#195=LINE('',#3902,#345);
#196=LINE('',#3904,#346);
#197=LINE('',#3906,#347);
#198=LINE('',#3910,#348);
#199=LINE('',#3912,#349);
#200=LINE('',#3913,#350);
#201=LINE('',#3916,#351);
#202=LINE('',#3917,#352);
#203=LINE('',#3920,#353);
#204=LINE('',#3921,#354);
#205=LINE('',#3924,#355);
#206=LINE('',#3925,#356);
#207=LINE('',#3928,#357);
#208=LINE('',#3929,#358);
#209=LINE('',#3932,#359);
#210=LINE('',#3933,#360);
#211=LINE('',#3936,#361);
#212=LINE('',#3937,#362);
#213=LINE('',#3940,#363);
#214=LINE('',#3941,#364);
#215=LINE('',#3944,#365);
#216=LINE('',#3945,#366);
#217=LINE('',#3948,#367);
#218=LINE('',#3949,#368);
#219=LINE('',#3952,#369);
#220=LINE('',#3953,#370);
#221=LINE('',#3955,#371);
#222=LINE('',#3962,#372);
#223=LINE('',#3964,#373);
#224=LINE('',#3966,#374);
#225=LINE('',#3968,#375);
#226=LINE('',#3970,#376);
#227=LINE('',#3972,#377);
#228=LINE('',#3974,#378);
#229=LINE('',#3976,#379);
#230=LINE('',#3978,#380);
#231=LINE('',#3980,#381);
#232=LINE('',#3982,#382);
#233=LINE('',#3983,#383);
#234=LINE('',#3986,#384);
#235=LINE('',#3994,#385);
#236=LINE('',#3996,#386);
#237=LINE('',#3999,#387);
#238=LINE('',#4007,#388);
#239=LINE('',#4021,#389);
#240=LINE('',#4022,#390);
#241=LINE('',#4024,#391);
#242=LINE('',#4026,#392);
#243=LINE('',#4028,#393);
#244=LINE('',#4030,#394);
#245=LINE('',#4032,#395);
#246=LINE('',#4034,#396);
#247=LINE('',#4036,#397);
#248=LINE('',#4038,#398);
#249=LINE('',#4040,#399);
#250=LINE('',#4042,#400);
#251=LINE('',#4057,#401);
#252=LINE('',#4063,#402);
#253=LINE('',#4077,#403);
#254=LINE('',#4079,#404);
#255=LINE('',#4082,#405);
#256=LINE('',#4084,#406);
#257=LINE('',#4103,#407);
#258=LINE('',#4106,#408);
#259=LINE('',#4139,#409);
#260=LINE('',#4156,#410);
#261=LINE('',#4171,#411);
#262=LINE('',#4175,#412);
#263=LINE('',#4194,#413);
#264=LINE('',#4196,#414);
#265=LINE('',#4199,#415);
#266=LINE('',#4200,#416);
#267=VECTOR('',#2117,1.);
#268=VECTOR('',#2120,3.);
#269=VECTOR('',#2125,1.);
#270=VECTOR('',#2126,1.);
#271=VECTOR('',#2129,1.);
#272=VECTOR('',#2132,1.);
#273=VECTOR('',#2135,1.);
#274=VECTOR('',#2138,1.);
#275=VECTOR('',#2141,3.);
#276=VECTOR('',#2146,1.);
#277=VECTOR('',#2147,1.);
#278=VECTOR('',#2150,1.);
#279=VECTOR('',#2153,1.);
#280=VECTOR('',#2156,1.);
#281=VECTOR('',#2159,1.);
#282=VECTOR('',#2160,1.);
#283=VECTOR('',#2161,1.);
#284=VECTOR('',#2162,1.);
#285=VECTOR('',#2163,1.);
#286=VECTOR('',#2164,1.);
#287=VECTOR('',#2167,1.);
#288=VECTOR('',#2168,1.);
#289=VECTOR('',#2169,1.);
#290=VECTOR('',#2170,1.);
#291=VECTOR('',#2171,1.);
#292=VECTOR('',#2172,1.);
#293=VECTOR('',#2173,1.);
#294=VECTOR('',#2174,1.);
#295=VECTOR('',#2175,1.);
#296=VECTOR('',#2176,1.);
#297=VECTOR('',#2177,1.);
#298=VECTOR('',#2180,1.);
#299=VECTOR('',#2181,1.);
#300=VECTOR('',#2182,1.);
#301=VECTOR('',#2183,1.);
#302=VECTOR('',#2184,1.);
#303=VECTOR('',#2185,1.);
#304=VECTOR('',#2186,1.);
#305=VECTOR('',#2187,1.);
#306=VECTOR('',#2188,1.);
#307=VECTOR('',#2189,1.);
#308=VECTOR('',#2190,1.);
#309=VECTOR('',#2193,1.);
#310=VECTOR('',#2194,1.);
#311=VECTOR('',#2195,1.);
#312=VECTOR('',#2196,10.5675730862134);
#313=VECTOR('',#2197,1.);
#314=VECTOR('',#2198,10.0748128051564);
#315=VECTOR('',#2211,10.5675730862227);
#316=VECTOR('',#2214,10.4865123828692);
#317=VECTOR('',#2215,1.);
#318=VECTOR('',#2216,10.074812805169);
#319=VECTOR('',#2217,1.);
#320=VECTOR('',#2222,1.);
#321=VECTOR('',#2223,10.45227248018);
#322=VECTOR('',#2230,1.);
#323=VECTOR('',#2231,1.);
#324=VECTOR('',#2236,1.);
#325=VECTOR('',#2237,1.);
#326=VECTOR('',#2238,1.);
#327=VECTOR('',#2239,1.);
#328=VECTOR('',#2240,1.);
#329=VECTOR('',#2241,1.);
#330=VECTOR('',#2242,1.);
#331=VECTOR('',#2243,1.);
#332=VECTOR('',#2244,1.);
#333=VECTOR('',#2245,1.);
#334=VECTOR('',#2246,1.);
#335=VECTOR('',#2247,1.);
#336=VECTOR('',#2250,1.);
#337=VECTOR('',#2251,1.);
#338=VECTOR('',#2254,1.);
#339=VECTOR('',#2257,1.);
#340=VECTOR('',#2260,1.);
#341=VECTOR('',#2263,1.);
#342=VECTOR('',#2266,1.);
#343=VECTOR('',#2269,1.);
#344=VECTOR('',#2272,1.);
#345=VECTOR('',#2275,1.);
#346=VECTOR('',#2278,1.);
#347=VECTOR('',#2281,1.);
#348=VECTOR('',#2286,1.);
#349=VECTOR('',#2287,1.);
#350=VECTOR('',#2288,1.);
#351=VECTOR('',#2291,1.);
#352=VECTOR('',#2292,1.);
#353=VECTOR('',#2295,1.);
#354=VECTOR('',#2296,1.);
#355=VECTOR('',#2299,1.);
#356=VECTOR('',#2300,1.);
#357=VECTOR('',#2303,1.);
#358=VECTOR('',#2304,1.);
#359=VECTOR('',#2307,1.);
#360=VECTOR('',#2308,1.);
#361=VECTOR('',#2311,1.);
#362=VECTOR('',#2312,1.);
#363=VECTOR('',#2315,1.);
#364=VECTOR('',#2316,1.);
#365=VECTOR('',#2319,1.);
#366=VECTOR('',#2320,1.);
#367=VECTOR('',#2323,1.);
#368=VECTOR('',#2324,1.);
#369=VECTOR('',#2327,1.);
#370=VECTOR('',#2328,1.);
#371=VECTOR('',#2331,1.);
#372=VECTOR('',#2338,1.);
#373=VECTOR('',#2339,1.);
#374=VECTOR('',#2340,1.);
#375=VECTOR('',#2341,1.);
#376=VECTOR('',#2342,1.);
#377=VECTOR('',#2343,1.);
#378=VECTOR('',#2344,1.);
#379=VECTOR('',#2345,1.);
#380=VECTOR('',#2346,1.);
#381=VECTOR('',#2347,1.);
#382=VECTOR('',#2348,1.);
#383=VECTOR('',#2349,1.);
#384=VECTOR('',#2352,1.);
#385=VECTOR('',#2355,1.);
#386=VECTOR('',#2356,1.);
#387=VECTOR('',#2359,3.);
#388=VECTOR('',#2362,1.);
#389=VECTOR('',#2369,1.);
#390=VECTOR('',#2370,1.);
#391=VECTOR('',#2373,1.);
#392=VECTOR('',#2376,1.);
#393=VECTOR('',#2379,1.);
#394=VECTOR('',#2382,1.);
#395=VECTOR('',#2385,1.);
#396=VECTOR('',#2388,1.);
#397=VECTOR('',#2391,1.);
#398=VECTOR('',#2394,1.);
#399=VECTOR('',#2397,1.);
#400=VECTOR('',#2400,1.);
#401=VECTOR('',#2403,1.);
#402=VECTOR('',#2406,1.);
#403=VECTOR('',#2411,1.);
#404=VECTOR('',#2414,1.);
#405=VECTOR('',#2419,1.);
#406=VECTOR('',#2422,1.);
#407=VECTOR('',#2427,1.);
#408=VECTOR('',#2432,1.);
#409=VECTOR('',#2437,1.);
#410=VECTOR('',#2442,1.);
#411=VECTOR('',#2445,1.);
#412=VECTOR('',#2448,1.);
#413=VECTOR('',#2453,1.);
#414=VECTOR('',#2456,1.);
#415=VECTOR('',#2461,1.);
#416=VECTOR('',#2462,1.);
#417=CYLINDRICAL_SURFACE('',#2012,2.7);
#418=CYLINDRICAL_SURFACE('',#2019,2.7);
#419=CYLINDRICAL_SURFACE('',#2071,2.7);
#420=CLOSED_SHELL('',(#1890,#1891,#1892,#1893,#1894,#1895,#1896,#1897,#1898,
#1899,#1900,#1901,#1902,#1903,#1904,#1905,#1906,#1907,#1908,#1909,#1910,
#1911,#1912,#1913,#1914,#1915,#1916,#1917,#1918,#1919,#1920,#1921,#1922,
#1923,#1924,#1925,#1926,#1927,#1928,#1929,#1930,#1931,#1932,#1933,#1934,
#1935,#1936,#1937,#1938,#1939,#1940,#1941,#1942,#1943,#1944,#1945,#1946,
#1947,#1948,#1949,#1950,#1951,#1952,#1953,#1954,#1955,#1956,#1957,#1958,
#1959,#1960,#1961,#1962,#1963,#1964,#1965,#1966,#1967,#1968,#1969,#1970,
#1971,#1972,#1973,#1974,#1975,#1976,#1977,#1978,#1979,#1980,#1981,#1982,
#1983,#1984,#1985,#1986,#1987,#1988,#1989,#1990,#1991,#1992,#1993,#1994,
#1995,#1996));
#421=STYLED_ITEM('',(#4223),#1998);
#422=STYLED_ITEM('',(#4223),#13);
#423=FACE_OUTER_BOUND('',#531,.T.);
#424=FACE_OUTER_BOUND('',#532,.T.);
#425=FACE_OUTER_BOUND('',#533,.T.);
#426=FACE_OUTER_BOUND('',#534,.T.);
#427=FACE_OUTER_BOUND('',#535,.T.);
#428=FACE_OUTER_BOUND('',#536,.T.);
#429=FACE_OUTER_BOUND('',#537,.T.);
#430=FACE_OUTER_BOUND('',#538,.T.);
#431=FACE_OUTER_BOUND('',#539,.T.);
#432=FACE_OUTER_BOUND('',#540,.T.);
#433=FACE_OUTER_BOUND('',#541,.T.);
#434=FACE_OUTER_BOUND('',#542,.T.);
#435=FACE_OUTER_BOUND('',#543,.T.);
#436=FACE_OUTER_BOUND('',#544,.T.);
#437=FACE_OUTER_BOUND('',#545,.T.);
#438=FACE_OUTER_BOUND('',#546,.T.);
#439=FACE_OUTER_BOUND('',#547,.T.);
#440=FACE_OUTER_BOUND('',#548,.T.);
#441=FACE_OUTER_BOUND('',#549,.T.);
#442=FACE_OUTER_BOUND('',#550,.T.);
#443=FACE_OUTER_BOUND('',#551,.T.);
#444=FACE_OUTER_BOUND('',#552,.T.);
#445=FACE_OUTER_BOUND('',#553,.T.);
#446=FACE_OUTER_BOUND('',#554,.T.);
#447=FACE_OUTER_BOUND('',#555,.T.);
#448=FACE_OUTER_BOUND('',#556,.T.);
#449=FACE_OUTER_BOUND('',#557,.T.);
#450=FACE_OUTER_BOUND('',#558,.T.);
#451=FACE_OUTER_BOUND('',#559,.T.);
#452=FACE_OUTER_BOUND('',#560,.T.);
#453=FACE_OUTER_BOUND('',#561,.T.);
#454=FACE_OUTER_BOUND('',#562,.T.);
#455=FACE_OUTER_BOUND('',#563,.T.);
#456=FACE_OUTER_BOUND('',#564,.T.);
#457=FACE_OUTER_BOUND('',#566,.T.);
#458=FACE_OUTER_BOUND('',#567,.T.);
#459=FACE_OUTER_BOUND('',#568,.T.);
#460=FACE_OUTER_BOUND('',#570,.T.);
#461=FACE_OUTER_BOUND('',#571,.T.);
#462=FACE_OUTER_BOUND('',#572,.T.);
#463=FACE_OUTER_BOUND('',#573,.T.);
#464=FACE_OUTER_BOUND('',#574,.T.);
#465=FACE_OUTER_BOUND('',#575,.T.);
#466=FACE_OUTER_BOUND('',#576,.T.);
#467=FACE_OUTER_BOUND('',#577,.T.);
#468=FACE_OUTER_BOUND('',#578,.T.);
#469=FACE_OUTER_BOUND('',#579,.T.);
#470=FACE_OUTER_BOUND('',#580,.T.);
#471=FACE_OUTER_BOUND('',#581,.T.);
#472=FACE_OUTER_BOUND('',#582,.T.);
#473=FACE_OUTER_BOUND('',#583,.T.);
#474=FACE_OUTER_BOUND('',#584,.T.);
#475=FACE_OUTER_BOUND('',#585,.T.);
#476=FACE_OUTER_BOUND('',#586,.T.);
#477=FACE_OUTER_BOUND('',#587,.T.);
#478=FACE_OUTER_BOUND('',#588,.T.);
#479=FACE_OUTER_BOUND('',#589,.T.);
#480=FACE_OUTER_BOUND('',#590,.T.);
#481=FACE_OUTER_BOUND('',#591,.T.);
#482=FACE_OUTER_BOUND('',#592,.T.);
#483=FACE_OUTER_BOUND('',#593,.T.);
#484=FACE_OUTER_BOUND('',#594,.T.);
#485=FACE_OUTER_BOUND('',#596,.T.);
#486=FACE_OUTER_BOUND('',#598,.T.);
#487=FACE_OUTER_BOUND('',#599,.T.);
#488=FACE_OUTER_BOUND('',#600,.T.);
#489=FACE_OUTER_BOUND('',#601,.T.);
#490=FACE_OUTER_BOUND('',#602,.T.);
#491=FACE_OUTER_BOUND('',#603,.T.);
#492=FACE_OUTER_BOUND('',#604,.T.);
#493=FACE_OUTER_BOUND('',#605,.T.);
#494=FACE_OUTER_BOUND('',#606,.T.);
#495=FACE_OUTER_BOUND('',#607,.T.);
#496=FACE_OUTER_BOUND('',#608,.T.);
#497=FACE_OUTER_BOUND('',#609,.T.);
#498=FACE_OUTER_BOUND('',#610,.T.);
#499=FACE_OUTER_BOUND('',#611,.T.);
#500=FACE_OUTER_BOUND('',#612,.T.);
#501=FACE_OUTER_BOUND('',#613,.T.);
#502=FACE_OUTER_BOUND('',#614,.T.);
#503=FACE_OUTER_BOUND('',#615,.T.);
#504=FACE_OUTER_BOUND('',#616,.T.);
#505=FACE_OUTER_BOUND('',#617,.T.);
#506=FACE_OUTER_BOUND('',#618,.T.);
#507=FACE_OUTER_BOUND('',#619,.T.);
#508=FACE_OUTER_BOUND('',#620,.T.);
#509=FACE_OUTER_BOUND('',#621,.T.);
#510=FACE_OUTER_BOUND('',#622,.T.);
#511=FACE_OUTER_BOUND('',#623,.T.);
#512=FACE_OUTER_BOUND('',#624,.T.);
#513=FACE_OUTER_BOUND('',#625,.T.);
#514=FACE_OUTER_BOUND('',#626,.T.);
#515=FACE_OUTER_BOUND('',#627,.T.);
#516=FACE_OUTER_BOUND('',#628,.T.);
#517=FACE_OUTER_BOUND('',#629,.T.);
#518=FACE_OUTER_BOUND('',#630,.T.);
#519=FACE_OUTER_BOUND('',#631,.T.);
#520=FACE_OUTER_BOUND('',#632,.T.);
#521=FACE_OUTER_BOUND('',#633,.T.);
#522=FACE_OUTER_BOUND('',#634,.T.);
#523=FACE_OUTER_BOUND('',#635,.T.);
#524=FACE_OUTER_BOUND('',#636,.T.);
#525=FACE_OUTER_BOUND('',#637,.T.);
#526=FACE_OUTER_BOUND('',#638,.T.);
#527=FACE_OUTER_BOUND('',#639,.T.);
#528=FACE_OUTER_BOUND('',#640,.T.);
#529=FACE_OUTER_BOUND('',#641,.T.);
#530=FACE_OUTER_BOUND('',#642,.T.);
#531=EDGE_LOOP('',(#1261,#1262,#1263,#1264));
#532=EDGE_LOOP('',(#1265,#1266,#1267,#1268,#1269,#1270,#1271,#1272,#1273,
#1274,#1275,#1276,#1277,#1278,#1279,#1280,#1281,#1282,#1283,#1284));
#533=EDGE_LOOP('',(#1285,#1286,#1287,#1288,#1289,#1290));
#534=EDGE_LOOP('',(#1291,#1292,#1293,#1294,#1295,#1296));
#535=EDGE_LOOP('',(#1297,#1298,#1299,#1300,#1301,#1302));
#536=EDGE_LOOP('',(#1303,#1304,#1305,#1306,#1307));
#537=EDGE_LOOP('',(#1308,#1309,#1310,#1311,#1312));
#538=EDGE_LOOP('',(#1313,#1314,#1315,#1316,#1317,#1318));
#539=EDGE_LOOP('',(#1319,#1320,#1321,#1322,#1323,#1324));
#540=EDGE_LOOP('',(#1325,#1326,#1327,#1328,#1329));
#541=EDGE_LOOP('',(#1330,#1331,#1332,#1333,#1334,#1335,#1336,#1337,#1338,
#1339,#1340,#1341,#1342,#1343,#1344,#1345,#1346,#1347,#1348,#1349));
#542=EDGE_LOOP('',(#1350,#1351,#1352,#1353,#1354,#1355,#1356,#1357));
#543=EDGE_LOOP('',(#1358,#1359,#1360,#1361,#1362,#1363,#1364,#1365,#1366,
#1367,#1368,#1369));
#544=EDGE_LOOP('',(#1370,#1371,#1372,#1373,#1374,#1375,#1376,#1377,#1378,
#1379,#1380,#1381));
#545=EDGE_LOOP('',(#1382,#1383,#1384,#1385,#1386,#1387,#1388,#1389,#1390,
#1391,#1392,#1393));
#546=EDGE_LOOP('',(#1394,#1395,#1396,#1397,#1398,#1399,#1400,#1401,#1402,
#1403,#1404,#1405,#1406,#1407,#1408,#1409));
#547=EDGE_LOOP('',(#1410,#1411,#1412,#1413,#1414,#1415,#1416,#1417,#1418,
#1419,#1420,#1421,#1422,#1423,#1424,#1425));
#548=EDGE_LOOP('',(#1426,#1427,#1428,#1429,#1430,#1431,#1432,#1433,#1434));
#549=EDGE_LOOP('',(#1435,#1436,#1437,#1438));
#550=EDGE_LOOP('',(#1439,#1440,#1441,#1442));
#551=EDGE_LOOP('',(#1443,#1444,#1445,#1446));
#552=EDGE_LOOP('',(#1447,#1448,#1449,#1450));
#553=EDGE_LOOP('',(#1451,#1452,#1453,#1454));
#554=EDGE_LOOP('',(#1455,#1456,#1457,#1458,#1459,#1460,#1461,#1462));
#555=EDGE_LOOP('',(#1463,#1464,#1465,#1466));
#556=EDGE_LOOP('',(#1467,#1468,#1469,#1470));
#557=EDGE_LOOP('',(#1471,#1472,#1473,#1474));
#558=EDGE_LOOP('',(#1475,#1476,#1477,#1478));
#559=EDGE_LOOP('',(#1479,#1480,#1481,#1482));
#560=EDGE_LOOP('',(#1483,#1484,#1485,#1486));
#561=EDGE_LOOP('',(#1487,#1488,#1489,#1490));
#562=EDGE_LOOP('',(#1491,#1492,#1493,#1494));
#563=EDGE_LOOP('',(#1495,#1496,#1497,#1498));
#564=EDGE_LOOP('',(#1499,#1500,#1501,#1502,#1503,#1504,#1505,#1506));
#565=EDGE_LOOP('',(#1507,#1508,#1509,#1510));
#566=EDGE_LOOP('',(#1511,#1512,#1513,#1514));
#567=EDGE_LOOP('',(#1515,#1516,#1517,#1518));
#568=EDGE_LOOP('',(#1519));
#569=EDGE_LOOP('',(#1520,#1521,#1522,#1523,#1524,#1525,#1526,#1527,#1528,
#1529,#1530,#1531));
#570=EDGE_LOOP('',(#1532,#1533,#1534,#1535));
#571=EDGE_LOOP('',(#1536,#1537,#1538,#1539));
#572=EDGE_LOOP('',(#1540,#1541,#1542,#1543));
#573=EDGE_LOOP('',(#1544,#1545,#1546,#1547));
#574=EDGE_LOOP('',(#1548,#1549,#1550,#1551));
#575=EDGE_LOOP('',(#1552,#1553,#1554,#1555));
#576=EDGE_LOOP('',(#1556,#1557,#1558,#1559));
#577=EDGE_LOOP('',(#1560,#1561,#1562,#1563));
#578=EDGE_LOOP('',(#1564,#1565,#1566,#1567));
#579=EDGE_LOOP('',(#1568,#1569,#1570,#1571));
#580=EDGE_LOOP('',(#1572,#1573,#1574,#1575));
#581=EDGE_LOOP('',(#1576,#1577,#1578,#1579));
#582=EDGE_LOOP('',(#1580,#1581,#1582,#1583));
#583=EDGE_LOOP('',(#1584,#1585,#1586,#1587));
#584=EDGE_LOOP('',(#1588,#1589,#1590,#1591));
#585=EDGE_LOOP('',(#1592,#1593,#1594,#1595));
#586=EDGE_LOOP('',(#1596,#1597,#1598,#1599));
#587=EDGE_LOOP('',(#1600,#1601,#1602,#1603));
#588=EDGE_LOOP('',(#1604,#1605,#1606,#1607));
#589=EDGE_LOOP('',(#1608,#1609,#1610,#1611));
#590=EDGE_LOOP('',(#1612,#1613,#1614,#1615));
#591=EDGE_LOOP('',(#1616,#1617,#1618,#1619));
#592=EDGE_LOOP('',(#1620,#1621,#1622,#1623));
#593=EDGE_LOOP('',(#1624,#1625,#1626,#1627));
#594=EDGE_LOOP('',(#1628));
#595=EDGE_LOOP('',(#1629,#1630,#1631,#1632,#1633,#1634,#1635,#1636,#1637,
#1638,#1639,#1640));
#596=EDGE_LOOP('',(#1641));
#597=EDGE_LOOP('',(#1642,#1643,#1644,#1645,#1646,#1647,#1648,#1649,#1650,
#1651,#1652,#1653));
#598=EDGE_LOOP('',(#1654,#1655,#1656,#1657,#1658,#1659,#1660,#1661,#1662,
#1663,#1664,#1665,#1666,#1667,#1668,#1669,#1670,#1671,#1672,#1673));
#599=EDGE_LOOP('',(#1674,#1675,#1676,#1677));
#600=EDGE_LOOP('',(#1678,#1679,#1680,#1681));
#601=EDGE_LOOP('',(#1682,#1683,#1684,#1685));
#602=EDGE_LOOP('',(#1686,#1687,#1688,#1689));
#603=EDGE_LOOP('',(#1690,#1691,#1692,#1693));
#604=EDGE_LOOP('',(#1694,#1695,#1696,#1697));
#605=EDGE_LOOP('',(#1698,#1699,#1700,#1701));
#606=EDGE_LOOP('',(#1702,#1703,#1704,#1705));
#607=EDGE_LOOP('',(#1706,#1707,#1708,#1709));
#608=EDGE_LOOP('',(#1710,#1711,#1712,#1713));
#609=EDGE_LOOP('',(#1714,#1715,#1716,#1717));
#610=EDGE_LOOP('',(#1718,#1719,#1720,#1721));
#611=EDGE_LOOP('',(#1722,#1723,#1724,#1725));
#612=EDGE_LOOP('',(#1726,#1727,#1728,#1729));
#613=EDGE_LOOP('',(#1730,#1731,#1732,#1733,#1734));
#614=EDGE_LOOP('',(#1735,#1736,#1737,#1738));
#615=EDGE_LOOP('',(#1739,#1740,#1741,#1742));
#616=EDGE_LOOP('',(#1743,#1744,#1745,#1746));
#617=EDGE_LOOP('',(#1747,#1748,#1749,#1750));
#618=EDGE_LOOP('',(#1751,#1752,#1753,#1754));
#619=EDGE_LOOP('',(#1755,#1756,#1757,#1758));
#620=EDGE_LOOP('',(#1759,#1760,#1761,#1762));
#621=EDGE_LOOP('',(#1763,#1764,#1765,#1766));
#622=EDGE_LOOP('',(#1767,#1768,#1769,#1770));
#623=EDGE_LOOP('',(#1771,#1772,#1773,#1774));
#624=EDGE_LOOP('',(#1775,#1776,#1777,#1778));
#625=EDGE_LOOP('',(#1779,#1780,#1781,#1782));
#626=EDGE_LOOP('',(#1783,#1784,#1785,#1786));
#627=EDGE_LOOP('',(#1787,#1788,#1789,#1790));
#628=EDGE_LOOP('',(#1791,#1792,#1793,#1794));
#629=EDGE_LOOP('',(#1795,#1796,#1797,#1798,#1799));
#630=EDGE_LOOP('',(#1800,#1801,#1802,#1803));
#631=EDGE_LOOP('',(#1804,#1805,#1806,#1807));
#632=EDGE_LOOP('',(#1808,#1809,#1810,#1811));
#633=EDGE_LOOP('',(#1812,#1813,#1814));
#634=EDGE_LOOP('',(#1815,#1816,#1817,#1818,#1819));
#635=EDGE_LOOP('',(#1820,#1821,#1822,#1823));
#636=EDGE_LOOP('',(#1824,#1825,#1826,#1827,#1828));
#637=EDGE_LOOP('',(#1829,#1830,#1831,#1832));
#638=EDGE_LOOP('',(#1833,#1834,#1835,#1836,#1837));
#639=EDGE_LOOP('',(#1838,#1839,#1840,#1841));
#640=EDGE_LOOP('',(#1842,#1843,#1844,#1845,#1846));
#641=EDGE_LOOP('',(#1847,#1848,#1849,#1850));
#642=EDGE_LOOP('',(#1851,#1852,#1853,#1854));
#643=B_SPLINE_CURVE_WITH_KNOTS('',1,(#2474,#2475),.UNSPECIFIED.,.F.,.F.,
(2,2),(0.,0.59999999999998),.UNSPECIFIED.);
#644=B_SPLINE_CURVE_WITH_KNOTS('',1,(#2477,#2478),.UNSPECIFIED.,.F.,.F.,
(2,2),(0.,1.),.UNSPECIFIED.);
#645=B_SPLINE_CURVE_WITH_KNOTS('',1,(#2480,#2481),.UNSPECIFIED.,.F.,.F.,
(2,2),(0.,0.59999999999998),.UNSPECIFIED.);
#646=B_SPLINE_CURVE_WITH_KNOTS('',1,(#2482,#2483),.UNSPECIFIED.,.F.,.F.,
(2,2),(0.,1.),.UNSPECIFIED.);
#647=B_SPLINE_CURVE_WITH_KNOTS('',3,(#2498,#2499,#2500,#2501,#2502,#2503,
#2504,#2505,#2506,#2507),.UNSPECIFIED.,.F.,.F.,(4,2,2,2,4),(0.055571861307644,
0.796461694388903,1.7887415926133,2.72504958536616,3.65821084742932),
 .UNSPECIFIED.);
#648=B_SPLINE_CURVE_WITH_KNOTS('',3,(#2513,#2514,#2515,#2516),
 .UNSPECIFIED.,.F.,.F.,(4,4),(-2.91182189871079,0.),.UNSPECIFIED.);
#649=B_SPLINE_CURVE_WITH_KNOTS('',3,(#2518,#2519,#2520,#2521,#2522,#2523,
#2524,#2525,#2526,#2527,#2528,#2529,#2530,#2531,#2532,#2533),
 .UNSPECIFIED.,.F.,.F.,(4,3,3,3,3,4),(0.0537541666959564,0.808793811883866,
1.06521735428519,2.13563924038214,2.95496087891847,3.65365077376781),
 .UNSPECIFIED.);
#650=B_SPLINE_CURVE_WITH_KNOTS('',3,(#2541,#2542,#2543,#2544,#2545,#2546,
#2547,#2548,#2549,#2550,#2551,#2552),.UNSPECIFIED.,.F.,.F.,(4,2,2,2,2,4),
(0.127341078496507,0.698641401898939,1.61232046758814,2.5890409959162,3.19926716855106,
3.72700165588815),.UNSPECIFIED.);
#651=B_SPLINE_CURVE_WITH_KNOTS('',3,(#2554,#2555,#2556,#2557),
 .UNSPECIFIED.,.F.,.F.,(4,4),(-3.33666538884233,-0.610735295666985),
 .UNSPECIFIED.);
#652=B_SPLINE_CURVE_WITH_KNOTS('',3,(#2562,#2563,#2564,#2565,#2566,#2567,
#2568,#2569,#2570,#2571,#2572,#2573),.UNSPECIFIED.,.F.,.F.,(4,2,2,2,2,4),
(0.0140265062241836,1.07094748566508,2.10034119070362,2.98071304605333,
3.38863834452386,3.6130653906877),.UNSPECIFIED.);
#653=B_SPLINE_CURVE_WITH_KNOTS('',3,(#2592,#2593,#2594,#2595,#2596,#2597),
 .UNSPECIFIED.,.F.,.F.,(4,2,4),(0.0472589261084752,3.43397591470648,4.46095824469567),
 .UNSPECIFIED.);
#654=B_SPLINE_CURVE_WITH_KNOTS('',3,(#2599,#2600,#2601,#2602,#2603,#2604),
 .UNSPECIFIED.,.F.,.F.,(4,2,4),(0.232462437318278,3.7482897633347,7.44015915058577),
 .UNSPECIFIED.);
#655=B_SPLINE_CURVE_WITH_KNOTS('',3,(#2606,#2607,#2608,#2609),
 .UNSPECIFIED.,.F.,.F.,(4,4),(0.0618940231999301,6.80447552314251),
 .UNSPECIFIED.);
#656=B_SPLINE_CURVE_WITH_KNOTS('',3,(#2611,#2612,#2613,#2614),
 .UNSPECIFIED.,.F.,.F.,(4,4),(7.16496687868546,7.33979711649135),
 .UNSPECIFIED.);
#657=B_SPLINE_CURVE_WITH_KNOTS('',3,(#2616,#2617,#2618,#2619,#2620,#2621),
 .UNSPECIFIED.,.F.,.F.,(4,2,4),(2.41454112531895,3.74921002820904,7.16496687868613),
 .UNSPECIFIED.);
#658=B_SPLINE_CURVE_WITH_KNOTS('',3,(#2622,#2623,#2624,#2625,#2626,#2627,
#2628,#2629,#2630,#2631,#2632,#2633,#2634,#2635,#2636,#2637),
 .UNSPECIFIED.,.F.,.F.,(4,3,3,3,3,4),(0.0577556538266171,0.809285052561854,
1.00875395005182,2.07333649840936,2.91126441360373,3.65741606529318),
 .UNSPECIFIED.);
#659=B_SPLINE_CURVE_WITH_KNOTS('',3,(#2664,#2665,#2666,#2667,#2668,#2669),
 .UNSPECIFIED.,.F.,.F.,(4,2,4),(0.0476168331467714,3.44495958029071,4.47985371615554),
 .UNSPECIFIED.);
#660=B_SPLINE_CURVE_WITH_KNOTS('',3,(#2671,#2672,#2673,#2674,#2675,#2676),
 .UNSPECIFIED.,.F.,.F.,(4,2,4),(0.126639491892598,5.77034559762624,11.4297724273284),
 .UNSPECIFIED.);
#661=B_SPLINE_CURVE_WITH_KNOTS('',3,(#2678,#2679,#2680,#2681,#2682,#2683),
 .UNSPECIFIED.,.F.,.F.,(4,2,4),(2.41687533508389,3.44495958028381,6.83248890140955),
 .UNSPECIFIED.);
#662=B_SPLINE_CURVE_WITH_KNOTS('',3,(#2685,#2686,#2687,#2688,#2689,#2690,
#2691,#2692,#2693,#2694,#2695,#2696),.UNSPECIFIED.,.F.,.F.,(4,2,2,2,2,4),
(0.05797710158836,1.07375995522632,2.14297287433453,2.97712777447742,3.40035212666636,
3.65961939948758),.UNSPECIFIED.);
#663=B_SPLINE_CURVE_WITH_KNOTS('',3,(#2698,#2699,#2700,#2701,#2702,#2703,
#2704,#2705,#2706,#2707),.UNSPECIFIED.,.F.,.F.,(4,3,3,4),(2.46807531409198,
4.64386893033296,5.77041600417906,9.05670118011931),.UNSPECIFIED.);
#664=B_SPLINE_CURVE_WITH_KNOTS('',3,(#2708,#2709,#2710,#2711,#2712,#2713,
#2714,#2715,#2716,#2717,#2718,#2719,#2720,#2721,#2722,#2723,#2724,#2725,
#2726),.UNSPECIFIED.,.F.,.F.,(4,3,3,3,3,3,4),(0.113435674154465,0.699296592144044,
1.54143741715215,1.61651335498114,2.59167248486194,3.18989406860442,3.71069652590126),
 .UNSPECIFIED.);
#665=B_SPLINE_CURVE_WITH_KNOTS('',3,(#2745,#2746,#2747,#2748,#2749,#2750),
 .UNSPECIFIED.,.F.,.F.,(4,2,4),(2.41006135936593,3.44495721550076,6.84229681190902),
 .UNSPECIFIED.);
#666=B_SPLINE_CURVE_WITH_KNOTS('',3,(#2752,#2753,#2754,#2755,#2756,#2757,
#2758,#2759,#2760,#2761,#2762,#2763),.UNSPECIFIED.,.F.,.F.,(4,2,2,2,2,4),
(0.0539824586855599,1.07295295026644,2.14025869831851,3.05702821444578,
3.42523838897648,3.65375707574178),.UNSPECIFIED.);
#667=B_SPLINE_CURVE_WITH_KNOTS('',3,(#2764,#2765,#2766,#2767,#2768,#2769,
#2770,#2771,#2772,#2773),.UNSPECIFIED.,.F.,.F.,(4,3,3,4),(2.48305923411925,
5.1829750368006,6.86059186090654,9.07333314571037),.UNSPECIFIED.);
#668=B_SPLINE_CURVE_WITH_KNOTS('',3,(#2775,#2776,#2777,#2778,#2779,#2780),
 .UNSPECIFIED.,.F.,.F.,(4,2,4),(0.057444222301027,3.44495721549325,4.47303332396268),
 .UNSPECIFIED.);
#669=B_SPLINE_CURVE_WITH_KNOTS('',3,(#2781,#2782,#2783,#2784,#2785,#2786),
 .UNSPECIFIED.,.F.,.F.,(4,2,4),(0.11277816679869,5.77120010284251,11.4148541761408),
 .UNSPECIFIED.);
#670=B_SPLINE_CURVE_WITH_KNOTS('',3,(#2804,#2805,#2806,#2807,#2808,#2809),
 .UNSPECIFIED.,.F.,.F.,(4,2,4),(0.168316608387205,3.64653418061375,4.88165099841425),
 .UNSPECIFIED.);
#671=B_SPLINE_CURVE_WITH_KNOTS('',3,(#2811,#2812,#2813,#2814,#2815,#2816),
 .UNSPECIFIED.,.F.,.F.,(4,2,4),(0.063500129559714,3.43396436632982,6.80645775847921),
 .UNSPECIFIED.);
#672=B_SPLINE_CURVE_WITH_KNOTS('',3,(#2818,#2819,#2820,#2821,#2822,#2823),
 .UNSPECIFIED.,.F.,.F.,(4,2,4),(0.0552057220206027,3.64745167634573,7.12588290969833),
 .UNSPECIFIED.);
#673=B_SPLINE_CURVE_WITH_KNOTS('',3,(#2824,#2825,#2826,#2827,#2828,#2829),
 .UNSPECIFIED.,.F.,.F.,(4,2,4),(2.40699463437764,3.43396436725138,6.82067002687288),
 .UNSPECIFIED.);
#674=B_SPLINE_CURVE_WITH_KNOTS('',3,(#2847,#2848,#2849,#2850,#2851,#2852),
 .UNSPECIFIED.,.F.,.F.,(4,2,4),(0.240056074315154,2.49974349986151,2.61773887477648),
 .UNSPECIFIED.);
#675=B_SPLINE_CURVE_WITH_KNOTS('',3,(#2854,#2855,#2856,#2857,#2858,#2859),
 .UNSPECIFIED.,.F.,.F.,(4,2,4),(0.175596194154413,3.64724450289073,7.24715256733957),
 .UNSPECIFIED.);
#676=B_SPLINE_CURVE_WITH_KNOTS('',3,(#2861,#2862,#2863,#2864,#2865,#2866),
 .UNSPECIFIED.,.F.,.F.,(4,2,4),(0.0136825546462741,2.49974349992499,4.62995389573283),
 .UNSPECIFIED.);
#677=B_SPLINE_CURVE_WITH_KNOTS('',3,(#2867,#2868,#2869,#2870,#2871,#2872),
 .UNSPECIFIED.,.F.,.F.,(4,2,4),(2.41235981178118,3.65099786573308,7.12567709650217),
 .UNSPECIFIED.);
#678=B_SPLINE_CURVE_WITH_KNOTS('',3,(#2890,#2891,#2892,#2893,#2894,#2895),
 .UNSPECIFIED.,.F.,.F.,(4,2,4),(2.36823789256449,2.53619521064406,4.75414324485464),
 .UNSPECIFIED.);
#679=B_SPLINE_CURVE_WITH_KNOTS('',3,(#2897,#2898,#2899,#2900,#2901,#2902,
#2903,#2904,#2905,#2906),.UNSPECIFIED.,.F.,.F.,(4,3,3,4),(2.46814781079531,
5.16048886148254,6.85483075712113,9.0584220502714),.UNSPECIFIED.);
#680=B_SPLINE_CURVE_WITH_KNOTS('',3,(#2908,#2909,#2910,#2911,#2912,#2913,
#2914,#2915,#2916,#2917,#2918,#2919,#2920,#2921,#2922,#2923),
 .UNSPECIFIED.,.F.,.F.,(4,3,3,3,3,4),(0.113401673672543,0.540668884957055,
1.34849516098703,2.42845733142927,3.10071235026919,3.71128615287966),
 .UNSPECIFIED.);
#681=B_SPLINE_CURVE_WITH_KNOTS('',3,(#2925,#2926,#2927,#2928,#2929,#2930),
 .UNSPECIFIED.,.F.,.F.,(4,2,4),(0.239903768729582,2.5361952106396,2.69733278087619),
 .UNSPECIFIED.);
#682=B_SPLINE_CURVE_WITH_KNOTS('',3,(#2931,#2932,#2933,#2934,#2935,#2936),
 .UNSPECIFIED.,.F.,.F.,(4,2,4),(0.126642098080318,5.76626889085218,11.429106363013),
 .UNSPECIFIED.);
#683=B_SPLINE_CURVE_WITH_KNOTS('',3,(#2963,#2964,#2965,#2966,#2967,#2968),
 .UNSPECIFIED.,.F.,.F.,(4,2,4),(0.318138333002083,2.53619322173045,2.70414880617173),
 .UNSPECIFIED.);
#684=B_SPLINE_CURVE_WITH_KNOTS('',3,(#2970,#2971,#2972,#2973,#2974,#2975),
 .UNSPECIFIED.,.F.,.F.,(4,2,4),(0.112795379943384,5.77029306006471,11.4127859814051),
 .UNSPECIFIED.);
#685=B_SPLINE_CURVE_WITH_KNOTS('',3,(#2977,#2978,#2979,#2980,#2981,#2982),
 .UNSPECIFIED.,.F.,.F.,(4,2,4),(2.37504752779868,2.53619322172027,4.83248268651803),
 .UNSPECIFIED.);
#686=B_SPLINE_CURVE_WITH_KNOTS('',3,(#2984,#2985,#2986,#2987,#2988,#2989,
#2990,#2991,#2992,#2993,#2994,#2995),.UNSPECIFIED.,.F.,.F.,(4,2,2,2,2,4),
(0.0180245410385526,1.07237983159746,2.10311756632665,2.97574536502815,
3.38144225490952,3.6176808662547),.UNSPECIFIED.);
#687=B_SPLINE_CURVE_WITH_KNOTS('',3,(#2997,#2998,#2999,#3000,#3001,#3002,
#3003,#3004,#3005,#3006),.UNSPECIFIED.,.F.,.F.,(4,3,3,4),(2.48306879142397,
5.77034708837434,6.89727987284782,9.07375336175057),.UNSPECIFIED.);
#688=B_SPLINE_CURVE_WITH_KNOTS('',3,(#3007,#3008,#3009,#3010,#3011,#3012,
#3013,#3014,#3015,#3016,#3017,#3018,#3019,#3020,#3021,#3022),
 .UNSPECIFIED.,.F.,.F.,(4,3,3,3,3,4),(0.12729959445312,0.536212671398757,
1.32814645414185,2.40615975171983,3.09581095652066,3.72454901058153),
 .UNSPECIFIED.);
#689=B_SPLINE_CURVE_WITH_KNOTS('',3,(#3041,#3042,#3043,#3044,#3045,#3046),
 .UNSPECIFIED.,.F.,.F.,(4,2,4),(2.42819243479949,2.52301710609087,4.80597804266362),
 .UNSPECIFIED.);
#690=B_SPLINE_CURVE_WITH_KNOTS('',3,(#3048,#3049,#3050,#3051,#3052,#3053,
#3054,#3055,#3056,#3057,#3058,#3059,#3060,#3061,#3062,#3063),
 .UNSPECIFIED.,.F.,.F.,(4,3,3,3,3,4),(0.0686415262060639,0.824991531341804,
1.08479863122957,2.1572059812253,3.02215212499299,3.67214965516667),
 .UNSPECIFIED.);
#691=B_SPLINE_CURVE_WITH_KNOTS('',3,(#3065,#3066,#3067,#3068,#3069,#3070),
 .UNSPECIFIED.,.F.,.F.,(4,2,4),(0.214446365481163,3.78051924298782,5.14690957447432),
 .UNSPECIFIED.);
#692=B_SPLINE_CURVE_WITH_KNOTS('',3,(#3072,#3073,#3074,#3075),
 .UNSPECIFIED.,.F.,.F.,(4,4),(0.375713472871622,4.98664810144362),
 .UNSPECIFIED.);
#693=B_SPLINE_CURVE_WITH_KNOTS('',3,(#3076,#3077,#3078,#3079,#3080,#3081),
 .UNSPECIFIED.,.F.,.F.,(4,2,4),(0.0579597049099149,3.77999311865868,7.39995337025482),
 .UNSPECIFIED.);
#694=B_SPLINE_CURVE_WITH_KNOTS('',3,(#3097,#3098,#3099,#3100),
 .UNSPECIFIED.,.F.,.F.,(4,4),(-2.72563489792478,0.),.UNSPECIFIED.);
#695=B_SPLINE_CURVE_WITH_KNOTS('',3,(#3107,#3108,#3109,#3110),
 .UNSPECIFIED.,.F.,.F.,(4,4),(-3.33667296608304,-0.425097469031319),
 .UNSPECIFIED.);
#696=B_SPLINE_CURVE_WITH_KNOTS('',3,(#3143,#3144,#3145,#3146,#3147,#3148),
 .UNSPECIFIED.,.F.,.F.,(4,2,4),(1.55737404807889,2.04350440379681,2.55797485698468),
 .UNSPECIFIED.);
#697=B_SPLINE_CURVE_WITH_KNOTS('',3,(#3150,#3151,#3152,#3153),
 .UNSPECIFIED.,.F.,.F.,(4,4),(2.52882691342714,4.02973516947643),
 .UNSPECIFIED.);
#698=B_SPLINE_CURVE_WITH_KNOTS('',3,(#3155,#3156,#3157,#3158),
 .UNSPECIFIED.,.F.,.F.,(4,4),(0.0562746544593985,1.55737407601475),
 .UNSPECIFIED.);
#699=B_SPLINE_CURVE_WITH_KNOTS('',3,(#3160,#3161,#3162,#3163,#3164,#3165),
 .UNSPECIFIED.,.F.,.F.,(4,2,4),(1.53022062489916,2.02183309017943,2.53082612895538),
 .UNSPECIFIED.);
#700=B_SPLINE_CURVE_WITH_KNOTS('',3,(#3167,#3168,#3169,#3170),
 .UNSPECIFIED.,.F.,.F.,(4,4),(2.52984074263907,4.03094016996711),
 .UNSPECIFIED.);
#701=B_SPLINE_CURVE_WITH_KNOTS('',3,(#3172,#3173,#3174,#3175),
 .UNSPECIFIED.,.F.,.F.,(4,4),(0.0273131532733917,1.52822140940604),
 .UNSPECIFIED.);
#702=B_SPLINE_CURVE_WITH_KNOTS('',3,(#3177,#3178,#3179,#3180,#3181,#3182),
 .UNSPECIFIED.,.F.,.F.,(4,2,4),(1.52923990187216,2.04370423642231,2.52984071470416),
 .UNSPECIFIED.);
#703=B_SPLINE_CURVE_WITH_KNOTS('',3,(#3184,#3185,#3186,#3187),
 .UNSPECIFIED.,.F.,.F.,(4,4),(2.51665123413735,4.01755949027492),
 .UNSPECIFIED.);
#704=B_SPLINE_CURVE_WITH_KNOTS('',3,(#3189,#3190,#3191,#3192),
 .UNSPECIFIED.,.F.,.F.,(4,4),(0.0285181657432699,1.52923992980941),
 .UNSPECIFIED.);
#705=B_SPLINE_CURVE_WITH_KNOTS('',3,(#3194,#3195,#3196,#3197,#3198,#3199),
 .UNSPECIFIED.,.F.,.F.,(4,2,4),(1.5176659360419,2.02183309017878,2.51827144012618),
 .UNSPECIFIED.);
#706=B_SPLINE_CURVE_WITH_KNOTS('',3,(#3201,#3202,#3203,#3204),
 .UNSPECIFIED.,.F.,.F.,(4,4),(2.55797488493113,4.05869664331007),
 .UNSPECIFIED.);
#707=B_SPLINE_CURVE_WITH_KNOTS('',3,(#3205,#3206,#3207,#3208),
 .UNSPECIFIED.,.F.,.F.,(4,4),(0.0151374739791714,1.51604573004146),
 .UNSPECIFIED.);
#708=B_SPLINE_CURVE_WITH_KNOTS('',3,(#3227,#3228,#3229,#3230),
 .UNSPECIFIED.,.F.,.F.,(4,4),(2.51544476498265,4.01635302099677),
 .UNSPECIFIED.);
#709=B_SPLINE_CURVE_WITH_KNOTS('',3,(#3232,#3233,#3234,#3235),
 .UNSPECIFIED.,.F.,.F.,(4,4),(0.0562674838568842,1.5573660684354),
 .UNSPECIFIED.);
#710=B_SPLINE_CURVE_WITH_KNOTS('',3,(#3237,#3238,#3239,#3240,#3241,#3242),
 .UNSPECIFIED.,.F.,.F.,(4,2,4),(1.5128407350124,2.02183293654518,2.51344623905601),
 .UNSPECIFIED.);
#711=B_SPLINE_CURVE_WITH_KNOTS('',3,(#3244,#3245,#3246,#3247),
 .UNSPECIFIED.,.F.,.F.,(4,4),(2.5298407839699,4.03093937469025),
 .UNSPECIFIED.);
#712=B_SPLINE_CURVE_WITH_KNOTS('',3,(#3249,#3250,#3251,#3252),
 .UNSPECIFIED.,.F.,.F.,(4,4),(0.0139310049374285,1.51483926093967),
 .UNSPECIFIED.);
#713=B_SPLINE_CURVE_WITH_KNOTS('',3,(#3254,#3255,#3256,#3257,#3258,#3259),
 .UNSPECIFIED.,.F.,.F.,(4,2,4),(1.52924028789882,2.0437106362482,2.52984075603027),
 .UNSPECIFIED.);
#714=B_SPLINE_CURVE_WITH_KNOTS('',3,(#3261,#3262,#3263,#3264),
 .UNSPECIFIED.,.F.,.F.,(4,4),(2.52762045071752,4.02852870679085),
 .UNSPECIFIED.);
#715=B_SPLINE_CURVE_WITH_KNOTS('',3,(#3266,#3267,#3268,#3269),
 .UNSPECIFIED.,.F.,.F.,(4,4),(0.0285187736486478,1.52924031583935),
 .UNSPECIFIED.);
#716=B_SPLINE_CURVE_WITH_KNOTS('',3,(#3271,#3272,#3273,#3274,#3275,#3276),
 .UNSPECIFIED.,.F.,.F.,(4,2,4),(1.52539490794594,2.0218329365458,2.52600041196721),
 .UNSPECIFIED.);
#717=B_SPLINE_CURVE_WITH_KNOTS('',3,(#3278,#3279,#3280,#3281),
 .UNSPECIFIED.,.F.,.F.,(4,4),(2.55796653250047,4.05868806859544),
 .UNSPECIFIED.);
#718=B_SPLINE_CURVE_WITH_KNOTS('',3,(#3283,#3284,#3285,#3286),
 .UNSPECIFIED.,.F.,.F.,(4,4),(0.0261066906669249,1.52701494672489),
 .UNSPECIFIED.);
#719=B_SPLINE_CURVE_WITH_KNOTS('',3,(#3287,#3288,#3289,#3290,#3291,#3292),
 .UNSPECIFIED.,.F.,.F.,(4,2,4),(1.5573660404852,2.04349004080149,2.55796650456077),
 .UNSPECIFIED.);
#720=B_SPLINE_CURVE_WITH_KNOTS('',3,(#3311,#3312,#3313,#3314,#3315,#3316),
 .UNSPECIFIED.,.F.,.F.,(4,2,4),(1.54236748889589,2.04238308923366,2.54236695768302),
 .UNSPECIFIED.);
#721=B_SPLINE_CURVE_WITH_KNOTS('',3,(#3318,#3319,#3320,#3321),
 .UNSPECIFIED.,.F.,.F.,(4,4),(2.52763274831055,4.02854100432617),
 .UNSPECIFIED.);
#722=B_SPLINE_CURVE_WITH_KNOTS('',3,(#3323,#3324,#3325,#3326),
 .UNSPECIFIED.,.F.,.F.,(4,4),(0.0423590900541726,1.54236751682093),
 .UNSPECIFIED.);
#723=B_SPLINE_CURVE_WITH_KNOTS('',3,(#3328,#3329,#3330,#3331,#3332,#3333),
 .UNSPECIFIED.,.F.,.F.,(4,2,4),(1.52721510299423,2.02123193129232,2.52782060701212),
 .UNSPECIFIED.);
#724=B_SPLINE_CURVE_WITH_KNOTS('',3,(#3335,#3336,#3337,#3338),
 .UNSPECIFIED.,.F.,.F.,(4,4),(2.54238621089099,4.04239463711167),
 .UNSPECIFIED.);
#725=B_SPLINE_CURVE_WITH_KNOTS('',3,(#3340,#3341,#3342,#3343),
 .UNSPECIFIED.,.F.,.F.,(4,4),(0.0261189882127793,1.52702724424381),
 .UNSPECIFIED.);
#726=B_SPLINE_CURVE_WITH_KNOTS('',3,(#3345,#3346,#3347,#3348,#3349,#3350),
 .UNSPECIFIED.,.F.,.F.,(4,2,4),(1.54238671459148,2.04237054658315,2.54238618296698),
 .UNSPECIFIED.);
#727=B_SPLINE_CURVE_WITH_KNOTS('',3,(#3352,#3353,#3354,#3355),
 .UNSPECIFIED.,.F.,.F.,(4,4),(2.51543569878006,4.01634395479329),
 .UNSPECIFIED.);
#728=B_SPLINE_CURVE_WITH_KNOTS('',3,(#3357,#3358,#3359,#3360),
 .UNSPECIFIED.,.F.,.F.,(4,4),(0.0423780506953965,1.54238674251529),
 .UNSPECIFIED.);
#729=B_SPLINE_CURVE_WITH_KNOTS('',3,(#3362,#3363,#3364,#3365,#3366,#3367),
 .UNSPECIFIED.,.F.,.F.,(4,2,4),(1.51463964853887,2.02123193129171,2.51524515257507),
 .UNSPECIFIED.);
#730=B_SPLINE_CURVE_WITH_KNOTS('',3,(#3369,#3370,#3371,#3372),
 .UNSPECIFIED.,.F.,.F.,(4,4),(2.54236698560804,4.04237567802362),
 .UNSPECIFIED.);
#731=B_SPLINE_CURVE_WITH_KNOTS('',3,(#3373,#3374,#3375,#3376),
 .UNSPECIFIED.,.F.,.F.,(4,4),(0.0139219386868459,1.51483019471547),
 .UNSPECIFIED.);
#732=B_SPLINE_CURVE_WITH_KNOTS('',3,(#3420,#3421,#3422,#3423),
 .UNSPECIFIED.,.F.,.F.,(4,4),(-0.801305166961872,-0.686547012164206),
 .UNSPECIFIED.);
#733=B_SPLINE_CURVE_WITH_KNOTS('',3,(#3425,#3426,#3427,#3428),
 .UNSPECIFIED.,.F.,.F.,(4,4),(-3.20681360433738,0.),.UNSPECIFIED.);
#734=B_SPLINE_CURVE_WITH_KNOTS('',3,(#3453,#3454,#3455,#3456),
 .UNSPECIFIED.,.F.,.F.,(4,4),(-10.6746353375844,-4.88212830806752E-14),
 .UNSPECIFIED.);
#735=B_SPLINE_CURVE_WITH_KNOTS('',3,(#3484,#3485,#3486,#3487,#3488),
 .UNSPECIFIED.,.F.,.F.,(4,1,4),(0.,0.571428571428571,1.),.UNSPECIFIED.);
#736=B_SPLINE_CURVE_WITH_KNOTS('',3,(#3490,#3491,#3492,#3493,#3494),
 .UNSPECIFIED.,.F.,.F.,(4,1,4),(-2.30354591853573,-0.987233965086741,0.),
 .UNSPECIFIED.);
#737=B_SPLINE_CURVE_WITH_KNOTS('',3,(#3497,#3498,#3499,#3500,#3501),
 .UNSPECIFIED.,.F.,.F.,(4,1,4),(0.,0.987233965086741,2.30354591853573),
 .UNSPECIFIED.);
#738=B_SPLINE_CURVE_WITH_KNOTS('',3,(#3523,#3524,#3525,#3526),
 .UNSPECIFIED.,.F.,.F.,(4,4),(-37.3946664397428,0.),.UNSPECIFIED.);
#739=B_SPLINE_CURVE_WITH_KNOTS('',3,(#3529,#3530,#3531,#3532),
 .UNSPECIFIED.,.F.,.F.,(4,4),(0.,37.3946664397428),.UNSPECIFIED.);
#740=B_SPLINE_CURVE_WITH_KNOTS('',3,(#3559,#3560,#3561,#3562,#3563),
 .UNSPECIFIED.,.F.,.F.,(4,1,4),(0.,0.571428571428571,1.),.UNSPECIFIED.);
#741=B_SPLINE_CURVE_WITH_KNOTS('',3,(#3564,#3565,#3566,#3567,#3568),
 .UNSPECIFIED.,.F.,.F.,(4,1,4),(-4.80351856957636E-14,1.3163119540834,2.30354591964599),
 .UNSPECIFIED.);
#742=B_SPLINE_CURVE_WITH_KNOTS('',3,(#3569,#3570,#3571,#3572,#3573),
 .UNSPECIFIED.,.F.,.F.,(4,1,4),(-2.30354591964599,-1.3163119540834,4.80351856957636E-14),
 .UNSPECIFIED.);
#743=B_SPLINE_CURVE_WITH_KNOTS('',3,(#3595,#3596,#3597,#3598),
 .UNSPECIFIED.,.F.,.F.,(4,4),(-1.316162756625E-12,10.6746353450952),
 .UNSPECIFIED.);
#744=B_SPLINE_CURVE_WITH_KNOTS('',3,(#3601,#3602,#3603,#3604),
 .UNSPECIFIED.,.F.,.F.,(4,4),(-10.6746353450952,1.316162756625E-12),
 .UNSPECIFIED.);
#745=B_SPLINE_CURVE_WITH_KNOTS('',3,(#3612,#3613,#3614,#3615),
 .UNSPECIFIED.,.F.,.F.,(4,4),(4.88212830806752E-14,10.6746353375844),
 .UNSPECIFIED.);
#746=B_SPLINE_CURVE_WITH_KNOTS('',3,(#3617,#3618,#3619,#3620,#3621),
 .UNSPECIFIED.,.F.,.F.,(4,1,4),(0.,1.2907880188497,2.25887903298698),
 .UNSPECIFIED.);
#747=B_SPLINE_CURVE_WITH_KNOTS('',3,(#3623,#3624,#3625,#3626),
 .UNSPECIFIED.,.F.,.F.,(4,4),(0.,37.4482860723492),.UNSPECIFIED.);
#748=B_SPLINE_CURVE_WITH_KNOTS('',3,(#3627,#3628,#3629,#3630,#3631),
 .UNSPECIFIED.,.F.,.F.,(4,1,4),(0.,1.29080313287489,2.25890548253106),
 .UNSPECIFIED.);
#749=B_SPLINE_CURVE_WITH_KNOTS('',3,(#3659,#3660,#3661,#3662,#3663),
 .UNSPECIFIED.,.F.,.F.,(4,1,4),(-2.25887903298698,-1.2907880188497,0.),
 .UNSPECIFIED.);
#750=B_SPLINE_CURVE_WITH_KNOTS('',3,(#3686,#3687,#3688,#3689),
 .UNSPECIFIED.,.F.,.F.,(4,4),(-37.4482860723492,0.),.UNSPECIFIED.);
#751=B_SPLINE_CURVE_WITH_KNOTS('',3,(#3736,#3737,#3738,#3739,#3740),
 .UNSPECIFIED.,.F.,.F.,(4,1,4),(-2.25890548253106,-1.29080313287489,0.),
 .UNSPECIFIED.);
#752=B_SPLINE_CURVE_WITH_KNOTS('',3,(#3988,#3989,#3990,#3991),
 .UNSPECIFIED.,.F.,.F.,(4,4),(-3.08408767770304,-0.472614038320529),
 .UNSPECIFIED.);
#753=B_SPLINE_CURVE_WITH_KNOTS('',3,(#4002,#4003,#4004,#4005),
 .UNSPECIFIED.,.F.,.F.,(4,4),(-2.49667979089653,0.),.UNSPECIFIED.);
#754=B_SPLINE_CURVE_WITH_KNOTS('',3,(#4010,#4011,#4012,#4013),
 .UNSPECIFIED.,.F.,.F.,(4,4),(-2.61160742345619,0.),.UNSPECIFIED.);
#755=B_SPLINE_CURVE_WITH_KNOTS('',3,(#4015,#4016,#4017,#4018),
 .UNSPECIFIED.,.F.,.F.,(4,4),(-3.08408767770304,-0.400828464471692),
 .UNSPECIFIED.);
#756=B_SPLINE_CURVE_WITH_KNOTS('',3,(#4058,#4059,#4060,#4061),
 .UNSPECIFIED.,.F.,.F.,(4,4),(38.6249999999927,43.3696315551776),
 .UNSPECIFIED.);
#757=B_SPLINE_CURVE_WITH_KNOTS('',1,(#4065,#4066),.UNSPECIFIED.,.F.,.F.,
(2,2),(28.3750000000073,29.5718597511047),.UNSPECIFIED.);
#758=B_SPLINE_CURVE_WITH_KNOTS('',3,(#4098,#4099,#4100,#4101),
 .UNSPECIFIED.,.F.,.F.,(4,4),(48.7303684448241,55.3196315551766),
 .UNSPECIFIED.);
#759=B_SPLINE_CURVE_WITH_KNOTS('',3,(#4108,#4109,#4110,#4111),
 .UNSPECIFIED.,.F.,.F.,(4,4),(-8.9446315551887,-2.35536844482713),
 .UNSPECIFIED.);
#760=B_SPLINE_CURVE_WITH_KNOTS('',1,(#4136,#4137),.UNSPECIFIED.,.F.,.F.,
(2,2),(2.99559836530564,6.31963155519183),.UNSPECIFIED.);
#761=B_SPLINE_CURVE_WITH_KNOTS('',1,(#4153,#4154),.UNSPECIFIED.,.F.,.F.,
(2,2),(11.6803684448357,16.3514051015333),.UNSPECIFIED.);
#762=B_SPLINE_CURVE_WITH_KNOTS('',1,(#4172,#4173),.UNSPECIFIED.,.F.,.F.,
(2,2),(-11.4097551414002,-10.3749999999992),.UNSPECIFIED.);
#763=B_SPLINE_CURVE_WITH_KNOTS('',3,(#4176,#4177,#4178,#4179),
 .UNSPECIFIED.,.F.,.F.,(4,4),(-19.0499999999992,-14.3053684448316),
 .UNSPECIFIED.);
#764=VERTEX_POINT('',#2472);
#765=VERTEX_POINT('',#2473);
#766=VERTEX_POINT('',#2476);
#767=VERTEX_POINT('',#2479);
#768=VERTEX_POINT('',#2485);
#769=VERTEX_POINT('',#2486);
#770=VERTEX_POINT('',#2488);
#771=VERTEX_POINT('',#2490);
#772=VERTEX_POINT('',#2493);
#773=VERTEX_POINT('',#2495);
#774=VERTEX_POINT('',#2497);
#775=VERTEX_POINT('',#2508);
#776=VERTEX_POINT('',#2510);
#777=VERTEX_POINT('',#2512);
#778=VERTEX_POINT('',#2517);
#779=VERTEX_POINT('',#2534);
#780=VERTEX_POINT('',#2536);
#781=VERTEX_POINT('',#2538);
#782=VERTEX_POINT('',#2540);
#783=VERTEX_POINT('',#2553);
#784=VERTEX_POINT('',#2558);
#785=VERTEX_POINT('',#2560);
#786=VERTEX_POINT('',#2590);
#787=VERTEX_POINT('',#2591);
#788=VERTEX_POINT('',#2598);
#789=VERTEX_POINT('',#2605);
#790=VERTEX_POINT('',#2610);
#791=VERTEX_POINT('',#2615);
#792=VERTEX_POINT('',#2662);
#793=VERTEX_POINT('',#2663);
#794=VERTEX_POINT('',#2670);
#795=VERTEX_POINT('',#2677);
#796=VERTEX_POINT('',#2684);
#797=VERTEX_POINT('',#2697);
#798=VERTEX_POINT('',#2743);
#799=VERTEX_POINT('',#2744);
#800=VERTEX_POINT('',#2751);
#801=VERTEX_POINT('',#2774);
#802=VERTEX_POINT('',#2803);
#803=VERTEX_POINT('',#2810);
#804=VERTEX_POINT('',#2817);
#805=VERTEX_POINT('',#2846);
#806=VERTEX_POINT('',#2853);
#807=VERTEX_POINT('',#2860);
#808=VERTEX_POINT('',#2889);
#809=VERTEX_POINT('',#2896);
#810=VERTEX_POINT('',#2907);
#811=VERTEX_POINT('',#2924);
#812=VERTEX_POINT('',#2961);
#813=VERTEX_POINT('',#2962);
#814=VERTEX_POINT('',#2969);
#815=VERTEX_POINT('',#2976);
#816=VERTEX_POINT('',#2983);
#817=VERTEX_POINT('',#2996);
#818=VERTEX_POINT('',#3039);
#819=VERTEX_POINT('',#3040);
#820=VERTEX_POINT('',#3047);
#821=VERTEX_POINT('',#3064);
#822=VERTEX_POINT('',#3071);
#823=VERTEX_POINT('',#3083);
#824=VERTEX_POINT('',#3085);
#825=VERTEX_POINT('',#3087);
#826=VERTEX_POINT('',#3090);
#827=VERTEX_POINT('',#3093);
#828=VERTEX_POINT('',#3095);
#829=VERTEX_POINT('',#3101);
#830=VERTEX_POINT('',#3103);
#831=VERTEX_POINT('',#3106);
#832=VERTEX_POINT('',#3111);
#833=VERTEX_POINT('',#3115);
#834=VERTEX_POINT('',#3117);
#835=VERTEX_POINT('',#3120);
#836=VERTEX_POINT('',#3122);
#837=VERTEX_POINT('',#3141);
#838=VERTEX_POINT('',#3142);
#839=VERTEX_POINT('',#3149);
#840=VERTEX_POINT('',#3154);
#841=VERTEX_POINT('',#3159);
#842=VERTEX_POINT('',#3166);
#843=VERTEX_POINT('',#3171);
#844=VERTEX_POINT('',#3176);
#845=VERTEX_POINT('',#3183);
#846=VERTEX_POINT('',#3188);
#847=VERTEX_POINT('',#3193);
#848=VERTEX_POINT('',#3200);
#849=VERTEX_POINT('',#3225);
#850=VERTEX_POINT('',#3226);
#851=VERTEX_POINT('',#3231);
#852=VERTEX_POINT('',#3236);
#853=VERTEX_POINT('',#3243);
#854=VERTEX_POINT('',#3248);
#855=VERTEX_POINT('',#3253);
#856=VERTEX_POINT('',#3260);
#857=VERTEX_POINT('',#3265);
#858=VERTEX_POINT('',#3270);
#859=VERTEX_POINT('',#3277);
#860=VERTEX_POINT('',#3282);
#861=VERTEX_POINT('',#3309);
#862=VERTEX_POINT('',#3310);
#863=VERTEX_POINT('',#3317);
#864=VERTEX_POINT('',#3322);
#865=VERTEX_POINT('',#3327);
#866=VERTEX_POINT('',#3334);
#867=VERTEX_POINT('',#3339);
#868=VERTEX_POINT('',#3344);
#869=VERTEX_POINT('',#3351);
#870=VERTEX_POINT('',#3356);
#871=VERTEX_POINT('',#3361);
#872=VERTEX_POINT('',#3368);
#873=VERTEX_POINT('',#3378);
#874=VERTEX_POINT('',#3380);
#875=VERTEX_POINT('',#3382);
#876=VERTEX_POINT('',#3385);
#877=VERTEX_POINT('',#3388);
#878=VERTEX_POINT('',#3390);
#879=VERTEX_POINT('',#3393);
#880=VERTEX_POINT('',#3397);
#881=VERTEX_POINT('',#3399);
#882=VERTEX_POINT('',#3402);
#883=VERTEX_POINT('',#3404);
#884=VERTEX_POINT('',#3407);
#885=VERTEX_POINT('',#3409);
#886=VERTEX_POINT('',#3412);
#887=VERTEX_POINT('',#3416);
#888=VERTEX_POINT('',#3419);
#889=VERTEX_POINT('',#3424);
#890=VERTEX_POINT('',#3446);
#891=VERTEX_POINT('',#3447);
#892=VERTEX_POINT('',#3449);
#893=VERTEX_POINT('',#3451);
#894=VERTEX_POINT('',#3482);
#895=VERTEX_POINT('',#3483);
#896=VERTEX_POINT('',#3489);
#897=VERTEX_POINT('',#3495);
#898=VERTEX_POINT('',#3522);
#899=VERTEX_POINT('',#3527);
#900=VERTEX_POINT('',#3558);
#901=VERTEX_POINT('',#3594);
#902=VERTEX_POINT('',#3599);
#903=VERTEX_POINT('',#3611);
#904=VERTEX_POINT('',#3616);
#905=VERTEX_POINT('',#3622);
#906=VERTEX_POINT('',#3658);
#907=VERTEX_POINT('',#3685);
#908=VERTEX_POINT('',#3761);
#909=VERTEX_POINT('',#3763);
#910=VERTEX_POINT('',#3782);
#911=VERTEX_POINT('',#3805);
#912=VERTEX_POINT('',#3809);
#913=VERTEX_POINT('',#3834);
#914=VERTEX_POINT('',#3860);
#915=VERTEX_POINT('',#3861);
#916=VERTEX_POINT('',#3863);
#917=VERTEX_POINT('',#3865);
#918=VERTEX_POINT('',#3867);
#919=VERTEX_POINT('',#3869);
#920=VERTEX_POINT('',#3871);
#921=VERTEX_POINT('',#3873);
#922=VERTEX_POINT('',#3875);
#923=VERTEX_POINT('',#3877);
#924=VERTEX_POINT('',#3879);
#925=VERTEX_POINT('',#3881);
#926=VERTEX_POINT('',#3909);
#927=VERTEX_POINT('',#3911);
#928=VERTEX_POINT('',#3915);
#929=VERTEX_POINT('',#3919);
#930=VERTEX_POINT('',#3923);
#931=VERTEX_POINT('',#3927);
#932=VERTEX_POINT('',#3931);
#933=VERTEX_POINT('',#3935);
#934=VERTEX_POINT('',#3939);
#935=VERTEX_POINT('',#3943);
#936=VERTEX_POINT('',#3947);
#937=VERTEX_POINT('',#3951);
#938=VERTEX_POINT('',#3958);
#939=VERTEX_POINT('',#3960);
#940=VERTEX_POINT('',#3961);
#941=VERTEX_POINT('',#3963);
#942=VERTEX_POINT('',#3965);
#943=VERTEX_POINT('',#3967);
#944=VERTEX_POINT('',#3969);
#945=VERTEX_POINT('',#3971);
#946=VERTEX_POINT('',#3973);
#947=VERTEX_POINT('',#3975);
#948=VERTEX_POINT('',#3977);
#949=VERTEX_POINT('',#3979);
#950=VERTEX_POINT('',#3981);
#951=VERTEX_POINT('',#3985);
#952=VERTEX_POINT('',#3987);
#953=VERTEX_POINT('',#3992);
#954=VERTEX_POINT('',#3995);
#955=VERTEX_POINT('',#3997);
#956=VERTEX_POINT('',#4000);
#957=VERTEX_POINT('',#4006);
#958=VERTEX_POINT('',#4008);
#959=VERTEX_POINT('',#4014);
#960=VERTEX_POINT('',#4056);
#961=VERTEX_POINT('',#4170);
#962=EDGE_CURVE('',#764,#765,#643,.T.);
#963=EDGE_CURVE('',#765,#766,#644,.T.);
#964=EDGE_CURVE('',#767,#766,#645,.T.);
#965=EDGE_CURVE('',#764,#767,#646,.T.);
#966=EDGE_CURVE('',#768,#769,#117,.T.);
#967=EDGE_CURVE('',#770,#768,#89,.T.);
#968=EDGE_CURVE('',#770,#771,#118,.T.);
#969=EDGE_CURVE('',#771,#771,#90,.F.);
#970=EDGE_CURVE('',#772,#770,#91,.T.);
#971=EDGE_CURVE('',#773,#772,#119,.T.);
#972=EDGE_CURVE('',#773,#774,#647,.T.);
#973=EDGE_CURVE('',#775,#774,#120,.T.);
#974=EDGE_CURVE('',#776,#775,#92,.T.);
#975=EDGE_CURVE('',#777,#776,#648,.T.);
#976=EDGE_CURVE('',#777,#778,#649,.T.);
#977=EDGE_CURVE('',#779,#778,#121,.T.);
#978=EDGE_CURVE('',#780,#779,#93,.T.);
#979=EDGE_CURVE('',#781,#780,#122,.T.);
#980=EDGE_CURVE('',#781,#782,#650,.T.);
#981=EDGE_CURVE('',#783,#782,#651,.T.);
#982=EDGE_CURVE('',#784,#783,#94,.T.);
#983=EDGE_CURVE('',#785,#784,#123,.T.);
#984=EDGE_CURVE('',#785,#769,#652,.T.);
#985=EDGE_CURVE('',#786,#787,#653,.T.);
#986=EDGE_CURVE('',#786,#788,#654,.F.);
#987=EDGE_CURVE('',#788,#789,#655,.F.);
#988=EDGE_CURVE('',#790,#789,#656,.T.);
#989=EDGE_CURVE('',#791,#790,#657,.T.);
#990=EDGE_CURVE('',#787,#791,#658,.T.);
#991=EDGE_CURVE('',#792,#793,#659,.T.);
#992=EDGE_CURVE('',#792,#794,#660,.F.);
#993=EDGE_CURVE('',#795,#794,#661,.T.);
#994=EDGE_CURVE('',#796,#795,#662,.T.);
#995=EDGE_CURVE('',#797,#796,#663,.T.);
#996=EDGE_CURVE('',#793,#797,#664,.T.);
#997=EDGE_CURVE('',#798,#799,#665,.T.);
#998=EDGE_CURVE('',#800,#798,#666,.T.);
#999=EDGE_CURVE('',#782,#800,#667,.T.);
#1000=EDGE_CURVE('',#801,#781,#668,.T.);
#1001=EDGE_CURVE('',#801,#799,#669,.F.);
#1002=EDGE_CURVE('',#802,#777,#670,.T.);
#1003=EDGE_CURVE('',#802,#803,#671,.F.);
#1004=EDGE_CURVE('',#803,#804,#672,.F.);
#1005=EDGE_CURVE('',#778,#804,#673,.T.);
#1006=EDGE_CURVE('',#805,#773,#674,.T.);
#1007=EDGE_CURVE('',#805,#806,#675,.F.);
#1008=EDGE_CURVE('',#806,#807,#676,.F.);
#1009=EDGE_CURVE('',#774,#807,#677,.T.);
#1010=EDGE_CURVE('',#769,#808,#678,.T.);
#1011=EDGE_CURVE('',#809,#785,#679,.T.);
#1012=EDGE_CURVE('',#810,#809,#680,.T.);
#1013=EDGE_CURVE('',#811,#810,#681,.T.);
#1014=EDGE_CURVE('',#811,#808,#682,.F.);
#1015=EDGE_CURVE('',#812,#813,#683,.T.);
#1016=EDGE_CURVE('',#812,#814,#684,.F.);
#1017=EDGE_CURVE('',#815,#814,#685,.T.);
#1018=EDGE_CURVE('',#816,#815,#686,.T.);
#1019=EDGE_CURVE('',#817,#816,#687,.T.);
#1020=EDGE_CURVE('',#813,#817,#688,.T.);
#1021=EDGE_CURVE('',#818,#819,#689,.T.);
#1022=EDGE_CURVE('',#820,#818,#690,.T.);
#1023=EDGE_CURVE('',#821,#820,#691,.T.);
#1024=EDGE_CURVE('',#821,#822,#692,.F.);
#1025=EDGE_CURVE('',#822,#819,#693,.F.);
#1026=EDGE_CURVE('',#823,#818,#124,.T.);
#1027=EDGE_CURVE('',#824,#823,#95,.T.);
#1028=EDGE_CURVE('',#824,#825,#125,.T.);
#1029=EDGE_CURVE('',#825,#825,#96,.F.);
#1030=EDGE_CURVE('',#826,#824,#97,.T.);
#1031=EDGE_CURVE('',#813,#826,#126,.T.);
#1032=EDGE_CURVE('',#827,#817,#127,.T.);
#1033=EDGE_CURVE('',#828,#827,#98,.T.);
#1034=EDGE_CURVE('',#796,#828,#694,.T.);
#1035=EDGE_CURVE('',#829,#795,#128,.T.);
#1036=EDGE_CURVE('',#830,#829,#99,.T.);
#1037=EDGE_CURVE('',#787,#830,#129,.T.);
#1038=EDGE_CURVE('',#831,#791,#695,.T.);
#1039=EDGE_CURVE('',#832,#831,#100,.T.);
#1040=EDGE_CURVE('',#820,#832,#130,.T.);
#1041=EDGE_CURVE('',#833,#821,#131,.T.);
#1042=EDGE_CURVE('',#834,#833,#132,.T.);
#1043=EDGE_CURVE('',#789,#834,#133,.T.);
#1044=EDGE_CURVE('',#835,#788,#134,.F.);
#1045=EDGE_CURVE('',#836,#835,#135,.F.);
#1046=EDGE_CURVE('',#822,#836,#136,.T.);
#1047=EDGE_CURVE('',#837,#838,#696,.T.);
#1048=EDGE_CURVE('',#839,#837,#697,.T.);
#1049=EDGE_CURVE('',#840,#839,#698,.T.);
#1050=EDGE_CURVE('',#841,#840,#699,.T.);
#1051=EDGE_CURVE('',#842,#841,#700,.T.);
#1052=EDGE_CURVE('',#843,#842,#701,.T.);
#1053=EDGE_CURVE('',#844,#843,#702,.T.);
#1054=EDGE_CURVE('',#845,#844,#703,.T.);
#1055=EDGE_CURVE('',#846,#845,#704,.T.);
#1056=EDGE_CURVE('',#847,#846,#705,.T.);
#1057=EDGE_CURVE('',#848,#847,#706,.T.);
#1058=EDGE_CURVE('',#838,#848,#707,.T.);
#1059=EDGE_CURVE('',#849,#850,#708,.T.);
#1060=EDGE_CURVE('',#851,#849,#709,.T.);
#1061=EDGE_CURVE('',#852,#851,#710,.T.);
#1062=EDGE_CURVE('',#853,#852,#711,.T.);
#1063=EDGE_CURVE('',#854,#853,#712,.T.);
#1064=EDGE_CURVE('',#855,#854,#713,.T.);
#1065=EDGE_CURVE('',#856,#855,#714,.T.);
#1066=EDGE_CURVE('',#857,#856,#715,.T.);
#1067=EDGE_CURVE('',#858,#857,#716,.T.);
#1068=EDGE_CURVE('',#859,#858,#717,.T.);
#1069=EDGE_CURVE('',#860,#859,#718,.T.);
#1070=EDGE_CURVE('',#850,#860,#719,.T.);
#1071=EDGE_CURVE('',#861,#862,#720,.T.);
#1072=EDGE_CURVE('',#863,#861,#721,.T.);
#1073=EDGE_CURVE('',#864,#863,#722,.T.);
#1074=EDGE_CURVE('',#865,#864,#723,.T.);
#1075=EDGE_CURVE('',#866,#865,#724,.T.);
#1076=EDGE_CURVE('',#867,#866,#725,.T.);
#1077=EDGE_CURVE('',#868,#867,#726,.T.);
#1078=EDGE_CURVE('',#869,#868,#727,.T.);
#1079=EDGE_CURVE('',#870,#869,#728,.T.);
#1080=EDGE_CURVE('',#871,#870,#729,.T.);
#1081=EDGE_CURVE('',#872,#871,#730,.T.);
#1082=EDGE_CURVE('',#862,#872,#731,.T.);
#1083=EDGE_CURVE('',#799,#873,#137,.T.);
#1084=EDGE_CURVE('',#874,#801,#138,.T.);
#1085=EDGE_CURVE('',#875,#874,#139,.T.);
#1086=EDGE_CURVE('',#804,#875,#140,.T.);
#1087=EDGE_CURVE('',#803,#876,#141,.T.);
#1088=EDGE_CURVE('',#835,#876,#142,.F.);
#1089=EDGE_CURVE('',#877,#786,#143,.T.);
#1090=EDGE_CURVE('',#878,#877,#144,.T.);
#1091=EDGE_CURVE('',#794,#878,#145,.T.);
#1092=EDGE_CURVE('',#879,#792,#146,.T.);
#1093=EDGE_CURVE('',#873,#879,#147,.T.);
#1094=EDGE_CURVE('',#819,#880,#148,.T.);
#1095=EDGE_CURVE('',#881,#836,#149,.F.);
#1096=EDGE_CURVE('',#881,#806,#150,.T.);
#1097=EDGE_CURVE('',#882,#805,#151,.T.);
#1098=EDGE_CURVE('',#883,#882,#152,.T.);
#1099=EDGE_CURVE('',#808,#883,#153,.T.);
#1100=EDGE_CURVE('',#884,#811,#154,.T.);
#1101=EDGE_CURVE('',#885,#884,#155,.T.);
#1102=EDGE_CURVE('',#814,#885,#156,.T.);
#1103=EDGE_CURVE('',#886,#812,#157,.T.);
#1104=EDGE_CURVE('',#880,#886,#158,.T.);
#1105=EDGE_CURVE('',#807,#887,#159,.T.);
#1106=EDGE_CURVE('',#876,#881,#160,.T.);
#1107=EDGE_CURVE('',#888,#802,#732,.T.);
#1108=EDGE_CURVE('',#889,#888,#733,.T.);
#1109=EDGE_CURVE('',#887,#889,#161,.T.);
#1110=EDGE_CURVE('',#890,#891,#162,.T.);
#1111=EDGE_CURVE('',#892,#891,#163,.T.);
#1112=EDGE_CURVE('',#893,#892,#164,.T.);
#1113=EDGE_CURVE('',#890,#893,#734,.T.);
#1114=EDGE_CURVE('',#894,#895,#735,.T.);
#1115=EDGE_CURVE('',#895,#896,#736,.T.);
#1116=EDGE_CURVE('',#896,#897,#101,.T.);
#1117=EDGE_CURVE('',#897,#894,#737,.T.);
#1118=EDGE_CURVE('',#896,#898,#738,.T.);
#1119=EDGE_CURVE('',#898,#899,#102,.T.);
#1120=EDGE_CURVE('',#899,#897,#739,.T.);
#1121=EDGE_CURVE('',#900,#890,#740,.T.);
#1122=EDGE_CURVE('',#900,#899,#741,.T.);
#1123=EDGE_CURVE('',#898,#890,#742,.T.);
#1124=EDGE_CURVE('',#894,#901,#743,.T.);
#1125=EDGE_CURVE('',#902,#901,#103,.T.);
#1126=EDGE_CURVE('',#902,#895,#744,.T.);
#1127=EDGE_CURVE('',#903,#900,#745,.T.);
#1128=EDGE_CURVE('',#904,#903,#746,.T.);
#1129=EDGE_CURVE('',#905,#904,#747,.T.);
#1130=EDGE_CURVE('',#901,#905,#748,.T.);
#1131=EDGE_CURVE('',#903,#893,#104,.T.);
#1132=EDGE_CURVE('',#893,#906,#749,.T.);
#1133=EDGE_CURVE('',#906,#904,#105,.T.);
#1134=EDGE_CURVE('',#906,#907,#750,.T.);
#1135=EDGE_CURVE('',#907,#905,#106,.T.);
#1136=EDGE_CURVE('',#907,#902,#751,.T.);
#1137=EDGE_CURVE('',#895,#908,#165,.T.);
#1138=EDGE_CURVE('',#909,#908,#107,.T.);
#1139=EDGE_CURVE('',#896,#909,#166,.T.);
#1140=EDGE_CURVE('',#908,#910,#167,.T.);
#1141=EDGE_CURVE('',#902,#910,#168,.T.);
#1142=EDGE_CURVE('',#907,#911,#169,.T.);
#1143=EDGE_CURVE('',#910,#911,#108,.T.);
#1144=EDGE_CURVE('',#911,#912,#170,.T.);
#1145=EDGE_CURVE('',#906,#912,#171,.T.);
#1146=EDGE_CURVE('',#912,#892,#109,.T.);
#1147=EDGE_CURVE('',#891,#913,#110,.T.);
#1148=EDGE_CURVE('',#913,#909,#172,.T.);
#1149=EDGE_CURVE('',#898,#913,#173,.T.);
#1150=EDGE_CURVE('',#914,#915,#174,.F.);
#1151=EDGE_CURVE('',#914,#916,#175,.T.);
#1152=EDGE_CURVE('',#916,#917,#176,.T.);
#1153=EDGE_CURVE('',#917,#918,#177,.T.);
#1154=EDGE_CURVE('',#919,#918,#178,.F.);
#1155=EDGE_CURVE('',#919,#920,#179,.T.);
#1156=EDGE_CURVE('',#920,#921,#180,.T.);
#1157=EDGE_CURVE('',#921,#922,#181,.T.);
#1158=EDGE_CURVE('',#922,#923,#182,.T.);
#1159=EDGE_CURVE('',#923,#924,#183,.T.);
#1160=EDGE_CURVE('',#924,#925,#184,.T.);
#1161=EDGE_CURVE('',#925,#915,#185,.T.);
#1162=EDGE_CURVE('',#915,#838,#186,.T.);
#1163=EDGE_CURVE('',#925,#837,#187,.T.);
#1164=EDGE_CURVE('',#924,#839,#188,.T.);
#1165=EDGE_CURVE('',#914,#848,#189,.T.);
#1166=EDGE_CURVE('',#923,#840,#190,.T.);
#1167=EDGE_CURVE('',#916,#847,#191,.T.);
#1168=EDGE_CURVE('',#922,#841,#192,.T.);
#1169=EDGE_CURVE('',#917,#846,#193,.T.);
#1170=EDGE_CURVE('',#921,#842,#194,.T.);
#1171=EDGE_CURVE('',#918,#845,#195,.T.);
#1172=EDGE_CURVE('',#920,#843,#196,.T.);
#1173=EDGE_CURVE('',#919,#844,#197,.T.);
#1174=EDGE_CURVE('',#926,#850,#198,.T.);
#1175=EDGE_CURVE('',#926,#927,#199,.F.);
#1176=EDGE_CURVE('',#927,#849,#200,.T.);
#1177=EDGE_CURVE('',#928,#860,#201,.T.);
#1178=EDGE_CURVE('',#926,#928,#202,.T.);
#1179=EDGE_CURVE('',#929,#859,#203,.T.);
#1180=EDGE_CURVE('',#928,#929,#204,.T.);
#1181=EDGE_CURVE('',#930,#927,#205,.T.);
#1182=EDGE_CURVE('',#930,#851,#206,.T.);
#1183=EDGE_CURVE('',#931,#858,#207,.T.);
#1184=EDGE_CURVE('',#929,#931,#208,.T.);
#1185=EDGE_CURVE('',#932,#930,#209,.T.);
#1186=EDGE_CURVE('',#932,#852,#210,.T.);
#1187=EDGE_CURVE('',#933,#857,#211,.T.);
#1188=EDGE_CURVE('',#931,#933,#212,.T.);
#1189=EDGE_CURVE('',#934,#932,#213,.T.);
#1190=EDGE_CURVE('',#934,#853,#214,.T.);
#1191=EDGE_CURVE('',#935,#856,#215,.T.);
#1192=EDGE_CURVE('',#933,#935,#216,.T.);
#1193=EDGE_CURVE('',#934,#936,#217,.F.);
#1194=EDGE_CURVE('',#936,#854,#218,.T.);
#1195=EDGE_CURVE('',#937,#855,#219,.T.);
#1196=EDGE_CURVE('',#935,#937,#220,.T.);
#1197=EDGE_CURVE('',#937,#936,#221,.T.);
#1198=EDGE_CURVE('',#938,#938,#111,.F.);
#1199=EDGE_CURVE('',#939,#940,#222,.F.);
#1200=EDGE_CURVE('',#939,#941,#223,.T.);
#1201=EDGE_CURVE('',#941,#942,#224,.T.);
#1202=EDGE_CURVE('',#942,#943,#225,.T.);
#1203=EDGE_CURVE('',#944,#943,#226,.F.);
#1204=EDGE_CURVE('',#944,#945,#227,.T.);
#1205=EDGE_CURVE('',#945,#946,#228,.T.);
#1206=EDGE_CURVE('',#946,#947,#229,.T.);
#1207=EDGE_CURVE('',#947,#948,#230,.T.);
#1208=EDGE_CURVE('',#948,#949,#231,.T.);
#1209=EDGE_CURVE('',#949,#950,#232,.T.);
#1210=EDGE_CURVE('',#950,#940,#233,.T.);
#1211=EDGE_CURVE('',#793,#951,#234,.T.);
#1212=EDGE_CURVE('',#952,#797,#752,.T.);
#1213=EDGE_CURVE('',#953,#952,#112,.T.);
#1214=EDGE_CURVE('',#816,#953,#235,.T.);
#1215=EDGE_CURVE('',#954,#815,#236,.T.);
#1216=EDGE_CURVE('',#955,#954,#113,.T.);
#1217=EDGE_CURVE('',#955,#938,#237,.T.);
#1218=EDGE_CURVE('',#956,#955,#114,.T.);
#1219=EDGE_CURVE('',#810,#956,#753,.T.);
#1220=EDGE_CURVE('',#957,#809,#238,.T.);
#1221=EDGE_CURVE('',#958,#957,#115,.T.);
#1222=EDGE_CURVE('',#800,#958,#754,.T.);
#1223=EDGE_CURVE('',#959,#798,#755,.T.);
#1224=EDGE_CURVE('',#951,#959,#116,.T.);
#1225=EDGE_CURVE('',#940,#862,#239,.T.);
#1226=EDGE_CURVE('',#950,#861,#240,.T.);
#1227=EDGE_CURVE('',#949,#863,#241,.T.);
#1228=EDGE_CURVE('',#939,#872,#242,.T.);
#1229=EDGE_CURVE('',#948,#864,#243,.T.);
#1230=EDGE_CURVE('',#941,#871,#244,.T.);
#1231=EDGE_CURVE('',#947,#865,#245,.T.);
#1232=EDGE_CURVE('',#942,#870,#246,.T.);
#1233=EDGE_CURVE('',#946,#866,#247,.T.);
#1234=EDGE_CURVE('',#943,#869,#248,.T.);
#1235=EDGE_CURVE('',#945,#867,#249,.T.);
#1236=EDGE_CURVE('',#944,#868,#250,.T.);
#1237=EDGE_CURVE('',#960,#790,#251,.T.);
#1238=EDGE_CURVE('',#831,#960,#756,.F.);
#1239=EDGE_CURVE('',#832,#833,#252,.T.);
#1240=EDGE_CURVE('',#960,#834,#757,.T.);
#1241=EDGE_CURVE('',#878,#829,#253,.T.);
#1242=EDGE_CURVE('',#830,#877,#254,.T.);
#1243=EDGE_CURVE('',#779,#875,#255,.T.);
#1244=EDGE_CURVE('',#874,#780,#256,.T.);
#1245=EDGE_CURVE('',#952,#828,#758,.F.);
#1246=EDGE_CURVE('',#953,#827,#257,.T.);
#1247=EDGE_CURVE('',#784,#957,#258,.F.);
#1248=EDGE_CURVE('',#783,#958,#759,.T.);
#1249=EDGE_CURVE('',#884,#956,#760,.T.);
#1250=EDGE_CURVE('',#885,#954,#259,.F.);
#1251=EDGE_CURVE('',#959,#873,#761,.T.);
#1252=EDGE_CURVE('',#951,#879,#260,.F.);
#1253=EDGE_CURVE('',#888,#961,#261,.T.);
#1254=EDGE_CURVE('',#889,#961,#762,.T.);
#1255=EDGE_CURVE('',#887,#775,#262,.F.);
#1256=EDGE_CURVE('',#961,#776,#763,.T.);
#1257=EDGE_CURVE('',#768,#883,#263,.T.);
#1258=EDGE_CURVE('',#882,#772,#264,.T.);
#1259=EDGE_CURVE('',#880,#823,#265,.T.);
#1260=EDGE_CURVE('',#826,#886,#266,.T.);
#1261=ORIENTED_EDGE('',*,*,#962,.T.);
#1262=ORIENTED_EDGE('',*,*,#963,.T.);
#1263=ORIENTED_EDGE('',*,*,#964,.F.);
#1264=ORIENTED_EDGE('',*,*,#965,.F.);
#1265=ORIENTED_EDGE('',*,*,#966,.F.);
#1266=ORIENTED_EDGE('',*,*,#967,.F.);
#1267=ORIENTED_EDGE('',*,*,#968,.T.);
#1268=ORIENTED_EDGE('',*,*,#969,.T.);
#1269=ORIENTED_EDGE('',*,*,#968,.F.);
#1270=ORIENTED_EDGE('',*,*,#970,.F.);
#1271=ORIENTED_EDGE('',*,*,#971,.F.);
#1272=ORIENTED_EDGE('',*,*,#972,.T.);
#1273=ORIENTED_EDGE('',*,*,#973,.F.);
#1274=ORIENTED_EDGE('',*,*,#974,.F.);
#1275=ORIENTED_EDGE('',*,*,#975,.F.);
#1276=ORIENTED_EDGE('',*,*,#976,.T.);
#1277=ORIENTED_EDGE('',*,*,#977,.F.);
#1278=ORIENTED_EDGE('',*,*,#978,.F.);
#1279=ORIENTED_EDGE('',*,*,#979,.F.);
#1280=ORIENTED_EDGE('',*,*,#980,.T.);
#1281=ORIENTED_EDGE('',*,*,#981,.F.);
#1282=ORIENTED_EDGE('',*,*,#982,.F.);
#1283=ORIENTED_EDGE('',*,*,#983,.F.);
#1284=ORIENTED_EDGE('',*,*,#984,.T.);
#1285=ORIENTED_EDGE('',*,*,#985,.F.);
#1286=ORIENTED_EDGE('',*,*,#986,.T.);
#1287=ORIENTED_EDGE('',*,*,#987,.T.);
#1288=ORIENTED_EDGE('',*,*,#988,.F.);
#1289=ORIENTED_EDGE('',*,*,#989,.F.);
#1290=ORIENTED_EDGE('',*,*,#990,.F.);
#1291=ORIENTED_EDGE('',*,*,#991,.F.);
#1292=ORIENTED_EDGE('',*,*,#992,.T.);
#1293=ORIENTED_EDGE('',*,*,#993,.F.);
#1294=ORIENTED_EDGE('',*,*,#994,.F.);
#1295=ORIENTED_EDGE('',*,*,#995,.F.);
#1296=ORIENTED_EDGE('',*,*,#996,.F.);
#1297=ORIENTED_EDGE('',*,*,#997,.F.);
#1298=ORIENTED_EDGE('',*,*,#998,.F.);
#1299=ORIENTED_EDGE('',*,*,#999,.F.);
#1300=ORIENTED_EDGE('',*,*,#980,.F.);
#1301=ORIENTED_EDGE('',*,*,#1000,.F.);
#1302=ORIENTED_EDGE('',*,*,#1001,.T.);
#1303=ORIENTED_EDGE('',*,*,#1002,.F.);
#1304=ORIENTED_EDGE('',*,*,#1003,.T.);
#1305=ORIENTED_EDGE('',*,*,#1004,.T.);
#1306=ORIENTED_EDGE('',*,*,#1005,.F.);
#1307=ORIENTED_EDGE('',*,*,#976,.F.);
#1308=ORIENTED_EDGE('',*,*,#1006,.F.);
#1309=ORIENTED_EDGE('',*,*,#1007,.T.);
#1310=ORIENTED_EDGE('',*,*,#1008,.T.);
#1311=ORIENTED_EDGE('',*,*,#1009,.F.);
#1312=ORIENTED_EDGE('',*,*,#972,.F.);
#1313=ORIENTED_EDGE('',*,*,#1010,.F.);
#1314=ORIENTED_EDGE('',*,*,#984,.F.);
#1315=ORIENTED_EDGE('',*,*,#1011,.F.);
#1316=ORIENTED_EDGE('',*,*,#1012,.F.);
#1317=ORIENTED_EDGE('',*,*,#1013,.F.);
#1318=ORIENTED_EDGE('',*,*,#1014,.T.);
#1319=ORIENTED_EDGE('',*,*,#1015,.F.);
#1320=ORIENTED_EDGE('',*,*,#1016,.T.);
#1321=ORIENTED_EDGE('',*,*,#1017,.F.);
#1322=ORIENTED_EDGE('',*,*,#1018,.F.);
#1323=ORIENTED_EDGE('',*,*,#1019,.F.);
#1324=ORIENTED_EDGE('',*,*,#1020,.F.);
#1325=ORIENTED_EDGE('',*,*,#1021,.F.);
#1326=ORIENTED_EDGE('',*,*,#1022,.F.);
#1327=ORIENTED_EDGE('',*,*,#1023,.F.);
#1328=ORIENTED_EDGE('',*,*,#1024,.T.);
#1329=ORIENTED_EDGE('',*,*,#1025,.T.);
#1330=ORIENTED_EDGE('',*,*,#1026,.F.);
#1331=ORIENTED_EDGE('',*,*,#1027,.F.);
#1332=ORIENTED_EDGE('',*,*,#1028,.T.);
#1333=ORIENTED_EDGE('',*,*,#1029,.T.);
#1334=ORIENTED_EDGE('',*,*,#1028,.F.);
#1335=ORIENTED_EDGE('',*,*,#1030,.F.);
#1336=ORIENTED_EDGE('',*,*,#1031,.F.);
#1337=ORIENTED_EDGE('',*,*,#1020,.T.);
#1338=ORIENTED_EDGE('',*,*,#1032,.F.);
#1339=ORIENTED_EDGE('',*,*,#1033,.F.);
#1340=ORIENTED_EDGE('',*,*,#1034,.F.);
#1341=ORIENTED_EDGE('',*,*,#994,.T.);
#1342=ORIENTED_EDGE('',*,*,#1035,.F.);
#1343=ORIENTED_EDGE('',*,*,#1036,.F.);
#1344=ORIENTED_EDGE('',*,*,#1037,.F.);
#1345=ORIENTED_EDGE('',*,*,#990,.T.);
#1346=ORIENTED_EDGE('',*,*,#1038,.F.);
#1347=ORIENTED_EDGE('',*,*,#1039,.F.);
#1348=ORIENTED_EDGE('',*,*,#1040,.F.);
#1349=ORIENTED_EDGE('',*,*,#1022,.T.);
#1350=ORIENTED_EDGE('',*,*,#1041,.F.);
#1351=ORIENTED_EDGE('',*,*,#1042,.F.);
#1352=ORIENTED_EDGE('',*,*,#1043,.F.);
#1353=ORIENTED_EDGE('',*,*,#987,.F.);
#1354=ORIENTED_EDGE('',*,*,#1044,.F.);
#1355=ORIENTED_EDGE('',*,*,#1045,.F.);
#1356=ORIENTED_EDGE('',*,*,#1046,.F.);
#1357=ORIENTED_EDGE('',*,*,#1024,.F.);
#1358=ORIENTED_EDGE('',*,*,#1047,.F.);
#1359=ORIENTED_EDGE('',*,*,#1048,.F.);
#1360=ORIENTED_EDGE('',*,*,#1049,.F.);
#1361=ORIENTED_EDGE('',*,*,#1050,.F.);
#1362=ORIENTED_EDGE('',*,*,#1051,.F.);
#1363=ORIENTED_EDGE('',*,*,#1052,.F.);
#1364=ORIENTED_EDGE('',*,*,#1053,.F.);
#1365=ORIENTED_EDGE('',*,*,#1054,.F.);
#1366=ORIENTED_EDGE('',*,*,#1055,.F.);
#1367=ORIENTED_EDGE('',*,*,#1056,.F.);
#1368=ORIENTED_EDGE('',*,*,#1057,.F.);
#1369=ORIENTED_EDGE('',*,*,#1058,.F.);
#1370=ORIENTED_EDGE('',*,*,#1059,.F.);
#1371=ORIENTED_EDGE('',*,*,#1060,.F.);
#1372=ORIENTED_EDGE('',*,*,#1061,.F.);
#1373=ORIENTED_EDGE('',*,*,#1062,.F.);
#1374=ORIENTED_EDGE('',*,*,#1063,.F.);
#1375=ORIENTED_EDGE('',*,*,#1064,.F.);
#1376=ORIENTED_EDGE('',*,*,#1065,.F.);
#1377=ORIENTED_EDGE('',*,*,#1066,.F.);
#1378=ORIENTED_EDGE('',*,*,#1067,.F.);
#1379=ORIENTED_EDGE('',*,*,#1068,.F.);
#1380=ORIENTED_EDGE('',*,*,#1069,.F.);
#1381=ORIENTED_EDGE('',*,*,#1070,.F.);
#1382=ORIENTED_EDGE('',*,*,#1071,.F.);
#1383=ORIENTED_EDGE('',*,*,#1072,.F.);
#1384=ORIENTED_EDGE('',*,*,#1073,.F.);
#1385=ORIENTED_EDGE('',*,*,#1074,.F.);
#1386=ORIENTED_EDGE('',*,*,#1075,.F.);
#1387=ORIENTED_EDGE('',*,*,#1076,.F.);
#1388=ORIENTED_EDGE('',*,*,#1077,.F.);
#1389=ORIENTED_EDGE('',*,*,#1078,.F.);
#1390=ORIENTED_EDGE('',*,*,#1079,.F.);
#1391=ORIENTED_EDGE('',*,*,#1080,.F.);
#1392=ORIENTED_EDGE('',*,*,#1081,.F.);
#1393=ORIENTED_EDGE('',*,*,#1082,.F.);
#1394=ORIENTED_EDGE('',*,*,#1083,.F.);
#1395=ORIENTED_EDGE('',*,*,#1001,.F.);
#1396=ORIENTED_EDGE('',*,*,#1084,.F.);
#1397=ORIENTED_EDGE('',*,*,#1085,.F.);
#1398=ORIENTED_EDGE('',*,*,#1086,.F.);
#1399=ORIENTED_EDGE('',*,*,#1004,.F.);
#1400=ORIENTED_EDGE('',*,*,#1087,.T.);
#1401=ORIENTED_EDGE('',*,*,#1088,.F.);
#1402=ORIENTED_EDGE('',*,*,#1044,.T.);
#1403=ORIENTED_EDGE('',*,*,#986,.F.);
#1404=ORIENTED_EDGE('',*,*,#1089,.F.);
#1405=ORIENTED_EDGE('',*,*,#1090,.F.);
#1406=ORIENTED_EDGE('',*,*,#1091,.F.);
#1407=ORIENTED_EDGE('',*,*,#992,.F.);
#1408=ORIENTED_EDGE('',*,*,#1092,.F.);
#1409=ORIENTED_EDGE('',*,*,#1093,.F.);
#1410=ORIENTED_EDGE('',*,*,#1094,.F.);
#1411=ORIENTED_EDGE('',*,*,#1025,.F.);
#1412=ORIENTED_EDGE('',*,*,#1046,.T.);
#1413=ORIENTED_EDGE('',*,*,#1095,.F.);
#1414=ORIENTED_EDGE('',*,*,#1096,.T.);
#1415=ORIENTED_EDGE('',*,*,#1007,.F.);
#1416=ORIENTED_EDGE('',*,*,#1097,.F.);
#1417=ORIENTED_EDGE('',*,*,#1098,.F.);
#1418=ORIENTED_EDGE('',*,*,#1099,.F.);
#1419=ORIENTED_EDGE('',*,*,#1014,.F.);
#1420=ORIENTED_EDGE('',*,*,#1100,.F.);
#1421=ORIENTED_EDGE('',*,*,#1101,.F.);
#1422=ORIENTED_EDGE('',*,*,#1102,.F.);
#1423=ORIENTED_EDGE('',*,*,#1016,.F.);
#1424=ORIENTED_EDGE('',*,*,#1103,.F.);
#1425=ORIENTED_EDGE('',*,*,#1104,.F.);
#1426=ORIENTED_EDGE('',*,*,#1105,.F.);
#1427=ORIENTED_EDGE('',*,*,#1008,.F.);
#1428=ORIENTED_EDGE('',*,*,#1096,.F.);
#1429=ORIENTED_EDGE('',*,*,#1106,.F.);
#1430=ORIENTED_EDGE('',*,*,#1087,.F.);
#1431=ORIENTED_EDGE('',*,*,#1003,.F.);
#1432=ORIENTED_EDGE('',*,*,#1107,.F.);
#1433=ORIENTED_EDGE('',*,*,#1108,.F.);
#1434=ORIENTED_EDGE('',*,*,#1109,.F.);
#1435=ORIENTED_EDGE('',*,*,#1110,.T.);
#1436=ORIENTED_EDGE('',*,*,#1111,.F.);
#1437=ORIENTED_EDGE('',*,*,#1112,.F.);
#1438=ORIENTED_EDGE('',*,*,#1113,.F.);
#1439=ORIENTED_EDGE('',*,*,#1114,.T.);
#1440=ORIENTED_EDGE('',*,*,#1115,.T.);
#1441=ORIENTED_EDGE('',*,*,#1116,.T.);
#1442=ORIENTED_EDGE('',*,*,#1117,.T.);
#1443=ORIENTED_EDGE('',*,*,#1116,.F.);
#1444=ORIENTED_EDGE('',*,*,#1118,.T.);
#1445=ORIENTED_EDGE('',*,*,#1119,.T.);
#1446=ORIENTED_EDGE('',*,*,#1120,.T.);
#1447=ORIENTED_EDGE('',*,*,#1121,.F.);
#1448=ORIENTED_EDGE('',*,*,#1122,.T.);
#1449=ORIENTED_EDGE('',*,*,#1119,.F.);
#1450=ORIENTED_EDGE('',*,*,#1123,.T.);
#1451=ORIENTED_EDGE('',*,*,#1114,.F.);
#1452=ORIENTED_EDGE('',*,*,#1124,.T.);
#1453=ORIENTED_EDGE('',*,*,#1125,.F.);
#1454=ORIENTED_EDGE('',*,*,#1126,.T.);
#1455=ORIENTED_EDGE('',*,*,#1117,.F.);
#1456=ORIENTED_EDGE('',*,*,#1120,.F.);
#1457=ORIENTED_EDGE('',*,*,#1122,.F.);
#1458=ORIENTED_EDGE('',*,*,#1127,.F.);
#1459=ORIENTED_EDGE('',*,*,#1128,.F.);
#1460=ORIENTED_EDGE('',*,*,#1129,.F.);
#1461=ORIENTED_EDGE('',*,*,#1130,.F.);
#1462=ORIENTED_EDGE('',*,*,#1124,.F.);
#1463=ORIENTED_EDGE('',*,*,#1131,.T.);
#1464=ORIENTED_EDGE('',*,*,#1132,.T.);
#1465=ORIENTED_EDGE('',*,*,#1133,.T.);
#1466=ORIENTED_EDGE('',*,*,#1128,.T.);
#1467=ORIENTED_EDGE('',*,*,#1133,.F.);
#1468=ORIENTED_EDGE('',*,*,#1134,.T.);
#1469=ORIENTED_EDGE('',*,*,#1135,.T.);
#1470=ORIENTED_EDGE('',*,*,#1129,.T.);
#1471=ORIENTED_EDGE('',*,*,#1121,.T.);
#1472=ORIENTED_EDGE('',*,*,#1113,.T.);
#1473=ORIENTED_EDGE('',*,*,#1131,.F.);
#1474=ORIENTED_EDGE('',*,*,#1127,.T.);
#1475=ORIENTED_EDGE('',*,*,#1135,.F.);
#1476=ORIENTED_EDGE('',*,*,#1136,.T.);
#1477=ORIENTED_EDGE('',*,*,#1125,.T.);
#1478=ORIENTED_EDGE('',*,*,#1130,.T.);
#1479=ORIENTED_EDGE('',*,*,#1115,.F.);
#1480=ORIENTED_EDGE('',*,*,#1137,.T.);
#1481=ORIENTED_EDGE('',*,*,#1138,.F.);
#1482=ORIENTED_EDGE('',*,*,#1139,.F.);
#1483=ORIENTED_EDGE('',*,*,#1140,.F.);
#1484=ORIENTED_EDGE('',*,*,#1137,.F.);
#1485=ORIENTED_EDGE('',*,*,#1126,.F.);
#1486=ORIENTED_EDGE('',*,*,#1141,.T.);
#1487=ORIENTED_EDGE('',*,*,#1136,.F.);
#1488=ORIENTED_EDGE('',*,*,#1142,.T.);
#1489=ORIENTED_EDGE('',*,*,#1143,.F.);
#1490=ORIENTED_EDGE('',*,*,#1141,.F.);
#1491=ORIENTED_EDGE('',*,*,#1144,.F.);
#1492=ORIENTED_EDGE('',*,*,#1142,.F.);
#1493=ORIENTED_EDGE('',*,*,#1134,.F.);
#1494=ORIENTED_EDGE('',*,*,#1145,.T.);
#1495=ORIENTED_EDGE('',*,*,#1132,.F.);
#1496=ORIENTED_EDGE('',*,*,#1112,.T.);
#1497=ORIENTED_EDGE('',*,*,#1146,.F.);
#1498=ORIENTED_EDGE('',*,*,#1145,.F.);
#1499=ORIENTED_EDGE('',*,*,#1144,.T.);
#1500=ORIENTED_EDGE('',*,*,#1146,.T.);
#1501=ORIENTED_EDGE('',*,*,#1111,.T.);
#1502=ORIENTED_EDGE('',*,*,#1147,.T.);
#1503=ORIENTED_EDGE('',*,*,#1148,.T.);
#1504=ORIENTED_EDGE('',*,*,#1138,.T.);
#1505=ORIENTED_EDGE('',*,*,#1140,.T.);
#1506=ORIENTED_EDGE('',*,*,#1143,.T.);
#1507=ORIENTED_EDGE('',*,*,#1045,.T.);
#1508=ORIENTED_EDGE('',*,*,#1088,.T.);
#1509=ORIENTED_EDGE('',*,*,#1106,.T.);
#1510=ORIENTED_EDGE('',*,*,#1095,.T.);
#1511=ORIENTED_EDGE('',*,*,#1123,.F.);
#1512=ORIENTED_EDGE('',*,*,#1149,.T.);
#1513=ORIENTED_EDGE('',*,*,#1147,.F.);
#1514=ORIENTED_EDGE('',*,*,#1110,.F.);
#1515=ORIENTED_EDGE('',*,*,#1148,.F.);
#1516=ORIENTED_EDGE('',*,*,#1149,.F.);
#1517=ORIENTED_EDGE('',*,*,#1118,.F.);
#1518=ORIENTED_EDGE('',*,*,#1139,.T.);
#1519=ORIENTED_EDGE('',*,*,#1029,.F.);
#1520=ORIENTED_EDGE('',*,*,#1150,.F.);
#1521=ORIENTED_EDGE('',*,*,#1151,.T.);
#1522=ORIENTED_EDGE('',*,*,#1152,.T.);
#1523=ORIENTED_EDGE('',*,*,#1153,.T.);
#1524=ORIENTED_EDGE('',*,*,#1154,.F.);
#1525=ORIENTED_EDGE('',*,*,#1155,.T.);
#1526=ORIENTED_EDGE('',*,*,#1156,.T.);
#1527=ORIENTED_EDGE('',*,*,#1157,.T.);
#1528=ORIENTED_EDGE('',*,*,#1158,.T.);
#1529=ORIENTED_EDGE('',*,*,#1159,.T.);
#1530=ORIENTED_EDGE('',*,*,#1160,.T.);
#1531=ORIENTED_EDGE('',*,*,#1161,.T.);
#1532=ORIENTED_EDGE('',*,*,#1047,.T.);
#1533=ORIENTED_EDGE('',*,*,#1162,.F.);
#1534=ORIENTED_EDGE('',*,*,#1161,.F.);
#1535=ORIENTED_EDGE('',*,*,#1163,.T.);
#1536=ORIENTED_EDGE('',*,*,#1048,.T.);
#1537=ORIENTED_EDGE('',*,*,#1163,.F.);
#1538=ORIENTED_EDGE('',*,*,#1160,.F.);
#1539=ORIENTED_EDGE('',*,*,#1164,.T.);
#1540=ORIENTED_EDGE('',*,*,#1058,.T.);
#1541=ORIENTED_EDGE('',*,*,#1165,.F.);
#1542=ORIENTED_EDGE('',*,*,#1150,.T.);
#1543=ORIENTED_EDGE('',*,*,#1162,.T.);
#1544=ORIENTED_EDGE('',*,*,#1049,.T.);
#1545=ORIENTED_EDGE('',*,*,#1164,.F.);
#1546=ORIENTED_EDGE('',*,*,#1159,.F.);
#1547=ORIENTED_EDGE('',*,*,#1166,.T.);
#1548=ORIENTED_EDGE('',*,*,#1057,.T.);
#1549=ORIENTED_EDGE('',*,*,#1167,.F.);
#1550=ORIENTED_EDGE('',*,*,#1151,.F.);
#1551=ORIENTED_EDGE('',*,*,#1165,.T.);
#1552=ORIENTED_EDGE('',*,*,#1050,.T.);
#1553=ORIENTED_EDGE('',*,*,#1166,.F.);
#1554=ORIENTED_EDGE('',*,*,#1158,.F.);
#1555=ORIENTED_EDGE('',*,*,#1168,.T.);
#1556=ORIENTED_EDGE('',*,*,#1056,.T.);
#1557=ORIENTED_EDGE('',*,*,#1169,.F.);
#1558=ORIENTED_EDGE('',*,*,#1152,.F.);
#1559=ORIENTED_EDGE('',*,*,#1167,.T.);
#1560=ORIENTED_EDGE('',*,*,#1051,.T.);
#1561=ORIENTED_EDGE('',*,*,#1168,.F.);
#1562=ORIENTED_EDGE('',*,*,#1157,.F.);
#1563=ORIENTED_EDGE('',*,*,#1170,.T.);
#1564=ORIENTED_EDGE('',*,*,#1055,.T.);
#1565=ORIENTED_EDGE('',*,*,#1171,.F.);
#1566=ORIENTED_EDGE('',*,*,#1153,.F.);
#1567=ORIENTED_EDGE('',*,*,#1169,.T.);
#1568=ORIENTED_EDGE('',*,*,#1052,.T.);
#1569=ORIENTED_EDGE('',*,*,#1170,.F.);
#1570=ORIENTED_EDGE('',*,*,#1156,.F.);
#1571=ORIENTED_EDGE('',*,*,#1172,.T.);
#1572=ORIENTED_EDGE('',*,*,#1053,.T.);
#1573=ORIENTED_EDGE('',*,*,#1172,.F.);
#1574=ORIENTED_EDGE('',*,*,#1155,.F.);
#1575=ORIENTED_EDGE('',*,*,#1173,.T.);
#1576=ORIENTED_EDGE('',*,*,#1054,.T.);
#1577=ORIENTED_EDGE('',*,*,#1173,.F.);
#1578=ORIENTED_EDGE('',*,*,#1154,.T.);
#1579=ORIENTED_EDGE('',*,*,#1171,.T.);
#1580=ORIENTED_EDGE('',*,*,#1059,.T.);
#1581=ORIENTED_EDGE('',*,*,#1174,.F.);
#1582=ORIENTED_EDGE('',*,*,#1175,.T.);
#1583=ORIENTED_EDGE('',*,*,#1176,.T.);
#1584=ORIENTED_EDGE('',*,*,#1070,.T.);
#1585=ORIENTED_EDGE('',*,*,#1177,.F.);
#1586=ORIENTED_EDGE('',*,*,#1178,.F.);
#1587=ORIENTED_EDGE('',*,*,#1174,.T.);
#1588=ORIENTED_EDGE('',*,*,#1069,.T.);
#1589=ORIENTED_EDGE('',*,*,#1179,.F.);
#1590=ORIENTED_EDGE('',*,*,#1180,.F.);
#1591=ORIENTED_EDGE('',*,*,#1177,.T.);
#1592=ORIENTED_EDGE('',*,*,#1060,.T.);
#1593=ORIENTED_EDGE('',*,*,#1176,.F.);
#1594=ORIENTED_EDGE('',*,*,#1181,.F.);
#1595=ORIENTED_EDGE('',*,*,#1182,.T.);
#1596=ORIENTED_EDGE('',*,*,#1068,.T.);
#1597=ORIENTED_EDGE('',*,*,#1183,.F.);
#1598=ORIENTED_EDGE('',*,*,#1184,.F.);
#1599=ORIENTED_EDGE('',*,*,#1179,.T.);
#1600=ORIENTED_EDGE('',*,*,#1061,.T.);
#1601=ORIENTED_EDGE('',*,*,#1182,.F.);
#1602=ORIENTED_EDGE('',*,*,#1185,.F.);
#1603=ORIENTED_EDGE('',*,*,#1186,.T.);
#1604=ORIENTED_EDGE('',*,*,#1067,.T.);
#1605=ORIENTED_EDGE('',*,*,#1187,.F.);
#1606=ORIENTED_EDGE('',*,*,#1188,.F.);
#1607=ORIENTED_EDGE('',*,*,#1183,.T.);
#1608=ORIENTED_EDGE('',*,*,#1062,.T.);
#1609=ORIENTED_EDGE('',*,*,#1186,.F.);
#1610=ORIENTED_EDGE('',*,*,#1189,.F.);
#1611=ORIENTED_EDGE('',*,*,#1190,.T.);
#1612=ORIENTED_EDGE('',*,*,#1066,.T.);
#1613=ORIENTED_EDGE('',*,*,#1191,.F.);
#1614=ORIENTED_EDGE('',*,*,#1192,.F.);
#1615=ORIENTED_EDGE('',*,*,#1187,.T.);
#1616=ORIENTED_EDGE('',*,*,#1063,.T.);
#1617=ORIENTED_EDGE('',*,*,#1190,.F.);
#1618=ORIENTED_EDGE('',*,*,#1193,.T.);
#1619=ORIENTED_EDGE('',*,*,#1194,.T.);
#1620=ORIENTED_EDGE('',*,*,#1065,.T.);
#1621=ORIENTED_EDGE('',*,*,#1195,.F.);
#1622=ORIENTED_EDGE('',*,*,#1196,.F.);
#1623=ORIENTED_EDGE('',*,*,#1191,.T.);
#1624=ORIENTED_EDGE('',*,*,#1064,.T.);
#1625=ORIENTED_EDGE('',*,*,#1194,.F.);
#1626=ORIENTED_EDGE('',*,*,#1197,.F.);
#1627=ORIENTED_EDGE('',*,*,#1195,.T.);
#1628=ORIENTED_EDGE('',*,*,#969,.F.);
#1629=ORIENTED_EDGE('',*,*,#1193,.F.);
#1630=ORIENTED_EDGE('',*,*,#1189,.T.);
#1631=ORIENTED_EDGE('',*,*,#1185,.T.);
#1632=ORIENTED_EDGE('',*,*,#1181,.T.);
#1633=ORIENTED_EDGE('',*,*,#1175,.F.);
#1634=ORIENTED_EDGE('',*,*,#1178,.T.);
#1635=ORIENTED_EDGE('',*,*,#1180,.T.);
#1636=ORIENTED_EDGE('',*,*,#1184,.T.);
#1637=ORIENTED_EDGE('',*,*,#1188,.T.);
#1638=ORIENTED_EDGE('',*,*,#1192,.T.);
#1639=ORIENTED_EDGE('',*,*,#1196,.T.);
#1640=ORIENTED_EDGE('',*,*,#1197,.T.);
#1641=ORIENTED_EDGE('',*,*,#1198,.F.);
#1642=ORIENTED_EDGE('',*,*,#1199,.F.);
#1643=ORIENTED_EDGE('',*,*,#1200,.T.);
#1644=ORIENTED_EDGE('',*,*,#1201,.T.);
#1645=ORIENTED_EDGE('',*,*,#1202,.T.);
#1646=ORIENTED_EDGE('',*,*,#1203,.F.);
#1647=ORIENTED_EDGE('',*,*,#1204,.T.);
#1648=ORIENTED_EDGE('',*,*,#1205,.T.);
#1649=ORIENTED_EDGE('',*,*,#1206,.T.);
#1650=ORIENTED_EDGE('',*,*,#1207,.T.);
#1651=ORIENTED_EDGE('',*,*,#1208,.T.);
#1652=ORIENTED_EDGE('',*,*,#1209,.T.);
#1653=ORIENTED_EDGE('',*,*,#1210,.T.);
#1654=ORIENTED_EDGE('',*,*,#1211,.F.);
#1655=ORIENTED_EDGE('',*,*,#996,.T.);
#1656=ORIENTED_EDGE('',*,*,#1212,.F.);
#1657=ORIENTED_EDGE('',*,*,#1213,.F.);
#1658=ORIENTED_EDGE('',*,*,#1214,.F.);
#1659=ORIENTED_EDGE('',*,*,#1018,.T.);
#1660=ORIENTED_EDGE('',*,*,#1215,.F.);
#1661=ORIENTED_EDGE('',*,*,#1216,.F.);
#1662=ORIENTED_EDGE('',*,*,#1217,.T.);
#1663=ORIENTED_EDGE('',*,*,#1198,.T.);
#1664=ORIENTED_EDGE('',*,*,#1217,.F.);
#1665=ORIENTED_EDGE('',*,*,#1218,.F.);
#1666=ORIENTED_EDGE('',*,*,#1219,.F.);
#1667=ORIENTED_EDGE('',*,*,#1012,.T.);
#1668=ORIENTED_EDGE('',*,*,#1220,.F.);
#1669=ORIENTED_EDGE('',*,*,#1221,.F.);
#1670=ORIENTED_EDGE('',*,*,#1222,.F.);
#1671=ORIENTED_EDGE('',*,*,#998,.T.);
#1672=ORIENTED_EDGE('',*,*,#1223,.F.);
#1673=ORIENTED_EDGE('',*,*,#1224,.F.);
#1674=ORIENTED_EDGE('',*,*,#1071,.T.);
#1675=ORIENTED_EDGE('',*,*,#1225,.F.);
#1676=ORIENTED_EDGE('',*,*,#1210,.F.);
#1677=ORIENTED_EDGE('',*,*,#1226,.T.);
#1678=ORIENTED_EDGE('',*,*,#1072,.T.);
#1679=ORIENTED_EDGE('',*,*,#1226,.F.);
#1680=ORIENTED_EDGE('',*,*,#1209,.F.);
#1681=ORIENTED_EDGE('',*,*,#1227,.T.);
#1682=ORIENTED_EDGE('',*,*,#1082,.T.);
#1683=ORIENTED_EDGE('',*,*,#1228,.F.);
#1684=ORIENTED_EDGE('',*,*,#1199,.T.);
#1685=ORIENTED_EDGE('',*,*,#1225,.T.);
#1686=ORIENTED_EDGE('',*,*,#1073,.T.);
#1687=ORIENTED_EDGE('',*,*,#1227,.F.);
#1688=ORIENTED_EDGE('',*,*,#1208,.F.);
#1689=ORIENTED_EDGE('',*,*,#1229,.T.);
#1690=ORIENTED_EDGE('',*,*,#1081,.T.);
#1691=ORIENTED_EDGE('',*,*,#1230,.F.);
#1692=ORIENTED_EDGE('',*,*,#1200,.F.);
#1693=ORIENTED_EDGE('',*,*,#1228,.T.);
#1694=ORIENTED_EDGE('',*,*,#1074,.T.);
#1695=ORIENTED_EDGE('',*,*,#1229,.F.);
#1696=ORIENTED_EDGE('',*,*,#1207,.F.);
#1697=ORIENTED_EDGE('',*,*,#1231,.T.);
#1698=ORIENTED_EDGE('',*,*,#1080,.T.);
#1699=ORIENTED_EDGE('',*,*,#1232,.F.);
#1700=ORIENTED_EDGE('',*,*,#1201,.F.);
#1701=ORIENTED_EDGE('',*,*,#1230,.T.);
#1702=ORIENTED_EDGE('',*,*,#1075,.T.);
#1703=ORIENTED_EDGE('',*,*,#1231,.F.);
#1704=ORIENTED_EDGE('',*,*,#1206,.F.);
#1705=ORIENTED_EDGE('',*,*,#1233,.T.);
#1706=ORIENTED_EDGE('',*,*,#1079,.T.);
#1707=ORIENTED_EDGE('',*,*,#1234,.F.);
#1708=ORIENTED_EDGE('',*,*,#1202,.F.);
#1709=ORIENTED_EDGE('',*,*,#1232,.T.);
#1710=ORIENTED_EDGE('',*,*,#1076,.T.);
#1711=ORIENTED_EDGE('',*,*,#1233,.F.);
#1712=ORIENTED_EDGE('',*,*,#1205,.F.);
#1713=ORIENTED_EDGE('',*,*,#1235,.T.);
#1714=ORIENTED_EDGE('',*,*,#1077,.T.);
#1715=ORIENTED_EDGE('',*,*,#1235,.F.);
#1716=ORIENTED_EDGE('',*,*,#1204,.F.);
#1717=ORIENTED_EDGE('',*,*,#1236,.T.);
#1718=ORIENTED_EDGE('',*,*,#1078,.T.);
#1719=ORIENTED_EDGE('',*,*,#1236,.F.);
#1720=ORIENTED_EDGE('',*,*,#1203,.T.);
#1721=ORIENTED_EDGE('',*,*,#1234,.T.);
#1722=ORIENTED_EDGE('',*,*,#1038,.T.);
#1723=ORIENTED_EDGE('',*,*,#989,.T.);
#1724=ORIENTED_EDGE('',*,*,#1237,.F.);
#1725=ORIENTED_EDGE('',*,*,#1238,.F.);
#1726=ORIENTED_EDGE('',*,*,#1041,.T.);
#1727=ORIENTED_EDGE('',*,*,#1023,.T.);
#1728=ORIENTED_EDGE('',*,*,#1040,.T.);
#1729=ORIENTED_EDGE('',*,*,#1239,.T.);
#1730=ORIENTED_EDGE('',*,*,#1042,.T.);
#1731=ORIENTED_EDGE('',*,*,#1239,.F.);
#1732=ORIENTED_EDGE('',*,*,#1039,.T.);
#1733=ORIENTED_EDGE('',*,*,#1238,.T.);
#1734=ORIENTED_EDGE('',*,*,#1240,.T.);
#1735=ORIENTED_EDGE('',*,*,#1043,.T.);
#1736=ORIENTED_EDGE('',*,*,#1240,.F.);
#1737=ORIENTED_EDGE('',*,*,#1237,.T.);
#1738=ORIENTED_EDGE('',*,*,#988,.T.);
#1739=ORIENTED_EDGE('',*,*,#1091,.T.);
#1740=ORIENTED_EDGE('',*,*,#1241,.T.);
#1741=ORIENTED_EDGE('',*,*,#1035,.T.);
#1742=ORIENTED_EDGE('',*,*,#993,.T.);
#1743=ORIENTED_EDGE('',*,*,#1089,.T.);
#1744=ORIENTED_EDGE('',*,*,#985,.T.);
#1745=ORIENTED_EDGE('',*,*,#1037,.T.);
#1746=ORIENTED_EDGE('',*,*,#1242,.T.);
#1747=ORIENTED_EDGE('',*,*,#1090,.T.);
#1748=ORIENTED_EDGE('',*,*,#1242,.F.);
#1749=ORIENTED_EDGE('',*,*,#1036,.T.);
#1750=ORIENTED_EDGE('',*,*,#1241,.F.);
#1751=ORIENTED_EDGE('',*,*,#1086,.T.);
#1752=ORIENTED_EDGE('',*,*,#1243,.F.);
#1753=ORIENTED_EDGE('',*,*,#977,.T.);
#1754=ORIENTED_EDGE('',*,*,#1005,.T.);
#1755=ORIENTED_EDGE('',*,*,#1085,.T.);
#1756=ORIENTED_EDGE('',*,*,#1244,.T.);
#1757=ORIENTED_EDGE('',*,*,#978,.T.);
#1758=ORIENTED_EDGE('',*,*,#1243,.T.);
#1759=ORIENTED_EDGE('',*,*,#1084,.T.);
#1760=ORIENTED_EDGE('',*,*,#1000,.T.);
#1761=ORIENTED_EDGE('',*,*,#979,.T.);
#1762=ORIENTED_EDGE('',*,*,#1244,.F.);
#1763=ORIENTED_EDGE('',*,*,#1212,.T.);
#1764=ORIENTED_EDGE('',*,*,#995,.T.);
#1765=ORIENTED_EDGE('',*,*,#1034,.T.);
#1766=ORIENTED_EDGE('',*,*,#1245,.F.);
#1767=ORIENTED_EDGE('',*,*,#1214,.T.);
#1768=ORIENTED_EDGE('',*,*,#1246,.T.);
#1769=ORIENTED_EDGE('',*,*,#1032,.T.);
#1770=ORIENTED_EDGE('',*,*,#1019,.T.);
#1771=ORIENTED_EDGE('',*,*,#1213,.T.);
#1772=ORIENTED_EDGE('',*,*,#1245,.T.);
#1773=ORIENTED_EDGE('',*,*,#1033,.T.);
#1774=ORIENTED_EDGE('',*,*,#1246,.F.);
#1775=ORIENTED_EDGE('',*,*,#983,.T.);
#1776=ORIENTED_EDGE('',*,*,#1247,.T.);
#1777=ORIENTED_EDGE('',*,*,#1220,.T.);
#1778=ORIENTED_EDGE('',*,*,#1011,.T.);
#1779=ORIENTED_EDGE('',*,*,#982,.T.);
#1780=ORIENTED_EDGE('',*,*,#1248,.T.);
#1781=ORIENTED_EDGE('',*,*,#1221,.T.);
#1782=ORIENTED_EDGE('',*,*,#1247,.F.);
#1783=ORIENTED_EDGE('',*,*,#981,.T.);
#1784=ORIENTED_EDGE('',*,*,#999,.T.);
#1785=ORIENTED_EDGE('',*,*,#1222,.T.);
#1786=ORIENTED_EDGE('',*,*,#1248,.F.);
#1787=ORIENTED_EDGE('',*,*,#1100,.T.);
#1788=ORIENTED_EDGE('',*,*,#1013,.T.);
#1789=ORIENTED_EDGE('',*,*,#1219,.T.);
#1790=ORIENTED_EDGE('',*,*,#1249,.F.);
#1791=ORIENTED_EDGE('',*,*,#1102,.T.);
#1792=ORIENTED_EDGE('',*,*,#1250,.T.);
#1793=ORIENTED_EDGE('',*,*,#1215,.T.);
#1794=ORIENTED_EDGE('',*,*,#1017,.T.);
#1795=ORIENTED_EDGE('',*,*,#1101,.T.);
#1796=ORIENTED_EDGE('',*,*,#1249,.T.);
#1797=ORIENTED_EDGE('',*,*,#1218,.T.);
#1798=ORIENTED_EDGE('',*,*,#1216,.T.);
#1799=ORIENTED_EDGE('',*,*,#1250,.F.);
#1800=ORIENTED_EDGE('',*,*,#1083,.T.);
#1801=ORIENTED_EDGE('',*,*,#1251,.F.);
#1802=ORIENTED_EDGE('',*,*,#1223,.T.);
#1803=ORIENTED_EDGE('',*,*,#997,.T.);
#1804=ORIENTED_EDGE('',*,*,#1092,.T.);
#1805=ORIENTED_EDGE('',*,*,#991,.T.);
#1806=ORIENTED_EDGE('',*,*,#1211,.T.);
#1807=ORIENTED_EDGE('',*,*,#1252,.T.);
#1808=ORIENTED_EDGE('',*,*,#1093,.T.);
#1809=ORIENTED_EDGE('',*,*,#1252,.F.);
#1810=ORIENTED_EDGE('',*,*,#1224,.T.);
#1811=ORIENTED_EDGE('',*,*,#1251,.T.);
#1812=ORIENTED_EDGE('',*,*,#1108,.T.);
#1813=ORIENTED_EDGE('',*,*,#1253,.T.);
#1814=ORIENTED_EDGE('',*,*,#1254,.F.);
#1815=ORIENTED_EDGE('',*,*,#974,.T.);
#1816=ORIENTED_EDGE('',*,*,#1255,.F.);
#1817=ORIENTED_EDGE('',*,*,#1109,.T.);
#1818=ORIENTED_EDGE('',*,*,#1254,.T.);
#1819=ORIENTED_EDGE('',*,*,#1256,.T.);
#1820=ORIENTED_EDGE('',*,*,#973,.T.);
#1821=ORIENTED_EDGE('',*,*,#1009,.T.);
#1822=ORIENTED_EDGE('',*,*,#1105,.T.);
#1823=ORIENTED_EDGE('',*,*,#1255,.T.);
#1824=ORIENTED_EDGE('',*,*,#975,.T.);
#1825=ORIENTED_EDGE('',*,*,#1256,.F.);
#1826=ORIENTED_EDGE('',*,*,#1253,.F.);
#1827=ORIENTED_EDGE('',*,*,#1107,.T.);
#1828=ORIENTED_EDGE('',*,*,#1002,.T.);
#1829=ORIENTED_EDGE('',*,*,#1099,.T.);
#1830=ORIENTED_EDGE('',*,*,#1257,.F.);
#1831=ORIENTED_EDGE('',*,*,#966,.T.);
#1832=ORIENTED_EDGE('',*,*,#1010,.T.);
#1833=ORIENTED_EDGE('',*,*,#1098,.T.);
#1834=ORIENTED_EDGE('',*,*,#1258,.T.);
#1835=ORIENTED_EDGE('',*,*,#970,.T.);
#1836=ORIENTED_EDGE('',*,*,#967,.T.);
#1837=ORIENTED_EDGE('',*,*,#1257,.T.);
#1838=ORIENTED_EDGE('',*,*,#1097,.T.);
#1839=ORIENTED_EDGE('',*,*,#1006,.T.);
#1840=ORIENTED_EDGE('',*,*,#971,.T.);
#1841=ORIENTED_EDGE('',*,*,#1258,.F.);
#1842=ORIENTED_EDGE('',*,*,#1030,.T.);
#1843=ORIENTED_EDGE('',*,*,#1027,.T.);
#1844=ORIENTED_EDGE('',*,*,#1259,.F.);
#1845=ORIENTED_EDGE('',*,*,#1104,.T.);
#1846=ORIENTED_EDGE('',*,*,#1260,.F.);
#1847=ORIENTED_EDGE('',*,*,#1031,.T.);
#1848=ORIENTED_EDGE('',*,*,#1260,.T.);
#1849=ORIENTED_EDGE('',*,*,#1103,.T.);
#1850=ORIENTED_EDGE('',*,*,#1015,.T.);
#1851=ORIENTED_EDGE('',*,*,#1026,.T.);
#1852=ORIENTED_EDGE('',*,*,#1021,.T.);
#1853=ORIENTED_EDGE('',*,*,#1094,.T.);
#1854=ORIENTED_EDGE('',*,*,#1259,.T.);
#1855=B_SPLINE_SURFACE_WITH_KNOTS('',1,1,((#2468,#2469),(#2470,#2471)),
 .UNSPECIFIED.,.F.,.F.,.F.,(2,2),(2,2),(-0.999392117738483,0.599999999999914),
(-9.14198434289023E-12,0.0348625157267106),.UNSPECIFIED.);
#1856=B_SPLINE_SURFACE_WITH_KNOTS('',3,3,((#2574,#2575,#2576,#2577),(#2578,
#2579,#2580,#2581),(#2582,#2583,#2584,#2585),(#2586,#2587,#2588,#2589)),
 .UNSPECIFIED.,.F.,.F.,.F.,(4,4),(4,4),(0.0411913539664925,0.0608773135058376),
(0.119744713305857,0.140850037891375),.UNSPECIFIED.);
#1857=B_SPLINE_SURFACE_WITH_KNOTS('',3,3,((#2638,#2639,#2640,#2641,#2642,
#2643),(#2644,#2645,#2646,#2647,#2648,#2649),(#2650,#2651,#2652,#2653,#2654,
#2655),(#2656,#2657,#2658,#2659,#2660,#2661)),.UNSPECIFIED.,.F.,.F.,.F.,
(4,4),(4,2,4),(0.0411595195658309,0.0609076787871462),(0.0851188721521095,
0.0982453863244816,0.117860243199068),.UNSPECIFIED.);
#1858=B_SPLINE_SURFACE_WITH_KNOTS('',3,3,((#2727,#2728,#2729,#2730),(#2731,
#2732,#2733,#2734),(#2735,#2736,#2737,#2738),(#2739,#2740,#2741,#2742)),
 .UNSPECIFIED.,.F.,.F.,.F.,(4,4),(4,4),(0.0411595219870204,0.0609076649600048),
(0.0504935531514451,0.0832360357772067),.UNSPECIFIED.);
#1859=B_SPLINE_SURFACE_WITH_KNOTS('',3,3,((#2787,#2788,#2789,#2790),(#2791,
#2792,#2793,#2794),(#2795,#2796,#2797,#2798),(#2799,#2800,#2801,#2802)),
 .UNSPECIFIED.,.F.,.F.,.F.,(4,4),(4,4),(0.0411913937246498,0.0608772869899007),
(0.0281157446605725,0.0486089629254027),.UNSPECIFIED.);
#1860=B_SPLINE_SURFACE_WITH_KNOTS('',3,3,((#2830,#2831,#2832,#2833),(#2834,
#2835,#2836,#2837),(#2838,#2839,#2840,#2841),(#2842,#2843,#2844,#2845)),
 .UNSPECIFIED.,.F.,.F.,.F.,(4,4),(4,4),(0.0627457890491127,0.0765511007840936),
(0.0281163105996362,0.0486089623979171),.UNSPECIFIED.);
#1861=B_SPLINE_SURFACE_WITH_KNOTS('',3,3,((#2873,#2874,#2875,#2876),(#2877,
#2878,#2879,#2880),(#2881,#2882,#2883,#2884),(#2885,#2886,#2887,#2888)),
 .UNSPECIFIED.,.F.,.F.,.F.,(4,4),(4,4),(0.0627880821038226,0.0768052005356046),
(0.0504935527333844,0.0832360352492071),.UNSPECIFIED.);
#1862=B_SPLINE_SURFACE_WITH_KNOTS('',3,3,((#2937,#2938,#2939,#2940,#2941,
#2942),(#2943,#2944,#2945,#2946,#2947,#2948),(#2949,#2950,#2951,#2952,#2953,
#2954),(#2955,#2956,#2957,#2958,#2959,#2960)),.UNSPECIFIED.,.F.,.F.,.F.,
(4,4),(4,2,4),(0.0627881129767944,0.0768052201557386),(0.0851188717305907,
0.0982453863244816,0.117860242671564),.UNSPECIFIED.);
#1863=B_SPLINE_SURFACE_WITH_KNOTS('',3,3,((#3023,#3024,#3025,#3026),(#3027,
#3028,#3029,#3030),(#3031,#3032,#3033,#3034),(#3035,#3036,#3037,#3038)),
 .UNSPECIFIED.,.F.,.F.,.F.,(4,4),(4,4),(0.0627445548077172,0.0765514296923716),
(0.119744712888241,0.141019057804944),.UNSPECIFIED.);
#1864=B_SPLINE_SURFACE_WITH_KNOTS('',3,3,((#3125,#3126,#3127,#3128),(#3129,
#3130,#3131,#3132),(#3133,#3134,#3135,#3136),(#3137,#3138,#3139,#3140)),
 .UNSPECIFIED.,.F.,.F.,.F.,(4,4),(4,4),(0.0560104846584526,0.0676569806189048),
(0.11300489633689,0.124601731831255),.UNSPECIFIED.);
#1865=B_SPLINE_SURFACE_WITH_KNOTS('',3,3,((#3209,#3210,#3211,#3212),(#3213,
#3214,#3215,#3216),(#3217,#3218,#3219,#3220),(#3221,#3222,#3223,#3224)),
 .UNSPECIFIED.,.F.,.F.,.F.,(4,4),(4,4),(0.0560104549982848,0.0676569500804038),
(0.0437516070630271,0.0553491818630115),.UNSPECIFIED.);
#1866=B_SPLINE_SURFACE_WITH_KNOTS('',3,3,((#3293,#3294,#3295,#3296),(#3297,
#3298,#3299,#3300),(#3301,#3302,#3303,#3304),(#3305,#3306,#3307,#3308)),
 .UNSPECIFIED.,.F.,.F.,.F.,(4,4),(4,4),(0.0560331877619759,0.0676762126150611),
(0.0783840458446839,0.0899708268426149),.UNSPECIFIED.);
#1867=B_SPLINE_SURFACE_WITH_KNOTS('',3,3,((#3430,#3431,#3432,#3433),(#3434,
#3435,#3436,#3437),(#3438,#3439,#3440,#3441),(#3442,#3443,#3444,#3445)),
 .UNSPECIFIED.,.F.,.F.,.F.,(4,4),(4,4),(-5.56688458694488E-14,1.),(0.0242497018688386,
1.),.UNSPECIFIED.);
#1868=B_SPLINE_SURFACE_WITH_KNOTS('',3,3,((#3457,#3458,#3459,#3460,#3461),
(#3462,#3463,#3464,#3465,#3466),(#3467,#3468,#3469,#3470,#3471),(#3472,
#3473,#3474,#3475,#3476),(#3477,#3478,#3479,#3480,#3481)),.UNSPECIFIED.,
 .F.,.F.,.F.,(4,1,4),(4,1,4),(0.,0.571428571428571,1.),(0.,0.987233965086741,
2.30354591853573),.UNSPECIFIED.);
#1869=B_SPLINE_SURFACE_WITH_KNOTS('',3,3,((#3502,#3503,#3504,#3505),(#3506,
#3507,#3508,#3509),(#3510,#3511,#3512,#3513),(#3514,#3515,#3516,#3517),
(#3518,#3519,#3520,#3521)),.UNSPECIFIED.,.F.,.F.,.F.,(4,1,4),(4,4),(0.,
0.571428571428571,1.),(0.,37.3946664397428),.UNSPECIFIED.);
#1870=B_SPLINE_SURFACE_WITH_KNOTS('',3,3,((#3533,#3534,#3535,#3536,#3537),
(#3538,#3539,#3540,#3541,#3542),(#3543,#3544,#3545,#3546,#3547),(#3548,
#3549,#3550,#3551,#3552),(#3553,#3554,#3555,#3556,#3557)),.UNSPECIFIED.,
 .F.,.F.,.F.,(4,1,4),(4,1,4),(0.,0.571428571428571,1.),(-4.80351856957636E-14,
1.3163119540834,2.30354591964599),.UNSPECIFIED.);
#1871=B_SPLINE_SURFACE_WITH_KNOTS('',3,3,((#3574,#3575,#3576,#3577),(#3578,
#3579,#3580,#3581),(#3582,#3583,#3584,#3585),(#3586,#3587,#3588,#3589),
(#3590,#3591,#3592,#3593)),.UNSPECIFIED.,.F.,.F.,.F.,(4,1,4),(4,4),(0.,
0.571428571428571,1.),(-1.316162756625E-12,10.6746353450952),
 .UNSPECIFIED.);
#1872=B_SPLINE_SURFACE_WITH_KNOTS('',3,3,((#3632,#3633,#3634,#3635,#3636),
(#3637,#3638,#3639,#3640,#3641),(#3642,#3643,#3644,#3645,#3646),(#3647,
#3648,#3649,#3650,#3651),(#3652,#3653,#3654,#3655,#3656)),.UNSPECIFIED.,
 .F.,.F.,.F.,(4,1,4),(4,1,4),(0.,0.5,1.),(0.,1.2907880188497,2.25887903298698),
 .UNSPECIFIED.);
#1873=B_SPLINE_SURFACE_WITH_KNOTS('',3,3,((#3665,#3666,#3667,#3668),(#3669,
#3670,#3671,#3672),(#3673,#3674,#3675,#3676),(#3677,#3678,#3679,#3680),
(#3681,#3682,#3683,#3684)),.UNSPECIFIED.,.F.,.F.,.F.,(4,1,4),(4,4),(0.,
0.5,1.),(0.,37.4482860723492),.UNSPECIFIED.);
#1874=B_SPLINE_SURFACE_WITH_KNOTS('',3,3,((#3691,#3692,#3693,#3694),(#3695,
#3696,#3697,#3698),(#3699,#3700,#3701,#3702),(#3703,#3704,#3705,#3706),
(#3707,#3708,#3709,#3710)),.UNSPECIFIED.,.F.,.F.,.F.,(4,1,4),(4,4),(0.,
0.571428571428571,1.),(4.88212830806752E-14,10.6746353375844),
 .UNSPECIFIED.);
#1875=B_SPLINE_SURFACE_WITH_KNOTS('',3,3,((#3711,#3712,#3713,#3714,#3715),
(#3716,#3717,#3718,#3719,#3720),(#3721,#3722,#3723,#3724,#3725),(#3726,
#3727,#3728,#3729,#3730),(#3731,#3732,#3733,#3734,#3735)),.UNSPECIFIED.,
 .F.,.F.,.F.,(4,1,4),(4,1,4),(0.,0.5,1.),(0.,1.29080313287489,2.25890548253106),
 .UNSPECIFIED.);
#1876=B_SPLINE_SURFACE_WITH_KNOTS('',3,3,((#3741,#3742,#3743,#3744),(#3745,
#3746,#3747,#3748),(#3749,#3750,#3751,#3752),(#3753,#3754,#3755,#3756),
(#3757,#3758,#3759,#3760)),.UNSPECIFIED.,.F.,.F.,.F.,(4,1,4),(4,4),(-3.25828026534835E-15,
0.428571428571435,1.00000000000002),(0.0216703444830187,1.),
 .UNSPECIFIED.);
#1877=B_SPLINE_SURFACE_WITH_KNOTS('',3,3,((#3766,#3767,#3768,#3769),(#3770,
#3771,#3772,#3773),(#3774,#3775,#3776,#3777),(#3778,#3779,#3780,#3781)),
 .UNSPECIFIED.,.F.,.F.,.F.,(4,4),(4,4),(-8.27534359243118E-16,1.00000000000013),
(0.024249704601718,1.),.UNSPECIFIED.);
#1878=B_SPLINE_SURFACE_WITH_KNOTS('',3,3,((#3785,#3786,#3787,#3788),(#3789,
#3790,#3791,#3792),(#3793,#3794,#3795,#3796),(#3797,#3798,#3799,#3800),
(#3801,#3802,#3803,#3804)),.UNSPECIFIED.,.F.,.F.,.F.,(4,1,4),(4,4),(-3.42068571367227E-16,
0.428571428571428,1.),(0.0236665657098047,1.),.UNSPECIFIED.);
#1879=B_SPLINE_SURFACE_WITH_KNOTS('',3,3,((#3812,#3813,#3814,#3815),(#3816,
#3817,#3818,#3819),(#3820,#3821,#3822,#3823),(#3824,#3825,#3826,#3827),
(#3828,#3829,#3830,#3831)),.UNSPECIFIED.,.F.,.F.,.F.,(4,1,4),(4,4),(0.,
0.571428571428572,1.),(0.0235333858980311,1.),.UNSPECIFIED.);
#1880=B_SPLINE_SURFACE_WITH_KNOTS('',3,3,((#3837,#3838,#3839,#3840),(#3841,
#3842,#3843,#3844),(#3845,#3846,#3847,#3848),(#3849,#3850,#3851,#3852),
(#3853,#3854,#3855,#3856)),.UNSPECIFIED.,.F.,.F.,.F.,(4,1,4),(4,4),(-1.91339208721986E-14,
0.571428571428565,1.),(0.021670344270863,1.),.UNSPECIFIED.);
#1881=B_SPLINE_SURFACE_WITH_KNOTS('',1,1,((#4044,#4045,#4046,#4047),(#4048,
#4049,#4050,#4051),(#4052,#4053,#4054,#4055)),.UNSPECIFIED.,.F.,.F.,.F.,
(2,1,2),(2,1,1,2),(2.02504679691629E-13,17.9999999999998,66.9999999999988),
(-1.5,0.,3.,10.5),.UNSPECIFIED.);
#1882=B_SPLINE_SURFACE_WITH_KNOTS('',1,1,((#4067,#4068,#4069),(#4070,#4071,
#4072),(#4073,#4074,#4075)),.UNSPECIFIED.,.F.,.F.,.F.,(2,1,2),(2,1,2),(2.02504679691629E-13,
17.9999999999998,66.4999999999987),(0.,3.,10.5),.UNSPECIFIED.);
#1883=B_SPLINE_SURFACE_WITH_KNOTS('',1,1,((#4086,#4087,#4088,#4089),(#4090,
#4091,#4092,#4093),(#4094,#4095,#4096,#4097)),.UNSPECIFIED.,.F.,.F.,.F.,
(2,1,2),(2,1,1,2),(2.02504679691629E-13,17.9999999999998,66.9999999999988),
(-1.5,0.,3.,10.5),.UNSPECIFIED.);
#1884=B_SPLINE_SURFACE_WITH_KNOTS('',1,1,((#4112,#4113,#4114,#4115),(#4116,
#4117,#4118,#4119),(#4120,#4121,#4122,#4123)),.UNSPECIFIED.,.F.,.F.,.F.,
(2,1,2),(2,1,1,2),(-48.9999999999994,2.02504679691629E-13,17.9999999999998),
(-113.999999999985,0.,3.,39.6500020000385),.UNSPECIFIED.);
#1885=B_SPLINE_SURFACE_WITH_KNOTS('',1,1,((#4124,#4125,#4126),(#4127,#4128,
#4129),(#4130,#4131,#4132),(#4133,#4134,#4135)),.UNSPECIFIED.,.F.,.F.,.F.,
(2,1,1,2),(2,1,2),(-66.2000000000287,-3.43547412740008E-12,18.0000000000034,
20.7000000000045),(0.,3.,10.5),.UNSPECIFIED.);
#1886=B_SPLINE_SURFACE_WITH_KNOTS('',1,1,((#4141,#4142,#4143),(#4144,#4145,
#4146),(#4147,#4148,#4149),(#4150,#4151,#4152)),.UNSPECIFIED.,.F.,.F.,.F.,
(2,1,1,2),(2,1,2),(-66.2000000000287,-3.43547412740008E-12,18.0000000000034,
20.7000000000045),(0.,3.,10.5),.UNSPECIFIED.);
#1887=B_SPLINE_SURFACE_WITH_KNOTS('',1,1,((#4158,#4159,#4160,#4161),(#4162,
#4163,#4164,#4165),(#4166,#4167,#4168,#4169)),.UNSPECIFIED.,.F.,.F.,.F.,
(2,1,2),(2,1,1,2),(-48.4999999999987,2.02504679691629E-13,17.9999999999998),
(-113.999999999985,0.,3.,39.6500020000385),.UNSPECIFIED.);
#1888=B_SPLINE_SURFACE_WITH_KNOTS('',1,1,((#4181,#4182,#4183,#4184),(#4185,
#4186,#4187,#4188),(#4189,#4190,#4191,#4192)),.UNSPECIFIED.,.F.,.F.,.F.,
(2,1,2),(2,1,1,2),(-48.9999999999994,2.02504679691629E-13,17.9999999999998),
(-113.999999999985,0.,3.,39.6500020000385),.UNSPECIFIED.);
#1889=ADVANCED_FACE('',(#423),#1855,.T.);
#1890=ADVANCED_FACE('',(#424),#417,.T.);
#1891=ADVANCED_FACE('',(#425),#1856,.F.);
#1892=ADVANCED_FACE('',(#426),#1857,.F.);
#1893=ADVANCED_FACE('',(#427),#1858,.F.);
#1894=ADVANCED_FACE('',(#428),#1859,.F.);
#1895=ADVANCED_FACE('',(#429),#1860,.F.);
#1896=ADVANCED_FACE('',(#430),#1861,.F.);
#1897=ADVANCED_FACE('',(#431),#1862,.F.);
#1898=ADVANCED_FACE('',(#432),#1863,.F.);
#1899=ADVANCED_FACE('',(#433),#418,.T.);
#1900=ADVANCED_FACE('',(#434),#19,.F.);
#1901=ADVANCED_FACE('',(#435),#1864,.F.);
#1902=ADVANCED_FACE('',(#436),#1865,.F.);
#1903=ADVANCED_FACE('',(#437),#1866,.F.);
#1904=ADVANCED_FACE('',(#438),#20,.F.);
#1905=ADVANCED_FACE('',(#439),#21,.F.);
#1906=ADVANCED_FACE('',(#440),#22,.T.);
#1907=ADVANCED_FACE('',(#441),#1867,.T.);
#1908=ADVANCED_FACE('',(#442),#1868,.F.);
#1909=ADVANCED_FACE('',(#443),#1869,.F.);
#1910=ADVANCED_FACE('',(#444),#1870,.F.);
#1911=ADVANCED_FACE('',(#445),#1871,.F.);
#1912=ADVANCED_FACE('',(#446),#18,.T.);
#1913=ADVANCED_FACE('',(#447),#1872,.F.);
#1914=ADVANCED_FACE('',(#448),#1873,.F.);
#1915=ADVANCED_FACE('',(#449),#1874,.F.);
#1916=ADVANCED_FACE('',(#450),#1875,.F.);
#1917=ADVANCED_FACE('',(#451),#1876,.T.);
#1918=ADVANCED_FACE('',(#452),#1877,.T.);
#1919=ADVANCED_FACE('',(#453),#1878,.T.);
#1920=ADVANCED_FACE('',(#454),#23,.T.);
#1921=ADVANCED_FACE('',(#455),#1879,.T.);
#1922=ADVANCED_FACE('',(#456,#14),#24,.F.);
#1923=ADVANCED_FACE('',(#457),#1880,.T.);
#1924=ADVANCED_FACE('',(#458),#25,.T.);
#1925=ADVANCED_FACE('',(#459,#15),#26,.T.);
#1926=ADVANCED_FACE('',(#460),#27,.T.);
#1927=ADVANCED_FACE('',(#461),#28,.T.);
#1928=ADVANCED_FACE('',(#462),#29,.T.);
#1929=ADVANCED_FACE('',(#463),#30,.T.);
#1930=ADVANCED_FACE('',(#464),#31,.T.);
#1931=ADVANCED_FACE('',(#465),#32,.T.);
#1932=ADVANCED_FACE('',(#466),#33,.T.);
#1933=ADVANCED_FACE('',(#467),#34,.T.);
#1934=ADVANCED_FACE('',(#468),#35,.T.);
#1935=ADVANCED_FACE('',(#469),#36,.T.);
#1936=ADVANCED_FACE('',(#470),#37,.T.);
#1937=ADVANCED_FACE('',(#471),#38,.T.);
#1938=ADVANCED_FACE('',(#472),#39,.T.);
#1939=ADVANCED_FACE('',(#473),#40,.T.);
#1940=ADVANCED_FACE('',(#474),#41,.T.);
#1941=ADVANCED_FACE('',(#475),#42,.T.);
#1942=ADVANCED_FACE('',(#476),#43,.T.);
#1943=ADVANCED_FACE('',(#477),#44,.T.);
#1944=ADVANCED_FACE('',(#478),#45,.T.);
#1945=ADVANCED_FACE('',(#479),#46,.T.);
#1946=ADVANCED_FACE('',(#480),#47,.T.);
#1947=ADVANCED_FACE('',(#481),#48,.T.);
#1948=ADVANCED_FACE('',(#482),#49,.T.);
#1949=ADVANCED_FACE('',(#483),#50,.T.);
#1950=ADVANCED_FACE('',(#484,#16),#51,.T.);
#1951=ADVANCED_FACE('',(#485,#17),#52,.T.);
#1952=ADVANCED_FACE('',(#486),#419,.T.);
#1953=ADVANCED_FACE('',(#487),#53,.T.);
#1954=ADVANCED_FACE('',(#488),#54,.T.);
#1955=ADVANCED_FACE('',(#489),#55,.T.);
#1956=ADVANCED_FACE('',(#490),#56,.T.);
#1957=ADVANCED_FACE('',(#491),#57,.T.);
#1958=ADVANCED_FACE('',(#492),#58,.T.);
#1959=ADVANCED_FACE('',(#493),#59,.T.);
#1960=ADVANCED_FACE('',(#494),#60,.T.);
#1961=ADVANCED_FACE('',(#495),#61,.T.);
#1962=ADVANCED_FACE('',(#496),#62,.T.);
#1963=ADVANCED_FACE('',(#497),#63,.T.);
#1964=ADVANCED_FACE('',(#498),#64,.T.);
#1965=ADVANCED_FACE('',(#499),#1881,.F.);
#1966=ADVANCED_FACE('',(#500),#65,.T.);
#1967=ADVANCED_FACE('',(#501),#66,.F.);
#1968=ADVANCED_FACE('',(#502),#1882,.F.);
#1969=ADVANCED_FACE('',(#503),#67,.F.);
#1970=ADVANCED_FACE('',(#504),#68,.T.);
#1971=ADVANCED_FACE('',(#505),#69,.F.);
#1972=ADVANCED_FACE('',(#506),#70,.F.);
#1973=ADVANCED_FACE('',(#507),#71,.F.);
#1974=ADVANCED_FACE('',(#508),#72,.T.);
#1975=ADVANCED_FACE('',(#509),#1883,.F.);
#1976=ADVANCED_FACE('',(#510),#73,.T.);
#1977=ADVANCED_FACE('',(#511),#74,.F.);
#1978=ADVANCED_FACE('',(#512),#75,.T.);
#1979=ADVANCED_FACE('',(#513),#76,.F.);
#1980=ADVANCED_FACE('',(#514),#1884,.F.);
#1981=ADVANCED_FACE('',(#515),#1885,.F.);
#1982=ADVANCED_FACE('',(#516),#77,.T.);
#1983=ADVANCED_FACE('',(#517),#78,.F.);
#1984=ADVANCED_FACE('',(#518),#1886,.F.);
#1985=ADVANCED_FACE('',(#519),#79,.T.);
#1986=ADVANCED_FACE('',(#520),#80,.F.);
#1987=ADVANCED_FACE('',(#521),#1887,.F.);
#1988=ADVANCED_FACE('',(#522),#81,.F.);
#1989=ADVANCED_FACE('',(#523),#82,.T.);
#1990=ADVANCED_FACE('',(#524),#1888,.F.);
#1991=ADVANCED_FACE('',(#525),#83,.T.);
#1992=ADVANCED_FACE('',(#526),#84,.F.);
#1993=ADVANCED_FACE('',(#527),#85,.F.);
#1994=ADVANCED_FACE('',(#528),#86,.F.);
#1995=ADVANCED_FACE('',(#529),#87,.F.);
#1996=ADVANCED_FACE('',(#530),#88,.T.);
#1997=OPEN_SHELL('',(#1889));
#1998=SHELL_BASED_SURFACE_MODEL('Body28',(#1997));
#1999=DERIVED_UNIT_ELEMENT(#2001,1.);
#2000=DERIVED_UNIT_ELEMENT(#4208,-3.);
#2001=(
MASS_UNIT()
NAMED_UNIT(*)
SI_UNIT(.KILO.,.GRAM.)
);
#2002=DERIVED_UNIT((#1999,#2000));
#2003=MEASURE_REPRESENTATION_ITEM('density measure',
POSITIVE_RATIO_MEASURE(7850.),#2002);
#2004=PROPERTY_DEFINITION_REPRESENTATION(#2009,#2006);
#2005=PROPERTY_DEFINITION_REPRESENTATION(#2010,#2007);
#2006=REPRESENTATION('material name',(#2008),#4205);
#2007=REPRESENTATION('density',(#2003),#4205);
#2008=DESCRIPTIVE_REPRESENTATION_ITEM('Steel','Steel');
#2009=PROPERTY_DEFINITION('material property','material name',#4215);
#2010=PROPERTY_DEFINITION('material property','density of part',#4215);
#2011=AXIS2_PLACEMENT_3D('',#2467,#2113,#2114);
#2012=AXIS2_PLACEMENT_3D('',#2484,#2115,#2116);
#2013=AXIS2_PLACEMENT_3D('',#2489,#2118,#2119);
#2014=AXIS2_PLACEMENT_3D('',#2492,#2121,#2122);
#2015=AXIS2_PLACEMENT_3D('',#2494,#2123,#2124);
#2016=AXIS2_PLACEMENT_3D('',#2511,#2127,#2128);
#2017=AXIS2_PLACEMENT_3D('',#2537,#2130,#2131);
#2018=AXIS2_PLACEMENT_3D('',#2559,#2133,#2134);
#2019=AXIS2_PLACEMENT_3D('',#3082,#2136,#2137);
#2020=AXIS2_PLACEMENT_3D('',#3086,#2139,#2140);
#2021=AXIS2_PLACEMENT_3D('',#3089,#2142,#2143);
#2022=AXIS2_PLACEMENT_3D('',#3091,#2144,#2145);
#2023=AXIS2_PLACEMENT_3D('',#3096,#2148,#2149);
#2024=AXIS2_PLACEMENT_3D('',#3104,#2151,#2152);
#2025=AXIS2_PLACEMENT_3D('',#3112,#2154,#2155);
#2026=AXIS2_PLACEMENT_3D('',#3114,#2157,#2158);
#2027=AXIS2_PLACEMENT_3D('',#3377,#2165,#2166);
#2028=AXIS2_PLACEMENT_3D('',#3396,#2178,#2179);
#2029=AXIS2_PLACEMENT_3D('',#3415,#2191,#2192);
#2030=AXIS2_PLACEMENT_3D('',#3496,#2199,#2200);
#2031=AXIS2_PLACEMENT_3D('',#3528,#2201,#2202);
#2032=AXIS2_PLACEMENT_3D('',#3600,#2203,#2204);
#2033=AXIS2_PLACEMENT_3D('',#3657,#2205,#2206);
#2034=AXIS2_PLACEMENT_3D('',#3664,#2207,#2208);
#2035=AXIS2_PLACEMENT_3D('',#3690,#2209,#2210);
#2036=AXIS2_PLACEMENT_3D('',#3764,#2212,#2213);
#2037=AXIS2_PLACEMENT_3D('',#3807,#2218,#2219);
#2038=AXIS2_PLACEMENT_3D('',#3808,#2220,#2221);
#2039=AXIS2_PLACEMENT_3D('',#3832,#2224,#2225);
#2040=AXIS2_PLACEMENT_3D('',#3833,#2226,#2227);
#2041=AXIS2_PLACEMENT_3D('',#3835,#2228,#2229);
#2042=AXIS2_PLACEMENT_3D('',#3858,#2232,#2233);
#2043=AXIS2_PLACEMENT_3D('',#3859,#2234,#2235);
#2044=AXIS2_PLACEMENT_3D('',#3884,#2248,#2249);
#2045=AXIS2_PLACEMENT_3D('',#3887,#2252,#2253);
#2046=AXIS2_PLACEMENT_3D('',#3889,#2255,#2256);
#2047=AXIS2_PLACEMENT_3D('',#3891,#2258,#2259);
#2048=AXIS2_PLACEMENT_3D('',#3893,#2261,#2262);
#2049=AXIS2_PLACEMENT_3D('',#3895,#2264,#2265);
#2050=AXIS2_PLACEMENT_3D('',#3897,#2267,#2268);
#2051=AXIS2_PLACEMENT_3D('',#3899,#2270,#2271);
#2052=AXIS2_PLACEMENT_3D('',#3901,#2273,#2274);
#2053=AXIS2_PLACEMENT_3D('',#3903,#2276,#2277);
#2054=AXIS2_PLACEMENT_3D('',#3905,#2279,#2280);
#2055=AXIS2_PLACEMENT_3D('',#3907,#2282,#2283);
#2056=AXIS2_PLACEMENT_3D('',#3908,#2284,#2285);
#2057=AXIS2_PLACEMENT_3D('',#3914,#2289,#2290);
#2058=AXIS2_PLACEMENT_3D('',#3918,#2293,#2294);
#2059=AXIS2_PLACEMENT_3D('',#3922,#2297,#2298);
#2060=AXIS2_PLACEMENT_3D('',#3926,#2301,#2302);
#2061=AXIS2_PLACEMENT_3D('',#3930,#2305,#2306);
#2062=AXIS2_PLACEMENT_3D('',#3934,#2309,#2310);
#2063=AXIS2_PLACEMENT_3D('',#3938,#2313,#2314);
#2064=AXIS2_PLACEMENT_3D('',#3942,#2317,#2318);
#2065=AXIS2_PLACEMENT_3D('',#3946,#2321,#2322);
#2066=AXIS2_PLACEMENT_3D('',#3950,#2325,#2326);
#2067=AXIS2_PLACEMENT_3D('',#3954,#2329,#2330);
#2068=AXIS2_PLACEMENT_3D('',#3956,#2332,#2333);
#2069=AXIS2_PLACEMENT_3D('',#3957,#2334,#2335);
#2070=AXIS2_PLACEMENT_3D('',#3959,#2336,#2337);
#2071=AXIS2_PLACEMENT_3D('',#3984,#2350,#2351);
#2072=AXIS2_PLACEMENT_3D('',#3993,#2353,#2354);
#2073=AXIS2_PLACEMENT_3D('',#3998,#2357,#2358);
#2074=AXIS2_PLACEMENT_3D('',#4001,#2360,#2361);
#2075=AXIS2_PLACEMENT_3D('',#4009,#2363,#2364);
#2076=AXIS2_PLACEMENT_3D('',#4019,#2365,#2366);
#2077=AXIS2_PLACEMENT_3D('',#4020,#2367,#2368);
#2078=AXIS2_PLACEMENT_3D('',#4023,#2371,#2372);
#2079=AXIS2_PLACEMENT_3D('',#4025,#2374,#2375);
#2080=AXIS2_PLACEMENT_3D('',#4027,#2377,#2378);
#2081=AXIS2_PLACEMENT_3D('',#4029,#2380,#2381);
#2082=AXIS2_PLACEMENT_3D('',#4031,#2383,#2384);
#2083=AXIS2_PLACEMENT_3D('',#4033,#2386,#2387);
#2084=AXIS2_PLACEMENT_3D('',#4035,#2389,#2390);
#2085=AXIS2_PLACEMENT_3D('',#4037,#2392,#2393);
#2086=AXIS2_PLACEMENT_3D('',#4039,#2395,#2396);
#2087=AXIS2_PLACEMENT_3D('',#4041,#2398,#2399);
#2088=AXIS2_PLACEMENT_3D('',#4043,#2401,#2402);
#2089=AXIS2_PLACEMENT_3D('',#4062,#2404,#2405);
#2090=AXIS2_PLACEMENT_3D('',#4064,#2407,#2408);
#2091=AXIS2_PLACEMENT_3D('',#4076,#2409,#2410);
#2092=AXIS2_PLACEMENT_3D('',#4078,#2412,#2413);
#2093=AXIS2_PLACEMENT_3D('',#4080,#2415,#2416);
#2094=AXIS2_PLACEMENT_3D('',#4081,#2417,#2418);
#2095=AXIS2_PLACEMENT_3D('',#4083,#2420,#2421);
#2096=AXIS2_PLACEMENT_3D('',#4085,#2423,#2424);
#2097=AXIS2_PLACEMENT_3D('',#4102,#2425,#2426);
#2098=AXIS2_PLACEMENT_3D('',#4104,#2428,#2429);
#2099=AXIS2_PLACEMENT_3D('',#4105,#2430,#2431);
#2100=AXIS2_PLACEMENT_3D('',#4107,#2433,#2434);
#2101=AXIS2_PLACEMENT_3D('',#4138,#2435,#2436);
#2102=AXIS2_PLACEMENT_3D('',#4140,#2438,#2439);
#2103=AXIS2_PLACEMENT_3D('',#4155,#2440,#2441);
#2104=AXIS2_PLACEMENT_3D('',#4157,#2443,#2444);
#2105=AXIS2_PLACEMENT_3D('',#4174,#2446,#2447);
#2106=AXIS2_PLACEMENT_3D('',#4180,#2449,#2450);
#2107=AXIS2_PLACEMENT_3D('',#4193,#2451,#2452);
#2108=AXIS2_PLACEMENT_3D('',#4195,#2454,#2455);
#2109=AXIS2_PLACEMENT_3D('',#4197,#2457,#2458);
#2110=AXIS2_PLACEMENT_3D('',#4198,#2459,#2460);
#2111=AXIS2_PLACEMENT_3D('',#4201,#2463,#2464);
#2112=AXIS2_PLACEMENT_3D('',#4202,#2465,#2466);
#2113=DIRECTION('axis',(0.,0.,1.));
#2114=DIRECTION('refdir',(1.,0.,0.));
#2115=DIRECTION('center_axis',(0.,0.,1.));
#2116=DIRECTION('ref_axis',(0.,1.,0.));
#2117=DIRECTION('',(0.,0.,1.));
#2118=DIRECTION('center_axis',(0.,0.,1.));
#2119=DIRECTION('ref_axis',(0.,1.,0.));
#2120=DIRECTION('',(0.,0.,-1.));
#2121=DIRECTION('center_axis',(0.,-3.06161699786838E-16,-1.));
#2122=DIRECTION('ref_axis',(0.,1.,0.));
#2123=DIRECTION('center_axis',(0.,0.,1.));
#2124=DIRECTION('ref_axis',(0.,1.,0.));
#2125=DIRECTION('',(0.,0.,-1.));
#2126=DIRECTION('',(0.,0.,1.));
#2127=DIRECTION('center_axis',(0.,0.,1.));
#2128=DIRECTION('ref_axis',(0.,1.,0.));
#2129=DIRECTION('',(0.,0.,1.));
#2130=DIRECTION('center_axis',(0.,0.,1.));
#2131=DIRECTION('ref_axis',(0.,1.,0.));
#2132=DIRECTION('',(0.,0.,-1.));
#2133=DIRECTION('center_axis',(0.,0.,1.));
#2134=DIRECTION('ref_axis',(0.,1.,0.));
#2135=DIRECTION('',(0.,0.,-1.));
#2136=DIRECTION('center_axis',(0.,0.,1.));
#2137=DIRECTION('ref_axis',(0.,1.,0.));
#2138=DIRECTION('',(0.,0.,1.));
#2139=DIRECTION('center_axis',(0.,0.,1.));
#2140=DIRECTION('ref_axis',(0.,1.,0.));
#2141=DIRECTION('',(0.,0.,-1.));
#2142=DIRECTION('center_axis',(0.,-3.06161699786838E-16,-1.));
#2143=DIRECTION('ref_axis',(0.,1.,0.));
#2144=DIRECTION('center_axis',(0.,0.,1.));
#2145=DIRECTION('ref_axis',(0.,1.,0.));
#2146=DIRECTION('',(0.,0.,-1.));
#2147=DIRECTION('',(0.,0.,1.));
#2148=DIRECTION('center_axis',(0.,0.,1.));
#2149=DIRECTION('ref_axis',(0.,1.,0.));
#2150=DIRECTION('',(0.,0.,1.));
#2151=DIRECTION('center_axis',(0.,0.,1.));
#2152=DIRECTION('ref_axis',(0.,1.,0.));
#2153=DIRECTION('',(0.,0.,-1.));
#2154=DIRECTION('center_axis',(0.,0.,1.));
#2155=DIRECTION('ref_axis',(0.,1.,0.));
#2156=DIRECTION('',(0.,0.,-1.));
#2157=DIRECTION('center_axis',(0.951325893333488,-1.05283837203984E-13,
0.308186704244751));
#2158=DIRECTION('ref_axis',(1.10668807837864E-13,1.,0.));
#2159=DIRECTION('',(-0.308186704244751,1.24575188741094E-13,0.951325893333488));
#2160=DIRECTION('',(-1.10670631317587E-13,-1.,0.));
#2161=DIRECTION('',(0.308186704244751,-3.41066551502471E-14,-0.951325893333488));
#2162=DIRECTION('',(0.307181537659929,0.0806998379269186,-0.948223095626473));
#2163=DIRECTION('',(-1.10665802222857E-13,-1.,-1.49066873908435E-17));
#2164=DIRECTION('',(0.291559846987972,-0.324022423013051,-0.900001291670796));
#2165=DIRECTION('center_axis',(3.04878835501587E-13,0.996398007205858,0.0847998304019228));
#2166=DIRECTION('ref_axis',(-1.,3.05980976775076E-13,0.));
#2167=DIRECTION('',(2.59471349367411E-14,0.0847998304019228,-0.996398007205858));
#2168=DIRECTION('',(0.,-0.0847998304019228,0.996398007205858));
#2169=DIRECTION('',(1.,-3.05980976775076E-13,0.));
#2170=DIRECTION('',(0.,0.0847998304019228,-0.996398007205858));
#2171=DIRECTION('',(-0.322487783801301,0.0802692829415662,-0.943164074546403));
#2172=DIRECTION('',(1.,-3.0597830384993E-13,-3.1406870464246E-17));
#2173=DIRECTION('',(0.,-0.0847998304019228,0.996398007205858));
#2174=DIRECTION('',(1.,-3.05980976775076E-13,0.));
#2175=DIRECTION('',(0.,0.0847998304019228,-0.996398007205858));
#2176=DIRECTION('',(-1.71388881026204E-14,-0.0847998304019228,0.996398007205858));
#2177=DIRECTION('',(1.,-3.05980976775076E-13,0.));
#2178=DIRECTION('center_axis',(-2.15465320833926E-17,-0.940880095846728,
0.33873978986746));
#2179=DIRECTION('ref_axis',(0.,-0.33873978986746,-0.940880095846728));
#2180=DIRECTION('',(0.,-0.33873978986746,-0.940880095846728));
#2181=DIRECTION('',(-1.,3.42076412572844E-17,3.14068704642415E-17));
#2182=DIRECTION('',(0.301943307514208,0.32292940925592,0.896965348096014));
#2183=DIRECTION('',(0.,0.33873978986746,0.940880095846728));
#2184=DIRECTION('',(-1.,2.29004016330074E-17,0.));
#2185=DIRECTION('',(0.,-0.33873978986746,-0.940880095846728));
#2186=DIRECTION('',(0.,0.33873978986746,0.940880095846728));
#2187=DIRECTION('',(-1.,2.29004016330074E-17,0.));
#2188=DIRECTION('',(-6.84626764809178E-14,-0.33873978986746,-0.940880095846728));
#2189=DIRECTION('',(0.,0.33873978986746,0.940880095846728));
#2190=DIRECTION('',(-1.,2.29004016330074E-17,0.));
#2191=DIRECTION('center_axis',(0.946450232904348,0.0112553542497395,-0.322653488491939));
#2192=DIRECTION('ref_axis',(-0.0118913367601302,0.999929295555469,-6.93889390390723E-18));
#2193=DIRECTION('',(-0.322673927789771,1.30431212322248E-13,-0.946510188177983));
#2194=DIRECTION('',(0.0118913367601302,-0.999929295555469,-1.52791030950673E-17));
#2195=DIRECTION('',(-0.0118913367601302,0.999929295555469,0.));
#2196=DIRECTION('',(0.283887319776317,-0.44546146208763,-0.849100745179846));
#2197=DIRECTION('',(0.,-1.,0.));
#2198=DIRECTION('',(0.29777228202692,0.228186493438144,-0.926964180682773));
#2199=DIRECTION('center_axis',(-0.998288163074807,0.0198119154890102,0.0550293691530675));
#2200=DIRECTION('ref_axis',(-7.3896444519051E-13,-0.94088009584661,0.33873978986779));
#2201=DIRECTION('center_axis',(-0.998288163071149,-0.0198119155093204,-0.055029369212107));
#2202=DIRECTION('ref_axis',(-1.27897692436818E-13,-0.94088009584675,0.338739789867402));
#2203=DIRECTION('center_axis',(1.39360450511665E-5,0.99939489071647,0.0347829299456114));
#2204=DIRECTION('ref_axis',(-0.952782798092224,-0.0105486593015021,0.303469381398675));
#2205=DIRECTION('center_axis',(-1.39367234008409E-5,0.999394890642008,0.0347829320848159));
#2206=DIRECTION('ref_axis',(-0.0584922608855191,-0.034724193605584,0.997683760414563));
#2207=DIRECTION('center_axis',(0.998515411665348,-0.00461904035221764,0.0542737241490313));
#2208=DIRECTION('ref_axis',(-9.23705556488074E-13,0.996398007205925,0.0847998304011332));
#2209=DIRECTION('center_axis',(0.998515411744453,0.00461904023085436,-0.0542737227040075));
#2210=DIRECTION('ref_axis',(-5.68434188608087E-13,0.996398007205736,0.0847998304033599));
#2211=DIRECTION('',(-0.283887319779165,-0.445461462087239,-0.849100745179099));
#2212=DIRECTION('center_axis',(0.,0.,-1.));
#2213=DIRECTION('ref_axis',(-1.,-7.10542735760095E-15,0.));
#2214=DIRECTION('',(-0.429122651623377,-0.305965437746469,-0.849846398338154));
#2215=DIRECTION('',(0.,1.,0.));
#2216=DIRECTION('',(-0.297772282029797,0.228186493439303,-0.926964180681563));
#2217=DIRECTION('',(-0.430528385912501,0.0765383797198968,-0.899325961680985));
#2218=DIRECTION('center_axis',(0.,0.,-1.));
#2219=DIRECTION('ref_axis',(-7.10542735760095E-15,1.,0.));
#2220=DIRECTION('center_axis',(0.,0.996398007205757,0.0847998304031115));
#2221=DIRECTION('ref_axis',(0.,-0.0847998304031115,0.996398007205757));
#2222=DIRECTION('',(1.,0.,0.));
#2223=DIRECTION('',(0.430528385910544,0.0765383797185897,-0.899325961682034));
#2224=DIRECTION('center_axis',(0.,0.,-1.));
#2225=DIRECTION('ref_axis',(1.,7.10542735760095E-15,0.));
#2226=DIRECTION('center_axis',(3.14068704642415E-17,-1.49066873908469E-17,
1.));
#2227=DIRECTION('ref_axis',(1.,0.,-3.14068704642415E-17));
#2228=DIRECTION('center_axis',(0.,0.,-1.));
#2229=DIRECTION('ref_axis',(7.10542735760095E-15,-1.,0.));
#2230=DIRECTION('',(-1.,0.,0.));
#2231=DIRECTION('',(0.42912265162083,-0.305965437746879,-0.849846398339293));
#2232=DIRECTION('center_axis',(-2.15465320833926E-17,-0.940880095846728,
0.33873978986746));
#2233=DIRECTION('ref_axis',(0.,-0.33873978986746,-0.940880095846728));
#2234=DIRECTION('center_axis',(0.,-3.06161699786838E-16,-1.));
#2235=DIRECTION('ref_axis',(0.,1.,-3.06161699786838E-16));
#2236=DIRECTION('',(0.,-1.,3.06161699786838E-16));
#2237=DIRECTION('',(-1.,0.,0.));
#2238=DIRECTION('',(0.,-1.,3.06161699786838E-16));
#2239=DIRECTION('',(1.,0.,0.));
#2240=DIRECTION('',(0.,-1.,3.06161699786838E-16));
#2241=DIRECTION('',(1.,0.,0.));
#2242=DIRECTION('',(0.,1.,-3.06161699786838E-16));
#2243=DIRECTION('',(1.,0.,0.));
#2244=DIRECTION('',(0.,1.,-3.06161699786838E-16));
#2245=DIRECTION('',(-1.,0.,0.));
#2246=DIRECTION('',(0.,1.,-3.06161699786838E-16));
#2247=DIRECTION('',(-1.,0.,0.));
#2248=DIRECTION('center_axis',(0.,-1.,0.));
#2249=DIRECTION('ref_axis',(1.,0.,0.));
#2250=DIRECTION('',(0.,0.,1.));
#2251=DIRECTION('',(0.,0.,1.));
#2252=DIRECTION('center_axis',(-1.,0.,0.));
#2253=DIRECTION('ref_axis',(0.,-1.,3.06161699786838E-16));
#2254=DIRECTION('',(0.,0.,1.));
#2255=DIRECTION('center_axis',(1.,0.,0.));
#2256=DIRECTION('ref_axis',(0.,1.,-3.06161699786838E-16));
#2257=DIRECTION('',(0.,0.,1.));
#2258=DIRECTION('center_axis',(0.,-1.,0.));
#2259=DIRECTION('ref_axis',(1.,0.,0.));
#2260=DIRECTION('',(0.,0.,1.));
#2261=DIRECTION('center_axis',(0.,-1.,0.));
#2262=DIRECTION('ref_axis',(1.,0.,0.));
#2263=DIRECTION('',(0.,0.,1.));
#2264=DIRECTION('center_axis',(-1.,0.,0.));
#2265=DIRECTION('ref_axis',(0.,-1.,3.06161699786838E-16));
#2266=DIRECTION('',(0.,0.,1.));
#2267=DIRECTION('center_axis',(1.,0.,0.));
#2268=DIRECTION('ref_axis',(0.,1.,-3.06161699786838E-16));
#2269=DIRECTION('',(0.,0.,1.));
#2270=DIRECTION('center_axis',(0.,1.,0.));
#2271=DIRECTION('ref_axis',(-1.,0.,0.));
#2272=DIRECTION('',(0.,0.,1.));
#2273=DIRECTION('center_axis',(0.,1.,0.));
#2274=DIRECTION('ref_axis',(-1.,0.,0.));
#2275=DIRECTION('',(0.,0.,1.));
#2276=DIRECTION('center_axis',(-1.,0.,0.));
#2277=DIRECTION('ref_axis',(0.,-1.,3.06161699786838E-16));
#2278=DIRECTION('',(0.,0.,1.));
#2279=DIRECTION('center_axis',(0.,1.,0.));
#2280=DIRECTION('ref_axis',(-1.,0.,0.));
#2281=DIRECTION('',(0.,0.,1.));
#2282=DIRECTION('center_axis',(1.,0.,0.));
#2283=DIRECTION('ref_axis',(0.,1.,-3.06161699786838E-16));
#2284=DIRECTION('center_axis',(1.,0.,0.));
#2285=DIRECTION('ref_axis',(0.,1.,-3.06161699786838E-16));
#2286=DIRECTION('',(0.,0.,1.));
#2287=DIRECTION('',(0.,-1.,3.06161699786838E-16));
#2288=DIRECTION('',(0.,0.,1.));
#2289=DIRECTION('center_axis',(0.,1.,0.));
#2290=DIRECTION('ref_axis',(-1.,0.,0.));
#2291=DIRECTION('',(0.,0.,1.));
#2292=DIRECTION('',(1.,0.,0.));
#2293=DIRECTION('center_axis',(-1.,0.,0.));
#2294=DIRECTION('ref_axis',(0.,-1.,3.06161699786838E-16));
#2295=DIRECTION('',(0.,0.,1.));
#2296=DIRECTION('',(0.,1.,-3.06161699786838E-16));
#2297=DIRECTION('center_axis',(0.,1.,0.));
#2298=DIRECTION('ref_axis',(-1.,0.,0.));
#2299=DIRECTION('',(1.,0.,0.));
#2300=DIRECTION('',(0.,0.,1.));
#2301=DIRECTION('center_axis',(0.,1.,0.));
#2302=DIRECTION('ref_axis',(-1.,0.,0.));
#2303=DIRECTION('',(0.,0.,1.));
#2304=DIRECTION('',(1.,0.,0.));
#2305=DIRECTION('center_axis',(1.,0.,0.));
#2306=DIRECTION('ref_axis',(0.,1.,-3.06161699786838E-16));
#2307=DIRECTION('',(0.,-1.,3.06161699786838E-16));
#2308=DIRECTION('',(0.,0.,1.));
#2309=DIRECTION('center_axis',(-1.,0.,0.));
#2310=DIRECTION('ref_axis',(0.,-1.,3.06161699786838E-16));
#2311=DIRECTION('',(0.,0.,1.));
#2312=DIRECTION('',(0.,1.,-3.06161699786838E-16));
#2313=DIRECTION('center_axis',(0.,-1.,0.));
#2314=DIRECTION('ref_axis',(1.,0.,0.));
#2315=DIRECTION('',(-1.,0.,0.));
#2316=DIRECTION('',(0.,0.,1.));
#2317=DIRECTION('center_axis',(0.,-1.,0.));
#2318=DIRECTION('ref_axis',(1.,0.,0.));
#2319=DIRECTION('',(0.,0.,1.));
#2320=DIRECTION('',(-1.,0.,0.));
#2321=DIRECTION('center_axis',(1.,0.,0.));
#2322=DIRECTION('ref_axis',(0.,1.,-3.06161699786838E-16));
#2323=DIRECTION('',(0.,-1.,3.06161699786838E-16));
#2324=DIRECTION('',(0.,0.,1.));
#2325=DIRECTION('center_axis',(-1.,0.,0.));
#2326=DIRECTION('ref_axis',(0.,-1.,3.06161699786838E-16));
#2327=DIRECTION('',(0.,0.,1.));
#2328=DIRECTION('',(0.,1.,-3.06161699786838E-16));
#2329=DIRECTION('center_axis',(0.,-1.,0.));
#2330=DIRECTION('ref_axis',(1.,0.,0.));
#2331=DIRECTION('',(-1.,0.,0.));
#2332=DIRECTION('center_axis',(0.,-3.06161699786838E-16,-1.));
#2333=DIRECTION('ref_axis',(0.,1.,-3.06161699786838E-16));
#2334=DIRECTION('center_axis',(0.,-3.06161699786838E-16,-1.));
#2335=DIRECTION('ref_axis',(0.,1.,-3.06161699786838E-16));
#2336=DIRECTION('center_axis',(0.,-3.06161699786838E-16,-1.));
#2337=DIRECTION('ref_axis',(0.,1.,0.));
#2338=DIRECTION('',(0.,-1.,3.06161699786838E-16));
#2339=DIRECTION('',(-1.,0.,0.));
#2340=DIRECTION('',(0.,-1.,3.06161699786838E-16));
#2341=DIRECTION('',(1.,0.,0.));
#2342=DIRECTION('',(0.,-1.,3.06161699786838E-16));
#2343=DIRECTION('',(1.,0.,0.));
#2344=DIRECTION('',(0.,1.,-3.06161699786838E-16));
#2345=DIRECTION('',(1.,0.,0.));
#2346=DIRECTION('',(0.,1.,-3.06161699786838E-16));
#2347=DIRECTION('',(-1.,0.,0.));
#2348=DIRECTION('',(0.,1.,-3.06161699786838E-16));
#2349=DIRECTION('',(-1.,0.,0.));
#2350=DIRECTION('center_axis',(0.,0.,1.));
#2351=DIRECTION('ref_axis',(0.,1.,0.));
#2352=DIRECTION('',(0.,0.,-1.));
#2353=DIRECTION('center_axis',(0.,0.,1.));
#2354=DIRECTION('ref_axis',(0.,1.,0.));
#2355=DIRECTION('',(0.,0.,-1.));
#2356=DIRECTION('',(0.,0.,1.));
#2357=DIRECTION('center_axis',(0.,0.,1.));
#2358=DIRECTION('ref_axis',(0.,1.,0.));
#2359=DIRECTION('',(0.,0.,-1.));
#2360=DIRECTION('center_axis',(0.,0.,1.));
#2361=DIRECTION('ref_axis',(0.,1.,0.));
#2362=DIRECTION('',(0.,0.,1.));
#2363=DIRECTION('center_axis',(0.,0.,1.));
#2364=DIRECTION('ref_axis',(0.,1.,0.));
#2365=DIRECTION('center_axis',(0.,0.,1.));
#2366=DIRECTION('ref_axis',(0.,1.,0.));
#2367=DIRECTION('center_axis',(0.,-1.,0.));
#2368=DIRECTION('ref_axis',(1.,0.,0.));
#2369=DIRECTION('',(0.,0.,1.));
#2370=DIRECTION('',(0.,0.,1.));
#2371=DIRECTION('center_axis',(-1.,0.,0.));
#2372=DIRECTION('ref_axis',(0.,-1.,3.06161699786838E-16));
#2373=DIRECTION('',(0.,0.,1.));
#2374=DIRECTION('center_axis',(1.,0.,0.));
#2375=DIRECTION('ref_axis',(0.,1.,-3.06161699786838E-16));
#2376=DIRECTION('',(0.,0.,1.));
#2377=DIRECTION('center_axis',(0.,-1.,0.));
#2378=DIRECTION('ref_axis',(1.,0.,0.));
#2379=DIRECTION('',(0.,0.,1.));
#2380=DIRECTION('center_axis',(0.,-1.,0.));
#2381=DIRECTION('ref_axis',(1.,0.,0.));
#2382=DIRECTION('',(0.,0.,1.));
#2383=DIRECTION('center_axis',(-1.,0.,0.));
#2384=DIRECTION('ref_axis',(0.,-1.,3.06161699786838E-16));
#2385=DIRECTION('',(0.,0.,1.));
#2386=DIRECTION('center_axis',(1.,0.,0.));
#2387=DIRECTION('ref_axis',(0.,1.,-3.06161699786838E-16));
#2388=DIRECTION('',(0.,0.,1.));
#2389=DIRECTION('center_axis',(0.,1.,0.));
#2390=DIRECTION('ref_axis',(-1.,0.,0.));
#2391=DIRECTION('',(0.,0.,1.));
#2392=DIRECTION('center_axis',(0.,1.,0.));
#2393=DIRECTION('ref_axis',(-1.,0.,0.));
#2394=DIRECTION('',(0.,0.,1.));
#2395=DIRECTION('center_axis',(-1.,0.,0.));
#2396=DIRECTION('ref_axis',(0.,-1.,3.06161699786838E-16));
#2397=DIRECTION('',(0.,0.,1.));
#2398=DIRECTION('center_axis',(0.,1.,0.));
#2399=DIRECTION('ref_axis',(-1.,0.,0.));
#2400=DIRECTION('',(0.,0.,1.));
#2401=DIRECTION('center_axis',(1.,0.,0.));
#2402=DIRECTION('ref_axis',(0.,1.,-3.06161699786838E-16));
#2403=DIRECTION('',(0.,0.,1.));
#2404=DIRECTION('center_axis',(-4.04219867454635E-13,-1.,0.));
#2405=DIRECTION('ref_axis',(0.,0.,-1.));
#2406=DIRECTION('',(1.,-4.04219867454635E-13,0.));
#2407=DIRECTION('center_axis',(0.,0.,1.));
#2408=DIRECTION('ref_axis',(1.,0.,0.));
#2409=DIRECTION('center_axis',(1.,0.,0.));
#2410=DIRECTION('ref_axis',(0.,-1.,0.));
#2411=DIRECTION('',(0.,-1.,0.));
#2412=DIRECTION('center_axis',(1.,0.,0.));
#2413=DIRECTION('ref_axis',(0.,-1.,0.));
#2414=DIRECTION('',(0.,1.,0.));
#2415=DIRECTION('center_axis',(0.,0.,1.));
#2416=DIRECTION('ref_axis',(1.,0.,0.));
#2417=DIRECTION('center_axis',(1.,0.,0.));
#2418=DIRECTION('ref_axis',(0.,-1.,0.));
#2419=DIRECTION('',(0.,1.,0.));
#2420=DIRECTION('center_axis',(0.,0.,1.));
#2421=DIRECTION('ref_axis',(1.,0.,0.));
#2422=DIRECTION('',(0.,-1.,0.));
#2423=DIRECTION('center_axis',(1.,0.,0.));
#2424=DIRECTION('ref_axis',(0.,-1.,0.));
#2425=DIRECTION('center_axis',(-4.04219867454635E-13,-1.,0.));
#2426=DIRECTION('ref_axis',(0.,0.,-1.));
#2427=DIRECTION('',(1.,-4.04219867454635E-13,0.));
#2428=DIRECTION('center_axis',(0.,0.,1.));
#2429=DIRECTION('ref_axis',(1.,0.,0.));
#2430=DIRECTION('center_axis',(-4.04219867454635E-13,-1.,0.));
#2431=DIRECTION('ref_axis',(0.,0.,-1.));
#2432=DIRECTION('',(-1.,4.04219867454635E-13,0.));
#2433=DIRECTION('center_axis',(0.,0.,1.));
#2434=DIRECTION('ref_axis',(1.,0.,0.));
#2435=DIRECTION('center_axis',(1.,-2.02109933727317E-13,0.));
#2436=DIRECTION('ref_axis',(0.,0.,-1.));
#2437=DIRECTION('',(-2.02109933727317E-13,-1.,0.));
#2438=DIRECTION('center_axis',(0.,0.,1.));
#2439=DIRECTION('ref_axis',(1.,0.,0.));
#2440=DIRECTION('center_axis',(1.,-2.02109933727317E-13,0.));
#2441=DIRECTION('ref_axis',(0.,0.,-1.));
#2442=DIRECTION('',(-2.02109933727317E-13,-1.,0.));
#2443=DIRECTION('center_axis',(0.,0.,1.));
#2444=DIRECTION('ref_axis',(1.,0.,0.));
#2445=DIRECTION('',(0.,0.,-1.));
#2446=DIRECTION('center_axis',(0.,0.,1.));
#2447=DIRECTION('ref_axis',(1.,0.,0.));
#2448=DIRECTION('',(-1.,4.04219867454635E-13,0.));
#2449=DIRECTION('center_axis',(-4.04219867454635E-13,-1.,0.));
#2450=DIRECTION('ref_axis',(0.,0.,-1.));
#2451=DIRECTION('center_axis',(1.,0.,0.));
#2452=DIRECTION('ref_axis',(0.,-1.,0.));
#2453=DIRECTION('',(0.,-1.,0.));
#2454=DIRECTION('center_axis',(0.,0.,1.));
#2455=DIRECTION('ref_axis',(1.,0.,0.));
#2456=DIRECTION('',(0.,1.,0.));
#2457=DIRECTION('center_axis',(1.,0.,0.));
#2458=DIRECTION('ref_axis',(0.,-1.,0.));
#2459=DIRECTION('center_axis',(0.,0.,1.));
#2460=DIRECTION('ref_axis',(1.,0.,0.));
#2461=DIRECTION('',(0.,1.,0.));
#2462=DIRECTION('',(0.,-1.,0.));
#2463=DIRECTION('center_axis',(1.,0.,0.));
#2464=DIRECTION('ref_axis',(0.,-1.,0.));
#2465=DIRECTION('center_axis',(1.,0.,0.));
#2466=DIRECTION('ref_axis',(0.,-1.,0.));
#2467=CARTESIAN_POINT('',(0.,0.,0.));
#2468=CARTESIAN_POINT('Ctrl Pts',(247.655043830175,278.537362314228,10.154746994852));
#2469=CARTESIAN_POINT('Ctrl Pts',(247.655043830175,278.572203637668,10.155962389855));
#2470=CARTESIAN_POINT('Ctrl Pts',(247.655043830175,278.593121147087,8.55632711921155));
#2471=CARTESIAN_POINT('Ctrl Pts',(247.655043830175,278.627962470528,8.55754251421461));
#2472=CARTESIAN_POINT('',(247.655043830175,278.572203637659,9.15596238985472));
#2473=CARTESIAN_POINT('',(247.655043830175,278.593121147096,8.5563271192118));
#2474=CARTESIAN_POINT('Ctrl Pts',(247.655043830175,278.572203637659,9.15596238985472));
#2475=CARTESIAN_POINT('Ctrl Pts',(247.655043830175,278.593121147096,8.5563271192118));
#2476=CARTESIAN_POINT('',(247.655043830175,278.593121147096,9.5563271192118));
#2477=CARTESIAN_POINT('Ctrl Pts',(247.655043830175,278.593121147096,8.5563271192118));
#2478=CARTESIAN_POINT('Ctrl Pts',(247.655043830175,278.593121147096,9.5563271192118));
#2479=CARTESIAN_POINT('',(247.655043830175,278.572203637659,10.1559623898547));
#2480=CARTESIAN_POINT('Ctrl Pts',(247.655043830175,278.572203637659,10.1559623898547));
#2481=CARTESIAN_POINT('Ctrl Pts',(247.655043830175,278.593121147096,9.5563271192118));
#2482=CARTESIAN_POINT('Ctrl Pts',(247.655043830175,278.572203637659,9.15596238985472));
#2483=CARTESIAN_POINT('Ctrl Pts',(247.655043830175,278.572203637659,10.1559623898547));
#2484=CARTESIAN_POINT('Origin',(354.225539991605,248.141394550998,9.54414325349262E-11));
#2485=CARTESIAN_POINT('',(354.550539991615,245.461026106177,4.63039454831993));
#2486=CARTESIAN_POINT('',(354.550539991615,245.461026106177,7.32312962748595));
#2487=CARTESIAN_POINT('',(354.550539991615,245.461026106177,9.54414325349262E-11));
#2488=CARTESIAN_POINT('',(354.225539991605,245.441394550998,4.63039454831993));
#2489=CARTESIAN_POINT('Origin',(354.225539991605,248.141394550998,4.63039454831993));
#2490=CARTESIAN_POINT('',(354.225539991605,245.441394551003,0.200000000095442));
#2491=CARTESIAN_POINT('',(354.225539991605,245.441394550998,9.54414325349262E-11));
#2492=CARTESIAN_POINT('Origin',(354.225539991605,248.141394550998,0.200000000095442));
#2493=CARTESIAN_POINT('',(353.900539991612,245.461026106177,4.63039454831993));
#2494=CARTESIAN_POINT('Origin',(354.225539991605,248.141394550998,4.63039454831993));
#2495=CARTESIAN_POINT('',(353.900539991612,245.461026106177,7.34566866926477));
#2496=CARTESIAN_POINT('',(353.900539991612,245.461026106177,9.54414325349262E-11));
#2497=CARTESIAN_POINT('',(351.545171546786,247.816394550987,7.51959332182887));
#2498=CARTESIAN_POINT('Ctrl Pts',(353.900539991609,245.461026106176,7.34566866926508));
#2499=CARTESIAN_POINT('Ctrl Pts',(353.65573594054,245.490709083809,7.35542133231167));
#2500=CARTESIAN_POINT('Ctrl Pts',(353.416106385455,245.553795678688,7.36641753617474));
#2501=CARTESIAN_POINT('Ctrl Pts',(352.883323061415,245.775468848187,7.39421100447056));
#2502=CARTESIAN_POINT('Ctrl Pts',(352.604199739533,245.957280425646,7.4114699208987));
#2503=CARTESIAN_POINT('Ctrl Pts',(352.13901133746,246.399689614809,7.44551083951013));
#2504=CARTESIAN_POINT('Ctrl Pts',(351.952035113218,246.65198366532,7.46200422171072));
#2505=CARTESIAN_POINT('Ctrl Pts',(351.672928767557,247.208285165698,7.49299957865712));
#2506=CARTESIAN_POINT('Ctrl Pts',(351.582570646687,247.507953421018,7.50727025075076));
#2507=CARTESIAN_POINT('Ctrl Pts',(351.545171546784,247.816394550987,7.51959332182896));
#2508=CARTESIAN_POINT('',(351.545171546786,247.816394550996,4.63039454831993));
#2509=CARTESIAN_POINT('',(351.545171546786,247.816394550987,9.54414325349262E-11));
#2510=CARTESIAN_POINT('',(351.545171546782,248.466394550996,4.63039454831993));
#2511=CARTESIAN_POINT('Origin',(354.225539991605,248.141394550998,4.63039454831993));
#2512=CARTESIAN_POINT('',(351.545171546777,248.466394550992,7.54221644703072));
#2513=CARTESIAN_POINT('Ctrl Pts',(351.545171546782,248.466394550996,7.54221644703072));
#2514=CARTESIAN_POINT('Ctrl Pts',(351.545171546777,248.466394550996,6.57160914746046));
#2515=CARTESIAN_POINT('Ctrl Pts',(351.545171546786,248.466394550996,5.60100184789019));
#2516=CARTESIAN_POINT('Ctrl Pts',(351.545171546782,248.466394550996,4.63039454831993));
#2517=CARTESIAN_POINT('',(353.900539991612,250.821762995824,7.53224808814161));
#2518=CARTESIAN_POINT('Ctrl Pts',(351.545171546759,248.466394551064,7.54221644490537));
#2519=CARTESIAN_POINT('Ctrl Pts',(351.575424917981,248.715901706398,7.54961603979051));
#2520=CARTESIAN_POINT('Ctrl Pts',(351.64033549142,248.959677470088,7.55534409059554));
#2521=CARTESIAN_POINT('Ctrl Pts',(351.737786185074,249.190717599113,7.55930249586446));
#2522=CARTESIAN_POINT('Ctrl Pts',(351.770881999626,249.26918252304,7.56064683361915));
#2523=CARTESIAN_POINT('Ctrl Pts',(351.807730988387,249.346178515385,7.56178751860963));
#2524=CARTESIAN_POINT('Ctrl Pts',(351.84825030335,249.421431167088,7.56272202998294));
#2525=CARTESIAN_POINT('Ctrl Pts',(352.017395308385,249.735568021643,7.56662308139725));
#2526=CARTESIAN_POINT('Ctrl Pts',(352.247141731597,250.013088188998,7.56684972758779));
#2527=CARTESIAN_POINT('Ctrl Pts',(352.524182182301,250.237911091713,7.56370009551404));
#2528=CARTESIAN_POINT('Ctrl Pts',(352.736234307692,250.409994894768,7.56128930613748));
#2529=CARTESIAN_POINT('Ctrl Pts',(352.973150864686,250.548897577609,7.55693789697345));
#2530=CARTESIAN_POINT('Ctrl Pts',(353.226822531417,250.649892793935,7.55092161176958));
#2531=CARTESIAN_POINT('Ctrl Pts',(353.443145184652,250.736018112703,7.54579112638784));
#2532=CARTESIAN_POINT('Ctrl Pts',(353.669604140708,250.793761536781,7.53949909090522));
#2533=CARTESIAN_POINT('Ctrl Pts',(353.900539991614,250.821762995824,7.53224808814163));
#2534=CARTESIAN_POINT('',(353.900539991612,250.821762995824,4.63039454831993));
#2535=CARTESIAN_POINT('',(353.900539991612,250.821762995824,9.54414325349262E-11));
#2536=CARTESIAN_POINT('',(354.550539991615,250.821762995824,4.63039454831993));
#2537=CARTESIAN_POINT('Origin',(354.225539991605,248.141394550998,4.63039454831993));
#2538=CARTESIAN_POINT('',(354.550539991615,250.821762995824,7.50970904655074));
#2539=CARTESIAN_POINT('',(354.550539991615,250.821762995824,9.54414325349262E-11));
#2540=CARTESIAN_POINT('',(356.905908436429,248.466394550996,7.35632464149528));
#2541=CARTESIAN_POINT('Ctrl Pts',(354.550539991616,250.82176299582,7.50970904655056));
#2542=CARTESIAN_POINT('Ctrl Pts',(354.739221255258,250.79888501768,7.50254809894232));
#2543=CARTESIAN_POINT('Ctrl Pts',(354.925065046004,250.756134872404,7.49494775405881));
#2544=CARTESIAN_POINT('Ctrl Pts',(355.392661572305,250.595049699618,7.47432011523985));
#2545=CARTESIAN_POINT('Ctrl Pts',(355.661529418303,250.448016668824,7.46093220660022));
#2546=CARTESIAN_POINT('Ctrl Pts',(356.155318869105,250.057572975543,7.43261933770619));
#2547=CARTESIAN_POINT('Ctrl Pts',(356.371912691347,249.811387709046,7.41787457264504));
#2548=CARTESIAN_POINT('Ctrl Pts',(356.644219266766,249.358475311333,7.39449642076693));
#2549=CARTESIAN_POINT('Ctrl Pts',(356.728939358673,249.173041772447,7.38571963126823));
#2550=CARTESIAN_POINT('Ctrl Pts',(356.846633065527,248.812783449935,7.36997597985485));
#2551=CARTESIAN_POINT('Ctrl Pts',(356.88475995135,248.640812188104,7.36296412843665));
#2552=CARTESIAN_POINT('Ctrl Pts',(356.905908436428,248.466394550996,7.35632464149538));
#2553=CARTESIAN_POINT('',(356.905908436427,248.466394551006,4.63039454831993));
#2554=CARTESIAN_POINT('Ctrl Pts',(356.905908436429,248.466394550996,4.63039454831993));
#2555=CARTESIAN_POINT('Ctrl Pts',(356.905908436429,248.466394550996,5.53903791271172));
#2556=CARTESIAN_POINT('Ctrl Pts',(356.905908436429,248.466394550996,6.4476812771035));
#2557=CARTESIAN_POINT('Ctrl Pts',(356.905908436429,248.466394550996,7.35632464149528));
#2558=CARTESIAN_POINT('',(356.905908436427,247.816394550996,4.63039454831993));
#2559=CARTESIAN_POINT('Origin',(354.225539991605,248.141394550998,4.63039454831993));
#2560=CARTESIAN_POINT('',(356.905908436427,247.816394550987,7.33370151610536));
#2561=CARTESIAN_POINT('',(356.905908436427,247.816394550987,9.54414325349262E-11));
#2562=CARTESIAN_POINT('Ctrl Pts',(356.905908436426,247.816394550987,7.33370151610546));
#2563=CARTESIAN_POINT('Ctrl Pts',(356.863532686149,247.466909554482,7.32267770610155));
#2564=CARTESIAN_POINT('Ctrl Pts',(356.753196135508,247.128954143891,7.31387422070523));
#2565=CARTESIAN_POINT('Ctrl Pts',(356.413323446541,246.522349910133,7.30222456979634));
#2566=CARTESIAN_POINT('Ctrl Pts',(356.190097751394,246.257715570064,7.29934766379775));
#2567=CARTESIAN_POINT('Ctrl Pts',(355.695117929088,245.857438782828,7.3001419831117));
#2568=CARTESIAN_POINT('Ctrl Pts',(355.438396460759,245.711360401556,7.30292651251029));
#2569=CARTESIAN_POINT('Ctrl Pts',(355.035765828459,245.562244149219,7.31060259484064));
#2570=CARTESIAN_POINT('Ctrl Pts',(354.904903515489,245.524728358841,7.31354966952216));
#2571=CARTESIAN_POINT('Ctrl Pts',(354.698547841917,245.482098368134,7.31889437146358));
#2572=CARTESIAN_POINT('Ctrl Pts',(354.624735575212,245.47002246812,7.32093994424973));
#2573=CARTESIAN_POINT('Ctrl Pts',(354.550539991615,245.461026106177,7.32312962748589));
#2574=CARTESIAN_POINT('Ctrl Pts',(378.450539909493,255.232791418882,7.68549129174005));
#2575=CARTESIAN_POINT('Ctrl Pts',(380.87700324977,255.229786097795,7.77184045908764));
#2576=CARTESIAN_POINT('Ctrl Pts',(383.30212252226,255.225890357393,7.88377285247426));
#2577=CARTESIAN_POINT('Ctrl Pts',(385.72509169602,255.221107226136,8.02120145876885));
#2578=CARTESIAN_POINT('Ctrl Pts',(378.450539951462,252.978391628025,7.60702733807729));
#2579=CARTESIAN_POINT('Ctrl Pts',(380.877003291739,252.975386306938,7.69337650542487));
#2580=CARTESIAN_POINT('Ctrl Pts',(383.302122564229,252.971490566536,7.80530889881149));
#2581=CARTESIAN_POINT('Ctrl Pts',(385.725091737989,252.966707435278,7.94273750510608));
#2582=CARTESIAN_POINT('Ctrl Pts',(378.450539993431,250.723991837167,7.52856338441453));
#2583=CARTESIAN_POINT('Ctrl Pts',(380.877003333708,250.720986516081,7.61491255176211));
#2584=CARTESIAN_POINT('Ctrl Pts',(383.302122606198,250.717090775679,7.72684494514873));
#2585=CARTESIAN_POINT('Ctrl Pts',(385.725091779958,250.712307644421,7.86427355144332));
#2586=CARTESIAN_POINT('Ctrl Pts',(378.4505400354,248.46959204631,7.45009943075178));
#2587=CARTESIAN_POINT('Ctrl Pts',(380.877003375678,248.466586725224,7.53644859809936));
#2588=CARTESIAN_POINT('Ctrl Pts',(383.302122648167,248.462690984821,7.64838099148598));
#2589=CARTESIAN_POINT('Ctrl Pts',(385.725091821927,248.457907853564,7.78580959778057));
#2590=CARTESIAN_POINT('',(378.450539991611,255.23279141878,7.68549129466241));
#2591=CARTESIAN_POINT('',(378.450539991611,250.821762995815,7.53196629089689));
#2592=CARTESIAN_POINT('Ctrl Pts',(378.450539991611,255.23279141878,7.68549129466236));
#2593=CARTESIAN_POINT('Ctrl Pts',(378.450539991611,254.104568899234,7.64622372484574));
#2594=CARTESIAN_POINT('Ctrl Pts',(378.450539991611,252.976346379687,7.60695615502914));
#2595=CARTESIAN_POINT('Ctrl Pts',(378.450539991611,251.506003572031,7.55578115377403));
#2596=CARTESIAN_POINT('Ctrl Pts',(378.450539991611,251.163883283925,7.54387372233569));
#2597=CARTESIAN_POINT('Ctrl Pts',(378.450539991611,250.821762995815,7.531966290897));
#2598=CARTESIAN_POINT('',(385.650486810882,255.204629027116,8.01639939670796));
#2599=CARTESIAN_POINT('Ctrl Pts',(385.650486810882,255.204629027114,8.01639939670803));
#2600=CARTESIAN_POINT('Ctrl Pts',(384.480415539724,255.210245710865,7.95040336263044));
#2601=CARTESIAN_POINT('Ctrl Pts',(383.309992365323,255.215356551162,7.89035098910395));
#2602=CARTESIAN_POINT('Ctrl Pts',(380.910006930737,255.224796201342,7.77943509948334));
#2603=CARTESIAN_POINT('Ctrl Pts',(379.680382314036,255.229073180391,7.72918059572613));
#2604=CARTESIAN_POINT('Ctrl Pts',(378.450539991611,255.23279141878,7.68549129466235));
#2605=CARTESIAN_POINT('',(385.725091821769,248.466394550992,7.78610497566133));
#2606=CARTESIAN_POINT('Ctrl Pts',(385.725091821769,248.466394550996,7.78610497566199));
#2607=CARTESIAN_POINT('Ctrl Pts',(385.700224343182,250.712472809767,7.86286713303313));
#2608=CARTESIAN_POINT('Ctrl Pts',(385.675356006269,252.958550968481,7.93963193989755));
#2609=CARTESIAN_POINT('Ctrl Pts',(385.650486810884,255.204629027124,8.01639939670345));
#2610=CARTESIAN_POINT('',(385.550539991614,248.466394550983,7.77623693207756));
#2611=CARTESIAN_POINT('Ctrl Pts',(385.550539991627,248.466394550989,7.77623693207853));
#2612=CARTESIAN_POINT('Ctrl Pts',(385.608724801502,248.466394550989,7.77951153902062));
#2613=CARTESIAN_POINT('Ctrl Pts',(385.666908748617,248.466394550989,7.78280088709813));
#2614=CARTESIAN_POINT('Ctrl Pts',(385.725091821764,248.466394550989,7.78610497566146));
#2615=CARTESIAN_POINT('',(380.805908436432,248.466394550983,7.54197004537166));
#2616=CARTESIAN_POINT('Ctrl Pts',(380.805908436434,248.466394550991,7.54197004537214));
#2617=CARTESIAN_POINT('Ctrl Pts',(381.250400284098,248.46639455099,7.56084986094025));
#2618=CARTESIAN_POINT('Ctrl Pts',(381.694854933032,248.466394550992,7.58058964569741));
#2619=CARTESIAN_POINT('Ctrl Pts',(383.276631843028,248.466394550992,7.65390818378989));
#2620=CARTESIAN_POINT('Ctrl Pts',(384.413750581391,248.46639455099,7.71225909142822));
#2621=CARTESIAN_POINT('Ctrl Pts',(385.55053999162,248.466394550989,7.77623693207814));
#2622=CARTESIAN_POINT('Ctrl Pts',(378.450539991612,250.821762995825,7.53196629089707));
#2623=CARTESIAN_POINT('Ctrl Pts',(378.698873702259,250.791651947474,7.53976629689371));
#2624=CARTESIAN_POINT('Ctrl Pts',(378.941631721049,250.727196442905,7.54644566027014));
#2625=CARTESIAN_POINT('Ctrl Pts',(379.171875634258,250.630406601951,7.5517630105022));
#2626=CARTESIAN_POINT('Ctrl Pts',(379.232986350085,250.604716904521,7.55317432719871));
#2627=CARTESIAN_POINT('Ctrl Pts',(379.293215510741,250.576749381561,7.55448940542573));
#2628=CARTESIAN_POINT('Ctrl Pts',(379.352433421517,250.546541638323,7.55570313791959));
#2629=CARTESIAN_POINT('Ctrl Pts',(379.668484469078,250.385320332641,7.56218093190321));
#2630=CARTESIAN_POINT('Ctrl Pts',(379.949706159806,250.16335861632,7.5656537648256));
#2631=CARTESIAN_POINT('Ctrl Pts',(380.179960941995,249.893351901646,7.5656173557539));
#2632=CARTESIAN_POINT('Ctrl Pts',(380.36119339776,249.680830886845,7.56558869834486));
#2633=CARTESIAN_POINT('Ctrl Pts',(380.508344663527,249.441484211664,7.5633806174406));
#2634=CARTESIAN_POINT('Ctrl Pts',(380.616171105806,249.183870763018,7.5589348901375));
#2635=CARTESIAN_POINT('Ctrl Pts',(380.712187572962,248.95447310593,7.554976092828));
#2636=CARTESIAN_POINT('Ctrl Pts',(380.776004164438,248.713023234282,7.54928372184516));
#2637=CARTESIAN_POINT('Ctrl Pts',(380.805908436322,248.466394551072,7.54197004304315));
#2638=CARTESIAN_POINT('Ctrl Pts',(366.500539909143,255.251317765532,7.46780672033734));
#2639=CARTESIAN_POINT('Ctrl Pts',(368.011069097572,255.25126964604,7.46919008128216));
#2640=CARTESIAN_POINT('Ctrl Pts',(369.521594901866,255.250876347021,7.48049102367865));
#2641=CARTESIAN_POINT('Ctrl Pts',(373.288796255419,255.249033228598,7.53344889414426));
#2642=CARTESIAN_POINT('Ctrl Pts',(375.545217508428,255.247157277322,7.58734929894915));
#2643=CARTESIAN_POINT('Ctrl Pts',(377.800539991432,255.244511995688,7.66335384292519));
#2644=CARTESIAN_POINT('Ctrl Pts',(366.500539951245,252.989794981775,7.38909485226868));
#2645=CARTESIAN_POINT('Ctrl Pts',(368.011069139674,252.989746862283,7.39047821321349));
#2646=CARTESIAN_POINT('Ctrl Pts',(369.521594943968,252.989353563264,7.40177915560999));
#2647=CARTESIAN_POINT('Ctrl Pts',(373.288796297521,252.987510444841,7.45473702607559));
#2648=CARTESIAN_POINT('Ctrl Pts',(375.54521755053,252.985634493565,7.50863743088047));
#2649=CARTESIAN_POINT('Ctrl Pts',(377.800540033534,252.982989211931,7.58464197485652));
#2650=CARTESIAN_POINT('Ctrl Pts',(366.500539993347,250.728272198018,7.31038298420001));
#2651=CARTESIAN_POINT('Ctrl Pts',(368.011069181775,250.728224078526,7.31176634514483));
#2652=CARTESIAN_POINT('Ctrl Pts',(369.52159498607,250.727830779507,7.32306728754132));
#2653=CARTESIAN_POINT('Ctrl Pts',(373.288796339623,250.725987661084,7.37602515800692));
#2654=CARTESIAN_POINT('Ctrl Pts',(375.545217592632,250.724111709808,7.42992556281181));
#2655=CARTESIAN_POINT('Ctrl Pts',(377.800540075636,250.721466428174,7.50593010678785));
#2656=CARTESIAN_POINT('Ctrl Pts',(366.500540035449,248.466749414261,7.23167111613135));
#2657=CARTESIAN_POINT('Ctrl Pts',(368.011069223877,248.466701294769,7.23305447707617));
#2658=CARTESIAN_POINT('Ctrl Pts',(369.521595028172,248.46630799575,7.24435541947266));
#2659=CARTESIAN_POINT('Ctrl Pts',(373.288796381725,248.464464877327,7.29731328993826));
#2660=CARTESIAN_POINT('Ctrl Pts',(375.545217634734,248.462588926051,7.35121369474314));
#2661=CARTESIAN_POINT('Ctrl Pts',(377.800540117738,248.459943644417,7.42721823871919));
#2662=CARTESIAN_POINT('',(366.500539991612,255.251317765528,7.46780672041262));
#2663=CARTESIAN_POINT('',(366.500539991612,250.821762995824,7.31363691354161));
#2664=CARTESIAN_POINT('Ctrl Pts',(366.500539991612,255.251317765515,7.46780672041287));
#2665=CARTESIAN_POINT('Ctrl Pts',(366.500539991612,254.119555469783,7.42841595009175));
#2666=CARTESIAN_POINT('Ctrl Pts',(366.500539991612,252.987793174057,7.38902517977069));
#2667=CARTESIAN_POINT('Ctrl Pts',(366.500539991612,251.511274917489,7.33763524414699));
#2668=CARTESIAN_POINT('Ctrl Pts',(366.500539991612,251.166518956666,7.32563607884459));
#2669=CARTESIAN_POINT('Ctrl Pts',(366.500539991612,250.821762995834,7.31363691354183));
#2670=CARTESIAN_POINT('',(377.800539991611,255.234704508089,7.66301249519454));
#2671=CARTESIAN_POINT('Ctrl Pts',(377.800539991613,255.234704508096,7.66301249519477));
#2672=CARTESIAN_POINT('Ctrl Pts',(375.920373167419,255.240087586018,7.59976132961983));
#2673=CARTESIAN_POINT('Ctrl Pts',(374.039625899059,255.244165012737,7.5518515655996));
#2674=CARTESIAN_POINT('Ctrl Pts',(370.272482452676,255.249710915191,7.48668721182256));
#2675=CARTESIAN_POINT('Ctrl Pts',(368.38643230119,255.251171032977,7.46953082787907));
#2676=CARTESIAN_POINT('Ctrl Pts',(366.500539991612,255.251317765528,7.46780672041284));
#2677=CARTESIAN_POINT('',(377.800539991611,250.821762995824,7.50942090687566));
#2678=CARTESIAN_POINT('Ctrl Pts',(377.800539991613,250.821762995834,7.50942090687549));
#2679=CARTESIAN_POINT('Ctrl Pts',(377.800539991613,251.164250366742,7.52134111454889));
#2680=CARTESIAN_POINT('Ctrl Pts',(377.800539991611,251.506737737641,7.53326132222227));
#2681=CARTESIAN_POINT('Ctrl Pts',(377.800539991611,252.977718241741,7.5844585183292));
#2682=CARTESIAN_POINT('Ctrl Pts',(377.800539991611,254.106211374942,7.62373550676268));
#2683=CARTESIAN_POINT('Ctrl Pts',(377.800539991611,255.234704508143,7.66301249519625));
#2684=CARTESIAN_POINT('',(375.445171546787,248.466394550992,7.35602944624471));
#2685=CARTESIAN_POINT('Ctrl Pts',(375.445171546782,248.466394550983,7.35602944624432));
#2686=CARTESIAN_POINT('Ctrl Pts',(375.48585834646,248.80195028632,7.36880279306424));
#2687=CARTESIAN_POINT('Ctrl Pts',(375.589217688225,249.127040893991,7.38289026105146));
#2688=CARTESIAN_POINT('Ctrl Pts',(375.919228322905,249.73794486988,7.41332152352465));
#2689=CARTESIAN_POINT('Ctrl Pts',(376.148769074916,250.014666588017,7.42945008602888));
#2690=CARTESIAN_POINT('Ctrl Pts',(376.641151009244,250.41378278514,7.45798744197001));
#2691=CARTESIAN_POINT('Ctrl Pts',(376.88265671097,250.554363191509,7.47027059606532));
#2692=CARTESIAN_POINT('Ctrl Pts',(377.272602255193,250.707006417806,7.48799360382077));
#2693=CARTESIAN_POINT('Ctrl Pts',(377.407683966389,250.748031077164,7.4937960382088));
#2694=CARTESIAN_POINT('Ctrl Pts',(377.629694579364,250.796878421802,7.50282239548794));
#2695=CARTESIAN_POINT('Ctrl Pts',(377.714853987766,250.811373397592,7.50616817594126));
#2696=CARTESIAN_POINT('Ctrl Pts',(377.800539991604,250.821762995821,7.50942090687506));
#2697=CARTESIAN_POINT('',(368.855908436431,248.466394550996,7.24186818770247));
#2698=CARTESIAN_POINT('Ctrl Pts',(368.85590843646,248.466394551012,7.24186818708339));
#2699=CARTESIAN_POINT('Ctrl Pts',(369.581224440202,248.466394558395,7.24749163720539));
#2700=CARTESIAN_POINT('Ctrl Pts',(370.306562947905,248.466394569513,7.25540657707827));
#2701=CARTESIAN_POINT('Ctrl Pts',(371.03192341015,248.466394562832,7.26561576749372));
#2702=CARTESIAN_POINT('Ctrl Pts',(371.407488767142,248.466394559372,7.27090171626341));
#2703=CARTESIAN_POINT('Ctrl Pts',(371.783059707632,248.466394550995,7.27680271030883));
#2704=CARTESIAN_POINT('Ctrl Pts',(372.15863615357,248.466394551006,7.2833186646652));
#2705=CARTESIAN_POINT('Ctrl Pts',(373.254241987188,248.466394551038,7.30232655954688));
#2706=CARTESIAN_POINT('Ctrl Pts',(374.349778528121,248.466394551079,7.32656556498151));
#2707=CARTESIAN_POINT('Ctrl Pts',(375.445171546637,248.466394551049,7.35602944455937));
#2708=CARTESIAN_POINT('Ctrl Pts',(366.500539991607,250.821762995824,7.31363691354151));
#2709=CARTESIAN_POINT('Ctrl Pts',(366.694185334096,250.798283050726,7.31299725599704));
#2710=CARTESIAN_POINT('Ctrl Pts',(366.884826932003,250.753873439959,7.311791354635));
#2711=CARTESIAN_POINT('Ctrl Pts',(367.069101759981,250.689246070634,7.31001497001541));
#2712=CARTESIAN_POINT('Ctrl Pts',(367.333986052327,250.596348005403,7.30746152097378));
#2713=CARTESIAN_POINT('Ctrl Pts',(367.582611626923,250.462763856305,7.30376040550747));
#2714=CARTESIAN_POINT('Ctrl Pts',(367.806081716519,250.293447900783,7.29891890976707));
#2715=CARTESIAN_POINT('Ctrl Pts',(367.826003831746,250.278353567658,7.29848729569207));
#2716=CARTESIAN_POINT('Ctrl Pts',(367.845726023754,250.262975256143,7.29804658522327));
#2717=CARTESIAN_POINT('Ctrl Pts',(367.865241989481,250.247316477025,7.29759676577801));
#2718=CARTESIAN_POINT('Ctrl Pts',(368.11873428951,250.043925059473,7.29175407434421));
#2719=CARTESIAN_POINT('Ctrl Pts',(368.333407885134,249.796445577158,7.28446591605097));
#2720=CARTESIAN_POINT('Ctrl Pts',(368.498939925064,249.516826392058,7.27584564616676));
#2721=CARTESIAN_POINT('Ctrl Pts',(368.60048728903,249.34529107374,7.27055745130255));
#2722=CARTESIAN_POINT('Ctrl Pts',(368.682720162387,249.163047217548,7.26481037216056));
#2723=CARTESIAN_POINT('Ctrl Pts',(368.744141548288,248.973431835711,7.25866711848851));
#2724=CARTESIAN_POINT('Ctrl Pts',(368.797614056789,248.808355617247,7.25331889686526));
#2725=CARTESIAN_POINT('Ctrl Pts',(368.835033541413,248.638555723159,7.24769837856971));
#2726=CARTESIAN_POINT('Ctrl Pts',(368.855908436453,248.46639455102,7.24186818708359));
#2727=CARTESIAN_POINT('Ctrl Pts',(354.550539909279,255.244500715149,7.66364158721146));
#2728=CARTESIAN_POINT('Ctrl Pts',(358.315046906287,255.24891516452,7.53680913382943));
#2729=CARTESIAN_POINT('Ctrl Pts',(362.082717389714,255.251189385471,7.47146900158062));
#2730=CARTESIAN_POINT('Ctrl Pts',(365.850539991624,255.251316335956,7.46782351851099));
#2731=CARTESIAN_POINT('Ctrl Pts',(354.550539951381,252.982979792121,7.58492978390511));
#2732=CARTESIAN_POINT('Ctrl Pts',(358.315046948389,252.987394241492,7.45809733052307));
#2733=CARTESIAN_POINT('Ctrl Pts',(362.082717431816,252.989668462442,7.39275719827427));
#2734=CARTESIAN_POINT('Ctrl Pts',(365.850540033726,252.989795412928,7.38911171520464));
#2735=CARTESIAN_POINT('Ctrl Pts',(354.550539993483,250.721458869093,7.50621798059876));
#2736=CARTESIAN_POINT('Ctrl Pts',(358.31504699049,250.725873318464,7.37938552721673));
#2737=CARTESIAN_POINT('Ctrl Pts',(362.082717473918,250.728147539414,7.31404539496792));
#2738=CARTESIAN_POINT('Ctrl Pts',(365.850540075827,250.728274489899,7.31039991189829));
#2739=CARTESIAN_POINT('Ctrl Pts',(354.550540035585,248.459937946065,7.42750617729242));
#2740=CARTESIAN_POINT('Ctrl Pts',(358.315047032592,248.464352395436,7.30067372391038));
#2741=CARTESIAN_POINT('Ctrl Pts',(362.08271751602,248.466626616386,7.23533359166158));
#2742=CARTESIAN_POINT('Ctrl Pts',(365.850540117929,248.466753566871,7.23168810859194));
#2743=CARTESIAN_POINT('',(365.850539991607,250.821762995824,7.3136537615513));
#2744=CARTESIAN_POINT('',(365.850539991607,255.251316335903,7.46782351850918));
#2745=CARTESIAN_POINT('Ctrl Pts',(365.850539991613,250.821762995847,7.31365376155217));
#2746=CARTESIAN_POINT('Ctrl Pts',(365.850539991613,251.166519529756,7.3256529467886));
#2747=CARTESIAN_POINT('Ctrl Pts',(365.850539991616,251.511276063661,7.33765213202479));
#2748=CARTESIAN_POINT('Ctrl Pts',(365.850539991613,252.98779384369,7.38904205101107));
#2749=CARTESIAN_POINT('Ctrl Pts',(365.850539991609,254.119555089828,7.42843278476104));
#2750=CARTESIAN_POINT('Ctrl Pts',(365.850539991609,255.251316335957,7.46782351851101));
#2751=CARTESIAN_POINT('',(363.495171546783,248.466394550992,7.24200197177612));
#2752=CARTESIAN_POINT('Ctrl Pts',(363.495171546784,248.466394550992,7.24200197177602));
#2753=CARTESIAN_POINT('Ctrl Pts',(363.535994704425,248.803074869647,7.25340168184238));
#2754=CARTESIAN_POINT('Ctrl Pts',(363.639917342734,249.129269520063,7.26393675750915));
#2755=CARTESIAN_POINT('Ctrl Pts',(363.971120567003,249.740459961649,7.28292037109237));
#2756=CARTESIAN_POINT('Ctrl Pts',(364.20069466878,250.016631046542,7.29106595010906));
#2757=CARTESIAN_POINT('Ctrl Pts',(364.714742058322,250.432556070714,7.30299676766527));
#2758=CARTESIAN_POINT('Ctrl Pts',(364.983186898135,250.583047181403,7.30715632299044));
#2759=CARTESIAN_POINT('Ctrl Pts',(365.386742301571,250.726517492617,7.31108062037318));
#2760=CARTESIAN_POINT('Ctrl Pts',(365.505051129726,250.759697037029,7.3119804183604));
#2761=CARTESIAN_POINT('Ctrl Pts',(365.699778032922,250.800238745792,7.31307555781564));
#2762=CARTESIAN_POINT('Ctrl Pts',(365.77495652984,250.812598350893,7.31340800579112));
#2763=CARTESIAN_POINT('Ctrl Pts',(365.850539991613,250.821762995822,7.3136537615511));
#2764=CARTESIAN_POINT('Ctrl Pts',(356.905908436828,248.466394551263,7.35632463387409));
#2765=CARTESIAN_POINT('Ctrl Pts',(357.805570268262,248.466394551416,7.33212286401927));
#2766=CARTESIAN_POINT('Ctrl Pts',(358.705328772157,248.466394551553,7.31143890434681));
#2767=CARTESIAN_POINT('Ctrl Pts',(359.605142758201,248.46639455159,7.29427439060429));
#2768=CARTESIAN_POINT('Ctrl Pts',(360.16425022372,248.466394551613,7.28360906652142));
#2769=CARTESIAN_POINT('Ctrl Pts',(360.723378740909,248.466394551602,7.27430253655858));
#2770=CARTESIAN_POINT('Ctrl Pts',(361.282533815503,248.466394551558,7.26635504301282));
#2771=CARTESIAN_POINT('Ctrl Pts',(362.020047591226,248.4663945515,7.2558724662845));
#2772=CARTESIAN_POINT('Ctrl Pts',(362.757601052965,248.466394551382,7.24775434870077));
#2773=CARTESIAN_POINT('Ctrl Pts',(363.495171547254,248.46639455126,7.24200196416418));
#2774=CARTESIAN_POINT('',(354.550539991615,255.234680058479,7.66329977836267));
#2775=CARTESIAN_POINT('Ctrl Pts',(354.550539991615,255.234680058479,7.66329977836276));
#2776=CARTESIAN_POINT('Ctrl Pts',(354.550539991615,254.106192364584,7.62402298066056));
#2777=CARTESIAN_POINT('Ctrl Pts',(354.550539991617,252.977704670679,7.58474618295812));
#2778=CARTESIAN_POINT('Ctrl Pts',(354.550539991617,251.506732316461,7.53354927235423));
#2779=CARTESIAN_POINT('Ctrl Pts',(354.550539991617,251.164247656147,7.52162915945248));
#2780=CARTESIAN_POINT('Ctrl Pts',(354.550539991617,250.821762995834,7.50970904655088));
#2781=CARTESIAN_POINT('Ctrl Pts',(365.850539991609,255.251316335903,7.46782351850918));
#2782=CARTESIAN_POINT('Ctrl Pts',(363.964397746661,255.251161296263,7.46964523428517));
#2783=CARTESIAN_POINT('Ctrl Pts',(362.078209397796,255.249692781581,7.48690028175828));
#2784=CARTESIAN_POINT('Ctrl Pts',(358.311419957608,255.244139679417,7.55214923210951));
#2785=CARTESIAN_POINT('Ctrl Pts',(356.430689946151,255.240061742054,7.60006499627398));
#2786=CARTESIAN_POINT('Ctrl Pts',(354.550539991617,255.234680058472,7.66329977836232));
#2787=CARTESIAN_POINT('Ctrl Pts',(346.837391570053,255.221503006804,8.00941629810167));
#2788=CARTESIAN_POINT('Ctrl Pts',(349.189974991763,255.226094948795,7.87748343156517));
#2789=CARTESIAN_POINT('Ctrl Pts',(351.544603912237,255.229850355081,7.76958562716718));
#2790=CARTESIAN_POINT('Ctrl Pts',(353.900539991619,255.232767507374,7.68577225382413));
#2791=CARTESIAN_POINT('Ctrl Pts',(346.837391612022,252.967110805534,7.93095260859305));
#2792=CARTESIAN_POINT('Ctrl Pts',(349.189975033732,252.971702747525,7.79901974205655));
#2793=CARTESIAN_POINT('Ctrl Pts',(351.544603954206,252.975458153811,7.69112193765856));
#2794=CARTESIAN_POINT('Ctrl Pts',(353.900540033588,252.978375306104,7.6073085643155));
#2795=CARTESIAN_POINT('Ctrl Pts',(346.837391653991,250.712718604264,7.85248891908442));
#2796=CARTESIAN_POINT('Ctrl Pts',(349.189975075701,250.717310546255,7.72055605254792));
#2797=CARTESIAN_POINT('Ctrl Pts',(351.544603996175,250.721065952541,7.61265824814993));
#2798=CARTESIAN_POINT('Ctrl Pts',(353.900540075557,250.723983104834,7.52884487480688));
#2799=CARTESIAN_POINT('Ctrl Pts',(346.83739169596,248.458326402994,7.77402522957581));
#2800=CARTESIAN_POINT('Ctrl Pts',(349.18997511767,248.462918344985,7.6420923630393));
#2801=CARTESIAN_POINT('Ctrl Pts',(351.544604038144,248.466673751271,7.53419455864131));
#2802=CARTESIAN_POINT('Ctrl Pts',(353.900540117526,248.469590903564,7.45038118529826));
#2803=CARTESIAN_POINT('',(346.837569456161,248.466394551006,7.77429605909511));
#2804=CARTESIAN_POINT('Ctrl Pts',(346.837569456161,248.466394550999,7.77429605909477));
#2805=CARTESIAN_POINT('Ctrl Pts',(347.995153519023,248.466394550999,7.70930071000003));
#2806=CARTESIAN_POINT('Ctrl Pts',(349.153079275993,248.466394551006,7.65014019362704));
#2807=CARTESIAN_POINT('Ctrl Pts',(350.722528164606,248.466394551006,7.57788022730951));
#2808=CARTESIAN_POINT('Ctrl Pts',(351.133833920367,248.466394550998,7.55968042368091));
#2809=CARTESIAN_POINT('Ctrl Pts',(351.54517154677,248.466394550998,7.54221644703135));
#2810=CARTESIAN_POINT('',(346.837391570355,255.205271413188,8.00885136058966));
#2811=CARTESIAN_POINT('Ctrl Pts',(346.837391570359,255.205271413192,8.00885136058909));
#2812=CARTESIAN_POINT('Ctrl Pts',(346.837421209066,254.082463257387,7.96977057443684));
#2813=CARTESIAN_POINT('Ctrl Pts',(346.837450847779,252.959655101558,7.93068978828858));
#2814=CARTESIAN_POINT('Ctrl Pts',(346.837510143041,250.713362814163,7.85250468778995));
#2815=CARTESIAN_POINT('Ctrl Pts',(346.837539799601,249.58987868255,7.81340037343976));
#2816=CARTESIAN_POINT('Ctrl Pts',(346.837569456161,248.466394550956,7.7742960590934));
#2817=CARTESIAN_POINT('',(353.900539991612,255.232767507368,7.68577225382423));
#2818=CARTESIAN_POINT('Ctrl Pts',(353.900539991616,255.232767507369,7.68577225382405));
#2819=CARTESIAN_POINT('Ctrl Pts',(352.703884009106,255.229150723784,7.72826946095162));
#2820=CARTESIAN_POINT('Ctrl Pts',(351.507434141054,255.225005643888,7.77697414974309));
#2821=CARTESIAN_POINT('Ctrl Pts',(349.153039153352,255.215807362329,7.88505395814024));
#2822=CARTESIAN_POINT('Ctrl Pts',(347.995044297727,255.210786973667,7.94404352484549));
#2823=CARTESIAN_POINT('Ctrl Pts',(346.837391570355,255.205271413178,8.00885136058914));
#2824=CARTESIAN_POINT('Ctrl Pts',(353.900539991616,250.821762995834,7.53224808814164));
#2825=CARTESIAN_POINT('Ctrl Pts',(353.900539991616,251.163879087458,7.54415537306859));
#2826=CARTESIAN_POINT('Ctrl Pts',(353.900539991612,251.505995179068,7.55606265799553));
#2827=CARTESIAN_POINT('Ctrl Pts',(353.900539991616,252.976330016254,7.6072373798897));
#2828=CARTESIAN_POINT('Ctrl Pts',(353.900539991612,254.104548761811,7.64650481685693));
#2829=CARTESIAN_POINT('Ctrl Pts',(353.900539991612,255.232767507368,7.68577225382414));
#2830=CARTESIAN_POINT('Ctrl Pts',(346.837586614178,247.816394551,7.75167197068126));
#2831=CARTESIAN_POINT('Ctrl Pts',(349.190105119553,247.820986319859,7.61974407845287));
#2832=CARTESIAN_POINT('Ctrl Pts',(351.544668990221,247.824741599213,7.51184992100508));
#2833=CARTESIAN_POINT('Ctrl Pts',(353.900539947555,247.827658670914,7.4280388631629));
#2834=CARTESIAN_POINT('Ctrl Pts',(346.83758664361,246.235435704373,7.69664700031554));
#2835=CARTESIAN_POINT('Ctrl Pts',(349.190105148985,246.240027473233,7.56471910808715));
#2836=CARTESIAN_POINT('Ctrl Pts',(351.544669019653,246.243782752586,7.45682495063936));
#2837=CARTESIAN_POINT('Ctrl Pts',(353.900539976987,246.246699824288,7.37301389279717));
#2838=CARTESIAN_POINT('Ctrl Pts',(346.837586673042,244.654476857747,7.64162202994981));
#2839=CARTESIAN_POINT('Ctrl Pts',(349.190105178417,244.659068626606,7.50969413772142));
#2840=CARTESIAN_POINT('Ctrl Pts',(351.544669049085,244.66282390596,7.40179998027363));
#2841=CARTESIAN_POINT('Ctrl Pts',(353.900540006419,244.665740977661,7.31798892243145));
#2842=CARTESIAN_POINT('Ctrl Pts',(346.837586702474,243.073518011121,7.58659705958409));
#2843=CARTESIAN_POINT('Ctrl Pts',(349.190105207849,243.07810977998,7.4546691673557));
#2844=CARTESIAN_POINT('Ctrl Pts',(351.544669078517,243.081865059334,7.34677500990791));
#2845=CARTESIAN_POINT('Ctrl Pts',(353.900540035851,243.084782131035,7.26296395206573));
#2846=CARTESIAN_POINT('',(353.900539991612,243.084782130986,7.26296395363997));
#2847=CARTESIAN_POINT('Ctrl Pts',(353.900539991612,243.084782130995,7.26296395363949));
#2848=CARTESIAN_POINT('Ctrl Pts',(353.900539991612,243.837555465557,7.28916408511424));
#2849=CARTESIAN_POINT('Ctrl Pts',(353.900539991612,244.590328800123,7.31536421658911));
#2850=CARTESIAN_POINT('Ctrl Pts',(353.900539991612,245.382410125189,7.34293245513086));
#2851=CARTESIAN_POINT('Ctrl Pts',(353.900539991612,245.421718115681,7.34430056219798));
#2852=CARTESIAN_POINT('Ctrl Pts',(353.900539991612,245.461026106168,7.34566866926493));
#2853=CARTESIAN_POINT('',(346.837708395938,243.202916928576,7.59109393128333));
#2854=CARTESIAN_POINT('Ctrl Pts',(346.837708395933,243.202916928579,7.59109393128382));
#2855=CARTESIAN_POINT('Ctrl Pts',(347.992818175526,243.179270903163,7.52541497851278));
#2856=CARTESIAN_POINT('Ctrl Pts',(349.148315248267,243.157742168755,7.46561699107724));
#2857=CARTESIAN_POINT('Ctrl Pts',(351.50260911573,243.118204104621,7.35579647786381));
#2858=CARTESIAN_POINT('Ctrl Pts',(352.701451108267,243.100353803537,7.30621566836163));
#2859=CARTESIAN_POINT('Ctrl Pts',(353.900539991612,243.084782130992,7.26296395363996));
#2860=CARTESIAN_POINT('',(346.837586614179,247.816394550996,7.75167197068102));
#2861=CARTESIAN_POINT('Ctrl Pts',(346.837586614186,247.816394551005,7.75167197068101));
#2862=CARTESIAN_POINT('Ctrl Pts',(346.837608475751,246.988209081842,7.72284590717824));
#2863=CARTESIAN_POINT('Ctrl Pts',(346.837630337325,246.160023612679,7.69401984367765));
#2864=CARTESIAN_POINT('Ctrl Pts',(346.837670931245,244.622197738531,7.64049383054509));
#2865=CARTESIAN_POINT('Ctrl Pts',(346.837689663589,243.912557333529,7.6157938809126));
#2866=CARTESIAN_POINT('Ctrl Pts',(346.837708395938,243.202916928531,7.59109393128169));
#2867=CARTESIAN_POINT('Ctrl Pts',(351.545171546786,247.816394550993,7.51959332182909));
#2868=CARTESIAN_POINT('Ctrl Pts',(351.132661229726,247.816394550993,7.53710708689304));
#2869=CARTESIAN_POINT('Ctrl Pts',(350.720182963398,247.816394550996,7.55536088056444));
#2870=CARTESIAN_POINT('Ctrl Pts',(349.150740557252,247.816394550996,7.62763659293496));
#2871=CARTESIAN_POINT('Ctrl Pts',(347.993993108685,247.816394550994,7.68674279674865));
#2872=CARTESIAN_POINT('Ctrl Pts',(346.837586614179,247.816394550995,7.75167197068103));
#2873=CARTESIAN_POINT('Ctrl Pts',(354.550539903414,247.813912232909,7.40502138073508));
#2874=CARTESIAN_POINT('Ctrl Pts',(358.315046887701,247.81832668232,7.27818892620861));
#2875=CARTESIAN_POINT('Ctrl Pts',(362.082717358425,247.820600903324,7.21284879239986));
#2876=CARTESIAN_POINT('Ctrl Pts',(365.850539947678,247.820727853878,7.20920330735271));
#2877=CARTESIAN_POINT('Ctrl Pts',(354.550539933298,246.208697673879,7.34915219493702));
#2878=CARTESIAN_POINT('Ctrl Pts',(358.315046917584,246.21311212329,7.22231974041056));
#2879=CARTESIAN_POINT('Ctrl Pts',(362.082717388308,246.215386344295,7.15697960660181));
#2880=CARTESIAN_POINT('Ctrl Pts',(365.850539977562,246.215513294849,7.15333412155466));
#2881=CARTESIAN_POINT('Ctrl Pts',(354.550539963181,244.603483114849,7.29328300913898));
#2882=CARTESIAN_POINT('Ctrl Pts',(358.315046947468,244.60789756426,7.16645055461251));
#2883=CARTESIAN_POINT('Ctrl Pts',(362.082717418192,244.610171785265,7.10111042080376));
#2884=CARTESIAN_POINT('Ctrl Pts',(365.850540007446,244.610298735819,7.09746493575661));
#2885=CARTESIAN_POINT('Ctrl Pts',(354.550539993065,242.99826855582,7.23741382334093));
#2886=CARTESIAN_POINT('Ctrl Pts',(358.315046977352,243.00268300523,7.11058136881446));
#2887=CARTESIAN_POINT('Ctrl Pts',(362.082717448076,243.004957226235,7.04524123500571));
#2888=CARTESIAN_POINT('Ctrl Pts',(365.850540037329,243.005084176789,7.04159574995855));
#2889=CARTESIAN_POINT('',(354.550539991615,243.076564555022,7.24013890062215));
#2890=CARTESIAN_POINT('Ctrl Pts',(354.550539991617,245.461026106227,7.32312962748747));
#2891=CARTESIAN_POINT('Ctrl Pts',(354.550539991617,245.405074212626,7.32118223256432));
#2892=CARTESIAN_POINT('Ctrl Pts',(354.550539991617,245.34912231903,7.31923483764131));
#2893=CARTESIAN_POINT('Ctrl Pts',(354.550539991617,244.554301801954,7.29157126201908));
#2894=CARTESIAN_POINT('Ctrl Pts',(354.550539991615,243.81543317847,7.26585508131986));
#2895=CARTESIAN_POINT('Ctrl Pts',(354.550539991615,243.076564554985,7.24013890062069));
#2896=CARTESIAN_POINT('',(363.495171546786,247.816394550987,7.219378846155));
#2897=CARTESIAN_POINT('Ctrl Pts',(363.495171547251,247.816394551254,7.21937883854321));
#2898=CARTESIAN_POINT('Ctrl Pts',(362.597736662211,247.816394551403,7.22637802115492));
#2899=CARTESIAN_POINT('Ctrl Pts',(361.700326993074,247.816394551542,7.23687959433083));
#2900=CARTESIAN_POINT('Ctrl Pts',(360.80298334759,247.816394551582,7.25088126298874));
#2901=CARTESIAN_POINT('Ctrl Pts',(360.238267769323,247.816394551608,7.25969278180055));
#2902=CARTESIAN_POINT('Ctrl Pts',(359.67357893483,247.816394551598,7.26989045231288));
#2903=CARTESIAN_POINT('Ctrl Pts',(359.10891112685,247.816394551554,7.28147409696972));
#2904=CARTESIAN_POINT('Ctrl Pts',(358.374527429917,247.816394551496,7.29653930817325));
#2905=CARTESIAN_POINT('Ctrl Pts',(357.640185734706,247.816394551377,7.31394874186097));
#2906=CARTESIAN_POINT('Ctrl Pts',(356.905908436829,247.816394551251,7.33370150848401));
#2907=CARTESIAN_POINT('',(365.850539991607,245.461026106182,7.12707433921646));
#2908=CARTESIAN_POINT('Ctrl Pts',(365.850539991606,245.461026106176,7.12707433921649));
#2909=CARTESIAN_POINT('Ctrl Pts',(365.709273046169,245.478155019812,7.12780735358734));
#2910=CARTESIAN_POINT('Ctrl Pts',(365.569525444703,245.506431976721,7.12901424624114));
#2911=CARTESIAN_POINT('Ctrl Pts',(365.432609992259,245.545618170803,7.13067671671889));
#2912=CARTESIAN_POINT('Ctrl Pts',(365.173746459546,245.619706788651,7.13381991913483));
#2913=CARTESIAN_POINT('Ctrl Pts',(364.927441325682,245.732095363522,7.13856504398957));
#2914=CARTESIAN_POINT('Ctrl Pts',(364.701868653519,245.879030127113,7.14464908341998));
#2915=CARTESIAN_POINT('Ctrl Pts',(364.400306350026,246.075463433271,7.1527826792478));
#2916=CARTESIAN_POINT('Ctrl Pts',(364.141083150869,246.330195008199,7.163160282377));
#2917=CARTESIAN_POINT('Ctrl Pts',(363.939431434595,246.628179920106,7.17484454764366));
#2918=CARTESIAN_POINT('Ctrl Pts',(363.81390724307,246.813669614144,7.18211777089346));
#2919=CARTESIAN_POINT('Ctrl Pts',(363.711955368978,247.014050610257,7.18982243903195));
#2920=CARTESIAN_POINT('Ctrl Pts',(363.635920504743,247.224697840363,7.19771595089254));
#2921=CARTESIAN_POINT('Ctrl Pts',(363.566862044952,247.416017617369,7.20488521169031));
#2922=CARTESIAN_POINT('Ctrl Pts',(363.519650328555,247.614511027136,7.21216140870321));
#2923=CARTESIAN_POINT('Ctrl Pts',(363.495171547342,247.816394551259,7.21937883854266));
#2924=CARTESIAN_POINT('',(365.850539991609,243.005084176798,7.04159575000289));
#2925=CARTESIAN_POINT('Ctrl Pts',(365.850539991607,243.005084176789,7.04159575000304));
#2926=CARTESIAN_POINT('Ctrl Pts',(365.850539991607,243.770051466645,7.06822029024515));
#2927=CARTESIAN_POINT('Ctrl Pts',(365.850539991607,244.535018756501,7.09484483048731));
#2928=CARTESIAN_POINT('Ctrl Pts',(365.850539991607,245.353666066294,7.12333769355854));
#2929=CARTESIAN_POINT('Ctrl Pts',(365.850539991607,245.407346086236,7.12520601638777));
#2930=CARTESIAN_POINT('Ctrl Pts',(365.850539991607,245.461026106177,7.12707433921681));
#2931=CARTESIAN_POINT('Ctrl Pts',(354.55053999161,243.076564555026,7.24013890062244));
#2932=CARTESIAN_POINT('Ctrl Pts',(356.429179705399,243.053459880789,7.17596359922267));
#2933=CARTESIAN_POINT('Ctrl Pts',(358.308460532912,243.0359471986,7.12732055639893));
#2934=CARTESIAN_POINT('Ctrl Pts',(362.075289244931,243.012069870924,7.06099914089681));
#2935=CARTESIAN_POINT('Ctrl Pts',(363.962926765842,243.00575084891,7.04344749149154));
#2936=CARTESIAN_POINT('Ctrl Pts',(365.850539991613,243.005084176796,7.04159575000307));
#2937=CARTESIAN_POINT('Ctrl Pts',(366.500539901958,247.820717845107,7.20918611075957));
#2938=CARTESIAN_POINT('Ctrl Pts',(368.011069138892,247.820669725636,7.21056947111187));
#2939=CARTESIAN_POINT('Ctrl Pts',(369.521594991699,247.820276426616,7.22187041355236));
#2940=CARTESIAN_POINT('Ctrl Pts',(373.288796333058,247.818433308198,7.27482828384654));
#2941=CARTESIAN_POINT('Ctrl Pts',(375.545217525396,247.816557356993,7.32872868660555));
#2942=CARTESIAN_POINT('Ctrl Pts',(377.800539947807,247.813912075472,7.4047332273487));
#2943=CARTESIAN_POINT('Ctrl Pts',(366.500539931841,246.215504574732,7.15331696981288));
#2944=CARTESIAN_POINT('Ctrl Pts',(368.011069168776,246.21545645526,7.15470033016518));
#2945=CARTESIAN_POINT('Ctrl Pts',(369.521595021583,246.21506315624,7.16600127260567));
#2946=CARTESIAN_POINT('Ctrl Pts',(373.288796362941,246.213220037823,7.21895914289985));
#2947=CARTESIAN_POINT('Ctrl Pts',(375.54521755528,246.211344086618,7.27285954565886));
#2948=CARTESIAN_POINT('Ctrl Pts',(377.800539977691,246.208698805096,7.34886408640201));
#2949=CARTESIAN_POINT('Ctrl Pts',(366.500539961725,244.610291304356,7.0974478288662));
#2950=CARTESIAN_POINT('Ctrl Pts',(368.011069198659,244.610243184885,7.09883118921849));
#2951=CARTESIAN_POINT('Ctrl Pts',(369.521595051466,244.609849885865,7.11013213165898));
#2952=CARTESIAN_POINT('Ctrl Pts',(373.288796392825,244.608006767447,7.16309000195316));
#2953=CARTESIAN_POINT('Ctrl Pts',(375.545217585164,244.606130816242,7.21699040471217));
#2954=CARTESIAN_POINT('Ctrl Pts',(377.800540007574,244.603485534721,7.29299494545532));
#2955=CARTESIAN_POINT('Ctrl Pts',(366.500539991608,243.005078033981,7.04157868791951));
#2956=CARTESIAN_POINT('Ctrl Pts',(368.011069228543,243.005029914509,7.0429620482718));
#2957=CARTESIAN_POINT('Ctrl Pts',(369.52159508135,243.004636615489,7.05426299071229));
#2958=CARTESIAN_POINT('Ctrl Pts',(373.288796422708,243.002793497072,7.10722086100647));
#2959=CARTESIAN_POINT('Ctrl Pts',(375.545217615047,243.000917545867,7.16112126376548));
#2960=CARTESIAN_POINT('Ctrl Pts',(377.800540037458,242.998272264345,7.23712580450863));
#2961=CARTESIAN_POINT('',(377.800539991611,243.076459497775,7.2398470947205));
#2962=CARTESIAN_POINT('',(377.800539991611,245.461026106177,7.32284148107687));
#2963=CARTESIAN_POINT('Ctrl Pts',(377.800539991611,243.076459497765,7.2398470947204));
#2964=CARTESIAN_POINT('Ctrl Pts',(377.800539991611,243.81536371784,7.26556451528006));
#2965=CARTESIAN_POINT('Ctrl Pts',(377.800539991611,244.554267937906,7.29128193583973));
#2966=CARTESIAN_POINT('Ctrl Pts',(377.800539991611,245.349123474043,7.31894673129187));
#2967=CARTESIAN_POINT('Ctrl Pts',(377.800539991611,245.405074790115,7.32089410618413));
#2968=CARTESIAN_POINT('Ctrl Pts',(377.800539991611,245.461026106182,7.3228414810768));
#2969=CARTESIAN_POINT('',(366.500539991612,243.005078034025,7.04157868792085));
#2970=CARTESIAN_POINT('Ctrl Pts',(366.500539991607,243.00507803403,7.04157868792123));
#2971=CARTESIAN_POINT('Ctrl Pts',(368.386377601419,243.005708474708,7.04332979335034));
#2972=CARTESIAN_POINT('Ctrl Pts',(370.272351212661,243.011981746395,7.06075436712799));
#2973=CARTESIAN_POINT('Ctrl Pts',(374.03953503901,243.035809924127,7.12693926430213));
#2974=CARTESIAN_POINT('Ctrl Pts',(375.920358880869,243.053330083811,7.17560307649472));
#2975=CARTESIAN_POINT('Ctrl Pts',(377.800539991611,243.076459497782,7.2398470947206));
#2976=CARTESIAN_POINT('',(366.500539991612,245.461026106177,7.12705749101841));
#2977=CARTESIAN_POINT('Ctrl Pts',(366.500539991612,245.461026106213,7.12705749101998));
#2978=CARTESIAN_POINT('Ctrl Pts',(366.500539991612,245.407343380016,7.12518907399834));
#2979=CARTESIAN_POINT('Ctrl Pts',(366.500539991612,245.353660653818,7.12332065697647));
#2980=CARTESIAN_POINT('Ctrl Pts',(366.500539991612,244.535011296407,7.0948277226096));
#2981=CARTESIAN_POINT('Ctrl Pts',(366.500539991612,243.770044665202,7.0682032052646));
#2982=CARTESIAN_POINT('Ctrl Pts',(366.500539991612,243.005078033989,7.04157868791951));
#2983=CARTESIAN_POINT('',(368.855908436426,247.816394550987,7.2192450618931));
#2984=CARTESIAN_POINT('Ctrl Pts',(368.855908436428,247.816394550987,7.21924506189314));
#2985=CARTESIAN_POINT('Ctrl Pts',(368.813644366849,247.467830617311,7.2067856830843));
#2986=CARTESIAN_POINT('Ctrl Pts',(368.703780957103,247.13076384784,7.19419332572582));
#2987=CARTESIAN_POINT('Ctrl Pts',(368.364891995816,246.52440685004,7.17078004654448));
#2988=CARTESIAN_POINT('Ctrl Pts',(368.141693504786,246.259319775818,7.16015110904416));
#2989=CARTESIAN_POINT('Ctrl Pts',(367.648814419622,245.860164009923,7.14384109808948));
#2990=CARTESIAN_POINT('Ctrl Pts',(367.394736843862,245.714844332442,7.13776385698784));
#2991=CARTESIAN_POINT('Ctrl Pts',(366.995739585802,245.5654373172,7.13147803917662));
#2992=CARTESIAN_POINT('Ctrl Pts',(366.865723870883,245.527598111971,7.12987742660317));
#2993=CARTESIAN_POINT('Ctrl Pts',(366.656375192169,245.483388203866,7.1280053055248));
#2994=CARTESIAN_POINT('Ctrl Pts',(366.578674852835,245.470500113359,7.12745887548944));
#2995=CARTESIAN_POINT('Ctrl Pts',(366.500539991603,245.461026106176,7.12705749101861));
#2996=CARTESIAN_POINT('',(375.445171546787,247.816394550982,7.33340632020395));
#2997=CARTESIAN_POINT('Ctrl Pts',(375.44517154664,247.816394551043,7.3334063185186));
#2998=CARTESIAN_POINT('Ctrl Pts',(374.349789763042,247.816394551076,7.30394274117613));
#2999=CARTESIAN_POINT('Ctrl Pts',(373.254264460105,247.816394551039,7.27970393080304));
#3000=CARTESIAN_POINT('Ctrl Pts',(372.158669865272,247.816394551007,7.26069612361314));
#3001=CARTESIAN_POINT('Ctrl Pts',(371.783082185565,247.816394550996,7.25417993757824));
#3002=CARTESIAN_POINT('Ctrl Pts',(371.407500011908,247.816394559373,7.24827874864405));
#3003=CARTESIAN_POINT('Ctrl Pts',(371.031923422251,247.816394562832,7.24299264177859));
#3004=CARTESIAN_POINT('Ctrl Pts',(370.306562955589,247.816394569514,7.23278345130096));
#3005=CARTESIAN_POINT('Ctrl Pts',(369.581224444098,247.816394558394,7.22486851140104));
#3006=CARTESIAN_POINT('Ctrl Pts',(368.855908436438,247.81639455101,7.21924506127416));
#3007=CARTESIAN_POINT('Ctrl Pts',(377.800539991608,245.461026106177,7.32284148107665));
#3008=CARTESIAN_POINT('Ctrl Pts',(377.66540601487,245.477411383492,7.31885222547885));
#3009=CARTESIAN_POINT('Ctrl Pts',(377.531631087595,245.50400152351,7.3153440231241));
#3010=CARTESIAN_POINT('Ctrl Pts',(377.400367199246,245.540601514011,7.31234153355825));
#3011=CARTESIAN_POINT('Ctrl Pts',(377.146151050013,245.611483984158,7.30652667202138));
#3012=CARTESIAN_POINT('Ctrl Pts',(376.903669652836,245.719264791301,7.30266449927564));
#3013=CARTESIAN_POINT('Ctrl Pts',(376.680677257498,245.860523734909,7.30078254723899));
#3014=CARTESIAN_POINT('Ctrl Pts',(376.377130707685,246.052811301028,7.29822075562822));
#3015=CARTESIAN_POINT('Ctrl Pts',(376.115009578251,246.303768529349,7.29936747586982));
#3016=CARTESIAN_POINT('Ctrl Pts',(375.90970526564,246.598644905849,7.30383125253293));
#3017=CARTESIAN_POINT('Ctrl Pts',(375.778363317576,246.787289933491,7.30668692134573));
#3018=CARTESIAN_POINT('Ctrl Pts',(375.671660342769,246.991919705175,7.31086805877974));
#3019=CARTESIAN_POINT('Ctrl Pts',(375.592173100364,247.207557201685,7.31620128733475));
#3020=CARTESIAN_POINT('Ctrl Pts',(375.519706534997,247.404148607593,7.32106346073515));
#3021=CARTESIAN_POINT('Ctrl Pts',(375.470382541508,247.608472227931,7.32684774701175));
#3022=CARTESIAN_POINT('Ctrl Pts',(375.445171546618,247.816394551046,7.33340631851814));
#3023=CARTESIAN_POINT('Ctrl Pts',(378.450539903304,247.82809295288,7.42777217233228));
#3024=CARTESIAN_POINT('Ctrl Pts',(380.896435384359,247.825063563951,7.51481285917128));
#3025=CARTESIAN_POINT('Ctrl Pts',(383.340965183709,247.821129436903,7.62784817506688));
#3026=CARTESIAN_POINT('Ctrl Pts',(385.783303749838,247.816293673512,7.76678900038576));
#3027=CARTESIAN_POINT('Ctrl Pts',(378.450539932739,246.246955097235,7.37274097159189));
#3028=CARTESIAN_POINT('Ctrl Pts',(380.896435413794,246.243925708306,7.45978165843089));
#3029=CARTESIAN_POINT('Ctrl Pts',(383.340965213144,246.239991581258,7.57281697432648));
#3030=CARTESIAN_POINT('Ctrl Pts',(385.783303779274,246.235155817867,7.71175779964536));
#3031=CARTESIAN_POINT('Ctrl Pts',(378.450539962175,244.66581724159,7.3177097708515));
#3032=CARTESIAN_POINT('Ctrl Pts',(380.89643544323,244.662787852661,7.4047504576905));
#3033=CARTESIAN_POINT('Ctrl Pts',(383.34096524258,244.658853725613,7.51778577358609));
#3034=CARTESIAN_POINT('Ctrl Pts',(385.783303808709,244.654017962222,7.65672659890497));
#3035=CARTESIAN_POINT('Ctrl Pts',(378.45053999161,243.084679385945,7.26267857011111));
#3036=CARTESIAN_POINT('Ctrl Pts',(380.896435472665,243.081649997016,7.34971925695011));
#3037=CARTESIAN_POINT('Ctrl Pts',(383.340965272015,243.077715869968,7.4627545728457));
#3038=CARTESIAN_POINT('Ctrl Pts',(385.783303838145,243.072880106577,7.60169539816458));
#3039=CARTESIAN_POINT('',(378.450539991611,245.461026106177,7.34538686490988));
#3040=CARTESIAN_POINT('',(378.450539991611,243.084679385952,7.26267857011141));
#3041=CARTESIAN_POINT('Ctrl Pts',(378.450539991609,245.461026106218,7.34538686491121));
#3042=CARTESIAN_POINT('Ctrl Pts',(378.450539991609,245.429437009784,7.34428741242896));
#3043=CARTESIAN_POINT('Ctrl Pts',(378.450539991609,245.39784791335,7.34318795994643));
#3044=CARTESIAN_POINT('Ctrl Pts',(378.450539991609,244.605732339924,7.31561852834642));
#3045=CARTESIAN_POINT('Ctrl Pts',(378.450539991611,243.845205862935,7.28914854922901));
#3046=CARTESIAN_POINT('Ctrl Pts',(378.450539991611,243.084679385947,7.26267857011143));
#3047=CARTESIAN_POINT('',(380.805908436428,247.816394550996,7.51934691914292));
#3048=CARTESIAN_POINT('Ctrl Pts',(380.805908436317,247.816394551081,7.51934691675862));
#3049=CARTESIAN_POINT('Ctrl Pts',(380.775620826363,247.566604743366,7.50936656220742));
#3050=CARTESIAN_POINT('Ctrl Pts',(380.710604742954,247.322619641453,7.49811250965418));
#3051=CARTESIAN_POINT('Ctrl Pts',(380.613031185746,247.091449419818,7.48597694164616));
#3052=CARTESIAN_POINT('Ctrl Pts',(380.579514556208,247.012042181825,7.48180836002621));
#3053=CARTESIAN_POINT('Ctrl Pts',(380.542156343007,246.934146994321,7.47753623209971));
#3054=CARTESIAN_POINT('Ctrl Pts',(380.50104445765,246.858047937193,7.47317782429173));
#3055=CARTESIAN_POINT('Ctrl Pts',(380.331346678187,246.543933395823,7.45518759785045));
#3056=CARTESIAN_POINT('Ctrl Pts',(380.101029628871,246.266594079219,7.43607684624605));
#3057=CARTESIAN_POINT('Ctrl Pts',(379.823470438836,246.042101289923,7.4172667044154));
#3058=CARTESIAN_POINT('Ctrl Pts',(379.59960611052,245.861037468973,7.40209545475901));
#3059=CARTESIAN_POINT('Ctrl Pts',(379.348184380544,245.716918646497,7.38734103090495));
#3060=CARTESIAN_POINT('Ctrl Pts',(379.078730600388,245.615245770092,7.37370994226962));
#3061=CARTESIAN_POINT('Ctrl Pts',(378.876239042791,245.538839719687,7.36346632880866));
#3062=CARTESIAN_POINT('Ctrl Pts',(378.665325640348,245.487069293726,7.35394600638948));
#3063=CARTESIAN_POINT('Ctrl Pts',(378.450539991604,245.461026106175,7.34538686490954));
#3064=CARTESIAN_POINT('',(385.732288279478,247.816394550982,7.76389059566166));
#3065=CARTESIAN_POINT('Ctrl Pts',(385.732288279478,247.816394550979,7.76389059566182));
#3066=CARTESIAN_POINT('Ctrl Pts',(384.545508871145,247.816394550979,7.69647113146665));
#3067=CARTESIAN_POINT('Ctrl Pts',(383.358366078028,247.816394550982,7.63518449098937));
#3068=CARTESIAN_POINT('Ctrl Pts',(381.715982051437,247.816394550982,7.55890533530776));
#3069=CARTESIAN_POINT('Ctrl Pts',(381.26096472781,247.816394550981,7.53867546001991));
#3070=CARTESIAN_POINT('Ctrl Pts',(380.805908436432,247.816394550981,7.51934691914257));
#3071=CARTESIAN_POINT('',(385.783303835617,243.208432262481,7.60641326503181));
#3072=CARTESIAN_POINT('Ctrl Pts',(385.783303835621,243.208432262476,7.60641326503207));
#3073=CARTESIAN_POINT('Ctrl Pts',(385.766299051623,244.744419738761,7.65890446964251));
#3074=CARTESIAN_POINT('Ctrl Pts',(385.749293866235,246.280407168268,7.7113969131361));
#3075=CARTESIAN_POINT('Ctrl Pts',(385.732288279476,247.816394550985,7.76389059565952));
#3076=CARTESIAN_POINT('Ctrl Pts',(378.450539991611,243.08467938596,7.26267857011167));
#3077=CARTESIAN_POINT('Ctrl Pts',(379.69030689168,243.100784303167,7.30741141962943));
#3078=CARTESIAN_POINT('Ctrl Pts',(380.929809748766,243.11932828407,7.35891898691174));
#3079=CARTESIAN_POINT('Ctrl Pts',(383.374089632073,243.160712581666,7.47386757888961));
#3080=CARTESIAN_POINT('Ctrl Pts',(384.578910485916,243.183421530437,7.53694371739926));
#3081=CARTESIAN_POINT('Ctrl Pts',(385.783303835615,243.208432262486,7.60641326503205));
#3082=CARTESIAN_POINT('Origin',(378.125539991606,248.141394550998,9.54414325349262E-11));
#3083=CARTESIAN_POINT('',(378.450539991611,245.461026106177,4.63039454831993));
#3084=CARTESIAN_POINT('',(378.450539991611,245.461026106177,9.54414325349262E-11));
#3085=CARTESIAN_POINT('',(378.125539991606,245.441394550998,4.63039454831993));
#3086=CARTESIAN_POINT('Origin',(378.125539991606,248.141394550998,4.63039454831993));
#3087=CARTESIAN_POINT('',(378.125539991606,245.441394551003,0.200000000095442));
#3088=CARTESIAN_POINT('',(378.125539991606,245.441394550998,9.54414325349262E-11));
#3089=CARTESIAN_POINT('Origin',(378.125539991606,248.141394550998,0.200000000095442));
#3090=CARTESIAN_POINT('',(377.800539991611,245.461026106177,4.63039454831993));
#3091=CARTESIAN_POINT('Origin',(378.125539991606,248.141394550998,4.63039454831993));
#3092=CARTESIAN_POINT('',(377.800539991611,245.461026106177,9.54414325349262E-11));
#3093=CARTESIAN_POINT('',(375.445171546787,247.816394550987,4.63039454831993));
#3094=CARTESIAN_POINT('',(375.445171546787,247.816394550987,9.54414325349262E-11));
#3095=CARTESIAN_POINT('',(375.445171546787,248.466394550992,4.63039454831993));
#3096=CARTESIAN_POINT('Origin',(378.125539991606,248.141394550998,4.63039454831993));
#3097=CARTESIAN_POINT('Ctrl Pts',(375.445171546787,248.466394550992,7.35602944624471));
#3098=CARTESIAN_POINT('Ctrl Pts',(375.445171546787,248.466394550992,6.44748448026979));
#3099=CARTESIAN_POINT('Ctrl Pts',(375.445171546783,248.466394550992,5.53893951429486));
#3100=CARTESIAN_POINT('Ctrl Pts',(375.445171546783,248.466394550992,4.63039454831993));
#3101=CARTESIAN_POINT('',(377.800539991611,250.821762995824,4.63039454831993));
#3102=CARTESIAN_POINT('',(377.800539991611,250.821762995824,9.54414325349262E-11));
#3103=CARTESIAN_POINT('',(378.450539991611,250.821762995824,4.63039454831993));
#3104=CARTESIAN_POINT('Origin',(378.125539991606,248.141394550998,4.63039454831993));
#3105=CARTESIAN_POINT('',(378.450539991611,250.821762995824,9.54414325349262E-11));
#3106=CARTESIAN_POINT('',(380.805908436434,248.466394550992,4.63039454831993));
#3107=CARTESIAN_POINT('Ctrl Pts',(380.805908436432,248.466394550992,4.63039454831993));
#3108=CARTESIAN_POINT('Ctrl Pts',(380.805908436432,248.466394550992,5.60091971400384));
#3109=CARTESIAN_POINT('Ctrl Pts',(380.805908436432,248.466394550974,6.57144487968775));
#3110=CARTESIAN_POINT('Ctrl Pts',(380.805908436432,248.466394550983,7.54197004537166));
#3111=CARTESIAN_POINT('',(380.805908436428,247.816394550987,4.63039454831993));
#3112=CARTESIAN_POINT('Origin',(378.125539991606,248.141394550998,4.63039454831993));
#3113=CARTESIAN_POINT('',(380.805908436428,247.816394550987,9.54414325349262E-11));
#3114=CARTESIAN_POINT('Origin',(386.272064923078,248.722313194567,6.0976814743656));
#3115=CARTESIAN_POINT('',(386.74739974271,247.816394550982,4.63039454831993));
#3116=CARTESIAN_POINT('',(385.312895045943,247.816394550982,9.05849427925808));
#3117=CARTESIAN_POINT('',(386.74739974271,248.466394550992,4.63039454832003));
#3118=CARTESIAN_POINT('',(386.74739974271,248.594353872782,4.63039454831993));
#3119=CARTESIAN_POINT('',(386.272064923078,248.466394550992,6.0976814743656));
#3120=CARTESIAN_POINT('',(388.247438840954,255.886875784286,9.54414325349262E-11));
#3121=CARTESIAN_POINT('',(386.089695575802,255.32001381363,6.66062815514175));
#3122=CARTESIAN_POINT('',(388.247438840954,240.469937907692,9.54414325349262E-11));
#3123=CARTESIAN_POINT('',(388.247438840954,248.431853872776,9.5439212088877E-11));
#3124=CARTESIAN_POINT('',(385.569531124283,243.446006649406,8.266297396238));
#3125=CARTESIAN_POINT('Ctrl Pts',(376.125539945012,250.14421950967,7.43339876530936));
#3126=CARTESIAN_POINT('Ctrl Pts',(377.459245946302,250.142880817031,7.47186234305249));
#3127=CARTESIAN_POINT('Ctrl Pts',(378.792623859311,250.141272994567,7.51805846771961));
#3128=CARTESIAN_POINT('Ctrl Pts',(380.12553996372,250.139396545309,7.57197268640649));
#3129=CARTESIAN_POINT('Ctrl Pts',(376.125539969841,248.81048426527,7.38697836514812));
#3130=CARTESIAN_POINT('Ctrl Pts',(377.459245971131,248.80914557263,7.42544194289125));
#3131=CARTESIAN_POINT('Ctrl Pts',(378.792623884141,248.807537750167,7.47163806755837));
#3132=CARTESIAN_POINT('Ctrl Pts',(380.125539988549,248.805661300909,7.52555228624525));
#3133=CARTESIAN_POINT('Ctrl Pts',(376.125539994671,247.47674902087,7.34055796498688));
#3134=CARTESIAN_POINT('Ctrl Pts',(377.459245995961,247.47541032823,7.37902154273001));
#3135=CARTESIAN_POINT('Ctrl Pts',(378.79262390897,247.473802505767,7.42521766739713));
#3136=CARTESIAN_POINT('Ctrl Pts',(380.125540013379,247.471926056509,7.47913188608401));
#3137=CARTESIAN_POINT('Ctrl Pts',(376.125540019501,246.14301377647,7.29413756482564));
#3138=CARTESIAN_POINT('Ctrl Pts',(377.459246020791,246.14167508383,7.33260114256877));
#3139=CARTESIAN_POINT('Ctrl Pts',(378.7926239338,246.140067261367,7.37879726723589));
#3140=CARTESIAN_POINT('Ctrl Pts',(380.125540038208,246.138190812108,7.43271148592277));
#3141=CARTESIAN_POINT('',(378.625539991604,250.141394551001,7.51456586012231));
#3142=CARTESIAN_POINT('',(377.625539991607,250.141394551001,7.47988064508838));
#3143=CARTESIAN_POINT('Ctrl Pts',(378.625539991599,250.141394551001,7.51456586012253));
#3144=CARTESIAN_POINT('Ctrl Pts',(378.46360199125,250.141394551001,7.50871373734276));
#3145=CARTESIAN_POINT('Ctrl Pts',(378.30165995354,250.141394551006,7.50297577067112));
#3146=CARTESIAN_POINT('Ctrl Pts',(377.968327275869,250.141394551006,7.49140033213017));
#3147=CARTESIAN_POINT('Ctrl Pts',(377.796935805206,250.141394551001,7.48557654727352));
#3148=CARTESIAN_POINT('Ctrl Pts',(377.625539991611,250.141394551001,7.47988064508838));
#3149=CARTESIAN_POINT('',(378.62553999161,248.641394551,7.46235864592459));
#3150=CARTESIAN_POINT('Ctrl Pts',(378.62553999161,248.641394550991,7.46235864592429));
#3151=CARTESIAN_POINT('Ctrl Pts',(378.62553999161,249.141394550979,7.47976105065632));
#3152=CARTESIAN_POINT('Ctrl Pts',(378.625539991608,249.641394550977,7.49716345538849));
#3153=CARTESIAN_POINT('Ctrl Pts',(378.625539991608,250.141394550956,7.51456586012036));
#3154=CARTESIAN_POINT('',(380.125539991607,248.641394550991,7.51983501342356));
#3155=CARTESIAN_POINT('Ctrl Pts',(380.125539991607,248.641394551,7.51983501342361));
#3156=CARTESIAN_POINT('Ctrl Pts',(379.625583205805,248.641394551,7.49958810418318));
#3157=CARTESIAN_POINT('Ctrl Pts',(379.125580846492,248.641394551,7.48042914491061));
#3158=CARTESIAN_POINT('Ctrl Pts',(378.62553999161,248.641394551,7.4623586459248));
#3159=CARTESIAN_POINT('',(380.125539991607,247.641394551006,7.4850302038775));
#3160=CARTESIAN_POINT('Ctrl Pts',(380.125539991607,247.641394551006,7.48503020387762));
#3161=CARTESIAN_POINT('Ctrl Pts',(380.125539991607,247.805166208359,7.49073024522097));
#3162=CARTESIAN_POINT('Ctrl Pts',(380.125539991611,247.968937865712,7.49643028656437));
#3163=CARTESIAN_POINT('Ctrl Pts',(380.125539991611,248.302271199041,7.50803188974642));
#3164=CARTESIAN_POINT('Ctrl Pts',(380.125539991611,248.471832875016,7.51393345158509));
#3165=CARTESIAN_POINT('Ctrl Pts',(380.125539991611,248.641394550991,7.51983501342372));
#3166=CARTESIAN_POINT('',(378.625539991604,247.641394551006,7.4275538364592));
#3167=CARTESIAN_POINT('Ctrl Pts',(378.625539991599,247.641394551001,7.42755383645934));
#3168=CARTESIAN_POINT('Ctrl Pts',(379.125580846451,247.641394551001,7.44562433541687));
#3169=CARTESIAN_POINT('Ctrl Pts',(379.625583205745,247.641394551001,7.46478329466147));
#3170=CARTESIAN_POINT('Ctrl Pts',(380.125539991604,247.641394551001,7.48503020387705));
#3171=CARTESIAN_POINT('',(378.62553999161,246.141394551,7.37534662226125));
#3172=CARTESIAN_POINT('Ctrl Pts',(378.625539991608,246.141394550991,7.37534662226122));
#3173=CARTESIAN_POINT('Ctrl Pts',(378.625539991608,246.641394551007,7.39274902699432));
#3174=CARTESIAN_POINT('Ctrl Pts',(378.62553999161,247.141394551031,7.41015143172741));
#3175=CARTESIAN_POINT('Ctrl Pts',(378.62553999161,247.641394551042,7.4275538364605));
#3176=CARTESIAN_POINT('',(377.625539991611,246.141394551,7.34066140744345));
#3177=CARTESIAN_POINT('Ctrl Pts',(377.625539991618,246.141394551,7.34066140744373));
#3178=CARTESIAN_POINT('Ctrl Pts',(377.796933766122,246.141394551,7.3463572418278));
#3179=CARTESIAN_POINT('Ctrl Pts',(377.968323197786,246.141394551,7.3521809558403));
#3180=CARTESIAN_POINT('Ctrl Pts',(378.301655875657,246.141394551,7.36375638839168));
#3181=CARTESIAN_POINT('Ctrl Pts',(378.463599952363,246.141394551,7.36949442583513));
#3182=CARTESIAN_POINT('Ctrl Pts',(378.62553999161,246.141394551,7.37534662226163));
#3183=CARTESIAN_POINT('',(377.625539991607,247.641394551001,7.39286862156031));
#3184=CARTESIAN_POINT('Ctrl Pts',(377.625539991604,247.641394550992,7.39286862155997));
#3185=CARTESIAN_POINT('Ctrl Pts',(377.625539991604,247.141394550977,7.3754662168538));
#3186=CARTESIAN_POINT('Ctrl Pts',(377.625539991618,246.641394550966,7.35806381214758));
#3187=CARTESIAN_POINT('Ctrl Pts',(377.625539991618,246.14139455095,7.34066140744143));
#3188=CARTESIAN_POINT('',(376.125539991608,247.641394551001,7.34628842118168));
#3189=CARTESIAN_POINT('Ctrl Pts',(376.125539991608,247.641394551001,7.34628842118158));
#3190=CARTESIAN_POINT('Ctrl Pts',(376.625572234288,247.641394551001,7.36072663094846));
#3191=CARTESIAN_POINT('Ctrl Pts',(377.125574590027,247.641394551001,7.37625354822773));
#3192=CARTESIAN_POINT('Ctrl Pts',(377.625539991611,247.641394551001,7.39286862156048));
#3193=CARTESIAN_POINT('',(376.125539991608,248.641394551,7.38109323051154));
#3194=CARTESIAN_POINT('Ctrl Pts',(376.125539991608,248.641394551037,7.38109323051274));
#3195=CARTESIAN_POINT('Ctrl Pts',(376.125539991608,248.473440529829,7.37524762282843));
#3196=CARTESIAN_POINT('Ctrl Pts',(376.125539991608,248.305486508625,7.36940201514426));
#3197=CARTESIAN_POINT('Ctrl Pts',(376.12553999161,247.972153175283,7.35780041203393));
#3198=CARTESIAN_POINT('Ctrl Pts',(376.125539991608,247.806773863144,7.35204441660776));
#3199=CARTESIAN_POINT('Ctrl Pts',(376.125539991608,247.641394551006,7.34628842118173));
#3200=CARTESIAN_POINT('',(377.625539991611,248.641394551,7.42767343097156));
#3201=CARTESIAN_POINT('Ctrl Pts',(377.625539991618,248.641394551,7.42767343097166));
#3202=CARTESIAN_POINT('Ctrl Pts',(377.125574589993,248.641394551,7.41105835761062));
#3203=CARTESIAN_POINT('Ctrl Pts',(376.625572234275,248.641394551,7.39553144030491));
#3204=CARTESIAN_POINT('Ctrl Pts',(376.125539991608,248.641394551,7.38109323051173));
#3205=CARTESIAN_POINT('Ctrl Pts',(377.625539991607,250.141394551006,7.47988064508809));
#3206=CARTESIAN_POINT('Ctrl Pts',(377.625539991607,249.641394551013,7.46247824038282));
#3207=CARTESIAN_POINT('Ctrl Pts',(377.625539991604,249.141394551029,7.44507583567763));
#3208=CARTESIAN_POINT('Ctrl Pts',(377.625539991604,248.641394551037,7.4276734309724));
#3209=CARTESIAN_POINT('Ctrl Pts',(352.2255399451,250.139397234404,7.5722310912124));
#3210=CARTESIAN_POINT('Ctrl Pts',(353.558443202262,250.141272942969,7.51833957977418));
#3211=CARTESIAN_POINT('Ctrl Pts',(354.891821149079,250.142880315806,7.47215780002983));
#3212=CARTESIAN_POINT('Ctrl Pts',(356.225539963631,250.144219040886,7.4336947169766));
#3213=CARTESIAN_POINT('Ctrl Pts',(352.22553996993,248.805662090589,7.52581069455201));
#3214=CARTESIAN_POINT('Ctrl Pts',(353.558443227092,248.807537799154,7.47191918311378));
#3215=CARTESIAN_POINT('Ctrl Pts',(354.891821173908,248.80914517199,7.42573740336944));
#3216=CARTESIAN_POINT('Ctrl Pts',(356.225539988461,248.810483897071,7.38727432031621));
#3217=CARTESIAN_POINT('Ctrl Pts',(352.22553999476,247.471926946773,7.47939029789162));
#3218=CARTESIAN_POINT('Ctrl Pts',(353.558443251921,247.473802655339,7.4254987864534));
#3219=CARTESIAN_POINT('Ctrl Pts',(354.891821198738,247.475410028175,7.37931700670905));
#3220=CARTESIAN_POINT('Ctrl Pts',(356.225540013291,247.476748753256,7.34085392365582));
#3221=CARTESIAN_POINT('Ctrl Pts',(352.225540019589,246.138191802958,7.43296990123123));
#3222=CARTESIAN_POINT('Ctrl Pts',(353.558443276751,246.140067511524,7.37907838979301));
#3223=CARTESIAN_POINT('Ctrl Pts',(354.891821223568,246.14167488436,7.33289661004866));
#3224=CARTESIAN_POINT('Ctrl Pts',(356.22554003812,246.143013609441,7.29443352699542));
#3225=CARTESIAN_POINT('',(353.72553999161,247.641394551001,7.42783364800322));
#3226=CARTESIAN_POINT('',(353.725539991601,246.141394551,7.37562643582301));
#3227=CARTESIAN_POINT('Ctrl Pts',(353.725539991606,247.641394550992,7.42783364800309));
#3228=CARTESIAN_POINT('Ctrl Pts',(353.725539991606,247.141394550999,7.41043124394316));
#3229=CARTESIAN_POINT('Ctrl Pts',(353.725539991606,246.641394551002,7.39302883988318));
#3230=CARTESIAN_POINT('Ctrl Pts',(353.725539991606,246.141394551009,7.37562643582329));
#3231=CARTESIAN_POINT('',(352.225539991605,247.641394551001,7.48528858545337));
#3232=CARTESIAN_POINT('Ctrl Pts',(352.225539991605,247.641394551001,7.48528858545328));
#3233=CARTESIAN_POINT('Ctrl Pts',(352.725496836017,247.641394551001,7.46505000558959));
#3234=CARTESIAN_POINT('Ctrl Pts',(353.225499199837,247.641394551001,7.44589829424923));
#3235=CARTESIAN_POINT('Ctrl Pts',(353.725539991613,247.641394551001,7.4278336480026));
#3236=CARTESIAN_POINT('',(352.225539991605,248.641394551,7.52009339349228));
#3237=CARTESIAN_POINT('Ctrl Pts',(352.225539991609,248.641394551037,7.52009339349323));
#3238=CARTESIAN_POINT('Ctrl Pts',(352.225539991609,248.471833153963,7.51419184161727));
#3239=CARTESIAN_POINT('Ctrl Pts',(352.225539991605,248.302271756888,7.50829028974146));
#3240=CARTESIAN_POINT('Ctrl Pts',(352.225539991605,247.968938423546,7.49668868706147));
#3241=CARTESIAN_POINT('Ctrl Pts',(352.225539991605,247.805166487278,7.49098863625724));
#3242=CARTESIAN_POINT('Ctrl Pts',(352.225539991605,247.641394551006,7.48528858545324));
#3243=CARTESIAN_POINT('',(353.725539991606,248.641394550991,7.462638456123));
#3244=CARTESIAN_POINT('Ctrl Pts',(353.725539991613,248.641394551,7.46263845612272));
#3245=CARTESIAN_POINT('Ctrl Pts',(353.225499199816,248.641394551,7.48070310234294));
#3246=CARTESIAN_POINT('Ctrl Pts',(352.72549683601,248.641394551,7.49985481365616));
#3247=CARTESIAN_POINT('Ctrl Pts',(352.225539991603,248.641394551,7.52009339349232));
#3248=CARTESIAN_POINT('',(353.725539991601,250.141394551001,7.51484566830331));
#3249=CARTESIAN_POINT('Ctrl Pts',(353.725539991606,250.141394550992,7.51484566830316));
#3250=CARTESIAN_POINT('Ctrl Pts',(353.725539991606,249.641394550999,7.49744326424342));
#3251=CARTESIAN_POINT('Ctrl Pts',(353.725539991601,249.141394551016,7.48004086018399));
#3252=CARTESIAN_POINT('Ctrl Pts',(353.725539991601,248.641394551023,7.46263845612403));
#3253=CARTESIAN_POINT('',(354.725539991605,250.141394551001,7.48017019741636));
#3254=CARTESIAN_POINT('Ctrl Pts',(354.725539991603,250.141394551001,7.48017019741667));
#3255=CARTESIAN_POINT('Ctrl Pts',(354.554144167732,250.141394551001,7.48586478095823));
#3256=CARTESIAN_POINT('Ctrl Pts',(354.382752680267,250.141394551001,7.49168705873836));
#3257=CARTESIAN_POINT('Ctrl Pts',(354.049420003794,250.141394551001,7.50325922262707));
#3258=CARTESIAN_POINT('Ctrl Pts',(353.887477982562,250.141394551001,7.50899544056608));
#3259=CARTESIAN_POINT('Ctrl Pts',(353.725539991606,250.141394551001,7.51484566830286));
#3260=CARTESIAN_POINT('',(354.725539991605,248.641394551,7.42796298515554));
#3261=CARTESIAN_POINT('Ctrl Pts',(354.725539991609,248.641394551,7.42796298515565));
#3262=CARTESIAN_POINT('Ctrl Pts',(354.725539991609,249.141394551016,7.44536538924321));
#3263=CARTESIAN_POINT('Ctrl Pts',(354.725539991605,249.641394551036,7.46276779333078));
#3264=CARTESIAN_POINT('Ctrl Pts',(354.725539991605,250.141394551051,7.48017019741832));
#3265=CARTESIAN_POINT('',(356.225539991606,248.641394551,7.3813891979573));
#3266=CARTESIAN_POINT('Ctrl Pts',(356.22553999161,248.641394551,7.38138919795775));
#3267=CARTESIAN_POINT('Ctrl Pts',(355.725507813036,248.641394551,7.39582708211887));
#3268=CARTESIAN_POINT('Ctrl Pts',(355.225505453061,248.641394551,7.41135175723387));
#3269=CARTESIAN_POINT('Ctrl Pts',(354.725539991603,248.641394551,7.42796298515564));
#3270=CARTESIAN_POINT('',(356.225539991606,247.641394551001,7.34658438970218));
#3271=CARTESIAN_POINT('Ctrl Pts',(356.22553999161,247.641394551006,7.34658438970232));
#3272=CARTESIAN_POINT('Ctrl Pts',(356.22553999161,247.806773756101,7.35234038122487));
#3273=CARTESIAN_POINT('Ctrl Pts',(356.225539991606,247.972152961188,7.35809637274758));
#3274=CARTESIAN_POINT('Ctrl Pts',(356.225539991606,248.305486294521,7.36969797549926));
#3275=CARTESIAN_POINT('Ctrl Pts',(356.225539991606,248.473440422758,7.37554358672828));
#3276=CARTESIAN_POINT('Ctrl Pts',(356.225539991606,248.641394551,7.38138919795737));
#3277=CARTESIAN_POINT('',(354.725539991605,247.641394551001,7.39315817698156));
#3278=CARTESIAN_POINT('Ctrl Pts',(354.725539991603,247.641394551001,7.39315817698163));
#3279=CARTESIAN_POINT('Ctrl Pts',(355.225505453068,247.641394551001,7.37654694903269));
#3280=CARTESIAN_POINT('Ctrl Pts',(355.72550781304,247.641394551001,7.36102227389071));
#3281=CARTESIAN_POINT('Ctrl Pts',(356.225539991601,247.641394551001,7.34658438970276));
#3282=CARTESIAN_POINT('',(354.725539991605,246.141394551,7.34095096472041));
#3283=CARTESIAN_POINT('Ctrl Pts',(354.725539991605,246.141394550991,7.34095096472042));
#3284=CARTESIAN_POINT('Ctrl Pts',(354.725539991605,246.641394551002,7.35835336880778));
#3285=CARTESIAN_POINT('Ctrl Pts',(354.725539991609,247.141394551013,7.3757557728954));
#3286=CARTESIAN_POINT('Ctrl Pts',(354.725539991609,247.641394551024,7.39315817698252));
#3287=CARTESIAN_POINT('Ctrl Pts',(353.725539991601,246.141394551,7.37562643582286));
#3288=CARTESIAN_POINT('Ctrl Pts',(353.887475944721,246.141394551,7.36977628167075));
#3289=CARTESIAN_POINT('Ctrl Pts',(354.049415928012,246.141394551,7.36404013444713));
#3290=CARTESIAN_POINT('Ctrl Pts',(354.382748604278,246.141394551,7.35246796458033));
#3291=CARTESIAN_POINT('Ctrl Pts',(354.554142129691,246.141394551,7.34664561601266));
#3292=CARTESIAN_POINT('Ctrl Pts',(354.725539991603,246.141394551,7.34095096472061));
#3293=CARTESIAN_POINT('Ctrl Pts',(364.175539945063,250.14120412009,7.29565820162614));
#3294=CARTESIAN_POINT('Ctrl Pts',(365.508842836614,250.141474194374,7.28789923175415));
#3295=CARTESIAN_POINT('Ctrl Pts',(366.842220660027,250.141475500322,7.28786242289178));
#3296=CARTESIAN_POINT('Ctrl Pts',(368.175539963688,250.141207724952,7.29555676747845));
#3297=CARTESIAN_POINT('Ctrl Pts',(364.175539969886,248.807866380505,7.24925163654401));
#3298=CARTESIAN_POINT('Ctrl Pts',(365.508842861436,248.80813645479,7.24149266667202));
#3299=CARTESIAN_POINT('Ctrl Pts',(366.84222068485,248.808137760738,7.24145585780965));
#3300=CARTESIAN_POINT('Ctrl Pts',(368.175539988511,248.807869985368,7.24915020239632));
#3301=CARTESIAN_POINT('Ctrl Pts',(364.175539994708,247.474528640921,7.20284507146189));
#3302=CARTESIAN_POINT('Ctrl Pts',(365.508842886259,247.474798715205,7.1950861015899));
#3303=CARTESIAN_POINT('Ctrl Pts',(366.842220709672,247.474800021154,7.19504929272753));
#3304=CARTESIAN_POINT('Ctrl Pts',(368.175540013333,247.474532245783,7.2027436373142));
#3305=CARTESIAN_POINT('Ctrl Pts',(364.17554001953,246.141190901337,7.15643850637976));
#3306=CARTESIAN_POINT('Ctrl Pts',(365.508842911081,246.141460975621,7.14867953650777));
#3307=CARTESIAN_POINT('Ctrl Pts',(366.842220734494,246.141462281569,7.1486427276454));
#3308=CARTESIAN_POINT('Ctrl Pts',(368.175540038155,246.141194506199,7.15633707223207));
#3309=CARTESIAN_POINT('',(366.675539991606,250.141394551001,7.29016170692191));
#3310=CARTESIAN_POINT('',(365.675539991607,250.141394551001,7.29018760731634));
#3311=CARTESIAN_POINT('Ctrl Pts',(366.675539991602,250.141394551001,7.29016170692212));
#3312=CARTESIAN_POINT('Ctrl Pts',(366.508868028857,250.141394551001,7.28992425777374));
#3313=CARTESIAN_POINT('Ctrl Pts',(366.342195983411,250.141394551001,7.28980770721034));
#3314=CARTESIAN_POINT('Ctrl Pts',(366.008862827257,250.141394550992,7.2898163673676));
#3315=CARTESIAN_POINT('Ctrl Pts',(365.842201365128,250.141394551001,7.28994156275531));
#3316=CARTESIAN_POINT('Ctrl Pts',(365.675539991607,250.141394551001,7.29018760731625));
#3317=CARTESIAN_POINT('',(366.675539991606,248.641394551,7.23795449369343));
#3318=CARTESIAN_POINT('Ctrl Pts',(366.675539991606,248.641394551,7.23795449369335));
#3319=CARTESIAN_POINT('Ctrl Pts',(366.675539991606,249.141394550979,7.25535689810232));
#3320=CARTESIAN_POINT('Ctrl Pts',(366.675539991606,249.641394550972,7.27275930251126));
#3321=CARTESIAN_POINT('Ctrl Pts',(366.675539991606,250.141394550965,7.29016170692027));
#3322=CARTESIAN_POINT('',(368.175539991607,248.641394551,7.24335605673464));
#3323=CARTESIAN_POINT('Ctrl Pts',(368.175539991603,248.641394551,7.24335605673441));
#3324=CARTESIAN_POINT('Ctrl Pts',(367.675545441007,248.641394551,7.24046718365077));
#3325=CARTESIAN_POINT('Ctrl Pts',(367.175543088424,248.641394551,7.23866682287484));
#3326=CARTESIAN_POINT('Ctrl Pts',(366.675539991606,248.641394551,7.2379544936935));
#3327=CARTESIAN_POINT('',(368.175539991607,247.641394551001,7.20855124783441));
#3328=CARTESIAN_POINT('Ctrl Pts',(368.17553999161,247.641394551028,7.20855124783544));
#3329=CARTESIAN_POINT('Ctrl Pts',(368.17553999161,247.805967177737,7.21427916665825));
#3330=CARTESIAN_POINT('Ctrl Pts',(368.17553999161,247.970539804446,7.22000708548098));
#3331=CARTESIAN_POINT('Ctrl Pts',(368.17553999161,248.30387313777,7.23160868844739));
#3332=CARTESIAN_POINT('Ctrl Pts',(368.17553999161,248.472633844381,7.23748237259125));
#3333=CARTESIAN_POINT('Ctrl Pts',(368.17553999161,248.641394550991,7.24335605673463));
#3334=CARTESIAN_POINT('',(366.675539991606,247.641394551001,7.20314968487449));
#3335=CARTESIAN_POINT('Ctrl Pts',(366.675539991606,247.641394551001,7.20314968487445));
#3336=CARTESIAN_POINT('Ctrl Pts',(367.17554308844,247.641394551001,7.20386201402881));
#3337=CARTESIAN_POINT('Ctrl Pts',(367.675545441016,247.641394551001,7.20566237477782));
#3338=CARTESIAN_POINT('Ctrl Pts',(368.175539991607,247.641394551001,7.20855124783441));
#3339=CARTESIAN_POINT('',(366.675539991606,246.141394551,7.15094247164582));
#3340=CARTESIAN_POINT('Ctrl Pts',(366.675539991606,246.141394551,7.15094247164595));
#3341=CARTESIAN_POINT('Ctrl Pts',(366.675539991606,246.641394550993,7.16834487605514));
#3342=CARTESIAN_POINT('Ctrl Pts',(366.675539991606,247.141394550977,7.185747280464));
#3343=CARTESIAN_POINT('Ctrl Pts',(366.675539991611,247.641394550969,7.20314968487341));
#3344=CARTESIAN_POINT('',(365.675539991607,246.141394551,7.15096837225584));
#3345=CARTESIAN_POINT('Ctrl Pts',(365.67553999161,246.141394551,7.15096837225602));
#3346=CARTESIAN_POINT('Ctrl Pts',(365.842201353046,246.141394551,7.15072232767691));
#3347=CARTESIAN_POINT('Ctrl Pts',(366.008862803092,246.141394551,7.1505971322535));
#3348=CARTESIAN_POINT('Ctrl Pts',(366.342195959248,246.141394551,7.15058847198918));
#3349=CARTESIAN_POINT('Ctrl Pts',(366.508868016774,246.141394551,7.15070502251625));
#3350=CARTESIAN_POINT('Ctrl Pts',(366.675539991602,246.141394551,7.15094247164584));
#3351=CARTESIAN_POINT('',(365.675539991607,247.641394551001,7.20317558540354));
#3352=CARTESIAN_POINT('Ctrl Pts',(365.675539991607,247.641394551006,7.20317558540375));
#3353=CARTESIAN_POINT('Ctrl Pts',(365.675539991607,247.141394551022,7.18577318102173));
#3354=CARTESIAN_POINT('Ctrl Pts',(365.675539991607,246.641394551039,7.16837077663971));
#3355=CARTESIAN_POINT('Ctrl Pts',(365.675539991607,246.14139455105,7.1509683722577));
#3356=CARTESIAN_POINT('',(364.175539991606,247.641394551001,7.20865280755617));
#3357=CARTESIAN_POINT('Ctrl Pts',(364.175539991606,247.641394551001,7.20865280755638));
#3358=CARTESIAN_POINT('Ctrl Pts',(364.675534489957,247.641394551001,7.20573963444049));
#3359=CARTESIAN_POINT('Ctrl Pts',(365.175536842,247.641394551001,7.20391374724684));
#3360=CARTESIAN_POINT('Ctrl Pts',(365.675539991603,247.641394551001,7.20317558540363));
#3361=CARTESIAN_POINT('',(364.175539991606,248.641394551,7.24345761624022));
#3362=CARTESIAN_POINT('Ctrl Pts',(364.175539991606,248.641394551009,7.2434576162401));
#3363=CARTESIAN_POINT('Ctrl Pts',(364.175539991606,248.47263264277,7.23758389031073));
#3364=CARTESIAN_POINT('Ctrl Pts',(364.175539991602,248.303870734535,7.23171016438159));
#3365=CARTESIAN_POINT('Ctrl Pts',(364.175539991602,247.970537401197,7.22010856148689));
#3366=CARTESIAN_POINT('Ctrl Pts',(364.175539991602,247.805965976099,7.21438068452146));
#3367=CARTESIAN_POINT('Ctrl Pts',(364.175539991602,247.641394551001,7.20865280755602));
#3368=CARTESIAN_POINT('',(365.675539991607,248.641394551,7.23798039416864));
#3369=CARTESIAN_POINT('Ctrl Pts',(365.675539991607,248.641394551,7.23798039416864));
#3370=CARTESIAN_POINT('Ctrl Pts',(365.175536842016,248.641394551,7.2387185559848));
#3371=CARTESIAN_POINT('Ctrl Pts',(364.675534489963,248.641394551,7.24054444315137));
#3372=CARTESIAN_POINT('Ctrl Pts',(364.175539991606,248.641394551,7.24345761624036));
#3373=CARTESIAN_POINT('Ctrl Pts',(365.675539991607,250.141394551001,7.29018760731629));
#3374=CARTESIAN_POINT('Ctrl Pts',(365.675539991607,249.641394551008,7.2727852029341));
#3375=CARTESIAN_POINT('Ctrl Pts',(365.675539991607,249.14139455102,7.2553827985519));
#3376=CARTESIAN_POINT('Ctrl Pts',(365.675539991607,248.641394551028,7.23798039416971));
#3377=CARTESIAN_POINT('Origin',(380.835710974457,255.458714254405,5.03089797610117));
#3378=CARTESIAN_POINT('',(365.850539991609,255.492799652516,4.63039454832008));
#3379=CARTESIAN_POINT('',(365.850539991607,255.458714254414,5.03089797610117));
#3380=CARTESIAN_POINT('',(354.550539991615,255.492799652525,4.63039454831993));
#3381=CARTESIAN_POINT('',(354.550539991615,255.38595414861,5.8858292193145));
#3382=CARTESIAN_POINT('',(353.900539991612,255.492799652525,4.63039454831993));
#3383=CARTESIAN_POINT('',(373.505625483033,255.492799652525,4.63039454831993));
#3384=CARTESIAN_POINT('',(353.900539991612,255.38595414861,5.88582921931451));
#3385=CARTESIAN_POINT('',(344.098995573581,255.886875784304,9.54430978694631E-11));
#3386=CARTESIAN_POINT('',(347.976034030551,254.921855983521,11.3389826590579));
#3387=CARTESIAN_POINT('',(380.649375483035,255.886875784286,9.54414325349262E-11));
#3388=CARTESIAN_POINT('',(378.450539991611,255.492799652516,4.63039454831993));
#3389=CARTESIAN_POINT('',(378.450539991611,255.385954148596,5.88582921931388));
#3390=CARTESIAN_POINT('',(377.800539991611,255.492799652516,4.63039454831993));
#3391=CARTESIAN_POINT('',(373.505625483033,255.492799652525,4.63039454831993));
#3392=CARTESIAN_POINT('',(377.800539991611,255.385954148596,5.8858292193139));
#3393=CARTESIAN_POINT('',(366.500539991612,255.492799652516,4.63039454831993));
#3394=CARTESIAN_POINT('',(366.500539991612,255.385954148601,5.88582921931406));
#3395=CARTESIAN_POINT('',(373.505625483033,255.492799652525,4.63039454831993));
#3396=CARTESIAN_POINT('Origin',(384.811394456751,243.526005023314,8.48850004250459));
#3397=CARTESIAN_POINT('',(378.450539991611,242.136992916289,4.63039454831993));
#3398=CARTESIAN_POINT('',(378.450539991611,243.415020581992,8.18023081961218));
#3399=CARTESIAN_POINT('',(344.282336536703,240.469937907692,9.54430978694631E-11));
#3400=CARTESIAN_POINT('',(382.637217224183,240.469937907692,9.5439212088877E-11));
#3401=CARTESIAN_POINT('',(348.774618072628,245.274448511191,13.3449583791674));
#3402=CARTESIAN_POINT('',(353.900539991612,242.136992916289,4.63039454831993));
#3403=CARTESIAN_POINT('',(353.900539991612,243.415020581992,8.18023081961218));
#3404=CARTESIAN_POINT('',(354.550539991615,242.136992916289,4.63039454831993));
#3405=CARTESIAN_POINT('',(375.493467224178,242.136992916289,4.63039454831993));
#3406=CARTESIAN_POINT('',(354.550539991615,243.415020581992,8.18023081961218));
#3407=CARTESIAN_POINT('',(365.850539991609,242.136992916289,4.63039454831989));
#3408=CARTESIAN_POINT('',(365.850539991609,243.526005023314,8.48850004250459));
#3409=CARTESIAN_POINT('',(366.500539991612,242.136992916289,4.63039454831993));
#3410=CARTESIAN_POINT('',(375.493467224178,242.136992916289,4.63039454831993));
#3411=CARTESIAN_POINT('',(366.500539991612,243.415020581992,8.18023081961277));
#3412=CARTESIAN_POINT('',(377.800539991611,242.136992916289,4.63039454831993));
#3413=CARTESIAN_POINT('',(377.800539991611,243.415020581992,8.18023081961218));
#3414=CARTESIAN_POINT('',(375.493467224178,242.136992916289,4.63039454831993));
#3415=CARTESIAN_POINT('Origin',(346.383248873319,248.248938883276,6.43403668661771));
#3416=CARTESIAN_POINT('',(345.773514765638,247.816394551005,4.63039454831993));
#3417=CARTESIAN_POINT('',(347.371860360599,247.816394550996,9.31887496016792));
#3418=CARTESIAN_POINT('',(344.193186319217,247.966480640202,9.54430978694631E-11));
#3419=CARTESIAN_POINT('',(346.800539991607,248.466394550992,7.66567629641266));
#3420=CARTESIAN_POINT('Ctrl Pts',(346.800539991591,248.466394551006,7.6656762964076));
#3421=CARTESIAN_POINT('Ctrl Pts',(346.812883146445,248.466394551006,7.70188288397192));
#3422=CARTESIAN_POINT('Ctrl Pts',(346.825226301307,248.466394551006,7.73808947153117));
#3423=CARTESIAN_POINT('Ctrl Pts',(346.837569456161,248.466394551006,7.77429605909561));
#3424=CARTESIAN_POINT('',(345.765784850205,248.466394550992,4.63039454831986));
#3425=CARTESIAN_POINT('Ctrl Pts',(345.765784850205,248.466394551006,4.63039454831993));
#3426=CARTESIAN_POINT('Ctrl Pts',(346.11070323067,248.466394551006,5.64215513101763));
#3427=CARTESIAN_POINT('Ctrl Pts',(346.45562161114,248.466394551006,6.65391571371521));
#3428=CARTESIAN_POINT('Ctrl Pts',(346.800539991607,248.466394551006,7.66567629641291));
#3429=CARTESIAN_POINT('',(345.768564343371,248.232670059101,4.63039454831993));
#3430=CARTESIAN_POINT('Ctrl Pts',(386.535789097238,254.648206862545,9.11252285981515));
#3431=CARTESIAN_POINT('Ctrl Pts',(387.511539395363,255.395936092025,6.07501523990858));
#3432=CARTESIAN_POINT('Ctrl Pts',(388.487289693489,256.143665321505,3.03750762000201));
#3433=CARTESIAN_POINT('Ctrl Pts',(389.463039991615,256.891394550985,9.54414325349262E-11));
#3434=CARTESIAN_POINT('Ctrl Pts',(386.535789097238,253.751498170658,9.08135305469882));
#3435=CARTESIAN_POINT('Ctrl Pts',(387.511539395363,254.754497066135,6.05423536983103));
#3436=CARTESIAN_POINT('Ctrl Pts',(388.487289693489,255.757495961611,3.02711768496323));
#3437=CARTESIAN_POINT('Ctrl Pts',(389.463039991615,256.760494857087,9.54414325349262E-11));
#3438=CARTESIAN_POINT('Ctrl Pts',(386.535789097238,244.881395624987,8.78651300864983));
#3439=CARTESIAN_POINT('Ctrl Pts',(387.511539395363,243.095028498286,5.8576753391317));
#3440=CARTESIAN_POINT('Ctrl Pts',(388.487289693489,241.308661371585,2.92883766961357));
#3441=CARTESIAN_POINT('Ctrl Pts',(389.463039991615,239.522294244884,9.54414325349262E-11));
#3442=CARTESIAN_POINT('Ctrl Pts',(386.535789097238,243.984686933101,8.7553432035335));
#3443=CARTESIAN_POINT('Ctrl Pts',(387.511539395363,242.453589472396,5.83689546905415));
#3444=CARTESIAN_POINT('Ctrl Pts',(388.487289693489,240.92249201169,2.9184477345748));
#3445=CARTESIAN_POINT('Ctrl Pts',(389.463039991615,239.391394550985,9.54414325349262E-11));
#3446=CARTESIAN_POINT('',(386.538858545107,243.979870512499,8.74616255229983));
#3447=CARTESIAN_POINT('',(389.463039991615,239.391394550985,9.54414325349262E-11));
#3448=CARTESIAN_POINT('',(386.463039991631,244.098841108689,8.97293418234169));
#3449=CARTESIAN_POINT('',(389.463039991615,256.891394550985,9.54414325349262E-11));
#3450=CARTESIAN_POINT('',(389.463039991615,239.391394550985,9.54414325349262E-11));
#3451=CARTESIAN_POINT('',(386.535803917004,254.648218219113,9.11247672592694));
#3452=CARTESIAN_POINT('',(386.463039991631,254.592458344932,9.33899059755953));
#3453=CARTESIAN_POINT('Ctrl Pts',(386.538858545106,243.979870512499,8.74616255229986));
#3454=CARTESIAN_POINT('Ctrl Pts',(386.539433391325,247.539339025083,8.86818355656982));
#3455=CARTESIAN_POINT('Ctrl Pts',(386.535627710103,251.095146010045,8.98952441639902));
#3456=CARTESIAN_POINT('Ctrl Pts',(386.535803917004,254.648218219112,9.11247672592702));
#3457=CARTESIAN_POINT('Ctrl Pts',(347.502449551708,242.470083007734,8.7812985209426));
#3458=CARTESIAN_POINT('Ctrl Pts',(347.174173628655,242.476603124781,8.79939449557152));
#3459=CARTESIAN_POINT('Ctrl Pts',(346.423767775436,242.779943253742,8.85210065480029));
#3460=CARTESIAN_POINT('Ctrl Pts',(346.063479324844,243.535485110434,8.89973474044941));
#3461=CARTESIAN_POINT('Ctrl Pts',(346.063486624996,243.973990259784,8.91499639975623));
#3462=CARTESIAN_POINT('Ctrl Pts',(347.501219853582,242.413413192099,8.77939307506021));
#3463=CARTESIAN_POINT('Ctrl Pts',(347.159141157554,242.424623620282,8.7983221644958));
#3464=CARTESIAN_POINT('Ctrl Pts',(346.386702587872,242.742453043022,8.85278387228904));
#3465=CARTESIAN_POINT('Ctrl Pts',(346.009278405893,243.516376672469,8.90206379205005));
#3466=CARTESIAN_POINT('Ctrl Pts',(346.001644099035,243.973865224022,8.91861858882197));
#3467=CARTESIAN_POINT('Ctrl Pts',(347.497165831206,242.315830347287,8.74098123228488));
#3468=CARTESIAN_POINT('Ctrl Pts',(347.131361904975,242.334806078603,8.76722990670486));
#3469=CARTESIAN_POINT('Ctrl Pts',(346.320484535279,242.677778457096,8.82827956725294));
#3470=CARTESIAN_POINT('Ctrl Pts',(345.912611736107,243.484299955317,8.87532367356149));
#3471=CARTESIAN_POINT('Ctrl Pts',(345.891518295178,243.975114922875,8.88276436995142));
#3472=CARTESIAN_POINT('Ctrl Pts',(347.491357446271,242.257930180516,8.65645675401755));
#3473=CARTESIAN_POINT('Ctrl Pts',(347.111165743484,242.275877492897,8.69469573393001));
#3474=CARTESIAN_POINT('Ctrl Pts',(346.270842852277,242.632545467154,8.76598920442331));
#3475=CARTESIAN_POINT('Ctrl Pts',(345.845272012676,243.468786520517,8.80235841807232));
#3476=CARTESIAN_POINT('Ctrl Pts',(345.827207224487,243.978340572401,8.79011427828638));
#3477=CARTESIAN_POINT('Ctrl Pts',(347.488869615815,242.24354608155,8.61650363124004));
#3478=CARTESIAN_POINT('Ctrl Pts',(347.104988874575,242.258975902238,8.65936133973026));
#3479=CARTESIAN_POINT('Ctrl Pts',(346.254557154694,242.618467359459,8.73515126909332));
#3480=CARTESIAN_POINT('Ctrl Pts',(345.825062787102,243.46628223323,8.76602071996197));
#3481=CARTESIAN_POINT('Ctrl Pts',(345.812221436947,243.97987051062,8.74616254871522));
#3482=CARTESIAN_POINT('',(346.063486624996,243.973990259788,8.91499639975619));
#3483=CARTESIAN_POINT('',(345.81222143695,243.979870510616,8.74616254871518));
#3484=CARTESIAN_POINT('Ctrl Pts',(346.063486624996,243.973990259784,8.91499639975623));
#3485=CARTESIAN_POINT('Ctrl Pts',(346.001644099035,243.973865224022,8.91861858882197));
#3486=CARTESIAN_POINT('Ctrl Pts',(345.891518295178,243.975114922875,8.88276436995142));
#3487=CARTESIAN_POINT('Ctrl Pts',(345.827207224487,243.978340572401,8.79011427828638));
#3488=CARTESIAN_POINT('Ctrl Pts',(345.812221436947,243.97987051062,8.74616254871522));
#3489=CARTESIAN_POINT('',(347.488869615815,242.24354608155,8.61650363123989));
#3490=CARTESIAN_POINT('Ctrl Pts',(345.812221436947,243.97987051062,8.74616254871522));
#3491=CARTESIAN_POINT('Ctrl Pts',(345.825062787102,243.46628223323,8.76602071996197));
#3492=CARTESIAN_POINT('Ctrl Pts',(346.254557154694,242.618467359459,8.73515126909332));
#3493=CARTESIAN_POINT('Ctrl Pts',(347.104988874575,242.258975902238,8.65936133973026));
#3494=CARTESIAN_POINT('Ctrl Pts',(347.488869615815,242.24354608155,8.61650363124004));
#3495=CARTESIAN_POINT('',(347.50244955171,242.470083007729,8.7812985209425));
#3496=CARTESIAN_POINT('Origin',(347.488869615815,242.47876610551,8.53181868377294));
#3497=CARTESIAN_POINT('Ctrl Pts',(347.502449551708,242.470083007734,8.7812985209426));
#3498=CARTESIAN_POINT('Ctrl Pts',(347.174173628655,242.476603124781,8.79939449557152));
#3499=CARTESIAN_POINT('Ctrl Pts',(346.423767775436,242.779943253742,8.85210065480029));
#3500=CARTESIAN_POINT('Ctrl Pts',(346.063479324844,243.535485110434,8.89973474044941));
#3501=CARTESIAN_POINT('Ctrl Pts',(346.063486624996,243.973990259784,8.91499639975623));
#3502=CARTESIAN_POINT('Ctrl Pts',(384.8486304314,242.470083007326,8.78129852119937));
#3503=CARTESIAN_POINT('Ctrl Pts',(372.414122425056,242.223112572078,8.09585519184379));
#3504=CARTESIAN_POINT('Ctrl Pts',(359.936957558108,242.223112572413,8.09585519231059));
#3505=CARTESIAN_POINT('Ctrl Pts',(347.502449551708,242.470083007732,8.78129852094253));
#3506=CARTESIAN_POINT('Ctrl Pts',(384.849860129531,242.413413191791,8.77939307520594));
#3507=CARTESIAN_POINT('Ctrl Pts',(372.414543956881,242.166465742474,8.09386107991448));
#3508=CARTESIAN_POINT('Ctrl Pts',(359.936536026281,242.166465742775,8.09386108041724));
#3509=CARTESIAN_POINT('Ctrl Pts',(347.501219853582,242.413413192097,8.77939307506014));
#3510=CARTESIAN_POINT('Ctrl Pts',(384.853914155836,242.315830432665,8.74098113038407));
#3511=CARTESIAN_POINT('Ctrl Pts',(372.415888598964,242.068922071862,8.05527432998808));
#3512=CARTESIAN_POINT('Ctrl Pts',(359.935191384196,242.068922072084,8.05527433051517));
#3513=CARTESIAN_POINT('Ctrl Pts',(347.497165827281,242.315830432732,8.74098113030588));
#3514=CARTESIAN_POINT('Ctrl Pts',(384.859722536842,242.257930180588,8.65645675422406));
#3515=CARTESIAN_POINT('Ctrl Pts',(372.417827789324,242.011000383985,7.97058664457394));
#3516=CARTESIAN_POINT('Ctrl Pts',(359.933252193837,242.011000384159,7.97058664505793));
#3517=CARTESIAN_POINT('Ctrl Pts',(347.491357446271,242.257930180514,8.65645675401737));
#3518=CARTESIAN_POINT('Ctrl Pts',(384.862210367296,242.243546081646,8.61650363151445));
#3519=CARTESIAN_POINT('Ctrl Pts',(372.418659411034,241.996592757644,7.93056866282248));
#3520=CARTESIAN_POINT('Ctrl Pts',(359.932420572127,241.99659275781,7.93056866328373));
#3521=CARTESIAN_POINT('Ctrl Pts',(347.488869615815,242.243546081548,8.61650363123984));
#3522=CARTESIAN_POINT('',(384.862210367296,242.24354608165,8.6165036315145));
#3523=CARTESIAN_POINT('Ctrl Pts',(347.488869615815,242.243546081548,8.61650363123984));
#3524=CARTESIAN_POINT('Ctrl Pts',(359.932420572127,241.99659275781,7.93056866328373));
#3525=CARTESIAN_POINT('Ctrl Pts',(372.418659411034,241.996592757644,7.93056866282248));
#3526=CARTESIAN_POINT('Ctrl Pts',(384.862210367296,242.243546081646,8.61650363151445));
#3527=CARTESIAN_POINT('',(384.848630431402,242.470083007329,8.78129852119944));
#3528=CARTESIAN_POINT('Origin',(384.862210367296,242.47876610561,8.53181868404765));
#3529=CARTESIAN_POINT('Ctrl Pts',(384.8486304314,242.470083007326,8.78129852119937));
#3530=CARTESIAN_POINT('Ctrl Pts',(372.414122425056,242.223112572078,8.09585519184379));
#3531=CARTESIAN_POINT('Ctrl Pts',(359.936957558108,242.223112572413,8.09585519231059));
#3532=CARTESIAN_POINT('Ctrl Pts',(347.502449551708,242.470083007732,8.78129852094253));
#3533=CARTESIAN_POINT('Ctrl Pts',(386.287593357014,243.973990261122,8.91499640332009));
#3534=CARTESIAN_POINT('Ctrl Pts',(386.287600657497,243.53548511158,8.89973474306861));
#3535=CARTESIAN_POINT('Ctrl Pts',(385.927304331983,242.779949332363,8.85210047113882));
#3536=CARTESIAN_POINT('Ctrl Pts',(385.176906354616,242.476603124377,8.79939449585662));
#3537=CARTESIAN_POINT('Ctrl Pts',(384.848630431405,242.470083007328,8.78129852119969));
#3538=CARTESIAN_POINT('Ctrl Pts',(386.349435882982,243.973865225396,8.91861859239843));
#3539=CARTESIAN_POINT('Ctrl Pts',(386.341801576443,243.516376673693,8.90206379463615));
#3540=CARTESIAN_POINT('Ctrl Pts',(385.964370351391,242.742458268206,8.85278202355591));
#3541=CARTESIAN_POINT('Ctrl Pts',(385.191938825718,242.424623619981,8.79832216467771));
#3542=CARTESIAN_POINT('Ctrl Pts',(384.849860129536,242.413413191793,8.77939307520626));
#3543=CARTESIAN_POINT('Ctrl Pts',(386.459561561823,243.975114929944,8.88276421436246));
#3544=CARTESIAN_POINT('Ctrl Pts',(386.43846812119,243.484299962279,8.87532351694185));
#3545=CARTESIAN_POINT('Ctrl Pts',(386.030590195598,242.677781633045,8.82828079165997));
#3546=CARTESIAN_POINT('Ctrl Pts',(385.219718082533,242.334806170884,8.76722979661148));
#3547=CARTESIAN_POINT('Ctrl Pts',(384.853914156158,242.315830439566,8.74098112215061));
#3548=CARTESIAN_POINT('Ctrl Pts',(386.523872757565,243.978340574177,8.79011428187343));
#3549=CARTESIAN_POINT('Ctrl Pts',(386.50580796969,243.468786522189,8.80235842065692));
#3550=CARTESIAN_POINT('Ctrl Pts',(386.080231676662,242.632548242083,8.76599149798842));
#3551=CARTESIAN_POINT('Ctrl Pts',(385.239914239802,242.27587749298,8.69469573417551));
#3552=CARTESIAN_POINT('Ctrl Pts',(384.859722536847,242.257930180591,8.65645675422468));
#3553=CARTESIAN_POINT('Ctrl Pts',(386.538858545106,243.979870512501,8.74616255229987));
#3554=CARTESIAN_POINT('Ctrl Pts',(386.526017195286,243.466282235004,8.76602072256159));
#3555=CARTESIAN_POINT('Ctrl Pts',(386.096517034406,242.618470234287,8.73515336782949));
#3556=CARTESIAN_POINT('Ctrl Pts',(385.246091108727,242.258975902353,8.65936134004535));
#3557=CARTESIAN_POINT('Ctrl Pts',(384.862210367301,242.243546081649,8.61650363151515));
#3558=CARTESIAN_POINT('',(386.287593357013,243.97399026112,8.91499640331996));
#3559=CARTESIAN_POINT('Ctrl Pts',(386.287593357014,243.973990261122,8.91499640332009));
#3560=CARTESIAN_POINT('Ctrl Pts',(386.349435882982,243.973865225396,8.91861859239843));
#3561=CARTESIAN_POINT('Ctrl Pts',(386.459561561823,243.975114929944,8.88276421436246));
#3562=CARTESIAN_POINT('Ctrl Pts',(386.523872757565,243.978340574177,8.79011428187343));
#3563=CARTESIAN_POINT('Ctrl Pts',(386.538858545106,243.979870512501,8.74616255229987));
#3564=CARTESIAN_POINT('Ctrl Pts',(386.287593357014,243.973990261122,8.91499640332009));
#3565=CARTESIAN_POINT('Ctrl Pts',(386.287600657497,243.53548511158,8.89973474306861));
#3566=CARTESIAN_POINT('Ctrl Pts',(385.927304331983,242.779949332363,8.85210047113882));
#3567=CARTESIAN_POINT('Ctrl Pts',(385.176906354616,242.476603124377,8.79939449585662));
#3568=CARTESIAN_POINT('Ctrl Pts',(384.848630431405,242.470083007328,8.78129852119969));
#3569=CARTESIAN_POINT('Ctrl Pts',(384.862210367301,242.243546081649,8.61650363151515));
#3570=CARTESIAN_POINT('Ctrl Pts',(385.246091108727,242.258975902353,8.65936134004535));
#3571=CARTESIAN_POINT('Ctrl Pts',(386.096517034406,242.618470234287,8.73515336782949));
#3572=CARTESIAN_POINT('Ctrl Pts',(386.526017195286,243.466282235004,8.76602072256159));
#3573=CARTESIAN_POINT('Ctrl Pts',(386.538858545106,243.979870512501,8.74616255229987));
#3574=CARTESIAN_POINT('Ctrl Pts',(346.063486624997,243.973990259781,8.91499639975603));
#3575=CARTESIAN_POINT('Ctrl Pts',(346.063545825598,247.530048953926,9.03876086716432));
#3576=CARTESIAN_POINT('Ctrl Pts',(346.068045270944,251.086115667816,9.1622652613105));
#3577=CARTESIAN_POINT('Ctrl Pts',(346.068094822264,254.642174342506,9.28603029455931));
#3578=CARTESIAN_POINT('Ctrl Pts',(346.001644099037,243.973865224019,8.91861858882174));
#3579=CARTESIAN_POINT('Ctrl Pts',(346.001326188773,247.530784613284,9.04244421174354));
#3580=CARTESIAN_POINT('Ctrl Pts',(346.005400509795,251.086772526511,9.16595728152544));
#3581=CARTESIAN_POINT('Ctrl Pts',(346.005307365087,254.642047254795,9.28970697786355));
#3582=CARTESIAN_POINT('Ctrl Pts',(345.891518331022,243.975114924459,8.88276432432302));
#3583=CARTESIAN_POINT('Ctrl Pts',(345.890536224281,247.533546896899,9.00613555668134));
#3584=CARTESIAN_POINT('Ctrl Pts',(345.893837787036,251.089417650789,9.12908085498378));
#3585=CARTESIAN_POINT('Ctrl Pts',(345.893493758445,254.643340703734,9.25258796508155));
#3586=CARTESIAN_POINT('Ctrl Pts',(345.827207224489,243.978340572398,8.79011427828625));
#3587=CARTESIAN_POINT('Ctrl Pts',(345.826374594716,247.537625080661,8.91251155046354));
#3588=CARTESIAN_POINT('Ctrl Pts',(345.829878376204,251.093443644173,9.03429306927617));
#3589=CARTESIAN_POINT('Ctrl Pts',(345.829599765921,254.646654740048,9.15739355404603));
#3590=CARTESIAN_POINT('Ctrl Pts',(345.812221436949,243.979870510617,8.74616254871512));
#3591=CARTESIAN_POINT('Ctrl Pts',(345.81164658813,247.539339026019,8.86818354543867));
#3592=CARTESIAN_POINT('Ctrl Pts',(345.815452267181,251.095146014031,8.9895243978451));
#3593=CARTESIAN_POINT('Ctrl Pts',(345.815276057846,254.648218225539,9.11247669976735));
#3594=CARTESIAN_POINT('',(346.068094822265,254.642174342503,9.28603029455924));
#3595=CARTESIAN_POINT('Ctrl Pts',(346.063486624997,243.973990259781,8.91499639975603));
#3596=CARTESIAN_POINT('Ctrl Pts',(346.063545825598,247.530048953926,9.03876086716432));
#3597=CARTESIAN_POINT('Ctrl Pts',(346.068045270944,251.086115667816,9.1622652613105));
#3598=CARTESIAN_POINT('Ctrl Pts',(346.068094822264,254.642174342506,9.28603029455931));
#3599=CARTESIAN_POINT('',(345.815276057845,254.648218225534,9.11247669976719));
#3600=CARTESIAN_POINT('Origin',(346.053471757368,254.650855390364,9.03660935441752));
#3601=CARTESIAN_POINT('Ctrl Pts',(345.815276057846,254.648218225539,9.11247669976735));
#3602=CARTESIAN_POINT('Ctrl Pts',(345.815452267181,251.095146014031,8.9895243978451));
#3603=CARTESIAN_POINT('Ctrl Pts',(345.81164658813,247.539339026019,8.86818354543867));
#3604=CARTESIAN_POINT('Ctrl Pts',(345.812221436949,243.979870510617,8.74616254871512));
#3605=CARTESIAN_POINT('Ctrl Pts',(337.273038718358,269.306045569051,10.4253872010618));
#3606=CARTESIAN_POINT('Ctrl Pts',(366.792600603187,269.392683167653,7.93616079657682));
#3607=CARTESIAN_POINT('Ctrl Pts',(396.303064852273,269.302374578992,10.53089242062));
#3608=CARTESIAN_POINT('Ctrl Pts',(337.273039516265,226.445991826763,8.93365122572306));
#3609=CARTESIAN_POINT('Ctrl Pts',(366.792601401094,226.53262942536,6.4444248212381));
#3610=CARTESIAN_POINT('Ctrl Pts',(396.303065650179,226.4423208367,9.03915644528132));
#3611=CARTESIAN_POINT('',(386.282985152257,254.642174335531,9.28603032068187));
#3612=CARTESIAN_POINT('Ctrl Pts',(386.28298515226,254.642174335537,9.28603032068198));
#3613=CARTESIAN_POINT('Ctrl Pts',(386.283034706085,251.086115663646,9.16226527991499));
#3614=CARTESIAN_POINT('Ctrl Pts',(386.287534153729,247.53004895251,9.03876087823936));
#3615=CARTESIAN_POINT('Ctrl Pts',(386.287593357014,243.97399026112,8.91499640332006));
#3616=CARTESIAN_POINT('',(384.876821285393,256.115146519769,9.2577480360703));
#3617=CARTESIAN_POINT('Ctrl Pts',(384.876821285392,256.115146519767,9.2577480360703));
#3618=CARTESIAN_POINT('Ctrl Pts',(385.306132980053,256.113159710793,9.28108299373552));
#3619=CARTESIAN_POINT('Ctrl Pts',(386.035985984223,255.718795261576,9.30884966843766));
#3620=CARTESIAN_POINT('Ctrl Pts',(386.282980658182,254.964676073267,9.29725466887189));
#3621=CARTESIAN_POINT('Ctrl Pts',(386.282985152258,254.642174335537,9.28603032068186));
#3622=CARTESIAN_POINT('',(347.474258684476,256.11514652257,9.25774800892176));
#3623=CARTESIAN_POINT('Ctrl Pts',(347.474258684476,256.11514652257,9.25774800892175));
#3624=CARTESIAN_POINT('Ctrl Pts',(359.92943096876,256.172787736574,8.58075524626146));
#3625=CARTESIAN_POINT('Ctrl Pts',(372.421649002091,256.172787735626,8.58075525539737));
#3626=CARTESIAN_POINT('Ctrl Pts',(384.876821285392,256.115146519751,9.25774803606975));
#3627=CARTESIAN_POINT('Ctrl Pts',(346.068094822262,254.642174342506,9.28603029455938));
#3628=CARTESIAN_POINT('Ctrl Pts',(346.06810081413,255.072181694416,9.30099626646112));
#3629=CARTESIAN_POINT('Ctrl Pts',(346.408417052685,255.821601164824,9.30691407343095));
#3630=CARTESIAN_POINT('Ctrl Pts',(347.152271143305,256.11365639844,9.27524943162905));
#3631=CARTESIAN_POINT('Ctrl Pts',(347.474258684475,256.115146522571,9.2577480089218));
#3632=CARTESIAN_POINT('Ctrl Pts',(384.876821285392,256.115146519767,9.2577480360703));
#3633=CARTESIAN_POINT('Ctrl Pts',(385.306132980053,256.113159710793,9.28108299373552));
#3634=CARTESIAN_POINT('Ctrl Pts',(386.035985984223,255.718795261576,9.30884966843766));
#3635=CARTESIAN_POINT('Ctrl Pts',(386.282980658182,254.964676073267,9.29725466887189));
#3636=CARTESIAN_POINT('Ctrl Pts',(386.282985152258,254.642174335537,9.28603032068186));
#3637=CARTESIAN_POINT('Ctrl Pts',(384.876993914493,256.178472594435,9.25996149900324));
#3638=CARTESIAN_POINT('Ctrl Pts',(385.326971302226,256.170767289948,9.28405885358669));
#3639=CARTESIAN_POINT('Ctrl Pts',(386.079840872104,255.754595132838,9.31252127142439));
#3640=CARTESIAN_POINT('Ctrl Pts',(386.336174942882,254.976484404866,9.30075104028787));
#3641=CARTESIAN_POINT('Ctrl Pts',(386.337924177338,254.642063133818,9.28924741864927));
#3642=CARTESIAN_POINT('Ctrl Pts',(384.880101870576,256.306254754534,9.21365711997795));
#3643=CARTESIAN_POINT('Ctrl Pts',(385.370634447409,256.287194161594,9.24918818575927));
#3644=CARTESIAN_POINT('Ctrl Pts',(386.169307999371,255.827224194964,9.28665408441469));
#3645=CARTESIAN_POINT('Ctrl Pts',(386.444389917714,255.00122881678,9.27255634726989));
#3646=CARTESIAN_POINT('Ctrl Pts',(386.449707306895,254.643155470525,9.25790682232205));
#3647=CARTESIAN_POINT('Ctrl Pts',(384.886970237383,256.367563718493,9.09251228177509));
#3648=CARTESIAN_POINT('Ctrl Pts',(385.395435606985,256.354190866513,9.14731956667351));
#3649=CARTESIAN_POINT('Ctrl Pts',(386.229494612034,255.876044113674,9.20420934807333));
#3650=CARTESIAN_POINT('Ctrl Pts',(386.514215179623,255.018140926763,9.18541730384298));
#3651=CARTESIAN_POINT('Ctrl Pts',(386.519092924233,254.646394152581,9.16487972263343));
#3652=CARTESIAN_POINT('Ctrl Pts',(384.890421723167,256.372929081027,9.02946927199134));
#3653=CARTESIAN_POINT('Ctrl Pts',(385.399547961514,256.367725855861,9.09060716769422));
#3654=CARTESIAN_POINT('Ctrl Pts',(386.246533365729,255.890175844396,9.15654272297603));
#3655=CARTESIAN_POINT('Ctrl Pts',(386.532624172108,255.022776577722,9.13547968826786));
#3656=CARTESIAN_POINT('Ctrl Pts',(386.535803917003,254.648218219113,9.11247672592708));
#3657=CARTESIAN_POINT('Origin',(386.297608217483,254.650855383939,9.03660938057823));
#3658=CARTESIAN_POINT('',(384.890421723167,256.372929081031,9.02946927199123));
#3659=CARTESIAN_POINT('Ctrl Pts',(386.535803917003,254.648218219113,9.11247672592708));
#3660=CARTESIAN_POINT('Ctrl Pts',(386.532624172108,255.022776577722,9.13547968826786));
#3661=CARTESIAN_POINT('Ctrl Pts',(386.246533365729,255.890175844396,9.15654272297603));
#3662=CARTESIAN_POINT('Ctrl Pts',(385.399547961514,256.367725855861,9.09060716769422));
#3663=CARTESIAN_POINT('Ctrl Pts',(384.890421723167,256.372929081027,9.02946927199134));
#3664=CARTESIAN_POINT('Origin',(384.890421723167,256.123829579228,9.00826931439094));
#3665=CARTESIAN_POINT('Ctrl Pts',(347.474258684476,256.11514652257,9.25774800892175));
#3666=CARTESIAN_POINT('Ctrl Pts',(359.92943096876,256.172787736574,8.58075524626146));
#3667=CARTESIAN_POINT('Ctrl Pts',(372.421649002091,256.172787735626,8.58075525539737));
#3668=CARTESIAN_POINT('Ctrl Pts',(384.876821285392,256.115146519751,9.25774803606975));
#3669=CARTESIAN_POINT('Ctrl Pts',(347.474086055373,256.178472597158,9.25996147172324));
#3670=CARTESIAN_POINT('Ctrl Pts',(359.929356563622,256.236110380616,8.58295681767391));
#3671=CARTESIAN_POINT('Ctrl Pts',(372.421723407236,256.236110379696,8.5829568268522));
#3672=CARTESIAN_POINT('Ctrl Pts',(384.876993914493,256.178472594419,9.25996149900269));
#3673=CARTESIAN_POINT('Ctrl Pts',(347.470978099889,256.306254766234,9.21365710297493));
#3674=CARTESIAN_POINT('Ctrl Pts',(359.928335544735,256.36388932211,8.53653316630531));
#3675=CARTESIAN_POINT('Ctrl Pts',(372.422744426208,256.363889321278,8.536533175528));
#3676=CARTESIAN_POINT('Ctrl Pts',(384.880101870053,256.306254763759,9.21365713038121));
#3677=CARTESIAN_POINT('Ctrl Pts',(347.464109732752,256.367563720797,9.09251225451037));
#3678=CARTESIAN_POINT('Ctrl Pts',(359.926037822807,256.425211682777,8.41514726483273));
#3679=CARTESIAN_POINT('Ctrl Pts',(372.425042148318,256.425211681995,8.41514727400716));
#3680=CARTESIAN_POINT('Ctrl Pts',(384.886970237382,256.367563718477,9.09251228177485));
#3681=CARTESIAN_POINT('Ctrl Pts',(347.460658247064,256.372929083325,9.02946924480577));
#3682=CARTESIAN_POINT('Ctrl Pts',(359.924888509283,256.4305874633,8.35198328012812));
#3683=CARTESIAN_POINT('Ctrl Pts',(372.426191461933,256.430587462521,8.35198328927657));
#3684=CARTESIAN_POINT('Ctrl Pts',(384.890421723167,256.372929081012,9.02946927199117));
#3685=CARTESIAN_POINT('',(347.460658247064,256.372929083332,9.02946924480585));
#3686=CARTESIAN_POINT('Ctrl Pts',(384.890421723167,256.372929081012,9.02946927199117));
#3687=CARTESIAN_POINT('Ctrl Pts',(372.426191461933,256.430587462521,8.35198328927657));
#3688=CARTESIAN_POINT('Ctrl Pts',(359.924888509283,256.4305874633,8.35198328012812));
#3689=CARTESIAN_POINT('Ctrl Pts',(347.460658247064,256.372929083325,9.02946924480577));
#3690=CARTESIAN_POINT('Origin',(347.460658247064,256.123829581529,9.00826928720501));
#3691=CARTESIAN_POINT('Ctrl Pts',(386.28298515226,254.642174335537,9.28603032068198));
#3692=CARTESIAN_POINT('Ctrl Pts',(386.283034706085,251.086115663646,9.16226527991499));
#3693=CARTESIAN_POINT('Ctrl Pts',(386.287534153729,247.53004895251,9.03876087823936));
#3694=CARTESIAN_POINT('Ctrl Pts',(386.287593357014,243.97399026112,8.91499640332006));
#3695=CARTESIAN_POINT('Ctrl Pts',(386.345772609494,254.642047247858,9.28970700407326));
#3696=CARTESIAN_POINT('Ctrl Pts',(386.34567946729,251.08677252228,9.16595730019118));
#3697=CARTESIAN_POINT('Ctrl Pts',(386.349753790573,247.530784611887,9.04244422285701));
#3698=CARTESIAN_POINT('Ctrl Pts',(386.349435882983,243.973865225394,8.91861859239839));
#3699=CARTESIAN_POINT('Ctrl Pts',(386.457586086468,254.64334070257,9.25258782982803));
#3700=CARTESIAN_POINT('Ctrl Pts',(386.45724206036,251.089417652171,9.12908071214515));
#3701=CARTESIAN_POINT('Ctrl Pts',(386.460543634385,247.533546900977,9.00613541412928));
#3702=CARTESIAN_POINT('Ctrl Pts',(386.459561530282,243.975114931339,8.8827641742079));
#3703=CARTESIAN_POINT('Ctrl Pts',(386.521480208916,254.646654733514,9.15739358024677));
#3704=CARTESIAN_POINT('Ctrl Pts',(386.521201601081,251.093443640096,9.03429308787395));
#3705=CARTESIAN_POINT('Ctrl Pts',(386.52470538473,247.537625079623,8.9125115616045));
#3706=CARTESIAN_POINT('Ctrl Pts',(386.523872757565,243.978340574175,8.79011428187342));
#3707=CARTESIAN_POINT('Ctrl Pts',(386.535803917004,254.648218219112,9.11247672592702));
#3708=CARTESIAN_POINT('Ctrl Pts',(386.535627710103,251.095146010045,8.98952441639902));
#3709=CARTESIAN_POINT('Ctrl Pts',(386.539433391325,247.539339025083,8.86818355656982));
#3710=CARTESIAN_POINT('Ctrl Pts',(386.538858545106,243.979870512499,8.74616255229986));
#3711=CARTESIAN_POINT('Ctrl Pts',(346.068094822262,254.642174342506,9.28603029455938));
#3712=CARTESIAN_POINT('Ctrl Pts',(346.06810081413,255.072181694416,9.30099626646112));
#3713=CARTESIAN_POINT('Ctrl Pts',(346.408417052685,255.821601164824,9.30691407343095));
#3714=CARTESIAN_POINT('Ctrl Pts',(347.152271143305,256.11365639844,9.27524943162905));
#3715=CARTESIAN_POINT('Ctrl Pts',(347.474258684475,256.115146522571,9.2577480089218));
#3716=CARTESIAN_POINT('Ctrl Pts',(346.013155797233,254.642063140759,9.28924739245057));
#3717=CARTESIAN_POINT('Ctrl Pts',(346.01548813687,255.087963389871,9.30458573327522));
#3718=CARTESIAN_POINT('Ctrl Pts',(346.366568705698,255.860983009664,9.31051501683351));
#3719=CARTESIAN_POINT('Ctrl Pts',(347.1365990629,256.172693551149,9.27803469879785));
#3720=CARTESIAN_POINT('Ctrl Pts',(347.474086055372,256.178472597159,9.25996147172329));
#3721=CARTESIAN_POINT('Ctrl Pts',(345.901372397107,254.643155463621,9.25790718993213));
#3722=CARTESIAN_POINT('Ctrl Pts',(345.908462332129,255.120592182318,9.27744011759245));
#3723=CARTESIAN_POINT('Ctrl Pts',(346.28117900613,255.940867863355,9.28438183046099));
#3724=CARTESIAN_POINT('Ctrl Pts',(347.103074389758,256.29195969069,9.2403063179629));
#3725=CARTESIAN_POINT('Ctrl Pts',(347.470978130242,256.306255302799,9.21365770707843));
#3726=CARTESIAN_POINT('Ctrl Pts',(345.831987050598,254.646394159133,9.1648796964259));
#3727=CARTESIAN_POINT('Ctrl Pts',(345.838490785979,255.142062328598,9.19226345775251));
#3728=CARTESIAN_POINT('Ctrl Pts',(346.225374414395,255.994782682378,9.20087293443654));
#3729=CARTESIAN_POINT('Ctrl Pts',(347.082756240136,256.357533964379,9.13361819906944));
#3730=CARTESIAN_POINT('Ctrl Pts',(347.464109732751,256.367563720798,9.09251225451074));
#3731=CARTESIAN_POINT('Ctrl Pts',(345.815276057845,254.648218225539,9.11247669976746));
#3732=CARTESIAN_POINT('Ctrl Pts',(345.819515767066,255.147635218165,9.14314767446215));
#3733=CARTESIAN_POINT('Ctrl Pts',(346.210577407994,256.010647310261,9.15250545617151));
#3734=CARTESIAN_POINT('Ctrl Pts',(347.078809097049,256.36902661879,9.0753232030931));
#3735=CARTESIAN_POINT('Ctrl Pts',(347.460658247063,256.372929083327,9.02946924480621));
#3736=CARTESIAN_POINT('Ctrl Pts',(347.460658247063,256.372929083327,9.02946924480621));
#3737=CARTESIAN_POINT('Ctrl Pts',(347.078809097049,256.36902661879,9.0753232030931));
#3738=CARTESIAN_POINT('Ctrl Pts',(346.210577407994,256.010647310261,9.15250545617151));
#3739=CARTESIAN_POINT('Ctrl Pts',(345.819515767066,255.147635218165,9.14314767446215));
#3740=CARTESIAN_POINT('Ctrl Pts',(345.815276057845,254.648218225539,9.11247669976746));
#3741=CARTESIAN_POINT('Ctrl Pts',(347.540523441448,242.280375378049,8.71880029982219));
#3742=CARTESIAN_POINT('Ctrl Pts',(346.073028958166,241.234048435694,5.81253353324661));
#3743=CARTESIAN_POINT('Ctrl Pts',(344.605534474885,240.187721493339,2.90626676667102));
#3744=CARTESIAN_POINT('Ctrl Pts',(343.138039991604,239.141394550985,9.54414325349262E-11));
#3745=CARTESIAN_POINT('Ctrl Pts',(347.155118580644,242.280375378049,8.7188002998222));
#3746=CARTESIAN_POINT('Ctrl Pts',(345.79711932828,241.234423886542,5.81254881477214));
#3747=CARTESIAN_POINT('Ctrl Pts',(344.439939375155,240.187346042492,2.9062514851455));
#3748=CARTESIAN_POINT('Ctrl Pts',(343.08194012279,239.141394550985,9.54414325349262E-11));
#3749=CARTESIAN_POINT('Ctrl Pts',(346.254342190281,242.594243767993,8.72971463950369));
#3750=CARTESIAN_POINT('Ctrl Pts',(345.152785792383,241.458326414935,5.81980138189805));
#3751=CARTESIAN_POINT('Ctrl Pts',(344.05237872102,240.323026563029,2.90991325770108));
#3752=CARTESIAN_POINT('Ctrl Pts',(342.950822323121,239.187109209971,9.54414325349262E-11));
#3753=CARTESIAN_POINT('Ctrl Pts',(345.823028958172,243.483267361444,8.76062920686586));
#3754=CARTESIAN_POINT('Ctrl Pts',(344.846290030363,242.095029316537,5.84044604277903));
#3755=CARTESIAN_POINT('Ctrl Pts',(343.864778919413,240.704832770807,2.92018316418228));
#3756=CARTESIAN_POINT('Ctrl Pts',(342.888039991604,239.316594725899,9.54414325349262E-11));
#3757=CARTESIAN_POINT('Ctrl Pts',(345.823028958172,243.99682912015,8.77848760758896));
#3758=CARTESIAN_POINT('Ctrl Pts',(344.844699302649,242.461684263761,5.85232507175779));
#3759=CARTESIAN_POINT('Ctrl Pts',(343.866369647127,240.926539407373,2.92616253592661));
#3760=CARTESIAN_POINT('Ctrl Pts',(342.888039991604,239.391394550985,9.54414325349262E-11));
#3761=CARTESIAN_POINT('',(342.888039991603,239.391394550985,9.54414325349262E-11));
#3762=CARTESIAN_POINT('',(345.888039991623,244.098841108689,8.97293418234169));
#3763=CARTESIAN_POINT('',(343.138039991604,239.141394550984,9.54414325349262E-11));
#3764=CARTESIAN_POINT('Origin',(343.138039991604,239.391394550985,9.54414325349262E-11));
#3765=CARTESIAN_POINT('',(347.638039991623,242.349904902644,8.91192477980525));
#3766=CARTESIAN_POINT('Ctrl Pts',(345.815290877818,243.984686920236,8.75534317901156));
#3767=CARTESIAN_POINT('Ctrl Pts',(344.839540582413,242.453589463819,5.83689545270619));
#3768=CARTESIAN_POINT('Ctrl Pts',(343.863790287008,240.922492007402,2.91844772640081));
#3769=CARTESIAN_POINT('Ctrl Pts',(342.888039991603,239.391394550985,9.54419876464385E-11));
#3770=CARTESIAN_POINT('Ctrl Pts',(345.815290877818,244.881395609978,8.78651298404058));
#3771=CARTESIAN_POINT('Ctrl Pts',(344.839540582413,243.09502848828,5.85767532272553));
#3772=CARTESIAN_POINT('Ctrl Pts',(343.863790287008,241.308661366582,2.92883766141049));
#3773=CARTESIAN_POINT('Ctrl Pts',(342.888039991603,239.522294244884,9.54419876464385E-11));
#3774=CARTESIAN_POINT('Ctrl Pts',(345.815290877818,253.751498179075,9.0813530292634));
#3775=CARTESIAN_POINT('Ctrl Pts',(344.839540582413,254.754497071747,6.05423535287409));
#3776=CARTESIAN_POINT('Ctrl Pts',(343.863790287008,255.757495964418,3.02711767648476));
#3777=CARTESIAN_POINT('Ctrl Pts',(342.888039991603,256.76049485709,9.54419876464385E-11));
#3778=CARTESIAN_POINT('Ctrl Pts',(345.815290877818,254.648206868813,9.11252283429232));
#3779=CARTESIAN_POINT('Ctrl Pts',(344.839540582413,255.395936096204,6.07501522289336));
#3780=CARTESIAN_POINT('Ctrl Pts',(343.863790287008,256.143665323594,3.0375076114944));
#3781=CARTESIAN_POINT('Ctrl Pts',(342.888039991603,256.891394550985,9.54419876464385E-11));
#3782=CARTESIAN_POINT('',(342.888039991603,256.891394550985,9.54419876464385E-11));
#3783=CARTESIAN_POINT('',(342.888039991603,256.891394550985,9.54419876464385E-11));
#3784=CARTESIAN_POINT('',(345.888039991623,254.592458344919,9.33899059755903));
#3785=CARTESIAN_POINT('Ctrl Pts',(345.817040294492,254.6468662697,9.11796876292091));
#3786=CARTESIAN_POINT('Ctrl Pts',(344.840706860196,255.395042363462,6.07864584197908));
#3787=CARTESIAN_POINT('Ctrl Pts',(343.8643734259,256.143218457223,3.03932292103726));
#3788=CARTESIAN_POINT('Ctrl Pts',(342.888039991604,256.891394550985,9.54419876464385E-11));
#3789=CARTESIAN_POINT('Ctrl Pts',(345.817040294492,255.031366138763,9.13133523424059));
#3790=CARTESIAN_POINT('Ctrl Pts',(344.841081810873,255.670347914992,6.08756790796241));
#3791=CARTESIAN_POINT('Ctrl Pts',(343.863998475223,256.308512643569,3.04376732637362));
#3792=CARTESIAN_POINT('Ctrl Pts',(342.888039991604,256.947494419799,9.54419876464385E-11));
#3793=CARTESIAN_POINT('Ctrl Pts',(346.130552298574,255.930026349424,9.16257559840831));
#3794=CARTESIAN_POINT('Ctrl Pts',(345.064747804759,256.313270024139,6.10839927092227));
#3795=CARTESIAN_POINT('Ctrl Pts',(343.999559267628,256.695368396826,3.05417632758148));
#3796=CARTESIAN_POINT('Ctrl Pts',(342.933754773814,257.078612071541,9.54419876464385E-11));
#3797=CARTESIAN_POINT('Ctrl Pts',(347.018563200179,256.360327803528,9.17753428242325));
#3798=CARTESIAN_POINT('Ctrl Pts',(345.70077415287,256.619097029917,6.11829162076451));
#3799=CARTESIAN_POINT('Ctrl Pts',(344.381029213828,256.882625324595,3.05924266175418));
#3800=CARTESIAN_POINT('Ctrl Pts',(343.063240166519,257.141394550985,9.54419876464385E-11));
#3801=CARTESIAN_POINT('Ctrl Pts',(347.531540445924,256.360327803529,9.1775342824233));
#3802=CARTESIAN_POINT('Ctrl Pts',(346.067040294484,256.620683386014,6.11835618831401));
#3803=CARTESIAN_POINT('Ctrl Pts',(344.602540143044,256.8810389685,3.05917809420473));
#3804=CARTESIAN_POINT('Ctrl Pts',(343.138039991604,257.141394550985,9.54419876464385E-11));
#3805=CARTESIAN_POINT('',(343.138039991604,257.141394550986,9.54414325349262E-11));
#3806=CARTESIAN_POINT('',(347.638039991618,256.341394550959,9.40000000009546));
#3807=CARTESIAN_POINT('Origin',(343.138039991604,256.891394550985,9.54419876464385E-11));
#3808=CARTESIAN_POINT('Origin',(376.213039991626,256.341394550959,9.40000000009546));
#3809=CARTESIAN_POINT('',(389.213039991616,257.141394550986,9.54414325349262E-11));
#3810=CARTESIAN_POINT('',(360.638039991609,257.141394550986,9.54414325349262E-11));
#3811=CARTESIAN_POINT('',(384.713039991627,256.341394550977,9.40000000009597));
#3812=CARTESIAN_POINT('Ctrl Pts',(384.818940228167,256.360221259694,9.17878617265446));
#3813=CARTESIAN_POINT('Ctrl Pts',(386.283640149317,256.620612356791,6.11919078180146));
#3814=CARTESIAN_POINT('Ctrl Pts',(387.748340070466,256.881003453888,3.05959539094845));
#3815=CARTESIAN_POINT('Ctrl Pts',(389.213039991616,257.141394550985,9.54414325349262E-11));
#3816=CARTESIAN_POINT('Ctrl Pts',(385.331977244873,256.360221259695,9.17878617265448));
#3817=CARTESIAN_POINT('Ctrl Pts',(386.649946049305,256.619025784303,6.11912620544445));
#3818=CARTESIAN_POINT('Ctrl Pts',(387.96987101227,256.882590026376,3.05965996730547));
#3819=CARTESIAN_POINT('Ctrl Pts',(389.287839816702,257.141394550985,9.54414325349262E-11));
#3820=CARTESIAN_POINT('Ctrl Pts',(386.220089572885,255.929867222356,9.16382536295882));
#3821=CARTESIAN_POINT('Ctrl Pts',(387.286039451081,256.313163174615,6.10923242101062));
#3822=CARTESIAN_POINT('Ctrl Pts',(388.351375033398,256.695315761763,3.05459294204364));
#3823=CARTESIAN_POINT('Ctrl Pts',(389.417324911594,257.078611714022,9.54414325349262E-11));
#3824=CARTESIAN_POINT('Ctrl Pts',(386.533640149323,255.031104763315,9.13258082254632));
#3825=CARTESIAN_POINT('Ctrl Pts',(387.509731761598,255.670173701844,6.08839830167832));
#3826=CARTESIAN_POINT('Ctrl Pts',(388.486948379342,256.30842548127,3.04418252096343));
#3827=CARTESIAN_POINT('Ctrl Pts',(389.463039991616,256.947494419799,9.54414325349262E-11));
#3828=CARTESIAN_POINT('Ctrl Pts',(386.533640149323,254.646560097823,9.11921252793133));
#3829=CARTESIAN_POINT('Ctrl Pts',(387.510106763421,255.394838248877,6.0794750186527));
#3830=CARTESIAN_POINT('Ctrl Pts',(388.486573377519,256.143116399931,3.03973750937407));
#3831=CARTESIAN_POINT('Ctrl Pts',(389.463039991616,256.891394550985,9.54414325349262E-11));
#3832=CARTESIAN_POINT('Origin',(389.213039991616,256.891394550985,9.54414325349262E-11));
#3833=CARTESIAN_POINT('Origin',(380.463039991612,248.141394550985,9.54414325349262E-11));
#3834=CARTESIAN_POINT('',(389.213039991616,239.141394550984,9.54414325349262E-11));
#3835=CARTESIAN_POINT('Origin',(389.213039991616,239.391394550985,9.54414325349262E-11));
#3836=CARTESIAN_POINT('',(371.713039991612,239.141394550984,9.54414325349262E-11));
#3837=CARTESIAN_POINT('Ctrl Pts',(386.528051024443,243.996829121148,8.77848760949262));
#3838=CARTESIAN_POINT('Ctrl Pts',(387.506380680168,242.461684264427,5.85232507302689));
#3839=CARTESIAN_POINT('Ctrl Pts',(388.484710335892,240.926539407706,2.92616253656117));
#3840=CARTESIAN_POINT('Ctrl Pts',(389.463039991616,239.391394550985,9.54414325349262E-11));
#3841=CARTESIAN_POINT('Ctrl Pts',(386.528051024444,243.483267362348,8.76062920876565));
#3842=CARTESIAN_POINT('Ctrl Pts',(387.504789952454,242.095029317139,5.84044604404557));
#3843=CARTESIAN_POINT('Ctrl Pts',(388.486301063606,240.704832771108,2.92018316481553));
#3844=CARTESIAN_POINT('Ctrl Pts',(389.463039991616,239.316594725899,9.54414325349262E-11));
#3845=CARTESIAN_POINT('Ctrl Pts',(386.096735048912,242.594246052549,8.72971472081337));
#3846=CARTESIAN_POINT('Ctrl Pts',(387.198291447038,241.458328699245,5.81980146257669));
#3847=CARTESIAN_POINT('Ctrl Pts',(388.298700862649,240.323026895911,2.90991325833213));
#3848=CARTESIAN_POINT('Ctrl Pts',(389.400257260776,239.187109542607,9.54414325349262E-11));
#3849=CARTESIAN_POINT('Ctrl Pts',(385.195961401724,242.28037537873,8.71880030171292));
#3850=CARTESIAN_POINT('Ctrl Pts',(386.553960654373,241.234423886996,5.81254881603263));
#3851=CARTESIAN_POINT('Ctrl Pts',(387.911140607782,240.187346042719,2.90625148577573));
#3852=CARTESIAN_POINT('Ctrl Pts',(389.26913986043,239.141394550985,9.54414325349262E-11));
#3853=CARTESIAN_POINT('Ctrl Pts',(384.81055654085,242.280375378729,8.71880030171291));
#3854=CARTESIAN_POINT('Ctrl Pts',(386.278051024439,241.234048436148,5.81253353450708));
#3855=CARTESIAN_POINT('Ctrl Pts',(387.745545508027,240.187721493566,2.90626676730126));
#3856=CARTESIAN_POINT('Ctrl Pts',(389.213039991616,239.141394550985,9.54414325349262E-11));
#3857=CARTESIAN_POINT('',(384.71303999163,242.349904902644,8.91192477980525));
#3858=CARTESIAN_POINT('Origin',(384.71303999163,242.349904902644,8.91192477980525));
#3859=CARTESIAN_POINT('Origin',(369.125539991608,239.149367042005,0.200000000095442));
#3860=CARTESIAN_POINT('',(377.625539991607,248.641394551,0.200000000095438));
#3861=CARTESIAN_POINT('',(377.625539991607,250.141394551001,0.200000000095438));
#3862=CARTESIAN_POINT('',(377.625539991607,243.895380796503,0.20000000009544));
#3863=CARTESIAN_POINT('',(376.125539991608,248.641394551,0.200000000095438));
#3864=CARTESIAN_POINT('',(372.625539991607,248.641394551,0.200000000095439));
#3865=CARTESIAN_POINT('',(376.125539991608,247.641394551001,0.200000000095439));
#3866=CARTESIAN_POINT('',(376.125539991608,243.395380796501,0.20000000009544));
#3867=CARTESIAN_POINT('',(377.625539991607,247.641394551001,0.200000000095439));
#3868=CARTESIAN_POINT('',(373.375539991607,247.641394551001,0.200000000095439));
#3869=CARTESIAN_POINT('',(377.625539991607,246.141394551,0.200000000095439));
#3870=CARTESIAN_POINT('',(377.625539991607,243.895380796503,0.20000000009544));
#3871=CARTESIAN_POINT('',(378.625539991608,246.141394551,0.200000000095439));
#3872=CARTESIAN_POINT('',(373.875539991607,246.141394551,0.20000000009544));
#3873=CARTESIAN_POINT('',(378.625539991608,247.641394551001,0.200000000095439));
#3874=CARTESIAN_POINT('',(378.625539991608,243.395380796501,0.20000000009544));
#3875=CARTESIAN_POINT('',(380.125539991607,247.641394551001,0.200000000095439));
#3876=CARTESIAN_POINT('',(373.375539991607,247.641394551001,0.200000000095439));
#3877=CARTESIAN_POINT('',(380.125539991607,248.641394551,0.200000000095438));
#3878=CARTESIAN_POINT('',(380.125539991607,243.895380796503,0.20000000009544));
#3879=CARTESIAN_POINT('',(378.625539991608,248.641394551,0.200000000095438));
#3880=CARTESIAN_POINT('',(373.875539991607,248.641394551,0.200000000095439));
#3881=CARTESIAN_POINT('',(378.625539991608,250.141394551001,0.200000000095438));
#3882=CARTESIAN_POINT('',(378.625539991608,244.645380796501,0.20000000009544));
#3883=CARTESIAN_POINT('',(373.375539991607,250.141394551001,0.200000000095438));
#3884=CARTESIAN_POINT('Origin',(377.625539991607,250.141394551001,9.543754675434E-11));
#3885=CARTESIAN_POINT('',(377.625539991607,250.141394551001,9.543754675434E-11));
#3886=CARTESIAN_POINT('',(378.625539991608,250.141394551001,9.543754675434E-11));
#3887=CARTESIAN_POINT('Origin',(378.625539991608,250.141394551001,9.543754675434E-11));
#3888=CARTESIAN_POINT('',(378.625539991608,248.641394551,9.543754675434E-11));
#3889=CARTESIAN_POINT('Origin',(377.625539991607,248.641394551,9.543754675434E-11));
#3890=CARTESIAN_POINT('',(377.625539991607,248.641394551,9.543754675434E-11));
#3891=CARTESIAN_POINT('Origin',(378.625539991608,248.641394551,9.543754675434E-11));
#3892=CARTESIAN_POINT('',(380.125539991607,248.641394551,9.543754675434E-11));
#3893=CARTESIAN_POINT('Origin',(376.125539991608,248.641394551,9.543754675434E-11));
#3894=CARTESIAN_POINT('',(376.125539991608,248.641394551,9.543754675434E-11));
#3895=CARTESIAN_POINT('Origin',(380.125539991607,248.641394551,9.543754675434E-11));
#3896=CARTESIAN_POINT('',(380.125539991607,247.641394551001,9.54386569773646E-11));
#3897=CARTESIAN_POINT('Origin',(376.125539991608,247.641394551001,9.54386569773646E-11));
#3898=CARTESIAN_POINT('',(376.125539991608,247.641394551001,9.54386569773646E-11));
#3899=CARTESIAN_POINT('Origin',(377.625539991607,247.641394551001,9.54386569773646E-11));
#3900=CARTESIAN_POINT('',(378.625539991608,247.641394551001,9.54386569773646E-11));
#3901=CARTESIAN_POINT('Origin',(377.625539991607,247.641394551001,9.54386569773646E-11));
#3902=CARTESIAN_POINT('',(377.625539991607,247.641394551001,9.54386569773646E-11));
#3903=CARTESIAN_POINT('Origin',(378.625539991608,247.641394551001,9.54386569773646E-11));
#3904=CARTESIAN_POINT('',(378.625539991608,246.141394551,9.54386569773646E-11));
#3905=CARTESIAN_POINT('Origin',(378.625539991608,246.141394551,9.5439212088877E-11));
#3906=CARTESIAN_POINT('',(377.625539991607,246.141394551,9.54386569773646E-11));
#3907=CARTESIAN_POINT('Origin',(377.625539991607,248.641394551,9.543754675434E-11));
#3908=CARTESIAN_POINT('Origin',(353.725539991606,248.641394551,9.543754675434E-11));
#3909=CARTESIAN_POINT('',(353.725539991606,246.141394551,0.200000000095439));
#3910=CARTESIAN_POINT('',(353.725539991606,246.141394551,9.54386569773646E-11));
#3911=CARTESIAN_POINT('',(353.725539991606,247.641394551001,0.200000000095439));
#3912=CARTESIAN_POINT('',(353.725539991606,243.895380796503,0.20000000009544));
#3913=CARTESIAN_POINT('',(353.725539991606,247.641394551001,9.54386569773646E-11));
#3914=CARTESIAN_POINT('Origin',(354.725539991605,246.141394551,9.5439212088877E-11));
#3915=CARTESIAN_POINT('',(354.725539991605,246.141394551,0.200000000095439));
#3916=CARTESIAN_POINT('',(354.725539991605,246.141394551,9.54386569773646E-11));
#3917=CARTESIAN_POINT('',(349.975539991606,246.141394551,0.20000000009544));
#3918=CARTESIAN_POINT('Origin',(354.725539991605,247.641394551001,9.54386569773646E-11));
#3919=CARTESIAN_POINT('',(354.725539991605,247.641394551001,0.200000000095439));
#3920=CARTESIAN_POINT('',(354.725539991605,247.641394551001,9.54386569773646E-11));
#3921=CARTESIAN_POINT('',(354.725539991605,243.395380796501,0.20000000009544));
#3922=CARTESIAN_POINT('Origin',(353.725539991606,247.641394551001,9.54386569773646E-11));
#3923=CARTESIAN_POINT('',(352.225539991605,247.641394551001,0.200000000095439));
#3924=CARTESIAN_POINT('',(349.475539991606,247.641394551001,0.200000000095439));
#3925=CARTESIAN_POINT('',(352.225539991605,247.641394551001,9.54386569773646E-11));
#3926=CARTESIAN_POINT('Origin',(353.725539991606,247.641394551001,9.54386569773646E-11));
#3927=CARTESIAN_POINT('',(356.225539991606,247.641394551001,0.200000000095439));
#3928=CARTESIAN_POINT('',(356.225539991606,247.641394551001,9.54386569773646E-11));
#3929=CARTESIAN_POINT('',(349.475539991606,247.641394551001,0.200000000095439));
#3930=CARTESIAN_POINT('Origin',(352.225539991605,247.641394551001,9.54386569773646E-11));
#3931=CARTESIAN_POINT('',(352.225539991605,248.641394551,0.200000000095438));
#3932=CARTESIAN_POINT('',(352.225539991605,243.395380796501,0.20000000009544));
#3933=CARTESIAN_POINT('',(352.225539991605,248.641394551,9.543754675434E-11));
#3934=CARTESIAN_POINT('Origin',(356.225539991606,248.641394551,9.543754675434E-11));
#3935=CARTESIAN_POINT('',(356.225539991606,248.641394551,0.200000000095438));
#3936=CARTESIAN_POINT('',(356.225539991606,248.641394551,9.543754675434E-11));
#3937=CARTESIAN_POINT('',(356.225539991606,243.895380796503,0.20000000009544));
#3938=CARTESIAN_POINT('Origin',(352.225539991605,248.641394551,9.543754675434E-11));
#3939=CARTESIAN_POINT('',(353.725539991606,248.641394551,0.200000000095438));
#3940=CARTESIAN_POINT('',(348.725539991606,248.641394551,0.200000000095439));
#3941=CARTESIAN_POINT('',(353.725539991606,248.641394551,9.543754675434E-11));
#3942=CARTESIAN_POINT('Origin',(354.725539991605,248.641394551,9.543754675434E-11));
#3943=CARTESIAN_POINT('',(354.725539991605,248.641394551,0.200000000095438));
#3944=CARTESIAN_POINT('',(354.725539991605,248.641394551,9.543754675434E-11));
#3945=CARTESIAN_POINT('',(349.975539991606,248.641394551,0.200000000095439));
#3946=CARTESIAN_POINT('Origin',(353.725539991606,248.641394551,9.543754675434E-11));
#3947=CARTESIAN_POINT('',(353.725539991606,250.141394551001,0.200000000095438));
#3948=CARTESIAN_POINT('',(353.725539991606,243.895380796503,0.20000000009544));
#3949=CARTESIAN_POINT('',(353.725539991606,250.141394551001,9.543754675434E-11));
#3950=CARTESIAN_POINT('Origin',(354.725539991605,250.141394551001,9.543754675434E-11));
#3951=CARTESIAN_POINT('',(354.725539991605,250.141394551001,0.200000000095438));
#3952=CARTESIAN_POINT('',(354.725539991605,250.141394551001,9.543754675434E-11));
#3953=CARTESIAN_POINT('',(354.725539991605,244.645380796501,0.20000000009544));
#3954=CARTESIAN_POINT('Origin',(353.725539991606,250.141394551001,9.543754675434E-11));
#3955=CARTESIAN_POINT('',(349.475539991606,250.141394551001,0.200000000095438));
#3956=CARTESIAN_POINT('Origin',(345.225539991607,239.149367042005,0.200000000095442));
#3957=CARTESIAN_POINT('Origin',(357.175539991606,239.149367042005,0.200000000095442));
#3958=CARTESIAN_POINT('',(366.175539991607,245.441394551003,0.200000000095442));
#3959=CARTESIAN_POINT('Origin',(366.175539991607,248.141394550998,0.200000000095442));
#3960=CARTESIAN_POINT('',(365.675539991607,248.641394551,0.200000000095438));
#3961=CARTESIAN_POINT('',(365.675539991607,250.141394551001,0.200000000095438));
#3962=CARTESIAN_POINT('',(365.675539991607,243.895380796503,0.20000000009544));
#3963=CARTESIAN_POINT('',(364.175539991606,248.641394551,0.200000000095438));
#3964=CARTESIAN_POINT('',(360.675539991607,248.641394551,0.200000000095439));
#3965=CARTESIAN_POINT('',(364.175539991606,247.641394551001,0.200000000095439));
#3966=CARTESIAN_POINT('',(364.175539991606,243.395380796501,0.20000000009544));
#3967=CARTESIAN_POINT('',(365.675539991607,247.641394551001,0.200000000095439));
#3968=CARTESIAN_POINT('',(361.425539991606,247.641394551001,0.200000000095439));
#3969=CARTESIAN_POINT('',(365.675539991607,246.141394551,0.200000000095439));
#3970=CARTESIAN_POINT('',(365.675539991607,243.895380796503,0.20000000009544));
#3971=CARTESIAN_POINT('',(366.675539991606,246.141394551,0.200000000095439));
#3972=CARTESIAN_POINT('',(361.925539991607,246.141394551,0.20000000009544));
#3973=CARTESIAN_POINT('',(366.675539991606,247.641394551001,0.200000000095439));
#3974=CARTESIAN_POINT('',(366.675539991606,243.395380796501,0.20000000009544));
#3975=CARTESIAN_POINT('',(368.175539991607,247.641394551001,0.200000000095439));
#3976=CARTESIAN_POINT('',(361.425539991606,247.641394551001,0.200000000095439));
#3977=CARTESIAN_POINT('',(368.175539991607,248.641394551,0.200000000095438));
#3978=CARTESIAN_POINT('',(368.175539991607,243.895380796503,0.20000000009544));
#3979=CARTESIAN_POINT('',(366.675539991606,248.641394551,0.200000000095438));
#3980=CARTESIAN_POINT('',(361.925539991607,248.641394551,0.200000000095439));
#3981=CARTESIAN_POINT('',(366.675539991606,250.141394551001,0.200000000095438));
#3982=CARTESIAN_POINT('',(366.675539991606,244.645380796501,0.20000000009544));
#3983=CARTESIAN_POINT('',(361.425539991606,250.141394551001,0.200000000095438));
#3984=CARTESIAN_POINT('Origin',(366.175539991607,248.141394550998,9.54414325349262E-11));
#3985=CARTESIAN_POINT('',(366.500539991612,250.821762995824,4.63039454831993));
#3986=CARTESIAN_POINT('',(366.500539991612,250.821762995824,9.54414325349262E-11));
#3987=CARTESIAN_POINT('',(368.855908436431,248.466394550992,4.63039454831993));
#3988=CARTESIAN_POINT('Ctrl Pts',(368.855908436431,248.466394550992,4.63039454831993));
#3989=CARTESIAN_POINT('Ctrl Pts',(368.855908436431,248.466394550992,5.50088576144744));
#3990=CARTESIAN_POINT('Ctrl Pts',(368.855908436431,248.466394550992,6.37137697457494));
#3991=CARTESIAN_POINT('Ctrl Pts',(368.855908436431,248.466394550992,7.24186818770244));
#3992=CARTESIAN_POINT('',(368.855908436426,247.816394550987,4.63039454831993));
#3993=CARTESIAN_POINT('Origin',(366.175539991607,248.141394550998,4.63039454831993));
#3994=CARTESIAN_POINT('',(368.855908436426,247.816394550987,9.54414325349262E-11));
#3995=CARTESIAN_POINT('',(366.500539991612,245.461026106177,4.63039454831993));
#3996=CARTESIAN_POINT('',(366.500539991612,245.461026106177,9.54414325349262E-11));
#3997=CARTESIAN_POINT('',(366.175539991607,245.441394550998,4.63039454831993));
#3998=CARTESIAN_POINT('Origin',(366.175539991607,248.141394550998,4.63039454831993));
#3999=CARTESIAN_POINT('',(366.175539991607,245.441394550998,9.54414325349262E-11));
#4000=CARTESIAN_POINT('',(365.850539991609,245.461026106177,4.63039454831993));
#4001=CARTESIAN_POINT('Origin',(366.175539991607,248.141394550998,4.63039454831993));
#4002=CARTESIAN_POINT('Ctrl Pts',(365.850539991607,245.461026106182,7.12707433921646));
#4003=CARTESIAN_POINT('Ctrl Pts',(365.850539991607,245.461026106182,6.29484774225095));
#4004=CARTESIAN_POINT('Ctrl Pts',(365.850539991607,245.461026106182,5.46262114528544));
#4005=CARTESIAN_POINT('Ctrl Pts',(365.850539991607,245.461026106177,4.63039454831993));
#4006=CARTESIAN_POINT('',(363.495171546786,247.816394550996,4.63039454831993));
#4007=CARTESIAN_POINT('',(363.495171546786,247.816394550987,9.54414325349262E-11));
#4008=CARTESIAN_POINT('',(363.495171546783,248.466394550996,4.63039454831993));
#4009=CARTESIAN_POINT('Origin',(366.175539991607,248.141394550998,4.63039454831993));
#4010=CARTESIAN_POINT('Ctrl Pts',(363.495171546783,248.466394550992,7.24200197177612));
#4011=CARTESIAN_POINT('Ctrl Pts',(363.495171546783,248.466394550992,6.37146616395739));
#4012=CARTESIAN_POINT('Ctrl Pts',(363.495171546783,248.466394550996,5.50093035613866));
#4013=CARTESIAN_POINT('Ctrl Pts',(363.495171546783,248.466394550996,4.63039454831993));
#4014=CARTESIAN_POINT('',(365.850539991609,250.821762995815,4.63039454831993));
#4015=CARTESIAN_POINT('Ctrl Pts',(365.850539991609,250.821762995824,4.63039454831993));
#4016=CARTESIAN_POINT('Ctrl Pts',(365.850539991609,250.821762995824,5.52481428606372));
#4017=CARTESIAN_POINT('Ctrl Pts',(365.850539991607,250.821762995824,6.4192340238075));
#4018=CARTESIAN_POINT('Ctrl Pts',(365.850539991607,250.821762995824,7.31365376155128));
#4019=CARTESIAN_POINT('Origin',(366.175539991607,248.141394550998,4.63039454831993));
#4020=CARTESIAN_POINT('Origin',(365.675539991607,250.141394551001,9.543754675434E-11));
#4021=CARTESIAN_POINT('',(365.675539991607,250.141394551001,9.543754675434E-11));
#4022=CARTESIAN_POINT('',(366.675539991606,250.141394551001,9.543754675434E-11));
#4023=CARTESIAN_POINT('Origin',(366.675539991606,250.141394551001,9.543754675434E-11));
#4024=CARTESIAN_POINT('',(366.675539991606,248.641394551,9.543754675434E-11));
#4025=CARTESIAN_POINT('Origin',(365.675539991607,248.641394551,9.543754675434E-11));
#4026=CARTESIAN_POINT('',(365.675539991607,248.641394551,9.543754675434E-11));
#4027=CARTESIAN_POINT('Origin',(366.675539991606,248.641394551,9.543754675434E-11));
#4028=CARTESIAN_POINT('',(368.175539991607,248.641394551,9.543754675434E-11));
#4029=CARTESIAN_POINT('Origin',(364.175539991606,248.641394551,9.543754675434E-11));
#4030=CARTESIAN_POINT('',(364.175539991606,248.641394551,9.543754675434E-11));
#4031=CARTESIAN_POINT('Origin',(368.175539991607,248.641394551,9.543754675434E-11));
#4032=CARTESIAN_POINT('',(368.175539991607,247.641394551001,9.54386569773646E-11));
#4033=CARTESIAN_POINT('Origin',(364.175539991606,247.641394551001,9.54386569773646E-11));
#4034=CARTESIAN_POINT('',(364.175539991606,247.641394551001,9.54386569773646E-11));
#4035=CARTESIAN_POINT('Origin',(365.675539991607,247.641394551001,9.54386569773646E-11));
#4036=CARTESIAN_POINT('',(366.675539991606,247.641394551001,9.54386569773646E-11));
#4037=CARTESIAN_POINT('Origin',(365.675539991607,247.641394551001,9.54386569773646E-11));
#4038=CARTESIAN_POINT('',(365.675539991607,247.641394551001,9.54386569773646E-11));
#4039=CARTESIAN_POINT('Origin',(366.675539991606,247.641394551001,9.54386569773646E-11));
#4040=CARTESIAN_POINT('',(366.675539991606,246.141394551,9.54386569773646E-11));
#4041=CARTESIAN_POINT('Origin',(366.675539991606,246.141394551,9.5439212088877E-11));
#4042=CARTESIAN_POINT('',(365.675539991607,246.141394551,9.54386569773646E-11));
#4043=CARTESIAN_POINT('Origin',(365.675539991607,248.641394551,9.543754675434E-11));
#4044=CARTESIAN_POINT('Ctrl Pts',(357.175539991606,248.466394550996,3.13039454831993));
#4045=CARTESIAN_POINT('Ctrl Pts',(357.175539991606,248.466394550996,4.63039454831993));
#4046=CARTESIAN_POINT('Ctrl Pts',(357.175539991606,248.466394550996,7.63039454831993));
#4047=CARTESIAN_POINT('Ctrl Pts',(357.175539991606,248.466394550996,15.1303945483199));
#4048=CARTESIAN_POINT('Ctrl Pts',(375.175539991606,248.466394550992,3.13039454831993));
#4049=CARTESIAN_POINT('Ctrl Pts',(375.175539991606,248.466394550992,4.63039454831993));
#4050=CARTESIAN_POINT('Ctrl Pts',(375.175539991606,248.466394550992,7.63039454831993));
#4051=CARTESIAN_POINT('Ctrl Pts',(375.175539991606,248.466394550992,15.1303945483199));
#4052=CARTESIAN_POINT('Ctrl Pts',(424.175539991606,248.466394550969,3.13039454831993));
#4053=CARTESIAN_POINT('Ctrl Pts',(424.175539991606,248.466394550969,4.63039454831993));
#4054=CARTESIAN_POINT('Ctrl Pts',(424.175539991606,248.466394550969,7.63039454831993));
#4055=CARTESIAN_POINT('Ctrl Pts',(424.175539991606,248.466394550969,15.1303945483199));
#4056=CARTESIAN_POINT('',(385.550539991614,248.466394550992,4.63039454831993));
#4057=CARTESIAN_POINT('',(385.550539991614,248.466394550983,6.13039454831993));
#4058=CARTESIAN_POINT('Ctrl Pts',(385.550539991614,248.466394550992,4.63039454831993));
#4059=CARTESIAN_POINT('Ctrl Pts',(383.968996139886,248.466394550992,4.63039454831993));
#4060=CARTESIAN_POINT('Ctrl Pts',(382.387452288167,248.466394550992,4.63039454831993));
#4061=CARTESIAN_POINT('Ctrl Pts',(380.805908436434,248.466394550992,4.63039454831993));
#4062=CARTESIAN_POINT('Origin',(366.175539991607,247.816394550987,6.13039454831993));
#4063=CARTESIAN_POINT('',(366.175539991607,247.816394550987,4.63039454831993));
#4064=CARTESIAN_POINT('Origin',(366.175539991607,248.466394550992,4.63039454831993));
#4065=CARTESIAN_POINT('Ctrl Pts',(385.550539991614,248.466394550992,4.63039454831993));
#4066=CARTESIAN_POINT('Ctrl Pts',(386.74739974271,248.466394550992,4.63039454831993));
#4067=CARTESIAN_POINT('Ctrl Pts',(357.175539991606,248.466394550996,4.63039454831993));
#4068=CARTESIAN_POINT('Ctrl Pts',(357.175539991606,248.466394550996,7.63039454831993));
#4069=CARTESIAN_POINT('Ctrl Pts',(357.175539991606,248.466394550996,15.1303945483199));
#4070=CARTESIAN_POINT('Ctrl Pts',(375.175539991606,248.466394550992,4.63039454831993));
#4071=CARTESIAN_POINT('Ctrl Pts',(375.175539991606,248.466394550992,7.63039454831993));
#4072=CARTESIAN_POINT('Ctrl Pts',(375.175539991606,248.466394550992,15.1303945483199));
#4073=CARTESIAN_POINT('Ctrl Pts',(423.675539991607,248.466394550969,4.63039454831993));
#4074=CARTESIAN_POINT('Ctrl Pts',(423.675539991607,248.466394550969,7.63039454831993));
#4075=CARTESIAN_POINT('Ctrl Pts',(423.675539991607,248.466394550969,15.1303945483199));
#4076=CARTESIAN_POINT('Origin',(377.800539991611,248.141394550985,6.13039454831993));
#4077=CARTESIAN_POINT('',(377.800539991611,248.141394550985,4.63039454831993));
#4078=CARTESIAN_POINT('Origin',(378.450539991611,248.141394550985,6.13039454831993));
#4079=CARTESIAN_POINT('',(378.450539991611,248.141394550985,4.63039454831993));
#4080=CARTESIAN_POINT('Origin',(366.175539991607,248.466394550992,4.63039454831993));
#4081=CARTESIAN_POINT('Origin',(353.900539991612,248.141394550985,6.13039454831993));
#4082=CARTESIAN_POINT('',(353.900539991612,248.141394550985,4.63039454831993));
#4083=CARTESIAN_POINT('Origin',(366.175539991607,248.466394550992,4.63039454831993));
#4084=CARTESIAN_POINT('',(354.550539991615,248.141394550985,4.63039454831993));
#4085=CARTESIAN_POINT('Origin',(354.550539991615,248.141394550985,6.13039454831993));
#4086=CARTESIAN_POINT('Ctrl Pts',(357.175539991606,248.466394550996,3.13039454831993));
#4087=CARTESIAN_POINT('Ctrl Pts',(357.175539991606,248.466394550996,4.63039454831993));
#4088=CARTESIAN_POINT('Ctrl Pts',(357.175539991606,248.466394550996,7.63039454831993));
#4089=CARTESIAN_POINT('Ctrl Pts',(357.175539991606,248.466394550996,15.1303945483199));
#4090=CARTESIAN_POINT('Ctrl Pts',(375.175539991606,248.466394550992,3.13039454831993));
#4091=CARTESIAN_POINT('Ctrl Pts',(375.175539991606,248.466394550992,4.63039454831993));
#4092=CARTESIAN_POINT('Ctrl Pts',(375.175539991606,248.466394550992,7.63039454831993));
#4093=CARTESIAN_POINT('Ctrl Pts',(375.175539991606,248.466394550992,15.1303945483199));
#4094=CARTESIAN_POINT('Ctrl Pts',(424.175539991606,248.466394550969,3.13039454831993));
#4095=CARTESIAN_POINT('Ctrl Pts',(424.175539991606,248.466394550969,4.63039454831993));
#4096=CARTESIAN_POINT('Ctrl Pts',(424.175539991606,248.466394550969,7.63039454831993));
#4097=CARTESIAN_POINT('Ctrl Pts',(424.175539991606,248.466394550969,15.1303945483199));
#4098=CARTESIAN_POINT('Ctrl Pts',(375.445171546787,248.466394550992,4.63039454831993));
#4099=CARTESIAN_POINT('Ctrl Pts',(373.248750510002,248.466394550992,4.63039454831993));
#4100=CARTESIAN_POINT('Ctrl Pts',(371.052329473218,248.466394550992,4.63039454831993));
#4101=CARTESIAN_POINT('Ctrl Pts',(368.855908436431,248.466394550992,4.63039454831993));
#4102=CARTESIAN_POINT('Origin',(366.175539991607,247.816394550987,6.13039454831993));
#4103=CARTESIAN_POINT('',(366.175539991607,247.816394550987,4.63039454831993));
#4104=CARTESIAN_POINT('Origin',(366.175539991607,248.466394550992,4.63039454831993));
#4105=CARTESIAN_POINT('Origin',(366.175539991607,247.816394550987,6.13039454831993));
#4106=CARTESIAN_POINT('',(366.175539991607,247.816394550996,4.63039454831993));
#4107=CARTESIAN_POINT('Origin',(366.175539991607,248.466394550992,4.63039454831993));
#4108=CARTESIAN_POINT('Ctrl Pts',(356.905908436427,248.466394551006,4.63039454831993));
#4109=CARTESIAN_POINT('Ctrl Pts',(359.102329473214,248.466394551006,4.63039454831993));
#4110=CARTESIAN_POINT('Ctrl Pts',(361.298750509998,248.466394551006,4.63039454831993));
#4111=CARTESIAN_POINT('Ctrl Pts',(363.495171546786,248.466394550996,4.63039454831993));
#4112=CARTESIAN_POINT('Ctrl Pts',(308.175539991607,248.466394551019,-109.369605451666));
#4113=CARTESIAN_POINT('Ctrl Pts',(308.175539991607,248.466394551019,4.63039454831993));
#4114=CARTESIAN_POINT('Ctrl Pts',(308.175539991607,248.466394551019,7.63039454831993));
#4115=CARTESIAN_POINT('Ctrl Pts',(308.175539991607,248.466394551019,44.2803965483585));
#4116=CARTESIAN_POINT('Ctrl Pts',(357.175539991606,248.466394550996,-109.369605451666));
#4117=CARTESIAN_POINT('Ctrl Pts',(357.175539991606,248.466394550996,4.63039454831993));
#4118=CARTESIAN_POINT('Ctrl Pts',(357.175539991606,248.466394550996,7.63039454831993));
#4119=CARTESIAN_POINT('Ctrl Pts',(357.175539991606,248.466394550996,44.2803965483585));
#4120=CARTESIAN_POINT('Ctrl Pts',(375.175539991606,248.466394550992,-109.369605451666));
#4121=CARTESIAN_POINT('Ctrl Pts',(375.175539991606,248.466394550992,4.63039454831993));
#4122=CARTESIAN_POINT('Ctrl Pts',(375.175539991606,248.466394550992,7.63039454831993));
#4123=CARTESIAN_POINT('Ctrl Pts',(375.175539991606,248.466394550992,44.2803965483585));
#4124=CARTESIAN_POINT('Ctrl Pts',(365.850539991591,172.94139455099,4.63039454831993));
#4125=CARTESIAN_POINT('Ctrl Pts',(365.850539991591,172.94139455099,7.63039454831993));
#4126=CARTESIAN_POINT('Ctrl Pts',(365.850539991591,172.94139455099,15.1303945483199));
#4127=CARTESIAN_POINT('Ctrl Pts',(365.850539991607,239.141394550984,4.63039454831993));
#4128=CARTESIAN_POINT('Ctrl Pts',(365.850539991607,239.141394550984,7.63039454831993));
#4129=CARTESIAN_POINT('Ctrl Pts',(365.850539991607,239.141394550984,15.1303945483199));
#4130=CARTESIAN_POINT('Ctrl Pts',(365.850539991609,257.141394550986,4.63039454831993));
#4131=CARTESIAN_POINT('Ctrl Pts',(365.850539991609,257.141394550986,7.63039454831993));
#4132=CARTESIAN_POINT('Ctrl Pts',(365.850539991609,257.141394550986,15.1303945483199));
#4133=CARTESIAN_POINT('Ctrl Pts',(365.850539991609,259.841394550981,4.63039454831993));
#4134=CARTESIAN_POINT('Ctrl Pts',(365.850539991609,259.841394550981,7.63039454831993));
#4135=CARTESIAN_POINT('Ctrl Pts',(365.850539991609,259.841394550981,15.1303945483199));
#4136=CARTESIAN_POINT('Ctrl Pts',(365.850539991609,242.136992916289,4.63039454831993));
#4137=CARTESIAN_POINT('Ctrl Pts',(365.850539991609,245.461026106177,4.63039454831993));
#4138=CARTESIAN_POINT('Origin',(366.500539991612,248.141394550985,6.13039454831993));
#4139=CARTESIAN_POINT('',(366.500539991612,248.141394550985,4.63039454831993));
#4140=CARTESIAN_POINT('Origin',(366.175539991607,248.466394550992,4.63039454831993));
#4141=CARTESIAN_POINT('Ctrl Pts',(365.850539991591,172.94139455099,4.63039454831993));
#4142=CARTESIAN_POINT('Ctrl Pts',(365.850539991591,172.94139455099,7.63039454831993));
#4143=CARTESIAN_POINT('Ctrl Pts',(365.850539991591,172.94139455099,15.1303945483199));
#4144=CARTESIAN_POINT('Ctrl Pts',(365.850539991607,239.141394550984,4.63039454831993));
#4145=CARTESIAN_POINT('Ctrl Pts',(365.850539991607,239.141394550984,7.63039454831993));
#4146=CARTESIAN_POINT('Ctrl Pts',(365.850539991607,239.141394550984,15.1303945483199));
#4147=CARTESIAN_POINT('Ctrl Pts',(365.850539991609,257.141394550986,4.63039454831993));
#4148=CARTESIAN_POINT('Ctrl Pts',(365.850539991609,257.141394550986,7.63039454831993));
#4149=CARTESIAN_POINT('Ctrl Pts',(365.850539991609,257.141394550986,15.1303945483199));
#4150=CARTESIAN_POINT('Ctrl Pts',(365.850539991609,259.841394550981,4.63039454831993));
#4151=CARTESIAN_POINT('Ctrl Pts',(365.850539991609,259.841394550981,7.63039454831993));
#4152=CARTESIAN_POINT('Ctrl Pts',(365.850539991609,259.841394550981,15.1303945483199));
#4153=CARTESIAN_POINT('Ctrl Pts',(365.850539991609,250.821762995824,4.63039454831993));
#4154=CARTESIAN_POINT('Ctrl Pts',(365.850539991609,255.492799652516,4.63039454831993));
#4155=CARTESIAN_POINT('Origin',(366.500539991612,248.141394550985,6.13039454831993));
#4156=CARTESIAN_POINT('',(366.500539991612,248.141394550985,4.63039454831993));
#4157=CARTESIAN_POINT('Origin',(366.175539991607,248.466394550992,4.63039454831993));
#4158=CARTESIAN_POINT('Ctrl Pts',(308.675539991607,248.466394551019,-109.369605451666));
#4159=CARTESIAN_POINT('Ctrl Pts',(308.675539991607,248.466394551019,4.63039454831993));
#4160=CARTESIAN_POINT('Ctrl Pts',(308.675539991607,248.466394551019,7.63039454831993));
#4161=CARTESIAN_POINT('Ctrl Pts',(308.675539991607,248.466394551019,44.2803965483585));
#4162=CARTESIAN_POINT('Ctrl Pts',(357.175539991606,248.466394550996,-109.369605451666));
#4163=CARTESIAN_POINT('Ctrl Pts',(357.175539991606,248.466394550996,4.63039454831993));
#4164=CARTESIAN_POINT('Ctrl Pts',(357.175539991606,248.466394550996,7.63039454831993));
#4165=CARTESIAN_POINT('Ctrl Pts',(357.175539991606,248.466394550996,44.2803965483585));
#4166=CARTESIAN_POINT('Ctrl Pts',(375.175539991606,248.466394550992,-109.369605451666));
#4167=CARTESIAN_POINT('Ctrl Pts',(375.175539991606,248.466394550992,4.63039454831993));
#4168=CARTESIAN_POINT('Ctrl Pts',(375.175539991606,248.466394550992,7.63039454831993));
#4169=CARTESIAN_POINT('Ctrl Pts',(375.175539991606,248.466394550992,44.2803965483585));
#4170=CARTESIAN_POINT('',(346.800539991607,248.466394550992,4.63039454831993));
#4171=CARTESIAN_POINT('',(346.800539991607,248.466394550992,6.13039454831993));
#4172=CARTESIAN_POINT('Ctrl Pts',(345.765784850205,248.466394550992,4.63039454831993));
#4173=CARTESIAN_POINT('Ctrl Pts',(346.800539991607,248.466394550992,4.63039454831993));
#4174=CARTESIAN_POINT('Origin',(366.175539991607,248.466394550992,4.63039454831993));
#4175=CARTESIAN_POINT('',(366.175539991607,247.816394550996,4.63039454831993));
#4176=CARTESIAN_POINT('Ctrl Pts',(346.800539991614,248.466394550996,4.63039454831993));
#4177=CARTESIAN_POINT('Ctrl Pts',(348.382083843337,248.466394550996,4.63039454831993));
#4178=CARTESIAN_POINT('Ctrl Pts',(349.963627695058,248.466394550996,4.63039454831993));
#4179=CARTESIAN_POINT('Ctrl Pts',(351.545171546782,248.466394550996,4.63039454831993));
#4180=CARTESIAN_POINT('Origin',(366.175539991607,247.816394550987,6.13039454831993));
#4181=CARTESIAN_POINT('Ctrl Pts',(308.175539991607,248.466394551019,-109.369605451666));
#4182=CARTESIAN_POINT('Ctrl Pts',(308.175539991607,248.466394551019,4.63039454831993));
#4183=CARTESIAN_POINT('Ctrl Pts',(308.175539991607,248.466394551019,7.63039454831993));
#4184=CARTESIAN_POINT('Ctrl Pts',(308.175539991607,248.466394551019,44.2803965483585));
#4185=CARTESIAN_POINT('Ctrl Pts',(357.175539991606,248.466394550996,-109.369605451666));
#4186=CARTESIAN_POINT('Ctrl Pts',(357.175539991606,248.466394550996,4.63039454831993));
#4187=CARTESIAN_POINT('Ctrl Pts',(357.175539991606,248.466394550996,7.63039454831993));
#4188=CARTESIAN_POINT('Ctrl Pts',(357.175539991606,248.466394550996,44.2803965483585));
#4189=CARTESIAN_POINT('Ctrl Pts',(375.175539991606,248.466394550992,-109.369605451666));
#4190=CARTESIAN_POINT('Ctrl Pts',(375.175539991606,248.466394550992,4.63039454831993));
#4191=CARTESIAN_POINT('Ctrl Pts',(375.175539991606,248.466394550992,7.63039454831993));
#4192=CARTESIAN_POINT('Ctrl Pts',(375.175539991606,248.466394550992,44.2803965483585));
#4193=CARTESIAN_POINT('Origin',(354.550539991615,248.141394550985,6.13039454831993));
#4194=CARTESIAN_POINT('',(354.550539991615,248.141394550985,4.63039454831993));
#4195=CARTESIAN_POINT('Origin',(366.175539991607,248.466394550992,4.63039454831993));
#4196=CARTESIAN_POINT('',(353.900539991612,248.141394550985,4.63039454831993));
#4197=CARTESIAN_POINT('Origin',(353.900539991612,248.141394550985,6.13039454831993));
#4198=CARTESIAN_POINT('Origin',(366.175539991607,248.466394550992,4.63039454831993));
#4199=CARTESIAN_POINT('',(378.450539991611,248.141394550985,4.63039454831993));
#4200=CARTESIAN_POINT('',(377.800539991611,248.141394550985,4.63039454831993));
#4201=CARTESIAN_POINT('Origin',(377.800539991611,248.141394550985,6.13039454831993));
#4202=CARTESIAN_POINT('Origin',(378.450539991611,248.141394550985,6.13039454831993));
#4203=UNCERTAINTY_MEASURE_WITH_UNIT(LENGTH_MEASURE(0.01),#4207,
'DISTANCE_ACCURACY_VALUE',
'Maximum model space distance between geometric entities at asserted c
onnectivities');
#4204=UNCERTAINTY_MEASURE_WITH_UNIT(LENGTH_MEASURE(0.01),#4207,
'DISTANCE_ACCURACY_VALUE',
'Maximum model space distance between geometric entities at asserted c
onnectivities');
#4205=(
GEOMETRIC_REPRESENTATION_CONTEXT(3)
GLOBAL_UNCERTAINTY_ASSIGNED_CONTEXT((#4203))
GLOBAL_UNIT_ASSIGNED_CONTEXT((#4207,#4209,#4210))
REPRESENTATION_CONTEXT('','3D')
);
#4206=(
GEOMETRIC_REPRESENTATION_CONTEXT(3)
GLOBAL_UNCERTAINTY_ASSIGNED_CONTEXT((#4204))
GLOBAL_UNIT_ASSIGNED_CONTEXT((#4207,#4209,#4210))
REPRESENTATION_CONTEXT('','3D')
);
#4207=(
LENGTH_UNIT()
NAMED_UNIT(*)
SI_UNIT(.MILLI.,.METRE.)
);
#4208=(
LENGTH_UNIT()
NAMED_UNIT(*)
SI_UNIT($,.METRE.)
);
#4209=(
NAMED_UNIT(*)
PLANE_ANGLE_UNIT()
SI_UNIT($,.RADIAN.)
);
#4210=(
NAMED_UNIT(*)
SI_UNIT($,.STERADIAN.)
SOLID_ANGLE_UNIT()
);
#4211=SHAPE_DEFINITION_REPRESENTATION(#4212,#4213);
#4212=PRODUCT_DEFINITION_SHAPE('',$,#4215);
#4213=SHAPE_REPRESENTATION('',(#2011,#1998),#4205);
#4214=PRODUCT_DEFINITION_CONTEXT('part definition',#4219,'design');
#4215=PRODUCT_DEFINITION(
'_CHERRYMX CAD_CAM KEYCAPS.0a65399a-5414-456f-92bb-ff9080eeff1a',
'_CHERRYMX CAD_CAM KEYCAPS.0a65399a-5414-456f-92bb-ff9080eeff1a',#4216,
#4214);
#4216=PRODUCT_DEFINITION_FORMATION('',$,#4221);
#4217=PRODUCT_RELATED_PRODUCT_CATEGORY(
'_CHERRYMX CAD_CAM KEYCAPS.0a65399a-5414-456f-92bb-ff9080eeff1a',
'_CHERRYMX CAD_CAM KEYCAPS.0a65399a-5414-456f-92bb-ff9080eeff1a',(#4221));
#4218=APPLICATION_PROTOCOL_DEFINITION('international standard',
'automotive_design',2009,#4219);
#4219=APPLICATION_CONTEXT(
'Core Data for Automotive Mechanical Design Process');
#4220=PRODUCT_CONTEXT('part definition',#4219,'mechanical');
#4221=PRODUCT(
'_CHERRYMX CAD_CAM KEYCAPS.0a65399a-5414-456f-92bb-ff9080eeff1a',
'_CHERRYMX CAD_CAM KEYCAPS.0a65399a-5414-456f-92bb-ff9080eeff1a',$,(#4220));
#4222=PRESENTATION_STYLE_ASSIGNMENT((#4224));
#4223=PRESENTATION_STYLE_ASSIGNMENT((#4225));
#4224=SURFACE_STYLE_USAGE(.BOTH.,#4226);
#4225=SURFACE_STYLE_USAGE(.BOTH.,#4227);
#4226=SURFACE_SIDE_STYLE('',(#4228));
#4227=SURFACE_SIDE_STYLE('',(#4229));
#4228=SURFACE_STYLE_FILL_AREA(#4230);
#4229=SURFACE_STYLE_FILL_AREA(#4231);
#4230=FILL_AREA_STYLE('Steel - Satin',(#4232));
#4231=FILL_AREA_STYLE('Generic',(#4233));
#4232=FILL_AREA_STYLE_COLOUR('Steel - Satin',#4234);
#4233=FILL_AREA_STYLE_COLOUR('Generic',#4235);
#4234=COLOUR_RGB('Steel - Satin',0.627450980392157,0.627450980392157,0.627450980392157);
#4235=COLOUR_RGB('Generic',1.,1.,1.);
ENDSEC;
END-ISO-10303-21;
