ISO-10303-21;
HEADER;
/* Generated by software containing ST-Developer
 * from STEP Tools, Inc. (www.steptools.com) 
 */

FILE_DESCRIPTION(
/* description */ (''),
/* implementation_level */ '2;1');

FILE_NAME(
/* name */ 'k2u.step',
/* time_stamp */ '2026-05-03T22:43:42-07:00',
/* author */ (''),
/* organization */ (''),
/* preprocessor_version */ 'ST-DEVELOPER v20.1',
/* originating_system */ 'Autodesk Translation Framework v14.24.0.0',
/* authorisation */ '');

FILE_SCHEMA (('AUTOMOTIVE_DESIGN { 1 0 10303 214 3 1 1 }'));
ENDSEC;

DATA;
#10=MECHANICAL_DESIGN_GEOMETRIC_PRESENTATION_REPRESENTATION('',(#419,#420),
#4130);
#11=SHAPE_REPRESENTATION_RELATIONSHIP('SRR','None',#4137,#12);
#12=ADVANCED_BREP_SHAPE_REPRESENTATION('',(#13),#4129);
#13=MANIFOLD_SOLID_BREP('Body55',#418);
#14=FACE_BOUND('',#564,.T.);
#15=FACE_BOUND('',#580,.T.);
#16=FACE_BOUND('',#582,.T.);
#17=FACE_BOUND('',#596,.T.);
#18=(
BOUNDED_SURFACE()
B_SPLINE_SURFACE(1,2,((#3559,#3560,#3561),(#3562,#3563,#3564)),
 .UNSPECIFIED.,.F.,.F.,.F.)
B_SPLINE_SURFACE_WITH_KNOTS((2,2),(3,3),(-1.50121513344192E-14,0.212812959795168),
(-1.81232380907346E-14,0.208817963278766),.UNSPECIFIED.)
GEOMETRIC_REPRESENTATION_ITEM()
RATIONAL_B_SPLINE_SURFACE(((1.,0.994554332016528,1.),(1.,0.994554332016528,
1.)))
REPRESENTATION_ITEM('')
SURFACE()
);
#19=ELLIPSE('',#1988,8.36811036080725,2.7);
#20=ELLIPSE('',#1994,8.36811036080725,2.7);
#21=CYLINDRICAL_SURFACE('',#1978,2.7);
#22=CYLINDRICAL_SURFACE('',#1986,2.7);
#23=CYLINDRICAL_SURFACE('',#2038,2.7);
#24=CIRCLE('',#1976,2.7);
#25=CIRCLE('',#1979,2.7);
#26=CIRCLE('',#1980,2.7);
#27=CIRCLE('',#1981,2.7);
#28=CIRCLE('',#1982,2.7);
#29=CIRCLE('',#1983,2.7);
#30=CIRCLE('',#1987,2.7);
#31=CIRCLE('',#1989,2.7);
#32=CIRCLE('',#1990,2.7);
#33=CIRCLE('',#1991,2.7);
#34=CIRCLE('',#1992,2.7);
#35=CIRCLE('',#1993,2.7);
#36=CIRCLE('',#1997,0.249999999999991);
#37=CIRCLE('',#1998,0.25);
#38=CIRCLE('',#1999,0.250000000000051);
#39=CIRCLE('',#2000,0.250000000000001);
#40=CIRCLE('',#2001,0.250000000000063);
#41=CIRCLE('',#2002,0.249999999999999);
#42=CIRCLE('',#2003,0.250000000000002);
#43=CIRCLE('',#2004,0.250000000000002);
#44=CIRCLE('',#2006,0.250000000000002);
#45=CIRCLE('',#2008,0.250000000000002);
#46=CIRCLE('',#2037,2.7);
#47=CIRCLE('',#2039,2.7);
#48=CIRCLE('',#2040,2.7);
#49=CIRCLE('',#2041,2.7);
#50=CIRCLE('',#2042,2.7);
#51=CIRCLE('',#2043,2.7);
#52=LINE('',#2453,#200);
#53=LINE('',#2455,#201);
#54=LINE('',#2457,#202);
#55=LINE('',#2468,#203);
#56=LINE('',#2469,#204);
#57=LINE('',#2472,#205);
#58=LINE('',#2480,#206);
#59=LINE('',#2505,#207);
#60=LINE('',#2527,#208);
#61=LINE('',#2531,#209);
#62=LINE('',#2536,#210);
#63=LINE('',#2551,#211);
#64=LINE('',#2623,#212);
#65=LINE('',#2625,#213);
#66=LINE('',#2626,#214);
#67=LINE('',#2628,#215);
#68=LINE('',#2630,#216);
#69=LINE('',#2632,#217);
#70=LINE('',#2648,#218);
#71=LINE('',#2650,#219);
#72=LINE('',#2652,#220);
#73=LINE('',#2661,#221);
#74=LINE('',#2663,#222);
#75=LINE('',#2665,#223);
#76=LINE('',#2674,#224);
#77=LINE('',#2675,#225);
#78=LINE('',#2679,#226);
#79=LINE('',#2705,#227);
#80=LINE('',#2709,#228);
#81=LINE('',#2740,#229);
#82=LINE('',#2755,#230);
#83=LINE('',#2759,#231);
#84=LINE('',#2764,#232);
#85=LINE('',#2780,#233);
#86=LINE('',#2782,#234);
#87=LINE('',#2784,#235);
#88=LINE('',#2793,#236);
#89=LINE('',#2795,#237);
#90=LINE('',#2797,#238);
#91=LINE('',#2806,#239);
#92=LINE('',#2808,#240);
#93=LINE('',#2810,#241);
#94=LINE('',#2818,#242);
#95=LINE('',#2820,#243);
#96=LINE('',#3098,#244);
#97=LINE('',#3099,#245);
#98=LINE('',#3105,#246);
#99=LINE('',#3402,#247);
#100=LINE('',#3404,#248);
#101=LINE('',#3406,#249);
#102=LINE('',#3716,#250);
#103=LINE('',#3718,#251);
#104=LINE('',#3737,#252);
#105=LINE('',#3738,#253);
#106=LINE('',#3760,#254);
#107=LINE('',#3764,#255);
#108=LINE('',#3765,#256);
#109=LINE('',#3790,#257);
#110=LINE('',#3811,#258);
#111=LINE('',#3815,#259);
#112=LINE('',#3817,#260);
#113=LINE('',#3818,#261);
#114=LINE('',#3821,#262);
#115=LINE('',#3822,#263);
#116=LINE('',#3825,#264);
#117=LINE('',#3826,#265);
#118=LINE('',#3829,#266);
#119=LINE('',#3830,#267);
#120=LINE('',#3833,#268);
#121=LINE('',#3834,#269);
#122=LINE('',#3837,#270);
#123=LINE('',#3838,#271);
#124=LINE('',#3841,#272);
#125=LINE('',#3842,#273);
#126=LINE('',#3845,#274);
#127=LINE('',#3846,#275);
#128=LINE('',#3849,#276);
#129=LINE('',#3850,#277);
#130=LINE('',#3853,#278);
#131=LINE('',#3854,#279);
#132=LINE('',#3857,#280);
#133=LINE('',#3858,#281);
#134=LINE('',#3860,#282);
#135=LINE('',#3865,#283);
#136=LINE('',#3867,#284);
#137=LINE('',#3869,#285);
#138=LINE('',#3871,#286);
#139=LINE('',#3873,#287);
#140=LINE('',#3875,#288);
#141=LINE('',#3877,#289);
#142=LINE('',#3879,#290);
#143=LINE('',#3881,#291);
#144=LINE('',#3883,#292);
#145=LINE('',#3885,#293);
#146=LINE('',#3886,#294);
#147=LINE('',#3888,#295);
#148=LINE('',#3889,#296);
#149=LINE('',#3891,#297);
#150=LINE('',#3893,#298);
#151=LINE('',#3895,#299);
#152=LINE('',#3897,#300);
#153=LINE('',#3899,#301);
#154=LINE('',#3901,#302);
#155=LINE('',#3903,#303);
#156=LINE('',#3905,#304);
#157=LINE('',#3907,#305);
#158=LINE('',#3909,#306);
#159=LINE('',#3916,#307);
#160=LINE('',#3918,#308);
#161=LINE('',#3920,#309);
#162=LINE('',#3922,#310);
#163=LINE('',#3924,#311);
#164=LINE('',#3926,#312);
#165=LINE('',#3928,#313);
#166=LINE('',#3930,#314);
#167=LINE('',#3932,#315);
#168=LINE('',#3934,#316);
#169=LINE('',#3936,#317);
#170=LINE('',#3937,#318);
#171=LINE('',#3940,#319);
#172=LINE('',#3942,#320);
#173=LINE('',#3945,#321);
#174=LINE('',#3955,#322);
#175=LINE('',#3971,#323);
#176=LINE('',#3979,#324);
#177=LINE('',#3980,#325);
#178=LINE('',#3982,#326);
#179=LINE('',#3984,#327);
#180=LINE('',#3986,#328);
#181=LINE('',#3988,#329);
#182=LINE('',#3990,#330);
#183=LINE('',#3992,#331);
#184=LINE('',#3994,#332);
#185=LINE('',#3996,#333);
#186=LINE('',#3998,#334);
#187=LINE('',#4000,#335);
#188=LINE('',#4003,#336);
#189=LINE('',#4005,#337);
#190=LINE('',#4022,#338);
#191=LINE('',#4025,#339);
#192=LINE('',#4027,#340);
#193=LINE('',#4030,#341);
#194=LINE('',#4032,#342);
#195=LINE('',#4035,#343);
#196=LINE('',#4068,#344);
#197=LINE('',#4071,#345);
#198=LINE('',#4090,#346);
#199=LINE('',#4125,#347);
#200=VECTOR('',#2081,1.);
#201=VECTOR('',#2082,1.);
#202=VECTOR('',#2083,1.);
#203=VECTOR('',#2088,1.);
#204=VECTOR('',#2089,1.);
#205=VECTOR('',#2092,1.);
#206=VECTOR('',#2093,1.);
#207=VECTOR('',#2098,1.);
#208=VECTOR('',#2099,1.);
#209=VECTOR('',#2102,3.);
#210=VECTOR('',#2107,1.);
#211=VECTOR('',#2108,1.);
#212=VECTOR('',#2113,1.);
#213=VECTOR('',#2114,1.);
#214=VECTOR('',#2115,1.);
#215=VECTOR('',#2116,1.);
#216=VECTOR('',#2117,1.);
#217=VECTOR('',#2118,1.);
#218=VECTOR('',#2121,1.);
#219=VECTOR('',#2122,1.);
#220=VECTOR('',#2123,1.);
#221=VECTOR('',#2124,1.);
#222=VECTOR('',#2125,1.);
#223=VECTOR('',#2126,1.);
#224=VECTOR('',#2127,1.);
#225=VECTOR('',#2128,1.);
#226=VECTOR('',#2131,1.);
#227=VECTOR('',#2136,1.);
#228=VECTOR('',#2139,1.);
#229=VECTOR('',#2142,1.);
#230=VECTOR('',#2143,1.);
#231=VECTOR('',#2146,3.);
#232=VECTOR('',#2151,1.);
#233=VECTOR('',#2156,1.);
#234=VECTOR('',#2157,1.);
#235=VECTOR('',#2158,1.);
#236=VECTOR('',#2159,1.);
#237=VECTOR('',#2160,1.);
#238=VECTOR('',#2161,1.);
#239=VECTOR('',#2162,1.);
#240=VECTOR('',#2163,1.);
#241=VECTOR('',#2164,1.);
#242=VECTOR('',#2165,1.);
#243=VECTOR('',#2166,1.);
#244=VECTOR('',#2169,1.);
#245=VECTOR('',#2170,1.);
#246=VECTOR('',#2171,1.);
#247=VECTOR('',#2172,10.5675730862134);
#248=VECTOR('',#2173,1.);
#249=VECTOR('',#2174,10.0748128051564);
#250=VECTOR('',#2187,10.4865123828692);
#251=VECTOR('',#2188,10.5675730862227);
#252=VECTOR('',#2191,1.);
#253=VECTOR('',#2192,10.074812805169);
#254=VECTOR('',#2193,1.);
#255=VECTOR('',#2198,1.);
#256=VECTOR('',#2199,10.45227248018);
#257=VECTOR('',#2206,1.);
#258=VECTOR('',#2207,1.);
#259=VECTOR('',#2212,1.);
#260=VECTOR('',#2213,1.);
#261=VECTOR('',#2214,1.);
#262=VECTOR('',#2217,1.);
#263=VECTOR('',#2218,1.);
#264=VECTOR('',#2221,1.);
#265=VECTOR('',#2222,1.);
#266=VECTOR('',#2225,1.);
#267=VECTOR('',#2226,1.);
#268=VECTOR('',#2229,1.);
#269=VECTOR('',#2230,1.);
#270=VECTOR('',#2233,1.);
#271=VECTOR('',#2234,1.);
#272=VECTOR('',#2237,1.);
#273=VECTOR('',#2238,1.);
#274=VECTOR('',#2241,1.);
#275=VECTOR('',#2242,1.);
#276=VECTOR('',#2245,1.);
#277=VECTOR('',#2246,1.);
#278=VECTOR('',#2249,1.);
#279=VECTOR('',#2250,1.);
#280=VECTOR('',#2253,1.);
#281=VECTOR('',#2254,1.);
#282=VECTOR('',#2257,1.);
#283=VECTOR('',#2262,1.);
#284=VECTOR('',#2263,1.);
#285=VECTOR('',#2264,1.);
#286=VECTOR('',#2265,1.);
#287=VECTOR('',#2266,1.);
#288=VECTOR('',#2267,1.);
#289=VECTOR('',#2268,1.);
#290=VECTOR('',#2269,1.);
#291=VECTOR('',#2270,1.);
#292=VECTOR('',#2271,1.);
#293=VECTOR('',#2272,1.);
#294=VECTOR('',#2273,1.);
#295=VECTOR('',#2276,1.);
#296=VECTOR('',#2277,1.);
#297=VECTOR('',#2280,1.);
#298=VECTOR('',#2283,1.);
#299=VECTOR('',#2286,1.);
#300=VECTOR('',#2289,1.);
#301=VECTOR('',#2292,1.);
#302=VECTOR('',#2295,1.);
#303=VECTOR('',#2298,1.);
#304=VECTOR('',#2301,1.);
#305=VECTOR('',#2304,1.);
#306=VECTOR('',#2307,1.);
#307=VECTOR('',#2314,1.);
#308=VECTOR('',#2315,1.);
#309=VECTOR('',#2316,1.);
#310=VECTOR('',#2317,1.);
#311=VECTOR('',#2318,1.);
#312=VECTOR('',#2319,1.);
#313=VECTOR('',#2320,1.);
#314=VECTOR('',#2321,1.);
#315=VECTOR('',#2322,1.);
#316=VECTOR('',#2323,1.);
#317=VECTOR('',#2324,1.);
#318=VECTOR('',#2325,1.);
#319=VECTOR('',#2328,1.);
#320=VECTOR('',#2329,1.);
#321=VECTOR('',#2332,3.);
#322=VECTOR('',#2335,1.);
#323=VECTOR('',#2340,1.);
#324=VECTOR('',#2345,1.);
#325=VECTOR('',#2346,1.);
#326=VECTOR('',#2349,1.);
#327=VECTOR('',#2352,1.);
#328=VECTOR('',#2355,1.);
#329=VECTOR('',#2358,1.);
#330=VECTOR('',#2361,1.);
#331=VECTOR('',#2364,1.);
#332=VECTOR('',#2367,1.);
#333=VECTOR('',#2370,1.);
#334=VECTOR('',#2373,1.);
#335=VECTOR('',#2376,1.);
#336=VECTOR('',#2381,1.);
#337=VECTOR('',#2384,1.);
#338=VECTOR('',#2389,1.);
#339=VECTOR('',#2394,1.);
#340=VECTOR('',#2397,1.);
#341=VECTOR('',#2402,1.);
#342=VECTOR('',#2405,1.);
#343=VECTOR('',#2410,1.);
#344=VECTOR('',#2415,1.);
#345=VECTOR('',#2420,1.);
#346=VECTOR('',#2425,1.);
#347=VECTOR('',#2430,1.);
#348=PLANE('',#1974);
#349=PLANE('',#1975);
#350=PLANE('',#1977);
#351=PLANE('',#1984);
#352=PLANE('',#1985);
#353=PLANE('',#1995);
#354=PLANE('',#1996);
#355=PLANE('',#2005);
#356=PLANE('',#2007);
#357=PLANE('',#2009);
#358=PLANE('',#2010);
#359=PLANE('',#2011);
#360=PLANE('',#2012);
#361=PLANE('',#2013);
#362=PLANE('',#2014);
#363=PLANE('',#2015);
#364=PLANE('',#2016);
#365=PLANE('',#2017);
#366=PLANE('',#2018);
#367=PLANE('',#2019);
#368=PLANE('',#2020);
#369=PLANE('',#2021);
#370=PLANE('',#2022);
#371=PLANE('',#2023);
#372=PLANE('',#2024);
#373=PLANE('',#2025);
#374=PLANE('',#2026);
#375=PLANE('',#2027);
#376=PLANE('',#2028);
#377=PLANE('',#2029);
#378=PLANE('',#2030);
#379=PLANE('',#2031);
#380=PLANE('',#2032);
#381=PLANE('',#2033);
#382=PLANE('',#2034);
#383=PLANE('',#2035);
#384=PLANE('',#2036);
#385=PLANE('',#2044);
#386=PLANE('',#2045);
#387=PLANE('',#2046);
#388=PLANE('',#2047);
#389=PLANE('',#2048);
#390=PLANE('',#2049);
#391=PLANE('',#2050);
#392=PLANE('',#2051);
#393=PLANE('',#2052);
#394=PLANE('',#2053);
#395=PLANE('',#2054);
#396=PLANE('',#2055);
#397=PLANE('',#2056);
#398=PLANE('',#2057);
#399=PLANE('',#2058);
#400=PLANE('',#2059);
#401=PLANE('',#2060);
#402=PLANE('',#2061);
#403=PLANE('',#2062);
#404=PLANE('',#2063);
#405=PLANE('',#2064);
#406=PLANE('',#2065);
#407=PLANE('',#2066);
#408=PLANE('',#2067);
#409=PLANE('',#2068);
#410=PLANE('',#2069);
#411=PLANE('',#2070);
#412=PLANE('',#2071);
#413=PLANE('',#2072);
#414=PLANE('',#2073);
#415=PLANE('',#2074);
#416=PLANE('',#2075);
#417=PLANE('',#2076);
#418=CLOSED_SHELL('',(#1854,#1855,#1856,#1857,#1858,#1859,#1860,#1861,#1862,
#1863,#1864,#1865,#1866,#1867,#1868,#1869,#1870,#1871,#1872,#1873,#1874,
#1875,#1876,#1877,#1878,#1879,#1880,#1881,#1882,#1883,#1884,#1885,#1886,
#1887,#1888,#1889,#1890,#1891,#1892,#1893,#1894,#1895,#1896,#1897,#1898,
#1899,#1900,#1901,#1902,#1903,#1904,#1905,#1906,#1907,#1908,#1909,#1910,
#1911,#1912,#1913,#1914,#1915,#1916,#1917,#1918,#1919,#1920,#1921,#1922,
#1923,#1924,#1925,#1926,#1927,#1928,#1929,#1930,#1931,#1932,#1933,#1934,
#1935,#1936,#1937,#1938,#1939,#1940,#1941,#1942,#1943,#1944,#1945,#1946,
#1947,#1948,#1949,#1950,#1951,#1952,#1953,#1954,#1955,#1956,#1957,#1958));
#419=STYLED_ITEM('',(#4147),#1960);
#420=STYLED_ITEM('',(#4147),#13);
#421=FACE_OUTER_BOUND('',#527,.T.);
#422=FACE_OUTER_BOUND('',#528,.T.);
#423=FACE_OUTER_BOUND('',#529,.T.);
#424=FACE_OUTER_BOUND('',#530,.T.);
#425=FACE_OUTER_BOUND('',#531,.T.);
#426=FACE_OUTER_BOUND('',#532,.T.);
#427=FACE_OUTER_BOUND('',#533,.T.);
#428=FACE_OUTER_BOUND('',#534,.T.);
#429=FACE_OUTER_BOUND('',#535,.T.);
#430=FACE_OUTER_BOUND('',#536,.T.);
#431=FACE_OUTER_BOUND('',#537,.T.);
#432=FACE_OUTER_BOUND('',#538,.T.);
#433=FACE_OUTER_BOUND('',#539,.T.);
#434=FACE_OUTER_BOUND('',#540,.T.);
#435=FACE_OUTER_BOUND('',#541,.T.);
#436=FACE_OUTER_BOUND('',#542,.T.);
#437=FACE_OUTER_BOUND('',#543,.T.);
#438=FACE_OUTER_BOUND('',#544,.T.);
#439=FACE_OUTER_BOUND('',#545,.T.);
#440=FACE_OUTER_BOUND('',#546,.T.);
#441=FACE_OUTER_BOUND('',#547,.T.);
#442=FACE_OUTER_BOUND('',#548,.T.);
#443=FACE_OUTER_BOUND('',#549,.T.);
#444=FACE_OUTER_BOUND('',#550,.T.);
#445=FACE_OUTER_BOUND('',#551,.T.);
#446=FACE_OUTER_BOUND('',#552,.T.);
#447=FACE_OUTER_BOUND('',#553,.T.);
#448=FACE_OUTER_BOUND('',#554,.T.);
#449=FACE_OUTER_BOUND('',#555,.T.);
#450=FACE_OUTER_BOUND('',#556,.T.);
#451=FACE_OUTER_BOUND('',#557,.T.);
#452=FACE_OUTER_BOUND('',#558,.T.);
#453=FACE_OUTER_BOUND('',#559,.T.);
#454=FACE_OUTER_BOUND('',#560,.T.);
#455=FACE_OUTER_BOUND('',#561,.T.);
#456=FACE_OUTER_BOUND('',#562,.T.);
#457=FACE_OUTER_BOUND('',#563,.T.);
#458=FACE_OUTER_BOUND('',#565,.T.);
#459=FACE_OUTER_BOUND('',#566,.T.);
#460=FACE_OUTER_BOUND('',#567,.T.);
#461=FACE_OUTER_BOUND('',#568,.T.);
#462=FACE_OUTER_BOUND('',#569,.T.);
#463=FACE_OUTER_BOUND('',#570,.T.);
#464=FACE_OUTER_BOUND('',#571,.T.);
#465=FACE_OUTER_BOUND('',#572,.T.);
#466=FACE_OUTER_BOUND('',#573,.T.);
#467=FACE_OUTER_BOUND('',#574,.T.);
#468=FACE_OUTER_BOUND('',#575,.T.);
#469=FACE_OUTER_BOUND('',#576,.T.);
#470=FACE_OUTER_BOUND('',#577,.T.);
#471=FACE_OUTER_BOUND('',#578,.T.);
#472=FACE_OUTER_BOUND('',#579,.T.);
#473=FACE_OUTER_BOUND('',#581,.T.);
#474=FACE_OUTER_BOUND('',#583,.T.);
#475=FACE_OUTER_BOUND('',#584,.T.);
#476=FACE_OUTER_BOUND('',#585,.T.);
#477=FACE_OUTER_BOUND('',#586,.T.);
#478=FACE_OUTER_BOUND('',#587,.T.);
#479=FACE_OUTER_BOUND('',#588,.T.);
#480=FACE_OUTER_BOUND('',#589,.T.);
#481=FACE_OUTER_BOUND('',#590,.T.);
#482=FACE_OUTER_BOUND('',#591,.T.);
#483=FACE_OUTER_BOUND('',#592,.T.);
#484=FACE_OUTER_BOUND('',#593,.T.);
#485=FACE_OUTER_BOUND('',#594,.T.);
#486=FACE_OUTER_BOUND('',#595,.T.);
#487=FACE_OUTER_BOUND('',#597,.T.);
#488=FACE_OUTER_BOUND('',#598,.T.);
#489=FACE_OUTER_BOUND('',#599,.T.);
#490=FACE_OUTER_BOUND('',#600,.T.);
#491=FACE_OUTER_BOUND('',#601,.T.);
#492=FACE_OUTER_BOUND('',#602,.T.);
#493=FACE_OUTER_BOUND('',#603,.T.);
#494=FACE_OUTER_BOUND('',#604,.T.);
#495=FACE_OUTER_BOUND('',#605,.T.);
#496=FACE_OUTER_BOUND('',#606,.T.);
#497=FACE_OUTER_BOUND('',#607,.T.);
#498=FACE_OUTER_BOUND('',#608,.T.);
#499=FACE_OUTER_BOUND('',#609,.T.);
#500=FACE_OUTER_BOUND('',#610,.T.);
#501=FACE_OUTER_BOUND('',#611,.T.);
#502=FACE_OUTER_BOUND('',#612,.T.);
#503=FACE_OUTER_BOUND('',#613,.T.);
#504=FACE_OUTER_BOUND('',#614,.T.);
#505=FACE_OUTER_BOUND('',#615,.T.);
#506=FACE_OUTER_BOUND('',#616,.T.);
#507=FACE_OUTER_BOUND('',#617,.T.);
#508=FACE_OUTER_BOUND('',#618,.T.);
#509=FACE_OUTER_BOUND('',#619,.T.);
#510=FACE_OUTER_BOUND('',#620,.T.);
#511=FACE_OUTER_BOUND('',#621,.T.);
#512=FACE_OUTER_BOUND('',#622,.T.);
#513=FACE_OUTER_BOUND('',#623,.T.);
#514=FACE_OUTER_BOUND('',#624,.T.);
#515=FACE_OUTER_BOUND('',#625,.T.);
#516=FACE_OUTER_BOUND('',#626,.T.);
#517=FACE_OUTER_BOUND('',#627,.T.);
#518=FACE_OUTER_BOUND('',#628,.T.);
#519=FACE_OUTER_BOUND('',#629,.T.);
#520=FACE_OUTER_BOUND('',#630,.T.);
#521=FACE_OUTER_BOUND('',#631,.T.);
#522=FACE_OUTER_BOUND('',#632,.T.);
#523=FACE_OUTER_BOUND('',#633,.T.);
#524=FACE_OUTER_BOUND('',#634,.T.);
#525=FACE_OUTER_BOUND('',#635,.T.);
#526=FACE_OUTER_BOUND('',#636,.T.);
#527=EDGE_LOOP('',(#1239,#1240,#1241,#1242));
#528=EDGE_LOOP('',(#1243,#1244,#1245,#1246));
#529=EDGE_LOOP('',(#1247,#1248,#1249,#1250));
#530=EDGE_LOOP('',(#1251,#1252,#1253,#1254));
#531=EDGE_LOOP('',(#1255,#1256,#1257,#1258,#1259,#1260,#1261,#1262,#1263,
#1264,#1265,#1266,#1267,#1268,#1269,#1270,#1271,#1272,#1273,#1274));
#532=EDGE_LOOP('',(#1275,#1276,#1277,#1278,#1279));
#533=EDGE_LOOP('',(#1280,#1281,#1282,#1283,#1284,#1285,#1286,#1287));
#534=EDGE_LOOP('',(#1288,#1289,#1290,#1291,#1292,#1293,#1294,#1295,#1296,
#1297,#1298,#1299,#1300,#1301,#1302,#1303));
#535=EDGE_LOOP('',(#1304,#1305,#1306,#1307,#1308,#1309,#1310,#1311,#1312,
#1313,#1314,#1315,#1316,#1317,#1318,#1319,#1320,#1321,#1322,#1323,#1324,
#1325));
#536=EDGE_LOOP('',(#1326,#1327,#1328,#1329,#1330,#1331,#1332,#1333,#1334,
#1335,#1336,#1337,#1338,#1339,#1340,#1341));
#537=EDGE_LOOP('',(#1342,#1343,#1344,#1345));
#538=EDGE_LOOP('',(#1346,#1347,#1348,#1349));
#539=EDGE_LOOP('',(#1350,#1351,#1352,#1353,#1354,#1355));
#540=EDGE_LOOP('',(#1356,#1357,#1358,#1359,#1360,#1361));
#541=EDGE_LOOP('',(#1362,#1363,#1364,#1365,#1366,#1367));
#542=EDGE_LOOP('',(#1368,#1369,#1370,#1371,#1372,#1373));
#543=EDGE_LOOP('',(#1374,#1375,#1376,#1377,#1378,#1379,#1380,#1381,#1382,
#1383));
#544=EDGE_LOOP('',(#1384,#1385,#1386,#1387,#1388));
#545=EDGE_LOOP('',(#1389,#1390,#1391,#1392,#1393,#1394,#1395,#1396,#1397,
#1398,#1399,#1400));
#546=EDGE_LOOP('',(#1401,#1402,#1403,#1404,#1405,#1406,#1407,#1408,#1409,
#1410,#1411,#1412));
#547=EDGE_LOOP('',(#1413,#1414,#1415,#1416,#1417,#1418,#1419,#1420,#1421,
#1422,#1423,#1424));
#548=EDGE_LOOP('',(#1425,#1426,#1427,#1428));
#549=EDGE_LOOP('',(#1429,#1430,#1431,#1432));
#550=EDGE_LOOP('',(#1433,#1434,#1435,#1436));
#551=EDGE_LOOP('',(#1437,#1438,#1439,#1440));
#552=EDGE_LOOP('',(#1441,#1442,#1443,#1444));
#553=EDGE_LOOP('',(#1445,#1446,#1447,#1448,#1449,#1450,#1451,#1452));
#554=EDGE_LOOP('',(#1453,#1454,#1455,#1456));
#555=EDGE_LOOP('',(#1457,#1458,#1459,#1460));
#556=EDGE_LOOP('',(#1461,#1462,#1463,#1464));
#557=EDGE_LOOP('',(#1465,#1466,#1467,#1468));
#558=EDGE_LOOP('',(#1469,#1470,#1471,#1472));
#559=EDGE_LOOP('',(#1473,#1474,#1475,#1476));
#560=EDGE_LOOP('',(#1477,#1478,#1479,#1480));
#561=EDGE_LOOP('',(#1481,#1482,#1483,#1484));
#562=EDGE_LOOP('',(#1485,#1486,#1487,#1488));
#563=EDGE_LOOP('',(#1489,#1490,#1491,#1492,#1493,#1494,#1495,#1496));
#564=EDGE_LOOP('',(#1497,#1498,#1499,#1500));
#565=EDGE_LOOP('',(#1501,#1502,#1503,#1504));
#566=EDGE_LOOP('',(#1505,#1506,#1507,#1508));
#567=EDGE_LOOP('',(#1509,#1510,#1511,#1512));
#568=EDGE_LOOP('',(#1513,#1514,#1515,#1516));
#569=EDGE_LOOP('',(#1517,#1518,#1519,#1520));
#570=EDGE_LOOP('',(#1521,#1522,#1523,#1524));
#571=EDGE_LOOP('',(#1525,#1526,#1527,#1528));
#572=EDGE_LOOP('',(#1529,#1530,#1531,#1532));
#573=EDGE_LOOP('',(#1533,#1534,#1535,#1536));
#574=EDGE_LOOP('',(#1537,#1538,#1539,#1540));
#575=EDGE_LOOP('',(#1541,#1542,#1543,#1544));
#576=EDGE_LOOP('',(#1545,#1546,#1547,#1548));
#577=EDGE_LOOP('',(#1549,#1550,#1551,#1552));
#578=EDGE_LOOP('',(#1553,#1554,#1555,#1556));
#579=EDGE_LOOP('',(#1557));
#580=EDGE_LOOP('',(#1558,#1559,#1560,#1561,#1562,#1563,#1564,#1565,#1566,
#1567,#1568,#1569));
#581=EDGE_LOOP('',(#1570));
#582=EDGE_LOOP('',(#1571,#1572,#1573,#1574,#1575,#1576,#1577,#1578,#1579,
#1580,#1581,#1582));
#583=EDGE_LOOP('',(#1583,#1584,#1585,#1586));
#584=EDGE_LOOP('',(#1587,#1588,#1589,#1590));
#585=EDGE_LOOP('',(#1591,#1592,#1593,#1594));
#586=EDGE_LOOP('',(#1595,#1596,#1597,#1598));
#587=EDGE_LOOP('',(#1599,#1600,#1601,#1602));
#588=EDGE_LOOP('',(#1603,#1604,#1605,#1606));
#589=EDGE_LOOP('',(#1607,#1608,#1609,#1610));
#590=EDGE_LOOP('',(#1611,#1612,#1613,#1614));
#591=EDGE_LOOP('',(#1615,#1616,#1617,#1618));
#592=EDGE_LOOP('',(#1619,#1620,#1621,#1622));
#593=EDGE_LOOP('',(#1623,#1624,#1625,#1626));
#594=EDGE_LOOP('',(#1627,#1628,#1629,#1630));
#595=EDGE_LOOP('',(#1631));
#596=EDGE_LOOP('',(#1632,#1633,#1634,#1635,#1636,#1637,#1638,#1639,#1640,
#1641,#1642,#1643));
#597=EDGE_LOOP('',(#1644,#1645,#1646,#1647,#1648,#1649,#1650,#1651,#1652,
#1653,#1654,#1655,#1656,#1657,#1658,#1659,#1660,#1661,#1662,#1663));
#598=EDGE_LOOP('',(#1664,#1665,#1666,#1667));
#599=EDGE_LOOP('',(#1668,#1669,#1670,#1671));
#600=EDGE_LOOP('',(#1672,#1673,#1674,#1675));
#601=EDGE_LOOP('',(#1676,#1677,#1678,#1679));
#602=EDGE_LOOP('',(#1680,#1681,#1682,#1683));
#603=EDGE_LOOP('',(#1684,#1685,#1686,#1687));
#604=EDGE_LOOP('',(#1688,#1689,#1690,#1691));
#605=EDGE_LOOP('',(#1692,#1693,#1694,#1695));
#606=EDGE_LOOP('',(#1696,#1697,#1698,#1699));
#607=EDGE_LOOP('',(#1700,#1701,#1702,#1703));
#608=EDGE_LOOP('',(#1704,#1705,#1706,#1707));
#609=EDGE_LOOP('',(#1708,#1709,#1710,#1711));
#610=EDGE_LOOP('',(#1712,#1713,#1714,#1715));
#611=EDGE_LOOP('',(#1716,#1717,#1718,#1719,#1720));
#612=EDGE_LOOP('',(#1721,#1722,#1723,#1724));
#613=EDGE_LOOP('',(#1725,#1726,#1727,#1728));
#614=EDGE_LOOP('',(#1729,#1730,#1731,#1732,#1733));
#615=EDGE_LOOP('',(#1734,#1735,#1736,#1737));
#616=EDGE_LOOP('',(#1738,#1739,#1740,#1741));
#617=EDGE_LOOP('',(#1742,#1743,#1744,#1745,#1746));
#618=EDGE_LOOP('',(#1747,#1748,#1749,#1750));
#619=EDGE_LOOP('',(#1751,#1752,#1753,#1754));
#620=EDGE_LOOP('',(#1755,#1756,#1757,#1758));
#621=EDGE_LOOP('',(#1759,#1760,#1761,#1762));
#622=EDGE_LOOP('',(#1763,#1764,#1765,#1766));
#623=EDGE_LOOP('',(#1767,#1768,#1769,#1770));
#624=EDGE_LOOP('',(#1771,#1772,#1773,#1774));
#625=EDGE_LOOP('',(#1775,#1776,#1777,#1778));
#626=EDGE_LOOP('',(#1779,#1780,#1781,#1782));
#627=EDGE_LOOP('',(#1783,#1784,#1785,#1786));
#628=EDGE_LOOP('',(#1787,#1788,#1789,#1790));
#629=EDGE_LOOP('',(#1791,#1792,#1793));
#630=EDGE_LOOP('',(#1794,#1795,#1796));
#631=EDGE_LOOP('',(#1797,#1798,#1799,#1800));
#632=EDGE_LOOP('',(#1801,#1802,#1803,#1804));
#633=EDGE_LOOP('',(#1805,#1806,#1807,#1808));
#634=EDGE_LOOP('',(#1809,#1810,#1811,#1812));
#635=EDGE_LOOP('',(#1813,#1814,#1815,#1816));
#636=EDGE_LOOP('',(#1817,#1818,#1819,#1820));
#637=B_SPLINE_CURVE_WITH_KNOTS('',1,(#2440,#2441),.UNSPECIFIED.,.F.,.F.,
(2,2),(0.,0.59999999999998),.UNSPECIFIED.);
#638=B_SPLINE_CURVE_WITH_KNOTS('',1,(#2443,#2444),.UNSPECIFIED.,.F.,.F.,
(2,2),(0.,1.),.UNSPECIFIED.);
#639=B_SPLINE_CURVE_WITH_KNOTS('',1,(#2446,#2447),.UNSPECIFIED.,.F.,.F.,
(2,2),(0.,0.59999999999998),.UNSPECIFIED.);
#640=B_SPLINE_CURVE_WITH_KNOTS('',1,(#2448,#2449),.UNSPECIFIED.,.F.,.F.,
(2,2),(0.,1.),.UNSPECIFIED.);
#641=B_SPLINE_CURVE_WITH_KNOTS('',3,(#2458,#2459,#2460,#2461,#2462,#2463),
 .UNSPECIFIED.,.F.,.F.,(4,2,4),(0.0470811381612035,3.42614151086745,4.44771542862119),
 .UNSPECIFIED.);
#642=B_SPLINE_CURVE_WITH_KNOTS('',3,(#2474,#2475,#2476,#2477,#2478,#2479),
 .UNSPECIFIED.,.F.,.F.,(4,2,4),(2.42141436543507,3.4448544848497,6.82530749153749),
 .UNSPECIFIED.);
#643=B_SPLINE_CURVE_WITH_KNOTS('',3,(#2483,#2484,#2485,#2486,#2487,#2488,
#2489,#2490,#2491,#2492,#2493,#2494),.UNSPECIFIED.,.F.,.F.,(4,2,2,2,2,4),
(0.040773826865196,1.07267475218625,2.08488092796416,2.96024162428108,3.35906951712442,
3.64100108416752),.UNSPECIFIED.);
#644=B_SPLINE_CURVE_WITH_KNOTS('',3,(#2496,#2497,#2498,#2499,#2500,#2501),
 .UNSPECIFIED.,.F.,.F.,(4,2,4),(-3.53386449155981,-1.7669322457799,-0.403769349346207),
 .UNSPECIFIED.);
#645=B_SPLINE_CURVE_WITH_KNOTS('',3,(#2507,#2508,#2509,#2510,#2511,#2512,
#2513,#2514,#2515,#2516,#2517,#2518,#2519,#2520,#2521,#2522,#2523,#2524,
#2525),.UNSPECIFIED.,.F.,.F.,(4,3,3,3,3,3,4),(0.0598206975435298,0.670997495294785,
1.41854743223857,1.59847066407051,2.57011860605573,3.14729552301515,3.66390871285638),
 .UNSPECIFIED.);
#646=B_SPLINE_CURVE_WITH_KNOTS('',3,(#2538,#2539,#2540,#2541,#2542,#2543,
#2544,#2545,#2546,#2547,#2548,#2549),.UNSPECIFIED.,.F.,.F.,(4,2,2,2,2,4),
(0.136920244868851,0.533602458181839,1.31525226004133,2.39226303526642,
3.09532267271558,3.73498829557268),.UNSPECIFIED.);
#647=B_SPLINE_CURVE_WITH_KNOTS('',3,(#2555,#2556,#2557,#2558,#2559,#2560),
 .UNSPECIFIED.,.F.,.F.,(4,2,4),(-2.81351867948093,-1.66799506970227,0.),
 .UNSPECIFIED.);
#648=B_SPLINE_CURVE_WITH_KNOTS('',3,(#2561,#2562,#2563,#2564,#2565,#2566,
#2567,#2568,#2569,#2570,#2571,#2572,#2573,#2574,#2575,#2576,#2577,#2578,
#2579,#2580,#2581,#2582,#2583,#2584,#2585),.UNSPECIFIED.,.F.,.F.,(4,3,3,
3,3,3,3,3,4),(0.0607886256005595,0.723201749036522,1.07380719225208,2.03437066961562,
2.14426233237118,2.89531293742855,2.98616602300086,3.41257290047193,3.66493732157459),
 .UNSPECIFIED.);
#649=B_SPLINE_CURVE_WITH_KNOTS('',3,(#2603,#2604,#2605,#2606,#2607,#2608),
 .UNSPECIFIED.,.F.,.F.,(4,2,4),(0.221886294247112,1.35493659527889,2.66964919741403),
 .UNSPECIFIED.);
#650=B_SPLINE_CURVE_WITH_KNOTS('',3,(#2610,#2611,#2612,#2613,#2614,#2615),
 .UNSPECIFIED.,.F.,.F.,(4,2,4),(0.0536320574380002,3.42368291821141,6.79744914315852),
 .UNSPECIFIED.);
#651=B_SPLINE_CURVE_WITH_KNOTS('',3,(#2616,#2617,#2618,#2619),
 .UNSPECIFIED.,.F.,.F.,(4,4),(2.40108717819445,2.56269604550779),
 .UNSPECIFIED.);
#652=B_SPLINE_CURVE_WITH_KNOTS('',3,(#2633,#2634,#2635,#2636,#2637,#2638),
 .UNSPECIFIED.,.F.,.F.,(4,2,4),(0.309335213158418,2.49100991398687,4.92496466568192),
 .UNSPECIFIED.);
#653=B_SPLINE_CURVE_WITH_KNOTS('',3,(#2641,#2642,#2643,#2644,#2645,#2646),
 .UNSPECIFIED.,.F.,.F.,(4,2,4),(0.136239927618746,5.77632108039607,11.4422507184201),
 .UNSPECIFIED.);
#654=B_SPLINE_CURVE_WITH_KNOTS('',3,(#2654,#2655,#2656,#2657,#2658,#2659),
 .UNSPECIFIED.,.F.,.F.,(4,2,4),(0.112701300175709,5.78128518906229,11.4240211470781),
 .UNSPECIFIED.);
#655=B_SPLINE_CURVE_WITH_KNOTS('',3,(#2667,#2668,#2669,#2670,#2671,#2672),
 .UNSPECIFIED.,.F.,.F.,(4,2,4),(0.0405239785861487,1.2552869071475,2.3522520459813),
 .UNSPECIFIED.);
#656=B_SPLINE_CURVE_WITH_KNOTS('',3,(#2683,#2684,#2685,#2686,#2687,#2688),
 .UNSPECIFIED.,.F.,.F.,(4,2,4),(-2.98286764326738,-1.75901099878415,0.),
 .UNSPECIFIED.);
#657=B_SPLINE_CURVE_WITH_KNOTS('',3,(#2692,#2693,#2694,#2695,#2696,#2697,
#2698,#2699,#2700,#2701,#2702,#2703),.UNSPECIFIED.,.F.,.F.,(4,2,2,2,2,4),
(0.419312848114448,0.455068825122657,1.17730925716852,2.0176856157414,2.96644213174499,
3.73348557721669),.UNSPECIFIED.);
#658=B_SPLINE_CURVE_WITH_KNOTS('',3,(#2711,#2712,#2713,#2714,#2715,#2716,
#2717,#2718,#2719,#2720,#2721,#2722,#2723,#2724,#2725,#2726,#2727,#2728,
#2729),.UNSPECIFIED.,.F.,.F.,(4,3,3,3,3,3,4),(0.136992737556017,0.698491294154012,
1.43091877546504,1.60989209075858,2.58782906628149,3.20661509023742,3.73926162761708),
 .UNSPECIFIED.);
#659=B_SPLINE_CURVE_WITH_KNOTS('',3,(#2731,#2732,#2733,#2734,#2735,#2736),
 .UNSPECIFIED.,.F.,.F.,(4,2,4),(-3.33568858053758,-1.66784429026879,-0.522510557573849),
 .UNSPECIFIED.);
#660=B_SPLINE_CURVE_WITH_KNOTS('',3,(#2742,#2743,#2744,#2745,#2746,#2747,
#2748,#2749,#2750,#2751,#2752,#2753),.UNSPECIFIED.,.F.,.F.,(4,2,2,2,2,4),
(0.0140362917310774,1.06977096335013,2.09831109237807,2.98647556331336,
3.39686224531053,3.61382327960016),.UNSPECIFIED.);
#661=B_SPLINE_CURVE_WITH_KNOTS('',3,(#2766,#2767,#2768,#2769,#2770,#2771,
#2772,#2773,#2774,#2775),.UNSPECIFIED.,.F.,.F.,(4,2,2,2,4),(0.0367189777324631,
1.07644171468245,2.12685243833698,2.96804012510037,3.35845439571821),
 .UNSPECIFIED.);
#662=B_SPLINE_CURVE_WITH_KNOTS('',3,(#2786,#2787,#2788,#2789,#2790,#2791),
 .UNSPECIFIED.,.F.,.F.,(4,2,4),(0.136271992912746,5.76442224254134,11.4429052393703),
 .UNSPECIFIED.);
#663=B_SPLINE_CURVE_WITH_KNOTS('',3,(#2799,#2800,#2801,#2802,#2803,#2804),
 .UNSPECIFIED.,.F.,.F.,(4,2,4),(0.112652776531102,5.77811049883205,11.4197922987383),
 .UNSPECIFIED.);
#664=B_SPLINE_CURVE_WITH_KNOTS('',3,(#2811,#2812,#2813,#2814,#2815,#2816),
 .UNSPECIFIED.,.F.,.F.,(4,2,4),(0.0364558152166044,1.38629299015123,2.61767936572785),
 .UNSPECIFIED.);
#665=B_SPLINE_CURVE_WITH_KNOTS('',3,(#2821,#2822,#2823,#2824,#2825,#2826),
 .UNSPECIFIED.,.F.,.F.,(4,2,4),(0.167578986293582,1.25777844257158,2.47979132696446),
 .UNSPECIFIED.);
#666=B_SPLINE_CURVE_WITH_KNOTS('',3,(#2843,#2844,#2845,#2846,#2847,#2848),
 .UNSPECIFIED.,.F.,.F.,(4,2,4),(2.48582026344036,3.46328115438054,6.88647885316853),
 .UNSPECIFIED.);
#667=B_SPLINE_CURVE_WITH_KNOTS('',3,(#2849,#2850,#2851,#2852,#2853,#2854),
 .UNSPECIFIED.,.F.,.F.,(4,2,4),(0.0477609588130394,3.46328113733892,6.51255411326531),
 .UNSPECIFIED.);
#668=B_SPLINE_CURVE_WITH_KNOTS('',3,(#2871,#2872,#2873,#2874,#2875,#2876),
 .UNSPECIFIED.,.F.,.F.,(4,2,4),(0.240346774934399,2.5091170066115,2.56210083841177),
 .UNSPECIFIED.);
#669=B_SPLINE_CURVE_WITH_KNOTS('',3,(#2877,#2878,#2879,#2880,#2881,#2882),
 .UNSPECIFIED.,.F.,.F.,(4,2,4),(0.373804213595265,2.50911700058775,4.71668788974895),
 .UNSPECIFIED.);
#670=B_SPLINE_CURVE_WITH_KNOTS('',3,(#2908,#2909,#2910,#2911,#2912,#2913,
#2914),.UNSPECIFIED.,.F.,.F.,(4,3,4),(2.46870678979859,5.78128425368068,
9.06435957034432),.UNSPECIFIED.);
#671=B_SPLINE_CURVE_WITH_KNOTS('',3,(#2916,#2917,#2918,#2919,#2920,#2921,
#2922,#2923,#2924,#2925,#2926,#2927),.UNSPECIFIED.,.F.,.F.,(4,2,2,2,2,4),
(0.113323313068384,0.540255222584278,1.34790830689479,2.42804610934472,
3.10206348514709,3.71140674705621),.UNSPECIFIED.);
#672=B_SPLINE_CURVE_WITH_KNOTS('',3,(#2928,#2929,#2930,#2931,#2932,#2933),
 .UNSPECIFIED.,.F.,.F.,(4,2,4),(0.239903950955904,2.53770617031554,2.69731229949458),
 .UNSPECIFIED.);
#673=B_SPLINE_CURVE_WITH_KNOTS('',3,(#2934,#2935,#2936,#2937,#2938,#2939),
 .UNSPECIFIED.,.F.,.F.,(4,2,4),(2.3665012624368,2.53770617032565,4.70226322914277),
 .UNSPECIFIED.);
#674=B_SPLINE_CURVE_WITH_KNOTS('',3,(#2965,#2966,#2967,#2968,#2969,#2970),
 .UNSPECIFIED.,.F.,.F.,(4,2,4),(2.40981238462027,3.44485795542022,6.84204302794636),
 .UNSPECIFIED.);
#675=B_SPLINE_CURVE_WITH_KNOTS('',3,(#2972,#2973,#2974,#2975,#2976,#2977,
#2978,#2979,#2980,#2981,#2982,#2983),.UNSPECIFIED.,.F.,.F.,(4,2,2,2,2,4),
(0.0539797173138107,1.0727736287902,2.13992128694339,3.05697370243789,3.425138456583,
3.65363116241559),.UNSPECIFIED.);
#676=B_SPLINE_CURVE_WITH_KNOTS('',3,(#2984,#2985,#2986,#2987,#2988,#2989,
#2990),.UNSPECIFIED.,.F.,.F.,(4,3,4),(2.49467715944214,5.77601227860233,
9.08694613509867),.UNSPECIFIED.);
#677=B_SPLINE_CURVE_WITH_KNOTS('',3,(#2991,#2992,#2993,#2994,#2995,#2996),
 .UNSPECIFIED.,.F.,.F.,(4,2,4),(0.0643859713861399,3.44485795541938,4.46830474762091),
 .UNSPECIFIED.);
#678=B_SPLINE_CURVE_WITH_KNOTS('',3,(#3014,#3015,#3016,#3017,#3018,#3019,
#3020),.UNSPECIFIED.,.F.,.F.,(4,3,4),(2.46802521894317,5.77847243421246,
9.06021735710901),.UNSPECIFIED.);
#679=B_SPLINE_CURVE_WITH_KNOTS('',3,(#3022,#3023,#3024,#3025,#3026,#3027,
#3028,#3029,#3030,#3031,#3032,#3033,#3034,#3035,#3036,#3037,#3038,#3039,
#3040),.UNSPECIFIED.,.F.,.F.,(4,3,3,3,3,3,4),(0.113292019717938,0.698619731836647,
1.43630232970416,1.61542800162726,2.59032253776613,3.18913404676871,3.71041692354651),
 .UNSPECIFIED.);
#680=B_SPLINE_CURVE_WITH_KNOTS('',3,(#3041,#3042,#3043,#3044,#3045,#3046),
 .UNSPECIFIED.,.F.,.F.,(4,2,4),(0.0476741592512018,3.44485448484182,4.47990254564125),
 .UNSPECIFIED.);
#681=B_SPLINE_CURVE_WITH_KNOTS('',3,(#3064,#3065,#3066,#3067,#3068,#3069,
#3070),.UNSPECIFIED.,.F.,.F.,(4,3,4),(2.49467920320104,5.77632522528613,
9.08686923089173),.UNSPECIFIED.);
#682=B_SPLINE_CURVE_WITH_KNOTS('',3,(#3071,#3072,#3073,#3074,#3075,#3076),
 .UNSPECIFIED.,.F.,.F.,(4,2,4),(0.37325881008173,2.53770661287651,2.70891057537925),
 .UNSPECIFIED.);
#683=B_SPLINE_CURVE_WITH_KNOTS('',3,(#3078,#3079,#3080,#3081,#3082,#3083),
 .UNSPECIFIED.,.F.,.F.,(4,2,4),(2.37811059166325,2.53770661287952,4.83550924331994),
 .UNSPECIFIED.);
#684=B_SPLINE_CURVE_WITH_KNOTS('',3,(#3084,#3085,#3086,#3087,#3088,#3089,
#3090,#3091,#3092,#3093,#3094,#3095),.UNSPECIFIED.,.F.,.F.,(4,2,2,2,2,4),
(0.0208505493146874,1.07252998213505,2.10319637302023,2.97774624937342,
3.38401669360828,3.62071449176631),.UNSPECIFIED.);
#685=B_SPLINE_CURVE_WITH_KNOTS('',3,(#3101,#3102,#3103,#3104),
 .UNSPECIFIED.,.F.,.F.,(4,4),(-3.98784749932054,-0.836410060506399),
 .UNSPECIFIED.);
#686=B_SPLINE_CURVE_WITH_KNOTS('',3,(#3122,#3123,#3124,#3125),
 .UNSPECIFIED.,.F.,.F.,(4,4),(0.206113736856263,0.374900856113566),
 .UNSPECIFIED.);
#687=B_SPLINE_CURVE_WITH_KNOTS('',3,(#3126,#3127,#3128,#3129,#3130,#3131),
 .UNSPECIFIED.,.F.,.F.,(4,2,4),(2.42168258346192,2.49183932277399,4.74333225036076),
 .UNSPECIFIED.);
#688=B_SPLINE_CURVE_WITH_KNOTS('',3,(#3150,#3151,#3152,#3153),
 .UNSPECIFIED.,.F.,.F.,(4,4),(2.51751594120082,4.01842419731574),
 .UNSPECIFIED.);
#689=B_SPLINE_CURVE_WITH_KNOTS('',3,(#3155,#3156,#3157,#3158),
 .UNSPECIFIED.,.F.,.F.,(4,4),(0.0295330303024844,1.53162350815154),
 .UNSPECIFIED.);
#690=B_SPLINE_CURVE_WITH_KNOTS('',3,(#3160,#3161,#3162,#3163,#3164,#3165),
 .UNSPECIFIED.,.F.,.F.,(4,2,4),(1.51966855239876,2.02226239794386,2.52027405649998),
 .UNSPECIFIED.);
#691=B_SPLINE_CURVE_WITH_KNOTS('',3,(#3167,#3168,#3169,#3170),
 .UNSPECIFIED.,.F.,.F.,(4,4),(2.57268685813223,4.07477728865006),
 .UNSPECIFIED.);
#692=B_SPLINE_CURVE_WITH_KNOTS('',3,(#3172,#3173,#3174,#3175),
 .UNSPECIFIED.,.F.,.F.,(4,4),(0.0160021810092975,1.51691043711692),
 .UNSPECIFIED.);
#693=B_SPLINE_CURVE_WITH_KNOTS('',3,(#3177,#3178,#3179,#3180,#3181,#3182),
 .UNSPECIFIED.,.F.,.F.,(4,2,4),(1.57094660561257,2.05186402704699,2.57268683016721),
 .UNSPECIFIED.);
#694=B_SPLINE_CURVE_WITH_KNOTS('',3,(#3184,#3185,#3186,#3187),
 .UNSPECIFIED.,.F.,.F.,(4,4),(2.52966827137621,4.0305765274502),
 .UNSPECIFIED.);
#695=B_SPLINE_CURVE_WITH_KNOTS('',3,(#3189,#3190,#3191,#3192),
 .UNSPECIFIED.,.F.,.F.,(4,4),(0.0677616188010243,1.57094663358636),
 .UNSPECIFIED.);
#696=B_SPLINE_CURVE_WITH_KNOTS('',3,(#3194,#3195,#3196,#3197,#3198,#3199),
 .UNSPECIFIED.,.F.,.F.,(4,2,4),(1.5324668460929,2.02226239794067,2.53307235014698),
 .UNSPECIFIED.);
#697=B_SPLINE_CURVE_WITH_KNOTS('',3,(#3201,#3202,#3203,#3204),
 .UNSPECIFIED.,.F.,.F.,(4,4),(2.53336376417851,4.03654882612819),
 .UNSPECIFIED.);
#698=B_SPLINE_CURVE_WITH_KNOTS('',3,(#3206,#3207,#3208,#3209),
 .UNSPECIFIED.,.F.,.F.,(4,4),(0.0281545111811457,1.5290627672778),
 .UNSPECIFIED.);
#699=B_SPLINE_CURVE_WITH_KNOTS('',3,(#3210,#3211,#3212,#3213,#3214,#3215),
 .UNSPECIFIED.,.F.,.F.,(4,2,4),(1.53162348012312,2.05242822476549,2.53336373605077),
 .UNSPECIFIED.);
#700=B_SPLINE_CURVE_WITH_KNOTS('',3,(#3234,#3235,#3236,#3237,#3238,#3239),
 .UNSPECIFIED.,.F.,.F.,(4,2,4),(1.53163310928286,2.05248915356779,2.53337480179548),
 .UNSPECIFIED.);
#701=B_SPLINE_CURVE_WITH_KNOTS('',3,(#3241,#3242,#3243,#3244),
 .UNSPECIFIED.,.F.,.F.,(4,4),(2.52761435004613,4.02852260600546),
 .UNSPECIFIED.);
#702=B_SPLINE_CURVE_WITH_KNOTS('',3,(#3246,#3247,#3248,#3249),
 .UNSPECIFIED.,.F.,.F.,(4,4),(0.0295412474095018,1.53163313724687),
 .UNSPECIFIED.);
#703=B_SPLINE_CURVE_WITH_KNOTS('',3,(#3251,#3252,#3253,#3254,#3255,#3256),
 .UNSPECIFIED.,.F.,.F.,(4,2,4),(1.52424973635446,2.02226284888465,2.52485524035534),
 .UNSPECIFIED.);
#704=B_SPLINE_CURVE_WITH_KNOTS('',3,(#3258,#3259,#3260,#3261),
 .UNSPECIFIED.,.F.,.F.,(4,4),(2.57270205921329,4.07479389342633),
 .UNSPECIFIED.);
#705=B_SPLINE_CURVE_WITH_KNOTS('',3,(#3263,#3264,#3265,#3266),
 .UNSPECIFIED.,.F.,.F.,(4,4),(0.0261005900424784,1.527008846085),
 .UNSPECIFIED.);
#706=B_SPLINE_CURVE_WITH_KNOTS('',3,(#3268,#3269,#3270,#3271,#3272,#3273),
 .UNSPECIFIED.,.F.,.F.,(4,2,4),(1.57096037577305,2.05182791624429,2.57270203124468),
 .UNSPECIFIED.);
#707=B_SPLINE_CURVE_WITH_KNOTS('',3,(#3275,#3276,#3277,#3278),
 .UNSPECIFIED.,.F.,.F.,(4,4),(2.51546205120922,4.01637030716412),
 .UNSPECIFIED.);
#708=B_SPLINE_CURVE_WITH_KNOTS('',3,(#3280,#3281,#3282,#3283),
 .UNSPECIFIED.,.F.,.F.,(4,4),(0.0677725576871979,1.57096040374869),
 .UNSPECIFIED.);
#709=B_SPLINE_CURVE_WITH_KNOTS('',3,(#3285,#3286,#3287,#3288,#3289,#3290),
 .UNSPECIFIED.,.F.,.F.,(4,2,4),(1.51145088355444,2.02226284888782,2.51205638751268),
 .UNSPECIFIED.);
#710=B_SPLINE_CURVE_WITH_KNOTS('',3,(#3292,#3293,#3294,#3295),
 .UNSPECIFIED.,.F.,.F.,(4,4),(2.5333748297681,4.03656273109359),
 .UNSPECIFIED.);
#711=B_SPLINE_CURVE_WITH_KNOTS('',3,(#3296,#3297,#3298,#3299),
 .UNSPECIFIED.,.F.,.F.,(4,4),(0.0139482912059722,1.51485654717627),
 .UNSPECIFIED.);
#712=B_SPLINE_CURVE_WITH_KNOTS('',3,(#3318,#3319,#3320,#3321,#3322,#3323),
 .UNSPECIFIED.,.F.,.F.,(4,2,4),(1.54407730543913,2.04408064362132,2.54407579650127),
 .UNSPECIFIED.);
#713=B_SPLINE_CURVE_WITH_KNOTS('',3,(#3325,#3326,#3327,#3328),
 .UNSPECIFIED.,.F.,.F.,(4,4),(2.52764594863833,4.02855420469),
 .UNSPECIFIED.);
#714=B_SPLINE_CURVE_WITH_KNOTS('',3,(#3330,#3331,#3332,#3333),
 .UNSPECIFIED.,.F.,.F.,(4,4),(0.044052099742067,1.54407733336416),
 .UNSPECIFIED.);
#715=B_SPLINE_CURVE_WITH_KNOTS('',3,(#3335,#3336,#3337,#3338,#3339,#3340),
 .UNSPECIFIED.,.F.,.F.,(4,2,4),(1.52736465667859,2.02123808607314,2.52797016069915),
 .UNSPECIFIED.);
#716=B_SPLINE_CURVE_WITH_KNOTS('',3,(#3342,#3343,#3344,#3345),
 .UNSPECIFIED.,.F.,.F.,(4,4),(2.54404628236203,4.04407151255434),
 .UNSPECIFIED.);
#717=B_SPLINE_CURVE_WITH_KNOTS('',3,(#3347,#3348,#3349,#3350),
 .UNSPECIFIED.,.F.,.F.,(4,4),(0.0261321885306988,1.52704044459308),
 .UNSPECIFIED.);
#718=B_SPLINE_CURVE_WITH_KNOTS('',3,(#3352,#3353,#3354,#3355,#3356,#3357),
 .UNSPECIFIED.,.F.,.F.,(4,2,4),(1.54404776563641,2.04404266935691,2.54404625443793),
 .UNSPECIFIED.);
#719=B_SPLINE_CURVE_WITH_KNOTS('',3,(#3359,#3360,#3361,#3362),
 .UNSPECIFIED.,.F.,.F.,(4,4),(2.51543712855887,4.01634538461648),
 .UNSPECIFIED.);
#720=B_SPLINE_CURVE_WITH_KNOTS('',3,(#3364,#3365,#3366,#3367),
 .UNSPECIFIED.,.F.,.F.,(4,4),(0.0440232074279818,1.54404779356136),
 .UNSPECIFIED.);
#721=B_SPLINE_CURVE_WITH_KNOTS('',3,(#3369,#3370,#3371,#3372,#3373,#3374),
 .UNSPECIFIED.,.F.,.F.,(4,2,4),(1.51451132419737,2.02123808606186,2.51511682822653),
 .UNSPECIFIED.);
#722=B_SPLINE_CURVE_WITH_KNOTS('',3,(#3376,#3377,#3378,#3379),
 .UNSPECIFIED.,.F.,.F.,(4,4),(2.54407582442626,4.04410041406261),
 .UNSPECIFIED.);
#723=B_SPLINE_CURVE_WITH_KNOTS('',3,(#3380,#3381,#3382,#3383),
 .UNSPECIFIED.,.F.,.F.,(4,4),(0.0139233684628184,1.51483162449056),
 .UNSPECIFIED.);
#724=B_SPLINE_CURVE_WITH_KNOTS('',3,(#3407,#3408,#3409,#3410),
 .UNSPECIFIED.,.F.,.F.,(4,4),(-10.6772723343449,-4.03098938240676E-14),
 .UNSPECIFIED.);
#725=B_SPLINE_CURVE_WITH_KNOTS('',3,(#3438,#3439,#3440,#3441,#3442),
 .UNSPECIFIED.,.F.,.F.,(4,1,4),(0.,0.571428571428571,1.),.UNSPECIFIED.);
#726=B_SPLINE_CURVE_WITH_KNOTS('',3,(#3444,#3445,#3446,#3447,#3448),
 .UNSPECIFIED.,.F.,.F.,(4,1,4),(-2.29956903629705,-0.985529586984449,0.),
 .UNSPECIFIED.);
#727=B_SPLINE_CURVE_WITH_KNOTS('',3,(#3451,#3452,#3453,#3454,#3455),
 .UNSPECIFIED.,.F.,.F.,(4,1,4),(0.,0.985529586984449,2.29956903629705),
 .UNSPECIFIED.);
#728=B_SPLINE_CURVE_WITH_KNOTS('',3,(#3477,#3478,#3479,#3480),
 .UNSPECIFIED.,.F.,.F.,(4,4),(-27.9006284679045,0.),.UNSPECIFIED.);
#729=B_SPLINE_CURVE_WITH_KNOTS('',3,(#3483,#3484,#3485,#3486),
 .UNSPECIFIED.,.F.,.F.,(4,4),(0.,27.9006284679045),.UNSPECIFIED.);
#730=B_SPLINE_CURVE_WITH_KNOTS('',3,(#3513,#3514,#3515,#3516,#3517),
 .UNSPECIFIED.,.F.,.F.,(4,1,4),(0.,0.571428571428571,1.),.UNSPECIFIED.);
#731=B_SPLINE_CURVE_WITH_KNOTS('',3,(#3518,#3519,#3520,#3521,#3522),
 .UNSPECIFIED.,.F.,.F.,(4,1,4),(-4.77175127114838E-14,1.31403945016012,
2.29956903778024),.UNSPECIFIED.);
#732=B_SPLINE_CURVE_WITH_KNOTS('',3,(#3523,#3524,#3525,#3526,#3527),
 .UNSPECIFIED.,.F.,.F.,(4,1,4),(-2.29956903778024,-1.31403945016012,4.77175127114838E-14),
 .UNSPECIFIED.);
#733=B_SPLINE_CURVE_WITH_KNOTS('',3,(#3549,#3550,#3551,#3552),
 .UNSPECIFIED.,.F.,.F.,(4,4),(-6.21474027455699E-13,10.6772723440824),
 .UNSPECIFIED.);
#734=B_SPLINE_CURVE_WITH_KNOTS('',3,(#3555,#3556,#3557,#3558),
 .UNSPECIFIED.,.F.,.F.,(4,4),(-10.6772723440824,6.21474027455699E-13),
 .UNSPECIFIED.);
#735=B_SPLINE_CURVE_WITH_KNOTS('',3,(#3566,#3567,#3568,#3569),
 .UNSPECIFIED.,.F.,.F.,(4,4),(4.03098938240676E-14,10.6772723343449),
 .UNSPECIFIED.);
#736=B_SPLINE_CURVE_WITH_KNOTS('',3,(#3571,#3572,#3573,#3574,#3575),
 .UNSPECIFIED.,.F.,.F.,(4,1,4),(0.,1.28648858605142,2.25135502558999),
 .UNSPECIFIED.);
#737=B_SPLINE_CURVE_WITH_KNOTS('',3,(#3577,#3578,#3579,#3580),
 .UNSPECIFIED.,.F.,.F.,(4,4),(0.,27.9516045688475),.UNSPECIFIED.);
#738=B_SPLINE_CURVE_WITH_KNOTS('',3,(#3581,#3582,#3583,#3584,#3585),
 .UNSPECIFIED.,.F.,.F.,(4,1,4),(0.,0.964877492952085,2.2513808168882),
 .UNSPECIFIED.);
#739=B_SPLINE_CURVE_WITH_KNOTS('',3,(#3613,#3614,#3615,#3616,#3617),
 .UNSPECIFIED.,.F.,.F.,(4,1,4),(-2.25135502558999,-1.28648858605142,0.),
 .UNSPECIFIED.);
#740=B_SPLINE_CURVE_WITH_KNOTS('',3,(#3640,#3641,#3642,#3643),
 .UNSPECIFIED.,.F.,.F.,(4,4),(-27.9516045688475,0.),.UNSPECIFIED.);
#741=B_SPLINE_CURVE_WITH_KNOTS('',3,(#3690,#3691,#3692,#3693,#3694),
 .UNSPECIFIED.,.F.,.F.,(4,1,4),(-2.2513808168882,-0.964877492952085,0.),
 .UNSPECIFIED.);
#742=B_SPLINE_CURVE_WITH_KNOTS('',3,(#3948,#3949,#3950,#3951,#3952,#3953),
 .UNSPECIFIED.,.F.,.F.,(4,2,4),(-2.49673643238042,-1.48947863640249,0.),
 .UNSPECIFIED.);
#743=B_SPLINE_CURVE_WITH_KNOTS('',3,(#3958,#3959,#3960,#3961),
 .UNSPECIFIED.,.F.,.F.,(4,4),(-2.61874078128615,0.),.UNSPECIFIED.);
#744=B_SPLINE_CURVE_WITH_KNOTS('',3,(#3963,#3964,#3965,#3966,#3967,#3968),
 .UNSPECIFIED.,.F.,.F.,(4,2,4),(-3.08403514592448,-1.61827303719165,-0.400719291268864),
 .UNSPECIFIED.);
#745=B_SPLINE_CURVE_WITH_KNOTS('',3,(#3973,#3974,#3975,#3976),
 .UNSPECIFIED.,.F.,.F.,(4,4),(-3.08403514592448,-0.465096086759734),
 .UNSPECIFIED.);
#746=B_SPLINE_CURVE_WITH_KNOTS('',1,(#4019,#4020),.UNSPECIFIED.,.F.,.F.,
(2,2),(2.99559836530564,6.31963155519193),.UNSPECIFIED.);
#747=B_SPLINE_CURVE_WITH_KNOTS('',3,(#4048,#4049,#4050,#4051),
 .UNSPECIFIED.,.F.,.F.,(4,4),(-8.9446315551887,-2.35536844482713),
 .UNSPECIFIED.);
#748=B_SPLINE_CURVE_WITH_KNOTS('',1,(#4065,#4066),.UNSPECIFIED.,.F.,.F.,
(2,2),(11.680368444837,16.3514051015318),.UNSPECIFIED.);
#749=B_SPLINE_CURVE_WITH_KNOTS('',3,(#4072,#4073,#4074,#4075),
 .UNSPECIFIED.,.F.,.F.,(4,4),(-15.322255141405,-14.305368444834),
 .UNSPECIFIED.);
#750=B_SPLINE_CURVE_WITH_KNOTS('',3,(#4103,#4104,#4105,#4106),
 .UNSPECIFIED.,.F.,.F.,(4,4),(48.7303684448241,55.3196315551766),
 .UNSPECIFIED.);
#751=B_SPLINE_CURVE_WITH_KNOTS('',3,(#4120,#4121,#4122,#4123),
 .UNSPECIFIED.,.F.,.F.,(4,4),(42.1906402489017,43.3696315551783),
 .UNSPECIFIED.);
#752=VERTEX_POINT('',#2438);
#753=VERTEX_POINT('',#2439);
#754=VERTEX_POINT('',#2442);
#755=VERTEX_POINT('',#2445);
#756=VERTEX_POINT('',#2451);
#757=VERTEX_POINT('',#2452);
#758=VERTEX_POINT('',#2454);
#759=VERTEX_POINT('',#2456);
#760=VERTEX_POINT('',#2465);
#761=VERTEX_POINT('',#2467);
#762=VERTEX_POINT('',#2471);
#763=VERTEX_POINT('',#2473);
#764=VERTEX_POINT('',#2482);
#765=VERTEX_POINT('',#2495);
#766=VERTEX_POINT('',#2502);
#767=VERTEX_POINT('',#2504);
#768=VERTEX_POINT('',#2506);
#769=VERTEX_POINT('',#2526);
#770=VERTEX_POINT('',#2528);
#771=VERTEX_POINT('',#2530);
#772=VERTEX_POINT('',#2533);
#773=VERTEX_POINT('',#2535);
#774=VERTEX_POINT('',#2537);
#775=VERTEX_POINT('',#2550);
#776=VERTEX_POINT('',#2552);
#777=VERTEX_POINT('',#2554);
#778=VERTEX_POINT('',#2602);
#779=VERTEX_POINT('',#2609);
#780=VERTEX_POINT('',#2621);
#781=VERTEX_POINT('',#2622);
#782=VERTEX_POINT('',#2624);
#783=VERTEX_POINT('',#2627);
#784=VERTEX_POINT('',#2629);
#785=VERTEX_POINT('',#2631);
#786=VERTEX_POINT('',#2640);
#787=VERTEX_POINT('',#2647);
#788=VERTEX_POINT('',#2649);
#789=VERTEX_POINT('',#2651);
#790=VERTEX_POINT('',#2653);
#791=VERTEX_POINT('',#2660);
#792=VERTEX_POINT('',#2662);
#793=VERTEX_POINT('',#2664);
#794=VERTEX_POINT('',#2666);
#795=VERTEX_POINT('',#2673);
#796=VERTEX_POINT('',#2677);
#797=VERTEX_POINT('',#2678);
#798=VERTEX_POINT('',#2680);
#799=VERTEX_POINT('',#2682);
#800=VERTEX_POINT('',#2689);
#801=VERTEX_POINT('',#2691);
#802=VERTEX_POINT('',#2704);
#803=VERTEX_POINT('',#2706);
#804=VERTEX_POINT('',#2708);
#805=VERTEX_POINT('',#2710);
#806=VERTEX_POINT('',#2730);
#807=VERTEX_POINT('',#2737);
#808=VERTEX_POINT('',#2739);
#809=VERTEX_POINT('',#2741);
#810=VERTEX_POINT('',#2754);
#811=VERTEX_POINT('',#2756);
#812=VERTEX_POINT('',#2758);
#813=VERTEX_POINT('',#2761);
#814=VERTEX_POINT('',#2763);
#815=VERTEX_POINT('',#2765);
#816=VERTEX_POINT('',#2778);
#817=VERTEX_POINT('',#2779);
#818=VERTEX_POINT('',#2781);
#819=VERTEX_POINT('',#2783);
#820=VERTEX_POINT('',#2785);
#821=VERTEX_POINT('',#2792);
#822=VERTEX_POINT('',#2794);
#823=VERTEX_POINT('',#2796);
#824=VERTEX_POINT('',#2798);
#825=VERTEX_POINT('',#2805);
#826=VERTEX_POINT('',#2807);
#827=VERTEX_POINT('',#2809);
#828=VERTEX_POINT('',#2817);
#829=VERTEX_POINT('',#2819);
#830=VERTEX_POINT('',#2907);
#831=VERTEX_POINT('',#2915);
#832=VERTEX_POINT('',#2964);
#833=VERTEX_POINT('',#2971);
#834=VERTEX_POINT('',#3013);
#835=VERTEX_POINT('',#3021);
#836=VERTEX_POINT('',#3063);
#837=VERTEX_POINT('',#3077);
#838=VERTEX_POINT('',#3097);
#839=VERTEX_POINT('',#3100);
#840=VERTEX_POINT('',#3148);
#841=VERTEX_POINT('',#3149);
#842=VERTEX_POINT('',#3154);
#843=VERTEX_POINT('',#3159);
#844=VERTEX_POINT('',#3166);
#845=VERTEX_POINT('',#3171);
#846=VERTEX_POINT('',#3176);
#847=VERTEX_POINT('',#3183);
#848=VERTEX_POINT('',#3188);
#849=VERTEX_POINT('',#3193);
#850=VERTEX_POINT('',#3200);
#851=VERTEX_POINT('',#3205);
#852=VERTEX_POINT('',#3232);
#853=VERTEX_POINT('',#3233);
#854=VERTEX_POINT('',#3240);
#855=VERTEX_POINT('',#3245);
#856=VERTEX_POINT('',#3250);
#857=VERTEX_POINT('',#3257);
#858=VERTEX_POINT('',#3262);
#859=VERTEX_POINT('',#3267);
#860=VERTEX_POINT('',#3274);
#861=VERTEX_POINT('',#3279);
#862=VERTEX_POINT('',#3284);
#863=VERTEX_POINT('',#3291);
#864=VERTEX_POINT('',#3316);
#865=VERTEX_POINT('',#3317);
#866=VERTEX_POINT('',#3324);
#867=VERTEX_POINT('',#3329);
#868=VERTEX_POINT('',#3334);
#869=VERTEX_POINT('',#3341);
#870=VERTEX_POINT('',#3346);
#871=VERTEX_POINT('',#3351);
#872=VERTEX_POINT('',#3358);
#873=VERTEX_POINT('',#3363);
#874=VERTEX_POINT('',#3368);
#875=VERTEX_POINT('',#3375);
#876=VERTEX_POINT('',#3400);
#877=VERTEX_POINT('',#3401);
#878=VERTEX_POINT('',#3403);
#879=VERTEX_POINT('',#3405);
#880=VERTEX_POINT('',#3436);
#881=VERTEX_POINT('',#3437);
#882=VERTEX_POINT('',#3443);
#883=VERTEX_POINT('',#3449);
#884=VERTEX_POINT('',#3476);
#885=VERTEX_POINT('',#3481);
#886=VERTEX_POINT('',#3512);
#887=VERTEX_POINT('',#3548);
#888=VERTEX_POINT('',#3553);
#889=VERTEX_POINT('',#3565);
#890=VERTEX_POINT('',#3570);
#891=VERTEX_POINT('',#3576);
#892=VERTEX_POINT('',#3612);
#893=VERTEX_POINT('',#3639);
#894=VERTEX_POINT('',#3715);
#895=VERTEX_POINT('',#3717);
#896=VERTEX_POINT('',#3736);
#897=VERTEX_POINT('',#3759);
#898=VERTEX_POINT('',#3763);
#899=VERTEX_POINT('',#3788);
#900=VERTEX_POINT('',#3814);
#901=VERTEX_POINT('',#3816);
#902=VERTEX_POINT('',#3820);
#903=VERTEX_POINT('',#3824);
#904=VERTEX_POINT('',#3828);
#905=VERTEX_POINT('',#3832);
#906=VERTEX_POINT('',#3836);
#907=VERTEX_POINT('',#3840);
#908=VERTEX_POINT('',#3844);
#909=VERTEX_POINT('',#3848);
#910=VERTEX_POINT('',#3852);
#911=VERTEX_POINT('',#3856);
#912=VERTEX_POINT('',#3863);
#913=VERTEX_POINT('',#3864);
#914=VERTEX_POINT('',#3866);
#915=VERTEX_POINT('',#3868);
#916=VERTEX_POINT('',#3870);
#917=VERTEX_POINT('',#3872);
#918=VERTEX_POINT('',#3874);
#919=VERTEX_POINT('',#3876);
#920=VERTEX_POINT('',#3878);
#921=VERTEX_POINT('',#3880);
#922=VERTEX_POINT('',#3882);
#923=VERTEX_POINT('',#3884);
#924=VERTEX_POINT('',#3912);
#925=VERTEX_POINT('',#3914);
#926=VERTEX_POINT('',#3915);
#927=VERTEX_POINT('',#3917);
#928=VERTEX_POINT('',#3919);
#929=VERTEX_POINT('',#3921);
#930=VERTEX_POINT('',#3923);
#931=VERTEX_POINT('',#3925);
#932=VERTEX_POINT('',#3927);
#933=VERTEX_POINT('',#3929);
#934=VERTEX_POINT('',#3931);
#935=VERTEX_POINT('',#3933);
#936=VERTEX_POINT('',#3935);
#937=VERTEX_POINT('',#3939);
#938=VERTEX_POINT('',#3941);
#939=VERTEX_POINT('',#3943);
#940=VERTEX_POINT('',#3946);
#941=VERTEX_POINT('',#3954);
#942=VERTEX_POINT('',#3956);
#943=VERTEX_POINT('',#3962);
#944=VERTEX_POINT('',#3969);
#945=VERTEX_POINT('',#3972);
#946=EDGE_CURVE('',#752,#753,#637,.T.);
#947=EDGE_CURVE('',#753,#754,#638,.T.);
#948=EDGE_CURVE('',#755,#754,#639,.T.);
#949=EDGE_CURVE('',#752,#755,#640,.T.);
#950=EDGE_CURVE('',#756,#757,#52,.T.);
#951=EDGE_CURVE('',#756,#758,#53,.T.);
#952=EDGE_CURVE('',#759,#758,#54,.T.);
#953=EDGE_CURVE('',#757,#759,#641,.F.);
#954=EDGE_CURVE('',#760,#756,#24,.T.);
#955=EDGE_CURVE('',#761,#760,#55,.T.);
#956=EDGE_CURVE('',#758,#761,#56,.T.);
#957=EDGE_CURVE('',#762,#760,#57,.T.);
#958=EDGE_CURVE('',#763,#762,#642,.F.);
#959=EDGE_CURVE('',#761,#763,#58,.T.);
#960=EDGE_CURVE('',#757,#764,#643,.T.);
#961=EDGE_CURVE('',#765,#764,#644,.T.);
#962=EDGE_CURVE('',#766,#765,#25,.T.);
#963=EDGE_CURVE('',#767,#766,#59,.T.);
#964=EDGE_CURVE('',#767,#768,#645,.T.);
#965=EDGE_CURVE('',#769,#768,#60,.T.);
#966=EDGE_CURVE('',#770,#769,#26,.T.);
#967=EDGE_CURVE('',#770,#771,#61,.T.);
#968=EDGE_CURVE('',#771,#771,#27,.F.);
#969=EDGE_CURVE('',#772,#770,#28,.T.);
#970=EDGE_CURVE('',#773,#772,#62,.T.);
#971=EDGE_CURVE('',#773,#774,#646,.T.);
#972=EDGE_CURVE('',#775,#774,#63,.T.);
#973=EDGE_CURVE('',#776,#775,#29,.T.);
#974=EDGE_CURVE('',#777,#776,#647,.T.);
#975=EDGE_CURVE('',#777,#762,#648,.T.);
#976=EDGE_CURVE('',#759,#778,#649,.F.);
#977=EDGE_CURVE('',#778,#779,#650,.F.);
#978=EDGE_CURVE('',#764,#779,#651,.T.);
#979=EDGE_CURVE('',#780,#781,#64,.T.);
#980=EDGE_CURVE('',#782,#780,#65,.T.);
#981=EDGE_CURVE('',#779,#782,#66,.T.);
#982=EDGE_CURVE('',#783,#778,#67,.F.);
#983=EDGE_CURVE('',#784,#783,#68,.F.);
#984=EDGE_CURVE('',#785,#784,#69,.T.);
#985=EDGE_CURVE('',#781,#785,#652,.F.);
#986=EDGE_CURVE('',#786,#763,#653,.F.);
#987=EDGE_CURVE('',#787,#786,#70,.T.);
#988=EDGE_CURVE('',#788,#787,#71,.T.);
#989=EDGE_CURVE('',#789,#788,#72,.T.);
#990=EDGE_CURVE('',#790,#789,#654,.F.);
#991=EDGE_CURVE('',#791,#790,#73,.T.);
#992=EDGE_CURVE('',#792,#791,#74,.T.);
#993=EDGE_CURVE('',#793,#792,#75,.T.);
#994=EDGE_CURVE('',#794,#793,#655,.F.);
#995=EDGE_CURVE('',#794,#795,#76,.T.);
#996=EDGE_CURVE('',#783,#795,#77,.F.);
#997=EDGE_CURVE('',#796,#797,#78,.T.);
#998=EDGE_CURVE('',#798,#796,#30,.T.);
#999=EDGE_CURVE('',#799,#798,#656,.T.);
#1000=EDGE_CURVE('',#799,#800,#19,.T.);
#1001=EDGE_CURVE('',#800,#801,#657,.T.);
#1002=EDGE_CURVE('',#802,#801,#79,.T.);
#1003=EDGE_CURVE('',#803,#802,#31,.T.);
#1004=EDGE_CURVE('',#804,#803,#80,.T.);
#1005=EDGE_CURVE('',#804,#805,#658,.T.);
#1006=EDGE_CURVE('',#806,#805,#659,.T.);
#1007=EDGE_CURVE('',#807,#806,#32,.T.);
#1008=EDGE_CURVE('',#808,#807,#81,.T.);
#1009=EDGE_CURVE('',#808,#809,#660,.T.);
#1010=EDGE_CURVE('',#810,#809,#82,.T.);
#1011=EDGE_CURVE('',#811,#810,#33,.T.);
#1012=EDGE_CURVE('',#811,#812,#83,.T.);
#1013=EDGE_CURVE('',#812,#812,#34,.F.);
#1014=EDGE_CURVE('',#813,#811,#35,.T.);
#1015=EDGE_CURVE('',#814,#813,#84,.T.);
#1016=EDGE_CURVE('',#814,#815,#661,.T.);
#1017=EDGE_CURVE('',#815,#797,#20,.T.);
#1018=EDGE_CURVE('',#816,#817,#85,.T.);
#1019=EDGE_CURVE('',#818,#816,#86,.T.);
#1020=EDGE_CURVE('',#819,#818,#87,.T.);
#1021=EDGE_CURVE('',#820,#819,#662,.F.);
#1022=EDGE_CURVE('',#821,#820,#88,.T.);
#1023=EDGE_CURVE('',#822,#821,#89,.T.);
#1024=EDGE_CURVE('',#823,#822,#90,.T.);
#1025=EDGE_CURVE('',#824,#823,#663,.F.);
#1026=EDGE_CURVE('',#825,#824,#91,.T.);
#1027=EDGE_CURVE('',#826,#825,#92,.T.);
#1028=EDGE_CURVE('',#827,#826,#93,.T.);
#1029=EDGE_CURVE('',#785,#827,#664,.F.);
#1030=EDGE_CURVE('',#828,#784,#94,.F.);
#1031=EDGE_CURVE('',#828,#829,#95,.T.);
#1032=EDGE_CURVE('',#817,#829,#665,.F.);
#1033=EDGE_CURVE('',#801,#793,#666,.T.);
#1034=EDGE_CURVE('',#800,#794,#667,.F.);
#1035=EDGE_CURVE('',#817,#814,#668,.T.);
#1036=EDGE_CURVE('',#829,#815,#669,.F.);
#1037=EDGE_CURVE('',#830,#808,#670,.T.);
#1038=EDGE_CURVE('',#831,#830,#671,.T.);
#1039=EDGE_CURVE('',#820,#831,#672,.T.);
#1040=EDGE_CURVE('',#809,#819,#673,.T.);
#1041=EDGE_CURVE('',#832,#789,#674,.T.);
#1042=EDGE_CURVE('',#833,#832,#675,.T.);
#1043=EDGE_CURVE('',#805,#833,#676,.T.);
#1044=EDGE_CURVE('',#790,#804,#677,.T.);
#1045=EDGE_CURVE('',#834,#777,#678,.T.);
#1046=EDGE_CURVE('',#835,#834,#679,.T.);
#1047=EDGE_CURVE('',#786,#835,#680,.T.);
#1048=EDGE_CURVE('',#774,#836,#681,.T.);
#1049=EDGE_CURVE('',#824,#773,#682,.T.);
#1050=EDGE_CURVE('',#837,#823,#683,.T.);
#1051=EDGE_CURVE('',#836,#837,#684,.T.);
#1052=EDGE_CURVE('',#797,#838,#96,.T.);
#1053=EDGE_CURVE('',#795,#828,#97,.T.);
#1054=EDGE_CURVE('',#839,#799,#685,.T.);
#1055=EDGE_CURVE('',#838,#839,#98,.T.);
#1056=EDGE_CURVE('',#781,#767,#686,.T.);
#1057=EDGE_CURVE('',#768,#827,#687,.T.);
#1058=EDGE_CURVE('',#840,#841,#688,.T.);
#1059=EDGE_CURVE('',#842,#840,#689,.T.);
#1060=EDGE_CURVE('',#843,#842,#690,.T.);
#1061=EDGE_CURVE('',#844,#843,#691,.T.);
#1062=EDGE_CURVE('',#845,#844,#692,.T.);
#1063=EDGE_CURVE('',#846,#845,#693,.T.);
#1064=EDGE_CURVE('',#847,#846,#694,.T.);
#1065=EDGE_CURVE('',#848,#847,#695,.T.);
#1066=EDGE_CURVE('',#849,#848,#696,.T.);
#1067=EDGE_CURVE('',#850,#849,#697,.T.);
#1068=EDGE_CURVE('',#851,#850,#698,.T.);
#1069=EDGE_CURVE('',#841,#851,#699,.T.);
#1070=EDGE_CURVE('',#852,#853,#700,.T.);
#1071=EDGE_CURVE('',#854,#852,#701,.T.);
#1072=EDGE_CURVE('',#855,#854,#702,.T.);
#1073=EDGE_CURVE('',#856,#855,#703,.T.);
#1074=EDGE_CURVE('',#857,#856,#704,.T.);
#1075=EDGE_CURVE('',#858,#857,#705,.T.);
#1076=EDGE_CURVE('',#859,#858,#706,.T.);
#1077=EDGE_CURVE('',#860,#859,#707,.T.);
#1078=EDGE_CURVE('',#861,#860,#708,.T.);
#1079=EDGE_CURVE('',#862,#861,#709,.T.);
#1080=EDGE_CURVE('',#863,#862,#710,.T.);
#1081=EDGE_CURVE('',#853,#863,#711,.T.);
#1082=EDGE_CURVE('',#864,#865,#712,.T.);
#1083=EDGE_CURVE('',#866,#864,#713,.T.);
#1084=EDGE_CURVE('',#867,#866,#714,.T.);
#1085=EDGE_CURVE('',#868,#867,#715,.T.);
#1086=EDGE_CURVE('',#869,#868,#716,.T.);
#1087=EDGE_CURVE('',#870,#869,#717,.T.);
#1088=EDGE_CURVE('',#871,#870,#718,.T.);
#1089=EDGE_CURVE('',#872,#871,#719,.T.);
#1090=EDGE_CURVE('',#873,#872,#720,.T.);
#1091=EDGE_CURVE('',#874,#873,#721,.T.);
#1092=EDGE_CURVE('',#875,#874,#722,.T.);
#1093=EDGE_CURVE('',#865,#875,#723,.T.);
#1094=EDGE_CURVE('',#876,#877,#99,.T.);
#1095=EDGE_CURVE('',#878,#877,#100,.T.);
#1096=EDGE_CURVE('',#879,#878,#101,.T.);
#1097=EDGE_CURVE('',#876,#879,#724,.T.);
#1098=EDGE_CURVE('',#880,#881,#725,.T.);
#1099=EDGE_CURVE('',#881,#882,#726,.T.);
#1100=EDGE_CURVE('',#882,#883,#36,.T.);
#1101=EDGE_CURVE('',#883,#880,#727,.T.);
#1102=EDGE_CURVE('',#882,#884,#728,.T.);
#1103=EDGE_CURVE('',#884,#885,#37,.T.);
#1104=EDGE_CURVE('',#885,#883,#729,.T.);
#1105=EDGE_CURVE('',#886,#876,#730,.T.);
#1106=EDGE_CURVE('',#886,#885,#731,.T.);
#1107=EDGE_CURVE('',#884,#876,#732,.T.);
#1108=EDGE_CURVE('',#880,#887,#733,.T.);
#1109=EDGE_CURVE('',#888,#887,#38,.T.);
#1110=EDGE_CURVE('',#888,#881,#734,.T.);
#1111=EDGE_CURVE('',#889,#886,#735,.T.);
#1112=EDGE_CURVE('',#890,#889,#736,.T.);
#1113=EDGE_CURVE('',#891,#890,#737,.T.);
#1114=EDGE_CURVE('',#887,#891,#738,.T.);
#1115=EDGE_CURVE('',#889,#879,#39,.T.);
#1116=EDGE_CURVE('',#879,#892,#739,.T.);
#1117=EDGE_CURVE('',#892,#890,#40,.T.);
#1118=EDGE_CURVE('',#892,#893,#740,.T.);
#1119=EDGE_CURVE('',#893,#891,#41,.T.);
#1120=EDGE_CURVE('',#893,#888,#741,.T.);
#1121=EDGE_CURVE('',#882,#894,#102,.T.);
#1122=EDGE_CURVE('',#881,#895,#103,.T.);
#1123=EDGE_CURVE('',#894,#895,#42,.T.);
#1124=EDGE_CURVE('',#895,#896,#104,.T.);
#1125=EDGE_CURVE('',#888,#896,#105,.T.);
#1126=EDGE_CURVE('',#893,#897,#106,.T.);
#1127=EDGE_CURVE('',#896,#897,#43,.T.);
#1128=EDGE_CURVE('',#897,#898,#107,.T.);
#1129=EDGE_CURVE('',#892,#898,#108,.T.);
#1130=EDGE_CURVE('',#898,#878,#44,.T.);
#1131=EDGE_CURVE('',#877,#899,#45,.T.);
#1132=EDGE_CURVE('',#899,#894,#109,.T.);
#1133=EDGE_CURVE('',#884,#899,#110,.T.);
#1134=EDGE_CURVE('',#900,#841,#111,.T.);
#1135=EDGE_CURVE('',#900,#901,#112,.F.);
#1136=EDGE_CURVE('',#901,#840,#113,.T.);
#1137=EDGE_CURVE('',#902,#851,#114,.T.);
#1138=EDGE_CURVE('',#900,#902,#115,.T.);
#1139=EDGE_CURVE('',#903,#850,#116,.T.);
#1140=EDGE_CURVE('',#902,#903,#117,.T.);
#1141=EDGE_CURVE('',#904,#901,#118,.T.);
#1142=EDGE_CURVE('',#904,#842,#119,.T.);
#1143=EDGE_CURVE('',#905,#849,#120,.T.);
#1144=EDGE_CURVE('',#903,#905,#121,.T.);
#1145=EDGE_CURVE('',#906,#904,#122,.T.);
#1146=EDGE_CURVE('',#906,#843,#123,.T.);
#1147=EDGE_CURVE('',#907,#848,#124,.T.);
#1148=EDGE_CURVE('',#905,#907,#125,.T.);
#1149=EDGE_CURVE('',#908,#906,#126,.T.);
#1150=EDGE_CURVE('',#908,#844,#127,.T.);
#1151=EDGE_CURVE('',#909,#847,#128,.T.);
#1152=EDGE_CURVE('',#907,#909,#129,.T.);
#1153=EDGE_CURVE('',#908,#910,#130,.F.);
#1154=EDGE_CURVE('',#910,#845,#131,.T.);
#1155=EDGE_CURVE('',#911,#846,#132,.T.);
#1156=EDGE_CURVE('',#909,#911,#133,.T.);
#1157=EDGE_CURVE('',#911,#910,#134,.T.);
#1158=EDGE_CURVE('',#912,#913,#135,.F.);
#1159=EDGE_CURVE('',#912,#914,#136,.T.);
#1160=EDGE_CURVE('',#914,#915,#137,.T.);
#1161=EDGE_CURVE('',#915,#916,#138,.T.);
#1162=EDGE_CURVE('',#917,#916,#139,.F.);
#1163=EDGE_CURVE('',#917,#918,#140,.T.);
#1164=EDGE_CURVE('',#918,#919,#141,.T.);
#1165=EDGE_CURVE('',#919,#920,#142,.T.);
#1166=EDGE_CURVE('',#920,#921,#143,.T.);
#1167=EDGE_CURVE('',#921,#922,#144,.T.);
#1168=EDGE_CURVE('',#922,#923,#145,.T.);
#1169=EDGE_CURVE('',#923,#913,#146,.T.);
#1170=EDGE_CURVE('',#913,#853,#147,.T.);
#1171=EDGE_CURVE('',#923,#852,#148,.T.);
#1172=EDGE_CURVE('',#922,#854,#149,.T.);
#1173=EDGE_CURVE('',#912,#863,#150,.T.);
#1174=EDGE_CURVE('',#921,#855,#151,.T.);
#1175=EDGE_CURVE('',#914,#862,#152,.T.);
#1176=EDGE_CURVE('',#920,#856,#153,.T.);
#1177=EDGE_CURVE('',#915,#861,#154,.T.);
#1178=EDGE_CURVE('',#919,#857,#155,.T.);
#1179=EDGE_CURVE('',#916,#860,#156,.T.);
#1180=EDGE_CURVE('',#918,#858,#157,.T.);
#1181=EDGE_CURVE('',#917,#859,#158,.T.);
#1182=EDGE_CURVE('',#924,#924,#46,.F.);
#1183=EDGE_CURVE('',#925,#926,#159,.F.);
#1184=EDGE_CURVE('',#925,#927,#160,.T.);
#1185=EDGE_CURVE('',#927,#928,#161,.T.);
#1186=EDGE_CURVE('',#928,#929,#162,.T.);
#1187=EDGE_CURVE('',#930,#929,#163,.F.);
#1188=EDGE_CURVE('',#930,#931,#164,.T.);
#1189=EDGE_CURVE('',#931,#932,#165,.T.);
#1190=EDGE_CURVE('',#932,#933,#166,.T.);
#1191=EDGE_CURVE('',#933,#934,#167,.T.);
#1192=EDGE_CURVE('',#934,#935,#168,.T.);
#1193=EDGE_CURVE('',#935,#936,#169,.T.);
#1194=EDGE_CURVE('',#936,#926,#170,.T.);
#1195=EDGE_CURVE('',#836,#937,#171,.T.);
#1196=EDGE_CURVE('',#938,#837,#172,.T.);
#1197=EDGE_CURVE('',#939,#938,#47,.T.);
#1198=EDGE_CURVE('',#939,#924,#173,.T.);
#1199=EDGE_CURVE('',#940,#939,#48,.T.);
#1200=EDGE_CURVE('',#831,#940,#742,.T.);
#1201=EDGE_CURVE('',#941,#830,#174,.T.);
#1202=EDGE_CURVE('',#942,#941,#49,.T.);
#1203=EDGE_CURVE('',#833,#942,#743,.T.);
#1204=EDGE_CURVE('',#943,#832,#744,.T.);
#1205=EDGE_CURVE('',#944,#943,#50,.T.);
#1206=EDGE_CURVE('',#835,#944,#175,.T.);
#1207=EDGE_CURVE('',#945,#834,#745,.T.);
#1208=EDGE_CURVE('',#937,#945,#51,.T.);
#1209=EDGE_CURVE('',#926,#865,#176,.T.);
#1210=EDGE_CURVE('',#936,#864,#177,.T.);
#1211=EDGE_CURVE('',#935,#866,#178,.T.);
#1212=EDGE_CURVE('',#925,#875,#179,.T.);
#1213=EDGE_CURVE('',#934,#867,#180,.T.);
#1214=EDGE_CURVE('',#927,#874,#181,.T.);
#1215=EDGE_CURVE('',#933,#868,#182,.T.);
#1216=EDGE_CURVE('',#928,#873,#183,.T.);
#1217=EDGE_CURVE('',#932,#869,#184,.T.);
#1218=EDGE_CURVE('',#929,#872,#185,.T.);
#1219=EDGE_CURVE('',#931,#870,#186,.T.);
#1220=EDGE_CURVE('',#930,#871,#187,.T.);
#1221=EDGE_CURVE('',#772,#825,#188,.T.);
#1222=EDGE_CURVE('',#826,#769,#189,.T.);
#1223=EDGE_CURVE('',#821,#940,#746,.T.);
#1224=EDGE_CURVE('',#822,#938,#190,.F.);
#1225=EDGE_CURVE('',#810,#818,#191,.T.);
#1226=EDGE_CURVE('',#816,#813,#192,.T.);
#1227=EDGE_CURVE('',#802,#792,#193,.T.);
#1228=EDGE_CURVE('',#791,#803,#194,.T.);
#1229=EDGE_CURVE('',#807,#941,#195,.F.);
#1230=EDGE_CURVE('',#806,#942,#747,.T.);
#1231=EDGE_CURVE('',#943,#788,#748,.T.);
#1232=EDGE_CURVE('',#944,#787,#196,.F.);
#1233=EDGE_CURVE('',#838,#796,#197,.F.);
#1234=EDGE_CURVE('',#839,#798,#749,.T.);
#1235=EDGE_CURVE('',#937,#775,#198,.T.);
#1236=EDGE_CURVE('',#945,#776,#750,.F.);
#1237=EDGE_CURVE('',#765,#782,#751,.F.);
#1238=EDGE_CURVE('',#766,#780,#199,.T.);
#1239=ORIENTED_EDGE('',*,*,#946,.T.);
#1240=ORIENTED_EDGE('',*,*,#947,.T.);
#1241=ORIENTED_EDGE('',*,*,#948,.F.);
#1242=ORIENTED_EDGE('',*,*,#949,.F.);
#1243=ORIENTED_EDGE('',*,*,#950,.F.);
#1244=ORIENTED_EDGE('',*,*,#951,.T.);
#1245=ORIENTED_EDGE('',*,*,#952,.F.);
#1246=ORIENTED_EDGE('',*,*,#953,.F.);
#1247=ORIENTED_EDGE('',*,*,#954,.F.);
#1248=ORIENTED_EDGE('',*,*,#955,.F.);
#1249=ORIENTED_EDGE('',*,*,#956,.F.);
#1250=ORIENTED_EDGE('',*,*,#951,.F.);
#1251=ORIENTED_EDGE('',*,*,#957,.F.);
#1252=ORIENTED_EDGE('',*,*,#958,.F.);
#1253=ORIENTED_EDGE('',*,*,#959,.F.);
#1254=ORIENTED_EDGE('',*,*,#955,.T.);
#1255=ORIENTED_EDGE('',*,*,#957,.T.);
#1256=ORIENTED_EDGE('',*,*,#954,.T.);
#1257=ORIENTED_EDGE('',*,*,#950,.T.);
#1258=ORIENTED_EDGE('',*,*,#960,.T.);
#1259=ORIENTED_EDGE('',*,*,#961,.F.);
#1260=ORIENTED_EDGE('',*,*,#962,.F.);
#1261=ORIENTED_EDGE('',*,*,#963,.F.);
#1262=ORIENTED_EDGE('',*,*,#964,.T.);
#1263=ORIENTED_EDGE('',*,*,#965,.F.);
#1264=ORIENTED_EDGE('',*,*,#966,.F.);
#1265=ORIENTED_EDGE('',*,*,#967,.T.);
#1266=ORIENTED_EDGE('',*,*,#968,.T.);
#1267=ORIENTED_EDGE('',*,*,#967,.F.);
#1268=ORIENTED_EDGE('',*,*,#969,.F.);
#1269=ORIENTED_EDGE('',*,*,#970,.F.);
#1270=ORIENTED_EDGE('',*,*,#971,.T.);
#1271=ORIENTED_EDGE('',*,*,#972,.F.);
#1272=ORIENTED_EDGE('',*,*,#973,.F.);
#1273=ORIENTED_EDGE('',*,*,#974,.F.);
#1274=ORIENTED_EDGE('',*,*,#975,.T.);
#1275=ORIENTED_EDGE('',*,*,#953,.T.);
#1276=ORIENTED_EDGE('',*,*,#976,.T.);
#1277=ORIENTED_EDGE('',*,*,#977,.T.);
#1278=ORIENTED_EDGE('',*,*,#978,.F.);
#1279=ORIENTED_EDGE('',*,*,#960,.F.);
#1280=ORIENTED_EDGE('',*,*,#979,.F.);
#1281=ORIENTED_EDGE('',*,*,#980,.F.);
#1282=ORIENTED_EDGE('',*,*,#981,.F.);
#1283=ORIENTED_EDGE('',*,*,#977,.F.);
#1284=ORIENTED_EDGE('',*,*,#982,.F.);
#1285=ORIENTED_EDGE('',*,*,#983,.F.);
#1286=ORIENTED_EDGE('',*,*,#984,.F.);
#1287=ORIENTED_EDGE('',*,*,#985,.F.);
#1288=ORIENTED_EDGE('',*,*,#959,.T.);
#1289=ORIENTED_EDGE('',*,*,#986,.F.);
#1290=ORIENTED_EDGE('',*,*,#987,.F.);
#1291=ORIENTED_EDGE('',*,*,#988,.F.);
#1292=ORIENTED_EDGE('',*,*,#989,.F.);
#1293=ORIENTED_EDGE('',*,*,#990,.F.);
#1294=ORIENTED_EDGE('',*,*,#991,.F.);
#1295=ORIENTED_EDGE('',*,*,#992,.F.);
#1296=ORIENTED_EDGE('',*,*,#993,.F.);
#1297=ORIENTED_EDGE('',*,*,#994,.F.);
#1298=ORIENTED_EDGE('',*,*,#995,.T.);
#1299=ORIENTED_EDGE('',*,*,#996,.F.);
#1300=ORIENTED_EDGE('',*,*,#982,.T.);
#1301=ORIENTED_EDGE('',*,*,#976,.F.);
#1302=ORIENTED_EDGE('',*,*,#952,.T.);
#1303=ORIENTED_EDGE('',*,*,#956,.T.);
#1304=ORIENTED_EDGE('',*,*,#997,.F.);
#1305=ORIENTED_EDGE('',*,*,#998,.F.);
#1306=ORIENTED_EDGE('',*,*,#999,.F.);
#1307=ORIENTED_EDGE('',*,*,#1000,.T.);
#1308=ORIENTED_EDGE('',*,*,#1001,.T.);
#1309=ORIENTED_EDGE('',*,*,#1002,.F.);
#1310=ORIENTED_EDGE('',*,*,#1003,.F.);
#1311=ORIENTED_EDGE('',*,*,#1004,.F.);
#1312=ORIENTED_EDGE('',*,*,#1005,.T.);
#1313=ORIENTED_EDGE('',*,*,#1006,.F.);
#1314=ORIENTED_EDGE('',*,*,#1007,.F.);
#1315=ORIENTED_EDGE('',*,*,#1008,.F.);
#1316=ORIENTED_EDGE('',*,*,#1009,.T.);
#1317=ORIENTED_EDGE('',*,*,#1010,.F.);
#1318=ORIENTED_EDGE('',*,*,#1011,.F.);
#1319=ORIENTED_EDGE('',*,*,#1012,.T.);
#1320=ORIENTED_EDGE('',*,*,#1013,.T.);
#1321=ORIENTED_EDGE('',*,*,#1012,.F.);
#1322=ORIENTED_EDGE('',*,*,#1014,.F.);
#1323=ORIENTED_EDGE('',*,*,#1015,.F.);
#1324=ORIENTED_EDGE('',*,*,#1016,.T.);
#1325=ORIENTED_EDGE('',*,*,#1017,.T.);
#1326=ORIENTED_EDGE('',*,*,#1018,.F.);
#1327=ORIENTED_EDGE('',*,*,#1019,.F.);
#1328=ORIENTED_EDGE('',*,*,#1020,.F.);
#1329=ORIENTED_EDGE('',*,*,#1021,.F.);
#1330=ORIENTED_EDGE('',*,*,#1022,.F.);
#1331=ORIENTED_EDGE('',*,*,#1023,.F.);
#1332=ORIENTED_EDGE('',*,*,#1024,.F.);
#1333=ORIENTED_EDGE('',*,*,#1025,.F.);
#1334=ORIENTED_EDGE('',*,*,#1026,.F.);
#1335=ORIENTED_EDGE('',*,*,#1027,.F.);
#1336=ORIENTED_EDGE('',*,*,#1028,.F.);
#1337=ORIENTED_EDGE('',*,*,#1029,.F.);
#1338=ORIENTED_EDGE('',*,*,#984,.T.);
#1339=ORIENTED_EDGE('',*,*,#1030,.F.);
#1340=ORIENTED_EDGE('',*,*,#1031,.T.);
#1341=ORIENTED_EDGE('',*,*,#1032,.F.);
#1342=ORIENTED_EDGE('',*,*,#1033,.F.);
#1343=ORIENTED_EDGE('',*,*,#1001,.F.);
#1344=ORIENTED_EDGE('',*,*,#1034,.T.);
#1345=ORIENTED_EDGE('',*,*,#994,.T.);
#1346=ORIENTED_EDGE('',*,*,#1035,.F.);
#1347=ORIENTED_EDGE('',*,*,#1032,.T.);
#1348=ORIENTED_EDGE('',*,*,#1036,.T.);
#1349=ORIENTED_EDGE('',*,*,#1016,.F.);
#1350=ORIENTED_EDGE('',*,*,#1037,.F.);
#1351=ORIENTED_EDGE('',*,*,#1038,.F.);
#1352=ORIENTED_EDGE('',*,*,#1039,.F.);
#1353=ORIENTED_EDGE('',*,*,#1021,.T.);
#1354=ORIENTED_EDGE('',*,*,#1040,.F.);
#1355=ORIENTED_EDGE('',*,*,#1009,.F.);
#1356=ORIENTED_EDGE('',*,*,#1041,.F.);
#1357=ORIENTED_EDGE('',*,*,#1042,.F.);
#1358=ORIENTED_EDGE('',*,*,#1043,.F.);
#1359=ORIENTED_EDGE('',*,*,#1005,.F.);
#1360=ORIENTED_EDGE('',*,*,#1044,.F.);
#1361=ORIENTED_EDGE('',*,*,#990,.T.);
#1362=ORIENTED_EDGE('',*,*,#958,.T.);
#1363=ORIENTED_EDGE('',*,*,#975,.F.);
#1364=ORIENTED_EDGE('',*,*,#1045,.F.);
#1365=ORIENTED_EDGE('',*,*,#1046,.F.);
#1366=ORIENTED_EDGE('',*,*,#1047,.F.);
#1367=ORIENTED_EDGE('',*,*,#986,.T.);
#1368=ORIENTED_EDGE('',*,*,#1048,.F.);
#1369=ORIENTED_EDGE('',*,*,#971,.F.);
#1370=ORIENTED_EDGE('',*,*,#1049,.F.);
#1371=ORIENTED_EDGE('',*,*,#1025,.T.);
#1372=ORIENTED_EDGE('',*,*,#1050,.F.);
#1373=ORIENTED_EDGE('',*,*,#1051,.F.);
#1374=ORIENTED_EDGE('',*,*,#1052,.F.);
#1375=ORIENTED_EDGE('',*,*,#1017,.F.);
#1376=ORIENTED_EDGE('',*,*,#1036,.F.);
#1377=ORIENTED_EDGE('',*,*,#1031,.F.);
#1378=ORIENTED_EDGE('',*,*,#1053,.F.);
#1379=ORIENTED_EDGE('',*,*,#995,.F.);
#1380=ORIENTED_EDGE('',*,*,#1034,.F.);
#1381=ORIENTED_EDGE('',*,*,#1000,.F.);
#1382=ORIENTED_EDGE('',*,*,#1054,.F.);
#1383=ORIENTED_EDGE('',*,*,#1055,.F.);
#1384=ORIENTED_EDGE('',*,*,#1056,.F.);
#1385=ORIENTED_EDGE('',*,*,#985,.T.);
#1386=ORIENTED_EDGE('',*,*,#1029,.T.);
#1387=ORIENTED_EDGE('',*,*,#1057,.F.);
#1388=ORIENTED_EDGE('',*,*,#964,.F.);
#1389=ORIENTED_EDGE('',*,*,#1058,.F.);
#1390=ORIENTED_EDGE('',*,*,#1059,.F.);
#1391=ORIENTED_EDGE('',*,*,#1060,.F.);
#1392=ORIENTED_EDGE('',*,*,#1061,.F.);
#1393=ORIENTED_EDGE('',*,*,#1062,.F.);
#1394=ORIENTED_EDGE('',*,*,#1063,.F.);
#1395=ORIENTED_EDGE('',*,*,#1064,.F.);
#1396=ORIENTED_EDGE('',*,*,#1065,.F.);
#1397=ORIENTED_EDGE('',*,*,#1066,.F.);
#1398=ORIENTED_EDGE('',*,*,#1067,.F.);
#1399=ORIENTED_EDGE('',*,*,#1068,.F.);
#1400=ORIENTED_EDGE('',*,*,#1069,.F.);
#1401=ORIENTED_EDGE('',*,*,#1070,.F.);
#1402=ORIENTED_EDGE('',*,*,#1071,.F.);
#1403=ORIENTED_EDGE('',*,*,#1072,.F.);
#1404=ORIENTED_EDGE('',*,*,#1073,.F.);
#1405=ORIENTED_EDGE('',*,*,#1074,.F.);
#1406=ORIENTED_EDGE('',*,*,#1075,.F.);
#1407=ORIENTED_EDGE('',*,*,#1076,.F.);
#1408=ORIENTED_EDGE('',*,*,#1077,.F.);
#1409=ORIENTED_EDGE('',*,*,#1078,.F.);
#1410=ORIENTED_EDGE('',*,*,#1079,.F.);
#1411=ORIENTED_EDGE('',*,*,#1080,.F.);
#1412=ORIENTED_EDGE('',*,*,#1081,.F.);
#1413=ORIENTED_EDGE('',*,*,#1082,.F.);
#1414=ORIENTED_EDGE('',*,*,#1083,.F.);
#1415=ORIENTED_EDGE('',*,*,#1084,.F.);
#1416=ORIENTED_EDGE('',*,*,#1085,.F.);
#1417=ORIENTED_EDGE('',*,*,#1086,.F.);
#1418=ORIENTED_EDGE('',*,*,#1087,.F.);
#1419=ORIENTED_EDGE('',*,*,#1088,.F.);
#1420=ORIENTED_EDGE('',*,*,#1089,.F.);
#1421=ORIENTED_EDGE('',*,*,#1090,.F.);
#1422=ORIENTED_EDGE('',*,*,#1091,.F.);
#1423=ORIENTED_EDGE('',*,*,#1092,.F.);
#1424=ORIENTED_EDGE('',*,*,#1093,.F.);
#1425=ORIENTED_EDGE('',*,*,#1094,.T.);
#1426=ORIENTED_EDGE('',*,*,#1095,.F.);
#1427=ORIENTED_EDGE('',*,*,#1096,.F.);
#1428=ORIENTED_EDGE('',*,*,#1097,.F.);
#1429=ORIENTED_EDGE('',*,*,#1098,.T.);
#1430=ORIENTED_EDGE('',*,*,#1099,.T.);
#1431=ORIENTED_EDGE('',*,*,#1100,.T.);
#1432=ORIENTED_EDGE('',*,*,#1101,.T.);
#1433=ORIENTED_EDGE('',*,*,#1100,.F.);
#1434=ORIENTED_EDGE('',*,*,#1102,.T.);
#1435=ORIENTED_EDGE('',*,*,#1103,.T.);
#1436=ORIENTED_EDGE('',*,*,#1104,.T.);
#1437=ORIENTED_EDGE('',*,*,#1105,.F.);
#1438=ORIENTED_EDGE('',*,*,#1106,.T.);
#1439=ORIENTED_EDGE('',*,*,#1103,.F.);
#1440=ORIENTED_EDGE('',*,*,#1107,.T.);
#1441=ORIENTED_EDGE('',*,*,#1098,.F.);
#1442=ORIENTED_EDGE('',*,*,#1108,.T.);
#1443=ORIENTED_EDGE('',*,*,#1109,.F.);
#1444=ORIENTED_EDGE('',*,*,#1110,.T.);
#1445=ORIENTED_EDGE('',*,*,#1101,.F.);
#1446=ORIENTED_EDGE('',*,*,#1104,.F.);
#1447=ORIENTED_EDGE('',*,*,#1106,.F.);
#1448=ORIENTED_EDGE('',*,*,#1111,.F.);
#1449=ORIENTED_EDGE('',*,*,#1112,.F.);
#1450=ORIENTED_EDGE('',*,*,#1113,.F.);
#1451=ORIENTED_EDGE('',*,*,#1114,.F.);
#1452=ORIENTED_EDGE('',*,*,#1108,.F.);
#1453=ORIENTED_EDGE('',*,*,#1115,.T.);
#1454=ORIENTED_EDGE('',*,*,#1116,.T.);
#1455=ORIENTED_EDGE('',*,*,#1117,.T.);
#1456=ORIENTED_EDGE('',*,*,#1112,.T.);
#1457=ORIENTED_EDGE('',*,*,#1117,.F.);
#1458=ORIENTED_EDGE('',*,*,#1118,.T.);
#1459=ORIENTED_EDGE('',*,*,#1119,.T.);
#1460=ORIENTED_EDGE('',*,*,#1113,.T.);
#1461=ORIENTED_EDGE('',*,*,#1105,.T.);
#1462=ORIENTED_EDGE('',*,*,#1097,.T.);
#1463=ORIENTED_EDGE('',*,*,#1115,.F.);
#1464=ORIENTED_EDGE('',*,*,#1111,.T.);
#1465=ORIENTED_EDGE('',*,*,#1119,.F.);
#1466=ORIENTED_EDGE('',*,*,#1120,.T.);
#1467=ORIENTED_EDGE('',*,*,#1109,.T.);
#1468=ORIENTED_EDGE('',*,*,#1114,.T.);
#1469=ORIENTED_EDGE('',*,*,#1121,.F.);
#1470=ORIENTED_EDGE('',*,*,#1099,.F.);
#1471=ORIENTED_EDGE('',*,*,#1122,.T.);
#1472=ORIENTED_EDGE('',*,*,#1123,.F.);
#1473=ORIENTED_EDGE('',*,*,#1124,.F.);
#1474=ORIENTED_EDGE('',*,*,#1122,.F.);
#1475=ORIENTED_EDGE('',*,*,#1110,.F.);
#1476=ORIENTED_EDGE('',*,*,#1125,.T.);
#1477=ORIENTED_EDGE('',*,*,#1120,.F.);
#1478=ORIENTED_EDGE('',*,*,#1126,.T.);
#1479=ORIENTED_EDGE('',*,*,#1127,.F.);
#1480=ORIENTED_EDGE('',*,*,#1125,.F.);
#1481=ORIENTED_EDGE('',*,*,#1128,.F.);
#1482=ORIENTED_EDGE('',*,*,#1126,.F.);
#1483=ORIENTED_EDGE('',*,*,#1118,.F.);
#1484=ORIENTED_EDGE('',*,*,#1129,.T.);
#1485=ORIENTED_EDGE('',*,*,#1116,.F.);
#1486=ORIENTED_EDGE('',*,*,#1096,.T.);
#1487=ORIENTED_EDGE('',*,*,#1130,.F.);
#1488=ORIENTED_EDGE('',*,*,#1129,.F.);
#1489=ORIENTED_EDGE('',*,*,#1128,.T.);
#1490=ORIENTED_EDGE('',*,*,#1130,.T.);
#1491=ORIENTED_EDGE('',*,*,#1095,.T.);
#1492=ORIENTED_EDGE('',*,*,#1131,.T.);
#1493=ORIENTED_EDGE('',*,*,#1132,.T.);
#1494=ORIENTED_EDGE('',*,*,#1123,.T.);
#1495=ORIENTED_EDGE('',*,*,#1124,.T.);
#1496=ORIENTED_EDGE('',*,*,#1127,.T.);
#1497=ORIENTED_EDGE('',*,*,#983,.T.);
#1498=ORIENTED_EDGE('',*,*,#996,.T.);
#1499=ORIENTED_EDGE('',*,*,#1053,.T.);
#1500=ORIENTED_EDGE('',*,*,#1030,.T.);
#1501=ORIENTED_EDGE('',*,*,#1107,.F.);
#1502=ORIENTED_EDGE('',*,*,#1133,.T.);
#1503=ORIENTED_EDGE('',*,*,#1131,.F.);
#1504=ORIENTED_EDGE('',*,*,#1094,.F.);
#1505=ORIENTED_EDGE('',*,*,#1132,.F.);
#1506=ORIENTED_EDGE('',*,*,#1133,.F.);
#1507=ORIENTED_EDGE('',*,*,#1102,.F.);
#1508=ORIENTED_EDGE('',*,*,#1121,.T.);
#1509=ORIENTED_EDGE('',*,*,#1058,.T.);
#1510=ORIENTED_EDGE('',*,*,#1134,.F.);
#1511=ORIENTED_EDGE('',*,*,#1135,.T.);
#1512=ORIENTED_EDGE('',*,*,#1136,.T.);
#1513=ORIENTED_EDGE('',*,*,#1069,.T.);
#1514=ORIENTED_EDGE('',*,*,#1137,.F.);
#1515=ORIENTED_EDGE('',*,*,#1138,.F.);
#1516=ORIENTED_EDGE('',*,*,#1134,.T.);
#1517=ORIENTED_EDGE('',*,*,#1068,.T.);
#1518=ORIENTED_EDGE('',*,*,#1139,.F.);
#1519=ORIENTED_EDGE('',*,*,#1140,.F.);
#1520=ORIENTED_EDGE('',*,*,#1137,.T.);
#1521=ORIENTED_EDGE('',*,*,#1059,.T.);
#1522=ORIENTED_EDGE('',*,*,#1136,.F.);
#1523=ORIENTED_EDGE('',*,*,#1141,.F.);
#1524=ORIENTED_EDGE('',*,*,#1142,.T.);
#1525=ORIENTED_EDGE('',*,*,#1067,.T.);
#1526=ORIENTED_EDGE('',*,*,#1143,.F.);
#1527=ORIENTED_EDGE('',*,*,#1144,.F.);
#1528=ORIENTED_EDGE('',*,*,#1139,.T.);
#1529=ORIENTED_EDGE('',*,*,#1060,.T.);
#1530=ORIENTED_EDGE('',*,*,#1142,.F.);
#1531=ORIENTED_EDGE('',*,*,#1145,.F.);
#1532=ORIENTED_EDGE('',*,*,#1146,.T.);
#1533=ORIENTED_EDGE('',*,*,#1066,.T.);
#1534=ORIENTED_EDGE('',*,*,#1147,.F.);
#1535=ORIENTED_EDGE('',*,*,#1148,.F.);
#1536=ORIENTED_EDGE('',*,*,#1143,.T.);
#1537=ORIENTED_EDGE('',*,*,#1061,.T.);
#1538=ORIENTED_EDGE('',*,*,#1146,.F.);
#1539=ORIENTED_EDGE('',*,*,#1149,.F.);
#1540=ORIENTED_EDGE('',*,*,#1150,.T.);
#1541=ORIENTED_EDGE('',*,*,#1065,.T.);
#1542=ORIENTED_EDGE('',*,*,#1151,.F.);
#1543=ORIENTED_EDGE('',*,*,#1152,.F.);
#1544=ORIENTED_EDGE('',*,*,#1147,.T.);
#1545=ORIENTED_EDGE('',*,*,#1062,.T.);
#1546=ORIENTED_EDGE('',*,*,#1150,.F.);
#1547=ORIENTED_EDGE('',*,*,#1153,.T.);
#1548=ORIENTED_EDGE('',*,*,#1154,.T.);
#1549=ORIENTED_EDGE('',*,*,#1064,.T.);
#1550=ORIENTED_EDGE('',*,*,#1155,.F.);
#1551=ORIENTED_EDGE('',*,*,#1156,.F.);
#1552=ORIENTED_EDGE('',*,*,#1151,.T.);
#1553=ORIENTED_EDGE('',*,*,#1063,.T.);
#1554=ORIENTED_EDGE('',*,*,#1154,.F.);
#1555=ORIENTED_EDGE('',*,*,#1157,.F.);
#1556=ORIENTED_EDGE('',*,*,#1155,.T.);
#1557=ORIENTED_EDGE('',*,*,#968,.F.);
#1558=ORIENTED_EDGE('',*,*,#1153,.F.);
#1559=ORIENTED_EDGE('',*,*,#1149,.T.);
#1560=ORIENTED_EDGE('',*,*,#1145,.T.);
#1561=ORIENTED_EDGE('',*,*,#1141,.T.);
#1562=ORIENTED_EDGE('',*,*,#1135,.F.);
#1563=ORIENTED_EDGE('',*,*,#1138,.T.);
#1564=ORIENTED_EDGE('',*,*,#1140,.T.);
#1565=ORIENTED_EDGE('',*,*,#1144,.T.);
#1566=ORIENTED_EDGE('',*,*,#1148,.T.);
#1567=ORIENTED_EDGE('',*,*,#1152,.T.);
#1568=ORIENTED_EDGE('',*,*,#1156,.T.);
#1569=ORIENTED_EDGE('',*,*,#1157,.T.);
#1570=ORIENTED_EDGE('',*,*,#1013,.F.);
#1571=ORIENTED_EDGE('',*,*,#1158,.F.);
#1572=ORIENTED_EDGE('',*,*,#1159,.T.);
#1573=ORIENTED_EDGE('',*,*,#1160,.T.);
#1574=ORIENTED_EDGE('',*,*,#1161,.T.);
#1575=ORIENTED_EDGE('',*,*,#1162,.F.);
#1576=ORIENTED_EDGE('',*,*,#1163,.T.);
#1577=ORIENTED_EDGE('',*,*,#1164,.T.);
#1578=ORIENTED_EDGE('',*,*,#1165,.T.);
#1579=ORIENTED_EDGE('',*,*,#1166,.T.);
#1580=ORIENTED_EDGE('',*,*,#1167,.T.);
#1581=ORIENTED_EDGE('',*,*,#1168,.T.);
#1582=ORIENTED_EDGE('',*,*,#1169,.T.);
#1583=ORIENTED_EDGE('',*,*,#1070,.T.);
#1584=ORIENTED_EDGE('',*,*,#1170,.F.);
#1585=ORIENTED_EDGE('',*,*,#1169,.F.);
#1586=ORIENTED_EDGE('',*,*,#1171,.T.);
#1587=ORIENTED_EDGE('',*,*,#1071,.T.);
#1588=ORIENTED_EDGE('',*,*,#1171,.F.);
#1589=ORIENTED_EDGE('',*,*,#1168,.F.);
#1590=ORIENTED_EDGE('',*,*,#1172,.T.);
#1591=ORIENTED_EDGE('',*,*,#1081,.T.);
#1592=ORIENTED_EDGE('',*,*,#1173,.F.);
#1593=ORIENTED_EDGE('',*,*,#1158,.T.);
#1594=ORIENTED_EDGE('',*,*,#1170,.T.);
#1595=ORIENTED_EDGE('',*,*,#1072,.T.);
#1596=ORIENTED_EDGE('',*,*,#1172,.F.);
#1597=ORIENTED_EDGE('',*,*,#1167,.F.);
#1598=ORIENTED_EDGE('',*,*,#1174,.T.);
#1599=ORIENTED_EDGE('',*,*,#1080,.T.);
#1600=ORIENTED_EDGE('',*,*,#1175,.F.);
#1601=ORIENTED_EDGE('',*,*,#1159,.F.);
#1602=ORIENTED_EDGE('',*,*,#1173,.T.);
#1603=ORIENTED_EDGE('',*,*,#1073,.T.);
#1604=ORIENTED_EDGE('',*,*,#1174,.F.);
#1605=ORIENTED_EDGE('',*,*,#1166,.F.);
#1606=ORIENTED_EDGE('',*,*,#1176,.T.);
#1607=ORIENTED_EDGE('',*,*,#1079,.T.);
#1608=ORIENTED_EDGE('',*,*,#1177,.F.);
#1609=ORIENTED_EDGE('',*,*,#1160,.F.);
#1610=ORIENTED_EDGE('',*,*,#1175,.T.);
#1611=ORIENTED_EDGE('',*,*,#1074,.T.);
#1612=ORIENTED_EDGE('',*,*,#1176,.F.);
#1613=ORIENTED_EDGE('',*,*,#1165,.F.);
#1614=ORIENTED_EDGE('',*,*,#1178,.T.);
#1615=ORIENTED_EDGE('',*,*,#1078,.T.);
#1616=ORIENTED_EDGE('',*,*,#1179,.F.);
#1617=ORIENTED_EDGE('',*,*,#1161,.F.);
#1618=ORIENTED_EDGE('',*,*,#1177,.T.);
#1619=ORIENTED_EDGE('',*,*,#1075,.T.);
#1620=ORIENTED_EDGE('',*,*,#1178,.F.);
#1621=ORIENTED_EDGE('',*,*,#1164,.F.);
#1622=ORIENTED_EDGE('',*,*,#1180,.T.);
#1623=ORIENTED_EDGE('',*,*,#1076,.T.);
#1624=ORIENTED_EDGE('',*,*,#1180,.F.);
#1625=ORIENTED_EDGE('',*,*,#1163,.F.);
#1626=ORIENTED_EDGE('',*,*,#1181,.T.);
#1627=ORIENTED_EDGE('',*,*,#1077,.T.);
#1628=ORIENTED_EDGE('',*,*,#1181,.F.);
#1629=ORIENTED_EDGE('',*,*,#1162,.T.);
#1630=ORIENTED_EDGE('',*,*,#1179,.T.);
#1631=ORIENTED_EDGE('',*,*,#1182,.F.);
#1632=ORIENTED_EDGE('',*,*,#1183,.F.);
#1633=ORIENTED_EDGE('',*,*,#1184,.T.);
#1634=ORIENTED_EDGE('',*,*,#1185,.T.);
#1635=ORIENTED_EDGE('',*,*,#1186,.T.);
#1636=ORIENTED_EDGE('',*,*,#1187,.F.);
#1637=ORIENTED_EDGE('',*,*,#1188,.T.);
#1638=ORIENTED_EDGE('',*,*,#1189,.T.);
#1639=ORIENTED_EDGE('',*,*,#1190,.T.);
#1640=ORIENTED_EDGE('',*,*,#1191,.T.);
#1641=ORIENTED_EDGE('',*,*,#1192,.T.);
#1642=ORIENTED_EDGE('',*,*,#1193,.T.);
#1643=ORIENTED_EDGE('',*,*,#1194,.T.);
#1644=ORIENTED_EDGE('',*,*,#1195,.F.);
#1645=ORIENTED_EDGE('',*,*,#1051,.T.);
#1646=ORIENTED_EDGE('',*,*,#1196,.F.);
#1647=ORIENTED_EDGE('',*,*,#1197,.F.);
#1648=ORIENTED_EDGE('',*,*,#1198,.T.);
#1649=ORIENTED_EDGE('',*,*,#1182,.T.);
#1650=ORIENTED_EDGE('',*,*,#1198,.F.);
#1651=ORIENTED_EDGE('',*,*,#1199,.F.);
#1652=ORIENTED_EDGE('',*,*,#1200,.F.);
#1653=ORIENTED_EDGE('',*,*,#1038,.T.);
#1654=ORIENTED_EDGE('',*,*,#1201,.F.);
#1655=ORIENTED_EDGE('',*,*,#1202,.F.);
#1656=ORIENTED_EDGE('',*,*,#1203,.F.);
#1657=ORIENTED_EDGE('',*,*,#1042,.T.);
#1658=ORIENTED_EDGE('',*,*,#1204,.F.);
#1659=ORIENTED_EDGE('',*,*,#1205,.F.);
#1660=ORIENTED_EDGE('',*,*,#1206,.F.);
#1661=ORIENTED_EDGE('',*,*,#1046,.T.);
#1662=ORIENTED_EDGE('',*,*,#1207,.F.);
#1663=ORIENTED_EDGE('',*,*,#1208,.F.);
#1664=ORIENTED_EDGE('',*,*,#1082,.T.);
#1665=ORIENTED_EDGE('',*,*,#1209,.F.);
#1666=ORIENTED_EDGE('',*,*,#1194,.F.);
#1667=ORIENTED_EDGE('',*,*,#1210,.T.);
#1668=ORIENTED_EDGE('',*,*,#1083,.T.);
#1669=ORIENTED_EDGE('',*,*,#1210,.F.);
#1670=ORIENTED_EDGE('',*,*,#1193,.F.);
#1671=ORIENTED_EDGE('',*,*,#1211,.T.);
#1672=ORIENTED_EDGE('',*,*,#1093,.T.);
#1673=ORIENTED_EDGE('',*,*,#1212,.F.);
#1674=ORIENTED_EDGE('',*,*,#1183,.T.);
#1675=ORIENTED_EDGE('',*,*,#1209,.T.);
#1676=ORIENTED_EDGE('',*,*,#1084,.T.);
#1677=ORIENTED_EDGE('',*,*,#1211,.F.);
#1678=ORIENTED_EDGE('',*,*,#1192,.F.);
#1679=ORIENTED_EDGE('',*,*,#1213,.T.);
#1680=ORIENTED_EDGE('',*,*,#1092,.T.);
#1681=ORIENTED_EDGE('',*,*,#1214,.F.);
#1682=ORIENTED_EDGE('',*,*,#1184,.F.);
#1683=ORIENTED_EDGE('',*,*,#1212,.T.);
#1684=ORIENTED_EDGE('',*,*,#1085,.T.);
#1685=ORIENTED_EDGE('',*,*,#1213,.F.);
#1686=ORIENTED_EDGE('',*,*,#1191,.F.);
#1687=ORIENTED_EDGE('',*,*,#1215,.T.);
#1688=ORIENTED_EDGE('',*,*,#1091,.T.);
#1689=ORIENTED_EDGE('',*,*,#1216,.F.);
#1690=ORIENTED_EDGE('',*,*,#1185,.F.);
#1691=ORIENTED_EDGE('',*,*,#1214,.T.);
#1692=ORIENTED_EDGE('',*,*,#1086,.T.);
#1693=ORIENTED_EDGE('',*,*,#1215,.F.);
#1694=ORIENTED_EDGE('',*,*,#1190,.F.);
#1695=ORIENTED_EDGE('',*,*,#1217,.T.);
#1696=ORIENTED_EDGE('',*,*,#1090,.T.);
#1697=ORIENTED_EDGE('',*,*,#1218,.F.);
#1698=ORIENTED_EDGE('',*,*,#1186,.F.);
#1699=ORIENTED_EDGE('',*,*,#1216,.T.);
#1700=ORIENTED_EDGE('',*,*,#1087,.T.);
#1701=ORIENTED_EDGE('',*,*,#1217,.F.);
#1702=ORIENTED_EDGE('',*,*,#1189,.F.);
#1703=ORIENTED_EDGE('',*,*,#1219,.T.);
#1704=ORIENTED_EDGE('',*,*,#1088,.T.);
#1705=ORIENTED_EDGE('',*,*,#1219,.F.);
#1706=ORIENTED_EDGE('',*,*,#1188,.F.);
#1707=ORIENTED_EDGE('',*,*,#1220,.T.);
#1708=ORIENTED_EDGE('',*,*,#1089,.T.);
#1709=ORIENTED_EDGE('',*,*,#1220,.F.);
#1710=ORIENTED_EDGE('',*,*,#1187,.T.);
#1711=ORIENTED_EDGE('',*,*,#1218,.T.);
#1712=ORIENTED_EDGE('',*,*,#970,.T.);
#1713=ORIENTED_EDGE('',*,*,#1221,.T.);
#1714=ORIENTED_EDGE('',*,*,#1026,.T.);
#1715=ORIENTED_EDGE('',*,*,#1049,.T.);
#1716=ORIENTED_EDGE('',*,*,#969,.T.);
#1717=ORIENTED_EDGE('',*,*,#966,.T.);
#1718=ORIENTED_EDGE('',*,*,#1222,.F.);
#1719=ORIENTED_EDGE('',*,*,#1027,.T.);
#1720=ORIENTED_EDGE('',*,*,#1221,.F.);
#1721=ORIENTED_EDGE('',*,*,#965,.T.);
#1722=ORIENTED_EDGE('',*,*,#1057,.T.);
#1723=ORIENTED_EDGE('',*,*,#1028,.T.);
#1724=ORIENTED_EDGE('',*,*,#1222,.T.);
#1725=ORIENTED_EDGE('',*,*,#1200,.T.);
#1726=ORIENTED_EDGE('',*,*,#1223,.F.);
#1727=ORIENTED_EDGE('',*,*,#1022,.T.);
#1728=ORIENTED_EDGE('',*,*,#1039,.T.);
#1729=ORIENTED_EDGE('',*,*,#1199,.T.);
#1730=ORIENTED_EDGE('',*,*,#1197,.T.);
#1731=ORIENTED_EDGE('',*,*,#1224,.F.);
#1732=ORIENTED_EDGE('',*,*,#1023,.T.);
#1733=ORIENTED_EDGE('',*,*,#1223,.T.);
#1734=ORIENTED_EDGE('',*,*,#1196,.T.);
#1735=ORIENTED_EDGE('',*,*,#1050,.T.);
#1736=ORIENTED_EDGE('',*,*,#1024,.T.);
#1737=ORIENTED_EDGE('',*,*,#1224,.T.);
#1738=ORIENTED_EDGE('',*,*,#1010,.T.);
#1739=ORIENTED_EDGE('',*,*,#1040,.T.);
#1740=ORIENTED_EDGE('',*,*,#1020,.T.);
#1741=ORIENTED_EDGE('',*,*,#1225,.F.);
#1742=ORIENTED_EDGE('',*,*,#1014,.T.);
#1743=ORIENTED_EDGE('',*,*,#1011,.T.);
#1744=ORIENTED_EDGE('',*,*,#1225,.T.);
#1745=ORIENTED_EDGE('',*,*,#1019,.T.);
#1746=ORIENTED_EDGE('',*,*,#1226,.T.);
#1747=ORIENTED_EDGE('',*,*,#1015,.T.);
#1748=ORIENTED_EDGE('',*,*,#1226,.F.);
#1749=ORIENTED_EDGE('',*,*,#1018,.T.);
#1750=ORIENTED_EDGE('',*,*,#1035,.T.);
#1751=ORIENTED_EDGE('',*,*,#1002,.T.);
#1752=ORIENTED_EDGE('',*,*,#1033,.T.);
#1753=ORIENTED_EDGE('',*,*,#993,.T.);
#1754=ORIENTED_EDGE('',*,*,#1227,.F.);
#1755=ORIENTED_EDGE('',*,*,#1003,.T.);
#1756=ORIENTED_EDGE('',*,*,#1227,.T.);
#1757=ORIENTED_EDGE('',*,*,#992,.T.);
#1758=ORIENTED_EDGE('',*,*,#1228,.T.);
#1759=ORIENTED_EDGE('',*,*,#1004,.T.);
#1760=ORIENTED_EDGE('',*,*,#1228,.F.);
#1761=ORIENTED_EDGE('',*,*,#991,.T.);
#1762=ORIENTED_EDGE('',*,*,#1044,.T.);
#1763=ORIENTED_EDGE('',*,*,#1201,.T.);
#1764=ORIENTED_EDGE('',*,*,#1037,.T.);
#1765=ORIENTED_EDGE('',*,*,#1008,.T.);
#1766=ORIENTED_EDGE('',*,*,#1229,.T.);
#1767=ORIENTED_EDGE('',*,*,#1006,.T.);
#1768=ORIENTED_EDGE('',*,*,#1043,.T.);
#1769=ORIENTED_EDGE('',*,*,#1203,.T.);
#1770=ORIENTED_EDGE('',*,*,#1230,.F.);
#1771=ORIENTED_EDGE('',*,*,#1202,.T.);
#1772=ORIENTED_EDGE('',*,*,#1229,.F.);
#1773=ORIENTED_EDGE('',*,*,#1007,.T.);
#1774=ORIENTED_EDGE('',*,*,#1230,.T.);
#1775=ORIENTED_EDGE('',*,*,#1204,.T.);
#1776=ORIENTED_EDGE('',*,*,#1041,.T.);
#1777=ORIENTED_EDGE('',*,*,#989,.T.);
#1778=ORIENTED_EDGE('',*,*,#1231,.F.);
#1779=ORIENTED_EDGE('',*,*,#1205,.T.);
#1780=ORIENTED_EDGE('',*,*,#1231,.T.);
#1781=ORIENTED_EDGE('',*,*,#988,.T.);
#1782=ORIENTED_EDGE('',*,*,#1232,.F.);
#1783=ORIENTED_EDGE('',*,*,#1206,.T.);
#1784=ORIENTED_EDGE('',*,*,#1232,.T.);
#1785=ORIENTED_EDGE('',*,*,#987,.T.);
#1786=ORIENTED_EDGE('',*,*,#1047,.T.);
#1787=ORIENTED_EDGE('',*,*,#998,.T.);
#1788=ORIENTED_EDGE('',*,*,#1233,.F.);
#1789=ORIENTED_EDGE('',*,*,#1055,.T.);
#1790=ORIENTED_EDGE('',*,*,#1234,.T.);
#1791=ORIENTED_EDGE('',*,*,#999,.T.);
#1792=ORIENTED_EDGE('',*,*,#1234,.F.);
#1793=ORIENTED_EDGE('',*,*,#1054,.T.);
#1794=ORIENTED_EDGE('',*,*,#997,.T.);
#1795=ORIENTED_EDGE('',*,*,#1052,.T.);
#1796=ORIENTED_EDGE('',*,*,#1233,.T.);
#1797=ORIENTED_EDGE('',*,*,#972,.T.);
#1798=ORIENTED_EDGE('',*,*,#1048,.T.);
#1799=ORIENTED_EDGE('',*,*,#1195,.T.);
#1800=ORIENTED_EDGE('',*,*,#1235,.T.);
#1801=ORIENTED_EDGE('',*,*,#1207,.T.);
#1802=ORIENTED_EDGE('',*,*,#1045,.T.);
#1803=ORIENTED_EDGE('',*,*,#974,.T.);
#1804=ORIENTED_EDGE('',*,*,#1236,.F.);
#1805=ORIENTED_EDGE('',*,*,#973,.T.);
#1806=ORIENTED_EDGE('',*,*,#1235,.F.);
#1807=ORIENTED_EDGE('',*,*,#1208,.T.);
#1808=ORIENTED_EDGE('',*,*,#1236,.T.);
#1809=ORIENTED_EDGE('',*,*,#961,.T.);
#1810=ORIENTED_EDGE('',*,*,#978,.T.);
#1811=ORIENTED_EDGE('',*,*,#981,.T.);
#1812=ORIENTED_EDGE('',*,*,#1237,.F.);
#1813=ORIENTED_EDGE('',*,*,#962,.T.);
#1814=ORIENTED_EDGE('',*,*,#1237,.T.);
#1815=ORIENTED_EDGE('',*,*,#980,.T.);
#1816=ORIENTED_EDGE('',*,*,#1238,.F.);
#1817=ORIENTED_EDGE('',*,*,#963,.T.);
#1818=ORIENTED_EDGE('',*,*,#1238,.T.);
#1819=ORIENTED_EDGE('',*,*,#979,.T.);
#1820=ORIENTED_EDGE('',*,*,#1056,.T.);
#1821=B_SPLINE_SURFACE_WITH_KNOTS('',1,1,((#2434,#2435),(#2436,#2437)),
 .UNSPECIFIED.,.F.,.F.,.F.,(2,2),(2,2),(-0.999392117738483,0.599999999999914),
(-9.14198434289023E-12,0.0348625157267106),.UNSPECIFIED.);
#1822=B_SPLINE_SURFACE_WITH_KNOTS('',3,3,((#2586,#2587,#2588,#2589),(#2590,
#2591,#2592,#2593),(#2594,#2595,#2596,#2597),(#2598,#2599,#2600,#2601)),
 .UNSPECIFIED.,.F.,.F.,.F.,(4,4),(4,4),(0.0703045630758647,0.103809876127512),
(0.160383561006209,0.172823041345359),.UNSPECIFIED.);
#1823=B_SPLINE_SURFACE_WITH_KNOTS('',3,3,((#2827,#2828,#2829,#2830),(#2831,
#2832,#2833,#2834),(#2835,#2836,#2837,#2838),(#2839,#2840,#2841,#2842)),
 .UNSPECIFIED.,.F.,.F.,.F.,(4,4),(4,4),(0.0703044896264709,0.102422790587406),
(0.0279034515888719,0.039308113935344),.UNSPECIFIED.);
#1824=B_SPLINE_SURFACE_WITH_KNOTS('',3,3,((#2855,#2856,#2857,#2858),(#2859,
#2860,#2861,#2862),(#2863,#2864,#2865,#2866),(#2867,#2868,#2869,#2870)),
 .UNSPECIFIED.,.F.,.F.,.F.,(4,4),(4,4),(0.108426381092799,0.130280734952162),
(0.0279044471975578,0.0393081130375663),.UNSPECIFIED.);
#1825=B_SPLINE_SURFACE_WITH_KNOTS('',3,3,((#2883,#2884,#2885,#2886,#2887,
#2888),(#2889,#2890,#2891,#2892,#2893,#2894),(#2895,#2896,#2897,#2898,#2899,
#2900),(#2901,#2902,#2903,#2904,#2905,#2906)),.UNSPECIFIED.,.F.,.F.,.F.,
(4,4),(4,2,4),(0.107092020102013,0.131018075645734),(0.0425196219929063,
0.0894934128337463,0.0982484478056737),.UNSPECIFIED.);
#1826=B_SPLINE_SURFACE_WITH_KNOTS('',3,3,((#2940,#2941,#2942,#2943,#2944,
#2945),(#2946,#2947,#2948,#2949,#2950,#2951),(#2952,#2953,#2954,#2955,#2956,
#2957),(#2958,#2959,#2960,#2961,#2962,#2963)),.UNSPECIFIED.,.F.,.F.,.F.,
(4,4),(4,2,4),(0.070212004096638,0.103898137959528),(0.0425196227006227,
0.0894934128337463,0.0982484487037426),.UNSPECIFIED.);
#1827=B_SPLINE_SURFACE_WITH_KNOTS('',3,3,((#2997,#2998,#2999,#3000),(#3001,
#3002,#3003,#3004),(#3005,#3006,#3007,#3008),(#3009,#3010,#3011,#3012)),
 .UNSPECIFIED.,.F.,.F.,.F.,(4,4),(4,4),(0.0702120107679333,0.103898104230306),
(0.101451172524851,0.157172903220862),.UNSPECIFIED.);
#1828=B_SPLINE_SURFACE_WITH_KNOTS('',3,3,((#3047,#3048,#3049,#3050),(#3051,
#3052,#3053,#3054),(#3055,#3056,#3057,#3058),(#3059,#3060,#3061,#3062)),
 .UNSPECIFIED.,.F.,.F.,.F.,(4,4),(4,4),(0.107091963014073,0.131018022999175),
(0.101451171807596,0.157172902323299),.UNSPECIFIED.);
#1829=B_SPLINE_SURFACE_WITH_KNOTS('',3,3,((#3106,#3107,#3108,#3109),(#3110,
#3111,#3112,#3113),(#3114,#3115,#3116,#3117),(#3118,#3119,#3120,#3121)),
 .UNSPECIFIED.,.F.,.F.,.F.,(4,4),(4,4),(0.107035205934712,0.130280169777456),
(0.160383560299804,0.17310973306302),.UNSPECIFIED.);
#1830=B_SPLINE_SURFACE_WITH_KNOTS('',3,3,((#3132,#3133,#3134,#3135),(#3136,
#3137,#3138,#3139),(#3140,#3141,#3142,#3143),(#3144,#3145,#3146,#3147)),
 .UNSPECIFIED.,.F.,.F.,.F.,(4,4),(4,4),(0.0955181903788042,0.115389576426404),
(0.148903127988201,0.168661497257001),.UNSPECIFIED.);
#1831=B_SPLINE_SURFACE_WITH_KNOTS('',3,3,((#3216,#3217,#3218,#3219),(#3220,
#3221,#3222,#3223),(#3224,#3225,#3226,#3227),(#3228,#3229,#3230,#3231)),
 .UNSPECIFIED.,.F.,.F.,.F.,(4,4),(4,4),(0.0955182366828651,0.115389627134871),
(0.0310277563635695,0.0507913639786213),.UNSPECIFIED.);
#1832=B_SPLINE_SURFACE_WITH_KNOTS('',3,3,((#3300,#3301,#3302,#3303),(#3304,
#3305,#3306,#3307),(#3308,#3309,#3310,#3311),(#3312,#3313,#3314,#3315)),
 .UNSPECIFIED.,.F.,.F.,.F.,(4,4),(4,4),(0.0955841998109817,0.1154455049817),
(0.0899949579141315,0.109704491319048),.UNSPECIFIED.);
#1833=B_SPLINE_SURFACE_WITH_KNOTS('',3,3,((#3384,#3385,#3386,#3387),(#3388,
#3389,#3390,#3391),(#3392,#3393,#3394,#3395),(#3396,#3397,#3398,#3399)),
 .UNSPECIFIED.,.F.,.F.,.F.,(4,4),(4,4),(-1.0986551291106E-13,1.),(0.0246157230719696,
1.),.UNSPECIFIED.);
#1834=B_SPLINE_SURFACE_WITH_KNOTS('',3,3,((#3411,#3412,#3413,#3414,#3415),
(#3416,#3417,#3418,#3419,#3420),(#3421,#3422,#3423,#3424,#3425),(#3426,
#3427,#3428,#3429,#3430),(#3431,#3432,#3433,#3434,#3435)),.UNSPECIFIED.,
 .F.,.F.,.F.,(4,1,4),(4,1,4),(0.,0.571428571428571,1.),(0.,0.985529586984449,
2.29956903629705),.UNSPECIFIED.);
#1835=B_SPLINE_SURFACE_WITH_KNOTS('',3,3,((#3456,#3457,#3458,#3459),(#3460,
#3461,#3462,#3463),(#3464,#3465,#3466,#3467),(#3468,#3469,#3470,#3471),
(#3472,#3473,#3474,#3475)),.UNSPECIFIED.,.F.,.F.,.F.,(4,1,4),(4,4),(0.,
0.571428571428571,1.),(0.,27.9006284679045),.UNSPECIFIED.);
#1836=B_SPLINE_SURFACE_WITH_KNOTS('',3,3,((#3487,#3488,#3489,#3490,#3491),
(#3492,#3493,#3494,#3495,#3496),(#3497,#3498,#3499,#3500,#3501),(#3502,
#3503,#3504,#3505,#3506),(#3507,#3508,#3509,#3510,#3511)),.UNSPECIFIED.,
 .F.,.F.,.F.,(4,1,4),(4,1,4),(0.,0.571428571428571,1.),(-4.77175127114838E-14,
1.31403945016012,2.29956903778024),.UNSPECIFIED.);
#1837=B_SPLINE_SURFACE_WITH_KNOTS('',3,3,((#3528,#3529,#3530,#3531),(#3532,
#3533,#3534,#3535),(#3536,#3537,#3538,#3539),(#3540,#3541,#3542,#3543),
(#3544,#3545,#3546,#3547)),.UNSPECIFIED.,.F.,.F.,.F.,(4,1,4),(4,4),(0.,
0.571428571428571,1.),(-6.21474027455699E-13,10.6772723440824),
 .UNSPECIFIED.);
#1838=B_SPLINE_SURFACE_WITH_KNOTS('',3,3,((#3586,#3587,#3588,#3589,#3590),
(#3591,#3592,#3593,#3594,#3595),(#3596,#3597,#3598,#3599,#3600),(#3601,
#3602,#3603,#3604,#3605),(#3606,#3607,#3608,#3609,#3610)),.UNSPECIFIED.,
 .F.,.F.,.F.,(4,1,4),(4,1,4),(0.,0.5,1.),(0.,1.28648858605142,2.25135502558999),
 .UNSPECIFIED.);
#1839=B_SPLINE_SURFACE_WITH_KNOTS('',3,3,((#3619,#3620,#3621,#3622),(#3623,
#3624,#3625,#3626),(#3627,#3628,#3629,#3630),(#3631,#3632,#3633,#3634),
(#3635,#3636,#3637,#3638)),.UNSPECIFIED.,.F.,.F.,.F.,(4,1,4),(4,4),(0.,
0.5,1.),(0.,27.9516045688475),.UNSPECIFIED.);
#1840=B_SPLINE_SURFACE_WITH_KNOTS('',3,3,((#3645,#3646,#3647,#3648),(#3649,
#3650,#3651,#3652),(#3653,#3654,#3655,#3656),(#3657,#3658,#3659,#3660),
(#3661,#3662,#3663,#3664)),.UNSPECIFIED.,.F.,.F.,.F.,(4,1,4),(4,4),(0.,
0.571428571428571,1.),(4.03098938240676E-14,10.6772723343449),
 .UNSPECIFIED.);
#1841=B_SPLINE_SURFACE_WITH_KNOTS('',3,3,((#3665,#3666,#3667,#3668,#3669),
(#3670,#3671,#3672,#3673,#3674),(#3675,#3676,#3677,#3678,#3679),(#3680,
#3681,#3682,#3683,#3684),(#3685,#3686,#3687,#3688,#3689)),.UNSPECIFIED.,
 .F.,.F.,.F.,(4,1,4),(4,1,4),(0.,0.5,1.),(0.,0.964877492952085,2.2513808168882),
 .UNSPECIFIED.);
#1842=B_SPLINE_SURFACE_WITH_KNOTS('',3,3,((#3695,#3696,#3697,#3698),(#3699,
#3700,#3701,#3702),(#3703,#3704,#3705,#3706),(#3707,#3708,#3709,#3710),
(#3711,#3712,#3713,#3714)),.UNSPECIFIED.,.F.,.F.,.F.,(4,1,4),(4,4),(-1.29398806014105E-15,
0.428571428571435,1.00000000000002),(0.0224243652916065,1.),
 .UNSPECIFIED.);
#1843=B_SPLINE_SURFACE_WITH_KNOTS('',3,3,((#3720,#3721,#3722,#3723),(#3724,
#3725,#3726,#3727),(#3728,#3729,#3730,#3731),(#3732,#3733,#3734,#3735)),
 .UNSPECIFIED.,.F.,.F.,.F.,(4,4),(4,4),(-1.20167390206847E-15,1.00000000000018),
(0.0246157266141527,1.),.UNSPECIFIED.);
#1844=B_SPLINE_SURFACE_WITH_KNOTS('',3,3,((#3739,#3740,#3741,#3742),(#3743,
#3744,#3745,#3746),(#3747,#3748,#3749,#3750),(#3751,#3752,#3753,#3754),
(#3755,#3756,#3757,#3758)),.UNSPECIFIED.,.F.,.F.,.F.,(4,1,4),(4,4),(-1.07818210598834E-15,
0.428571428571428,1.),(0.0241205394756472,1.),.UNSPECIFIED.);
#1845=B_SPLINE_SURFACE_WITH_KNOTS('',3,3,((#3766,#3767,#3768,#3769),(#3770,
#3771,#3772,#3773),(#3774,#3775,#3776,#3777),(#3778,#3779,#3780,#3781),
(#3782,#3783,#3784,#3785)),.UNSPECIFIED.,.F.,.F.,.F.,(4,1,4),(4,4),(0.,
0.571428571428571,1.),(0.0239703575649969,1.),.UNSPECIFIED.);
#1846=B_SPLINE_SURFACE_WITH_KNOTS('',3,3,((#3791,#3792,#3793,#3794),(#3795,
#3796,#3797,#3798),(#3799,#3800,#3801,#3802),(#3803,#3804,#3805,#3806),
(#3807,#3808,#3809,#3810)),.UNSPECIFIED.,.F.,.F.,.F.,(4,1,4),(4,4),(-1.90617632186196E-14,
0.428571428571419,1.),(0.0224243650207164,1.),.UNSPECIFIED.);
#1847=B_SPLINE_SURFACE_WITH_KNOTS('',1,1,((#4007,#4008,#4009),(#4010,#4011,
#4012),(#4013,#4014,#4015),(#4016,#4017,#4018)),.UNSPECIFIED.,.F.,.F.,.F.,
(2,1,1,2),(2,1,2),(-66.2000000000287,-3.43547412740008E-12,18.0000000000034,
20.7000000000045),(0.,3.,10.5),.UNSPECIFIED.);
#1848=B_SPLINE_SURFACE_WITH_KNOTS('',1,1,((#4036,#4037,#4038,#4039),(#4040,
#4041,#4042,#4043),(#4044,#4045,#4046,#4047)),.UNSPECIFIED.,.F.,.F.,.F.,
(2,1,2),(2,1,1,2),(-48.9999999999994,2.02504679691629E-13,17.9999999999998),
(-113.999999999985,0.,3.,39.6500020000385),.UNSPECIFIED.);
#1849=B_SPLINE_SURFACE_WITH_KNOTS('',1,1,((#4053,#4054,#4055),(#4056,#4057,
#4058),(#4059,#4060,#4061),(#4062,#4063,#4064)),.UNSPECIFIED.,.F.,.F.,.F.,
(2,1,1,2),(2,1,2),(-66.2000000000287,-3.43547412740008E-12,18.0000000000034,
20.7000000000045),(0.,3.,10.5),.UNSPECIFIED.);
#1850=B_SPLINE_SURFACE_WITH_KNOTS('',1,1,((#4076,#4077,#4078,#4079),(#4080,
#4081,#4082,#4083),(#4084,#4085,#4086,#4087)),.UNSPECIFIED.,.F.,.F.,.F.,
(2,1,2),(2,1,1,2),(-48.9999999999994,2.02504679691629E-13,17.9999999999998),
(-113.999999999985,0.,3.,39.6500020000385),.UNSPECIFIED.);
#1851=B_SPLINE_SURFACE_WITH_KNOTS('',1,1,((#4091,#4092,#4093,#4094),(#4095,
#4096,#4097,#4098),(#4099,#4100,#4101,#4102)),.UNSPECIFIED.,.F.,.F.,.F.,
(2,1,2),(2,1,1,2),(2.02504679691629E-13,17.9999999999998,66.9999999999988),
(-1.5,0.,3.,10.5),.UNSPECIFIED.);
#1852=B_SPLINE_SURFACE_WITH_KNOTS('',1,1,((#4108,#4109,#4110,#4111),(#4112,
#4113,#4114,#4115),(#4116,#4117,#4118,#4119)),.UNSPECIFIED.,.F.,.F.,.F.,
(2,1,2),(2,1,1,2),(2.02504679691629E-13,17.9999999999998,66.9999999999988),
(-1.5,0.,3.,10.5),.UNSPECIFIED.);
#1853=ADVANCED_FACE('',(#421),#1821,.T.);
#1854=ADVANCED_FACE('',(#422),#348,.T.);
#1855=ADVANCED_FACE('',(#423),#349,.F.);
#1856=ADVANCED_FACE('',(#424),#350,.F.);
#1857=ADVANCED_FACE('',(#425),#21,.T.);
#1858=ADVANCED_FACE('',(#426),#1822,.F.);
#1859=ADVANCED_FACE('',(#427),#351,.F.);
#1860=ADVANCED_FACE('',(#428),#352,.F.);
#1861=ADVANCED_FACE('',(#429),#22,.T.);
#1862=ADVANCED_FACE('',(#430),#353,.F.);
#1863=ADVANCED_FACE('',(#431),#1823,.F.);
#1864=ADVANCED_FACE('',(#432),#1824,.F.);
#1865=ADVANCED_FACE('',(#433),#1825,.F.);
#1866=ADVANCED_FACE('',(#434),#1826,.F.);
#1867=ADVANCED_FACE('',(#435),#1827,.F.);
#1868=ADVANCED_FACE('',(#436),#1828,.F.);
#1869=ADVANCED_FACE('',(#437),#354,.T.);
#1870=ADVANCED_FACE('',(#438),#1829,.F.);
#1871=ADVANCED_FACE('',(#439),#1830,.F.);
#1872=ADVANCED_FACE('',(#440),#1831,.F.);
#1873=ADVANCED_FACE('',(#441),#1832,.F.);
#1874=ADVANCED_FACE('',(#442),#1833,.T.);
#1875=ADVANCED_FACE('',(#443),#1834,.F.);
#1876=ADVANCED_FACE('',(#444),#1835,.F.);
#1877=ADVANCED_FACE('',(#445),#1836,.F.);
#1878=ADVANCED_FACE('',(#446),#1837,.F.);
#1879=ADVANCED_FACE('',(#447),#18,.T.);
#1880=ADVANCED_FACE('',(#448),#1838,.F.);
#1881=ADVANCED_FACE('',(#449),#1839,.F.);
#1882=ADVANCED_FACE('',(#450),#1840,.F.);
#1883=ADVANCED_FACE('',(#451),#1841,.F.);
#1884=ADVANCED_FACE('',(#452),#1842,.T.);
#1885=ADVANCED_FACE('',(#453),#1843,.T.);
#1886=ADVANCED_FACE('',(#454),#1844,.T.);
#1887=ADVANCED_FACE('',(#455),#355,.T.);
#1888=ADVANCED_FACE('',(#456),#1845,.T.);
#1889=ADVANCED_FACE('',(#457,#14),#356,.F.);
#1890=ADVANCED_FACE('',(#458),#1846,.T.);
#1891=ADVANCED_FACE('',(#459),#357,.T.);
#1892=ADVANCED_FACE('',(#460),#358,.T.);
#1893=ADVANCED_FACE('',(#461),#359,.T.);
#1894=ADVANCED_FACE('',(#462),#360,.T.);
#1895=ADVANCED_FACE('',(#463),#361,.T.);
#1896=ADVANCED_FACE('',(#464),#362,.T.);
#1897=ADVANCED_FACE('',(#465),#363,.T.);
#1898=ADVANCED_FACE('',(#466),#364,.T.);
#1899=ADVANCED_FACE('',(#467),#365,.T.);
#1900=ADVANCED_FACE('',(#468),#366,.T.);
#1901=ADVANCED_FACE('',(#469),#367,.T.);
#1902=ADVANCED_FACE('',(#470),#368,.T.);
#1903=ADVANCED_FACE('',(#471),#369,.T.);
#1904=ADVANCED_FACE('',(#472,#15),#370,.T.);
#1905=ADVANCED_FACE('',(#473,#16),#371,.T.);
#1906=ADVANCED_FACE('',(#474),#372,.T.);
#1907=ADVANCED_FACE('',(#475),#373,.T.);
#1908=ADVANCED_FACE('',(#476),#374,.T.);
#1909=ADVANCED_FACE('',(#477),#375,.T.);
#1910=ADVANCED_FACE('',(#478),#376,.T.);
#1911=ADVANCED_FACE('',(#479),#377,.T.);
#1912=ADVANCED_FACE('',(#480),#378,.T.);
#1913=ADVANCED_FACE('',(#481),#379,.T.);
#1914=ADVANCED_FACE('',(#482),#380,.T.);
#1915=ADVANCED_FACE('',(#483),#381,.T.);
#1916=ADVANCED_FACE('',(#484),#382,.T.);
#1917=ADVANCED_FACE('',(#485),#383,.T.);
#1918=ADVANCED_FACE('',(#486,#17),#384,.T.);
#1919=ADVANCED_FACE('',(#487),#23,.T.);
#1920=ADVANCED_FACE('',(#488),#385,.T.);
#1921=ADVANCED_FACE('',(#489),#386,.T.);
#1922=ADVANCED_FACE('',(#490),#387,.T.);
#1923=ADVANCED_FACE('',(#491),#388,.T.);
#1924=ADVANCED_FACE('',(#492),#389,.T.);
#1925=ADVANCED_FACE('',(#493),#390,.T.);
#1926=ADVANCED_FACE('',(#494),#391,.T.);
#1927=ADVANCED_FACE('',(#495),#392,.T.);
#1928=ADVANCED_FACE('',(#496),#393,.T.);
#1929=ADVANCED_FACE('',(#497),#394,.T.);
#1930=ADVANCED_FACE('',(#498),#395,.T.);
#1931=ADVANCED_FACE('',(#499),#396,.T.);
#1932=ADVANCED_FACE('',(#500),#397,.F.);
#1933=ADVANCED_FACE('',(#501),#398,.F.);
#1934=ADVANCED_FACE('',(#502),#399,.T.);
#1935=ADVANCED_FACE('',(#503),#1847,.F.);
#1936=ADVANCED_FACE('',(#504),#400,.F.);
#1937=ADVANCED_FACE('',(#505),#401,.T.);
#1938=ADVANCED_FACE('',(#506),#402,.T.);
#1939=ADVANCED_FACE('',(#507),#403,.F.);
#1940=ADVANCED_FACE('',(#508),#404,.F.);
#1941=ADVANCED_FACE('',(#509),#405,.F.);
#1942=ADVANCED_FACE('',(#510),#406,.F.);
#1943=ADVANCED_FACE('',(#511),#407,.T.);
#1944=ADVANCED_FACE('',(#512),#408,.T.);
#1945=ADVANCED_FACE('',(#513),#1848,.F.);
#1946=ADVANCED_FACE('',(#514),#409,.F.);
#1947=ADVANCED_FACE('',(#515),#1849,.F.);
#1948=ADVANCED_FACE('',(#516),#410,.F.);
#1949=ADVANCED_FACE('',(#517),#411,.T.);
#1950=ADVANCED_FACE('',(#518),#412,.F.);
#1951=ADVANCED_FACE('',(#519),#1850,.F.);
#1952=ADVANCED_FACE('',(#520),#413,.T.);
#1953=ADVANCED_FACE('',(#521),#414,.T.);
#1954=ADVANCED_FACE('',(#522),#1851,.F.);
#1955=ADVANCED_FACE('',(#523),#415,.F.);
#1956=ADVANCED_FACE('',(#524),#1852,.F.);
#1957=ADVANCED_FACE('',(#525),#416,.F.);
#1958=ADVANCED_FACE('',(#526),#417,.T.);
#1959=OPEN_SHELL('',(#1853));
#1960=SHELL_BASED_SURFACE_MODEL('Body28',(#1959));
#1961=DERIVED_UNIT_ELEMENT(#1963,1.);
#1962=DERIVED_UNIT_ELEMENT(#4132,-3.);
#1963=(
MASS_UNIT()
NAMED_UNIT(*)
SI_UNIT(.KILO.,.GRAM.)
);
#1964=DERIVED_UNIT((#1961,#1962));
#1965=MEASURE_REPRESENTATION_ITEM('density measure',
POSITIVE_RATIO_MEASURE(7850.),#1964);
#1966=PROPERTY_DEFINITION_REPRESENTATION(#1971,#1968);
#1967=PROPERTY_DEFINITION_REPRESENTATION(#1972,#1969);
#1968=REPRESENTATION('material name',(#1970),#4129);
#1969=REPRESENTATION('density',(#1965),#4129);
#1970=DESCRIPTIVE_REPRESENTATION_ITEM('Steel','Steel');
#1971=PROPERTY_DEFINITION('material property','material name',#4139);
#1972=PROPERTY_DEFINITION('material property','density of part',#4139);
#1973=AXIS2_PLACEMENT_3D('',#2433,#2077,#2078);
#1974=AXIS2_PLACEMENT_3D('',#2450,#2079,#2080);
#1975=AXIS2_PLACEMENT_3D('',#2464,#2084,#2085);
#1976=AXIS2_PLACEMENT_3D('',#2466,#2086,#2087);
#1977=AXIS2_PLACEMENT_3D('',#2470,#2090,#2091);
#1978=AXIS2_PLACEMENT_3D('',#2481,#2094,#2095);
#1979=AXIS2_PLACEMENT_3D('',#2503,#2096,#2097);
#1980=AXIS2_PLACEMENT_3D('',#2529,#2100,#2101);
#1981=AXIS2_PLACEMENT_3D('',#2532,#2103,#2104);
#1982=AXIS2_PLACEMENT_3D('',#2534,#2105,#2106);
#1983=AXIS2_PLACEMENT_3D('',#2553,#2109,#2110);
#1984=AXIS2_PLACEMENT_3D('',#2620,#2111,#2112);
#1985=AXIS2_PLACEMENT_3D('',#2639,#2119,#2120);
#1986=AXIS2_PLACEMENT_3D('',#2676,#2129,#2130);
#1987=AXIS2_PLACEMENT_3D('',#2681,#2132,#2133);
#1988=AXIS2_PLACEMENT_3D('',#2690,#2134,#2135);
#1989=AXIS2_PLACEMENT_3D('',#2707,#2137,#2138);
#1990=AXIS2_PLACEMENT_3D('',#2738,#2140,#2141);
#1991=AXIS2_PLACEMENT_3D('',#2757,#2144,#2145);
#1992=AXIS2_PLACEMENT_3D('',#2760,#2147,#2148);
#1993=AXIS2_PLACEMENT_3D('',#2762,#2149,#2150);
#1994=AXIS2_PLACEMENT_3D('',#2776,#2152,#2153);
#1995=AXIS2_PLACEMENT_3D('',#2777,#2154,#2155);
#1996=AXIS2_PLACEMENT_3D('',#3096,#2167,#2168);
#1997=AXIS2_PLACEMENT_3D('',#3450,#2175,#2176);
#1998=AXIS2_PLACEMENT_3D('',#3482,#2177,#2178);
#1999=AXIS2_PLACEMENT_3D('',#3554,#2179,#2180);
#2000=AXIS2_PLACEMENT_3D('',#3611,#2181,#2182);
#2001=AXIS2_PLACEMENT_3D('',#3618,#2183,#2184);
#2002=AXIS2_PLACEMENT_3D('',#3644,#2185,#2186);
#2003=AXIS2_PLACEMENT_3D('',#3719,#2189,#2190);
#2004=AXIS2_PLACEMENT_3D('',#3761,#2194,#2195);
#2005=AXIS2_PLACEMENT_3D('',#3762,#2196,#2197);
#2006=AXIS2_PLACEMENT_3D('',#3786,#2200,#2201);
#2007=AXIS2_PLACEMENT_3D('',#3787,#2202,#2203);
#2008=AXIS2_PLACEMENT_3D('',#3789,#2204,#2205);
#2009=AXIS2_PLACEMENT_3D('',#3812,#2208,#2209);
#2010=AXIS2_PLACEMENT_3D('',#3813,#2210,#2211);
#2011=AXIS2_PLACEMENT_3D('',#3819,#2215,#2216);
#2012=AXIS2_PLACEMENT_3D('',#3823,#2219,#2220);
#2013=AXIS2_PLACEMENT_3D('',#3827,#2223,#2224);
#2014=AXIS2_PLACEMENT_3D('',#3831,#2227,#2228);
#2015=AXIS2_PLACEMENT_3D('',#3835,#2231,#2232);
#2016=AXIS2_PLACEMENT_3D('',#3839,#2235,#2236);
#2017=AXIS2_PLACEMENT_3D('',#3843,#2239,#2240);
#2018=AXIS2_PLACEMENT_3D('',#3847,#2243,#2244);
#2019=AXIS2_PLACEMENT_3D('',#3851,#2247,#2248);
#2020=AXIS2_PLACEMENT_3D('',#3855,#2251,#2252);
#2021=AXIS2_PLACEMENT_3D('',#3859,#2255,#2256);
#2022=AXIS2_PLACEMENT_3D('',#3861,#2258,#2259);
#2023=AXIS2_PLACEMENT_3D('',#3862,#2260,#2261);
#2024=AXIS2_PLACEMENT_3D('',#3887,#2274,#2275);
#2025=AXIS2_PLACEMENT_3D('',#3890,#2278,#2279);
#2026=AXIS2_PLACEMENT_3D('',#3892,#2281,#2282);
#2027=AXIS2_PLACEMENT_3D('',#3894,#2284,#2285);
#2028=AXIS2_PLACEMENT_3D('',#3896,#2287,#2288);
#2029=AXIS2_PLACEMENT_3D('',#3898,#2290,#2291);
#2030=AXIS2_PLACEMENT_3D('',#3900,#2293,#2294);
#2031=AXIS2_PLACEMENT_3D('',#3902,#2296,#2297);
#2032=AXIS2_PLACEMENT_3D('',#3904,#2299,#2300);
#2033=AXIS2_PLACEMENT_3D('',#3906,#2302,#2303);
#2034=AXIS2_PLACEMENT_3D('',#3908,#2305,#2306);
#2035=AXIS2_PLACEMENT_3D('',#3910,#2308,#2309);
#2036=AXIS2_PLACEMENT_3D('',#3911,#2310,#2311);
#2037=AXIS2_PLACEMENT_3D('',#3913,#2312,#2313);
#2038=AXIS2_PLACEMENT_3D('',#3938,#2326,#2327);
#2039=AXIS2_PLACEMENT_3D('',#3944,#2330,#2331);
#2040=AXIS2_PLACEMENT_3D('',#3947,#2333,#2334);
#2041=AXIS2_PLACEMENT_3D('',#3957,#2336,#2337);
#2042=AXIS2_PLACEMENT_3D('',#3970,#2338,#2339);
#2043=AXIS2_PLACEMENT_3D('',#3977,#2341,#2342);
#2044=AXIS2_PLACEMENT_3D('',#3978,#2343,#2344);
#2045=AXIS2_PLACEMENT_3D('',#3981,#2347,#2348);
#2046=AXIS2_PLACEMENT_3D('',#3983,#2350,#2351);
#2047=AXIS2_PLACEMENT_3D('',#3985,#2353,#2354);
#2048=AXIS2_PLACEMENT_3D('',#3987,#2356,#2357);
#2049=AXIS2_PLACEMENT_3D('',#3989,#2359,#2360);
#2050=AXIS2_PLACEMENT_3D('',#3991,#2362,#2363);
#2051=AXIS2_PLACEMENT_3D('',#3993,#2365,#2366);
#2052=AXIS2_PLACEMENT_3D('',#3995,#2368,#2369);
#2053=AXIS2_PLACEMENT_3D('',#3997,#2371,#2372);
#2054=AXIS2_PLACEMENT_3D('',#3999,#2374,#2375);
#2055=AXIS2_PLACEMENT_3D('',#4001,#2377,#2378);
#2056=AXIS2_PLACEMENT_3D('',#4002,#2379,#2380);
#2057=AXIS2_PLACEMENT_3D('',#4004,#2382,#2383);
#2058=AXIS2_PLACEMENT_3D('',#4006,#2385,#2386);
#2059=AXIS2_PLACEMENT_3D('',#4021,#2387,#2388);
#2060=AXIS2_PLACEMENT_3D('',#4023,#2390,#2391);
#2061=AXIS2_PLACEMENT_3D('',#4024,#2392,#2393);
#2062=AXIS2_PLACEMENT_3D('',#4026,#2395,#2396);
#2063=AXIS2_PLACEMENT_3D('',#4028,#2398,#2399);
#2064=AXIS2_PLACEMENT_3D('',#4029,#2400,#2401);
#2065=AXIS2_PLACEMENT_3D('',#4031,#2403,#2404);
#2066=AXIS2_PLACEMENT_3D('',#4033,#2406,#2407);
#2067=AXIS2_PLACEMENT_3D('',#4034,#2408,#2409);
#2068=AXIS2_PLACEMENT_3D('',#4052,#2411,#2412);
#2069=AXIS2_PLACEMENT_3D('',#4067,#2413,#2414);
#2070=AXIS2_PLACEMENT_3D('',#4069,#2416,#2417);
#2071=AXIS2_PLACEMENT_3D('',#4070,#2418,#2419);
#2072=AXIS2_PLACEMENT_3D('',#4088,#2421,#2422);
#2073=AXIS2_PLACEMENT_3D('',#4089,#2423,#2424);
#2074=AXIS2_PLACEMENT_3D('',#4107,#2426,#2427);
#2075=AXIS2_PLACEMENT_3D('',#4124,#2428,#2429);
#2076=AXIS2_PLACEMENT_3D('',#4126,#2431,#2432);
#2077=DIRECTION('axis',(0.,0.,1.));
#2078=DIRECTION('refdir',(1.,0.,0.));
#2079=DIRECTION('center_axis',(1.,0.,0.));
#2080=DIRECTION('ref_axis',(0.,-1.,0.));
#2081=DIRECTION('',(0.,0.,1.));
#2082=DIRECTION('',(0.,1.,0.));
#2083=DIRECTION('',(0.,0.0847998304019228,-0.996398007205858));
#2084=DIRECTION('center_axis',(0.,0.,1.));
#2085=DIRECTION('ref_axis',(1.,0.,0.));
#2086=DIRECTION('center_axis',(0.,0.,-1.));
#2087=DIRECTION('ref_axis',(0.,1.,0.));
#2088=DIRECTION('',(0.,-1.,0.));
#2089=DIRECTION('',(-1.,3.05980976775076E-13,0.));
#2090=DIRECTION('center_axis',(1.,0.,0.));
#2091=DIRECTION('ref_axis',(0.,-1.,0.));
#2092=DIRECTION('',(0.,0.,-1.));
#2093=DIRECTION('',(0.,-0.0847998304019228,0.996398007205858));
#2094=DIRECTION('center_axis',(0.,0.,1.));
#2095=DIRECTION('ref_axis',(0.,1.,0.));
#2096=DIRECTION('center_axis',(0.,0.,1.));
#2097=DIRECTION('ref_axis',(0.,1.,0.));
#2098=DIRECTION('',(0.,0.,-1.));
#2099=DIRECTION('',(0.,0.,1.));
#2100=DIRECTION('center_axis',(0.,0.,1.));
#2101=DIRECTION('ref_axis',(0.,1.,0.));
#2102=DIRECTION('',(0.,0.,-1.));
#2103=DIRECTION('center_axis',(0.,-3.06161699786838E-16,-1.));
#2104=DIRECTION('ref_axis',(0.,1.,0.));
#2105=DIRECTION('center_axis',(0.,0.,1.));
#2106=DIRECTION('ref_axis',(0.,1.,0.));
#2107=DIRECTION('',(0.,0.,-1.));
#2108=DIRECTION('',(0.,0.,1.));
#2109=DIRECTION('center_axis',(0.,0.,1.));
#2110=DIRECTION('ref_axis',(0.,1.,0.));
#2111=DIRECTION('center_axis',(0.951325893333488,-1.05283837203984E-13,
0.308186704244751));
#2112=DIRECTION('ref_axis',(1.10668807837864E-13,1.,0.));
#2113=DIRECTION('',(-0.308186704244751,1.24575188741094E-13,0.951325893333488));
#2114=DIRECTION('',(-1.10670631317587E-13,-1.,0.));
#2115=DIRECTION('',(0.308186704244751,-3.41066551502471E-14,-0.951325893333488));
#2116=DIRECTION('',(0.307181537659929,0.0806998379269186,-0.948223095626473));
#2117=DIRECTION('',(-1.10665802222857E-13,-1.,-1.49066873908435E-17));
#2118=DIRECTION('',(0.291559846987972,-0.324022423013051,-0.900001291670796));
#2119=DIRECTION('center_axis',(3.04878835501587E-13,0.996398007205858,0.0847998304019228));
#2120=DIRECTION('ref_axis',(-1.,3.05980976775076E-13,0.));
#2121=DIRECTION('',(-1.71388881026204E-14,-0.0847998304019228,0.996398007205858));
#2122=DIRECTION('',(1.,-3.05980976775076E-13,0.));
#2123=DIRECTION('',(2.59471349367411E-14,0.0847998304019228,-0.996398007205858));
#2124=DIRECTION('',(0.,-0.0847998304019228,0.996398007205858));
#2125=DIRECTION('',(1.,-3.05980976775076E-13,0.));
#2126=DIRECTION('',(0.,0.0847998304019228,-0.996398007205858));
#2127=DIRECTION('',(-0.322487783801301,0.0802692829415662,-0.943164074546403));
#2128=DIRECTION('',(1.,-3.0597830384993E-13,-3.1406870464246E-17));
#2129=DIRECTION('center_axis',(0.,0.,1.));
#2130=DIRECTION('ref_axis',(0.,1.,0.));
#2131=DIRECTION('',(0.,0.,1.));
#2132=DIRECTION('center_axis',(0.,0.,1.));
#2133=DIRECTION('ref_axis',(0.,1.,0.));
#2134=DIRECTION('center_axis',(0.946450232904348,0.0112553542497395,-0.322653488491939));
#2135=DIRECTION('ref_axis',(0.32263067545626,0.00383678128848844,0.946517155874093));
#2136=DIRECTION('',(0.,0.,1.));
#2137=DIRECTION('center_axis',(0.,0.,1.));
#2138=DIRECTION('ref_axis',(0.,1.,0.));
#2139=DIRECTION('',(0.,0.,-1.));
#2140=DIRECTION('center_axis',(0.,0.,1.));
#2141=DIRECTION('ref_axis',(0.,1.,0.));
#2142=DIRECTION('',(0.,0.,-1.));
#2143=DIRECTION('',(0.,0.,1.));
#2144=DIRECTION('center_axis',(0.,0.,1.));
#2145=DIRECTION('ref_axis',(0.,1.,0.));
#2146=DIRECTION('',(0.,0.,-1.));
#2147=DIRECTION('center_axis',(0.,-3.06161699786838E-16,-1.));
#2148=DIRECTION('ref_axis',(0.,1.,0.));
#2149=DIRECTION('center_axis',(0.,0.,1.));
#2150=DIRECTION('ref_axis',(0.,1.,0.));
#2151=DIRECTION('',(0.,0.,-1.));
#2152=DIRECTION('center_axis',(0.946450232904348,0.0112553542497395,-0.322653488491939));
#2153=DIRECTION('ref_axis',(0.32263067545626,0.00383678128848844,0.946517155874093));
#2154=DIRECTION('center_axis',(-2.15465320833926E-17,-0.940880095846728,
0.33873978986746));
#2155=DIRECTION('ref_axis',(0.,-0.33873978986746,-0.940880095846728));
#2156=DIRECTION('',(0.,0.33873978986746,0.940880095846728));
#2157=DIRECTION('',(-1.,2.29004016330074E-17,0.));
#2158=DIRECTION('',(0.,-0.33873978986746,-0.940880095846728));
#2159=DIRECTION('',(0.,0.33873978986746,0.940880095846728));
#2160=DIRECTION('',(-1.,2.29004016330074E-17,0.));
#2161=DIRECTION('',(-6.84626764809178E-14,-0.33873978986746,-0.940880095846728));
#2162=DIRECTION('',(0.,0.33873978986746,0.940880095846728));
#2163=DIRECTION('',(-1.,2.29004016330074E-17,0.));
#2164=DIRECTION('',(0.,-0.33873978986746,-0.940880095846728));
#2165=DIRECTION('',(-1.,3.42076412572844E-17,3.14068704642415E-17));
#2166=DIRECTION('',(0.301943307514208,0.32292940925592,0.896965348096014));
#2167=DIRECTION('center_axis',(0.946450232904348,0.0112553542497395,-0.322653488491939));
#2168=DIRECTION('ref_axis',(-0.0118913367601302,0.999929295555469,-6.93889390390723E-18));
#2169=DIRECTION('',(-0.322673927789771,1.30431212322248E-13,-0.946510188177983));
#2170=DIRECTION('',(0.0118913367601302,-0.999929295555469,-1.52791030950673E-17));
#2171=DIRECTION('',(-0.0118913367601302,0.999929295555469,0.));
#2172=DIRECTION('',(0.283887319776317,-0.44546146208763,-0.849100745179846));
#2173=DIRECTION('',(0.,-1.,0.));
#2174=DIRECTION('',(0.29777228202692,0.228186493438144,-0.926964180682773));
#2175=DIRECTION('center_axis',(-0.997231113493568,0.0251902775552921,0.0699682513506414));
#2176=DIRECTION('ref_axis',(-6.96331881044925E-13,-0.940880095846616,0.338739789867772));
#2177=DIRECTION('center_axis',(-0.997231113486081,-0.025190277588329,-0.0699682514454585));
#2178=DIRECTION('ref_axis',(-3.05533376376843E-13,-0.940880095846778,0.338739789867323));
#2179=DIRECTION('center_axis',(1.44506896670474E-5,0.99939490069566,0.0347826430089739));
#2180=DIRECTION('ref_axis',(-0.952782763069001,-0.0105480859466823,0.303469511288137));
#2181=DIRECTION('center_axis',(-1.44515687086042E-5,0.999394900599163,0.0347826457812184));
#2182=DIRECTION('ref_axis',(-0.0761296961120299,-0.0346828034193115,0.996494542141033));
#2183=DIRECTION('center_axis',(0.997596058146598,-0.00587639254553396,0.0690476124208545));
#2184=DIRECTION('ref_axis',(-9.62785406954693E-13,0.996398007205927,0.0847998304011135));
#2185=DIRECTION('center_axis',(0.997596058317206,0.00587639234245722,-0.0690476099731969));
#2186=DIRECTION('ref_axis',(-3.99325017497177E-12,0.996398007205595,0.0847998304050182));
#2187=DIRECTION('',(-0.429122651623377,-0.305965437746469,-0.849846398338154));
#2188=DIRECTION('',(-0.283887319779165,-0.445461462087239,-0.849100745179099));
#2189=DIRECTION('center_axis',(0.,0.,-1.));
#2190=DIRECTION('ref_axis',(-1.,-7.10542735760095E-15,0.));
#2191=DIRECTION('',(0.,1.,0.));
#2192=DIRECTION('',(-0.297772282029797,0.228186493439303,-0.926964180681563));
#2193=DIRECTION('',(-0.430528385912501,0.0765383797198968,-0.899325961680985));
#2194=DIRECTION('center_axis',(0.,0.,-1.));
#2195=DIRECTION('ref_axis',(-7.10542735760095E-15,1.,0.));
#2196=DIRECTION('center_axis',(0.,0.996398007205757,0.0847998304031115));
#2197=DIRECTION('ref_axis',(0.,-0.0847998304031115,0.996398007205757));
#2198=DIRECTION('',(1.,0.,0.));
#2199=DIRECTION('',(0.430528385910544,0.0765383797185897,-0.899325961682034));
#2200=DIRECTION('center_axis',(0.,0.,-1.));
#2201=DIRECTION('ref_axis',(1.,7.10542735760095E-15,0.));
#2202=DIRECTION('center_axis',(3.14068704642415E-17,-1.49066873908469E-17,
1.));
#2203=DIRECTION('ref_axis',(1.,0.,-3.14068704642415E-17));
#2204=DIRECTION('center_axis',(0.,0.,-1.));
#2205=DIRECTION('ref_axis',(7.10542735760095E-15,-1.,0.));
#2206=DIRECTION('',(-1.,0.,0.));
#2207=DIRECTION('',(0.42912265162083,-0.305965437746879,-0.849846398339293));
#2208=DIRECTION('center_axis',(-2.15465320833926E-17,-0.940880095846728,
0.33873978986746));
#2209=DIRECTION('ref_axis',(0.,-0.33873978986746,-0.940880095846728));
#2210=DIRECTION('center_axis',(1.,0.,0.));
#2211=DIRECTION('ref_axis',(0.,1.,-3.06161699786838E-16));
#2212=DIRECTION('',(0.,0.,1.));
#2213=DIRECTION('',(0.,-1.,3.06161699786838E-16));
#2214=DIRECTION('',(0.,0.,1.));
#2215=DIRECTION('center_axis',(0.,1.,0.));
#2216=DIRECTION('ref_axis',(-1.,0.,0.));
#2217=DIRECTION('',(0.,0.,1.));
#2218=DIRECTION('',(1.,0.,0.));
#2219=DIRECTION('center_axis',(-1.,0.,0.));
#2220=DIRECTION('ref_axis',(0.,-1.,3.06161699786838E-16));
#2221=DIRECTION('',(0.,0.,1.));
#2222=DIRECTION('',(0.,1.,-3.06161699786838E-16));
#2223=DIRECTION('center_axis',(0.,1.,0.));
#2224=DIRECTION('ref_axis',(-1.,0.,0.));
#2225=DIRECTION('',(1.,0.,0.));
#2226=DIRECTION('',(0.,0.,1.));
#2227=DIRECTION('center_axis',(0.,1.,0.));
#2228=DIRECTION('ref_axis',(-1.,0.,0.));
#2229=DIRECTION('',(0.,0.,1.));
#2230=DIRECTION('',(1.,0.,0.));
#2231=DIRECTION('center_axis',(1.,0.,0.));
#2232=DIRECTION('ref_axis',(0.,1.,-3.06161699786838E-16));
#2233=DIRECTION('',(0.,-1.,3.06161699786838E-16));
#2234=DIRECTION('',(0.,0.,1.));
#2235=DIRECTION('center_axis',(-1.,0.,0.));
#2236=DIRECTION('ref_axis',(0.,-1.,3.06161699786838E-16));
#2237=DIRECTION('',(0.,0.,1.));
#2238=DIRECTION('',(0.,1.,-3.06161699786838E-16));
#2239=DIRECTION('center_axis',(0.,-1.,0.));
#2240=DIRECTION('ref_axis',(1.,0.,0.));
#2241=DIRECTION('',(-1.,0.,0.));
#2242=DIRECTION('',(0.,0.,1.));
#2243=DIRECTION('center_axis',(0.,-1.,0.));
#2244=DIRECTION('ref_axis',(1.,0.,0.));
#2245=DIRECTION('',(0.,0.,1.));
#2246=DIRECTION('',(-1.,0.,0.));
#2247=DIRECTION('center_axis',(1.,0.,0.));
#2248=DIRECTION('ref_axis',(0.,1.,-3.06161699786838E-16));
#2249=DIRECTION('',(0.,-1.,3.06161699786838E-16));
#2250=DIRECTION('',(0.,0.,1.));
#2251=DIRECTION('center_axis',(-1.,0.,0.));
#2252=DIRECTION('ref_axis',(0.,-1.,3.06161699786838E-16));
#2253=DIRECTION('',(0.,0.,1.));
#2254=DIRECTION('',(0.,1.,-3.06161699786838E-16));
#2255=DIRECTION('center_axis',(0.,-1.,0.));
#2256=DIRECTION('ref_axis',(1.,0.,0.));
#2257=DIRECTION('',(-1.,0.,0.));
#2258=DIRECTION('center_axis',(0.,-3.06161699786838E-16,-1.));
#2259=DIRECTION('ref_axis',(0.,1.,-3.06161699786838E-16));
#2260=DIRECTION('center_axis',(0.,-3.06161699786838E-16,-1.));
#2261=DIRECTION('ref_axis',(0.,1.,-3.06161699786838E-16));
#2262=DIRECTION('',(0.,-1.,3.06161699786838E-16));
#2263=DIRECTION('',(-1.,0.,0.));
#2264=DIRECTION('',(0.,-1.,3.06161699786838E-16));
#2265=DIRECTION('',(1.,0.,0.));
#2266=DIRECTION('',(0.,-1.,3.06161699786838E-16));
#2267=DIRECTION('',(1.,0.,0.));
#2268=DIRECTION('',(0.,1.,-3.06161699786838E-16));
#2269=DIRECTION('',(1.,0.,0.));
#2270=DIRECTION('',(0.,1.,-3.06161699786838E-16));
#2271=DIRECTION('',(-1.,0.,0.));
#2272=DIRECTION('',(0.,1.,-3.06161699786838E-16));
#2273=DIRECTION('',(-1.,0.,0.));
#2274=DIRECTION('center_axis',(0.,-1.,0.));
#2275=DIRECTION('ref_axis',(1.,0.,0.));
#2276=DIRECTION('',(0.,0.,1.));
#2277=DIRECTION('',(0.,0.,1.));
#2278=DIRECTION('center_axis',(-1.,0.,0.));
#2279=DIRECTION('ref_axis',(0.,-1.,3.06161699786838E-16));
#2280=DIRECTION('',(0.,0.,1.));
#2281=DIRECTION('center_axis',(1.,0.,0.));
#2282=DIRECTION('ref_axis',(0.,1.,-3.06161699786838E-16));
#2283=DIRECTION('',(0.,0.,1.));
#2284=DIRECTION('center_axis',(0.,-1.,0.));
#2285=DIRECTION('ref_axis',(1.,0.,0.));
#2286=DIRECTION('',(0.,0.,1.));
#2287=DIRECTION('center_axis',(0.,-1.,0.));
#2288=DIRECTION('ref_axis',(1.,0.,0.));
#2289=DIRECTION('',(0.,0.,1.));
#2290=DIRECTION('center_axis',(-1.,0.,0.));
#2291=DIRECTION('ref_axis',(0.,-1.,3.06161699786838E-16));
#2292=DIRECTION('',(0.,0.,1.));
#2293=DIRECTION('center_axis',(1.,0.,0.));
#2294=DIRECTION('ref_axis',(0.,1.,-3.06161699786838E-16));
#2295=DIRECTION('',(0.,0.,1.));
#2296=DIRECTION('center_axis',(0.,1.,0.));
#2297=DIRECTION('ref_axis',(-1.,0.,0.));
#2298=DIRECTION('',(0.,0.,1.));
#2299=DIRECTION('center_axis',(0.,1.,0.));
#2300=DIRECTION('ref_axis',(-1.,0.,0.));
#2301=DIRECTION('',(0.,0.,1.));
#2302=DIRECTION('center_axis',(-1.,0.,0.));
#2303=DIRECTION('ref_axis',(0.,-1.,3.06161699786838E-16));
#2304=DIRECTION('',(0.,0.,1.));
#2305=DIRECTION('center_axis',(0.,1.,0.));
#2306=DIRECTION('ref_axis',(-1.,0.,0.));
#2307=DIRECTION('',(0.,0.,1.));
#2308=DIRECTION('center_axis',(1.,0.,0.));
#2309=DIRECTION('ref_axis',(0.,1.,-3.06161699786838E-16));
#2310=DIRECTION('center_axis',(0.,-3.06161699786838E-16,-1.));
#2311=DIRECTION('ref_axis',(0.,1.,-3.06161699786838E-16));
#2312=DIRECTION('center_axis',(0.,-3.06161699786838E-16,-1.));
#2313=DIRECTION('ref_axis',(0.,1.,0.));
#2314=DIRECTION('',(0.,-1.,3.06161699786838E-16));
#2315=DIRECTION('',(-1.,0.,0.));
#2316=DIRECTION('',(0.,-1.,3.06161699786838E-16));
#2317=DIRECTION('',(1.,0.,0.));
#2318=DIRECTION('',(0.,-1.,3.06161699786838E-16));
#2319=DIRECTION('',(1.,0.,0.));
#2320=DIRECTION('',(0.,1.,-3.06161699786838E-16));
#2321=DIRECTION('',(1.,0.,0.));
#2322=DIRECTION('',(0.,1.,-3.06161699786838E-16));
#2323=DIRECTION('',(-1.,0.,0.));
#2324=DIRECTION('',(0.,1.,-3.06161699786838E-16));
#2325=DIRECTION('',(-1.,0.,0.));
#2326=DIRECTION('center_axis',(0.,0.,1.));
#2327=DIRECTION('ref_axis',(0.,1.,0.));
#2328=DIRECTION('',(0.,0.,-1.));
#2329=DIRECTION('',(0.,0.,1.));
#2330=DIRECTION('center_axis',(0.,0.,1.));
#2331=DIRECTION('ref_axis',(0.,1.,0.));
#2332=DIRECTION('',(0.,0.,-1.));
#2333=DIRECTION('center_axis',(0.,0.,1.));
#2334=DIRECTION('ref_axis',(0.,1.,0.));
#2335=DIRECTION('',(0.,0.,1.));
#2336=DIRECTION('center_axis',(0.,0.,1.));
#2337=DIRECTION('ref_axis',(0.,1.,0.));
#2338=DIRECTION('center_axis',(0.,0.,1.));
#2339=DIRECTION('ref_axis',(0.,1.,0.));
#2340=DIRECTION('',(0.,0.,-1.));
#2341=DIRECTION('center_axis',(0.,0.,1.));
#2342=DIRECTION('ref_axis',(0.,1.,0.));
#2343=DIRECTION('center_axis',(0.,-1.,0.));
#2344=DIRECTION('ref_axis',(1.,0.,0.));
#2345=DIRECTION('',(0.,0.,1.));
#2346=DIRECTION('',(0.,0.,1.));
#2347=DIRECTION('center_axis',(-1.,0.,0.));
#2348=DIRECTION('ref_axis',(0.,-1.,3.06161699786838E-16));
#2349=DIRECTION('',(0.,0.,1.));
#2350=DIRECTION('center_axis',(1.,0.,0.));
#2351=DIRECTION('ref_axis',(0.,1.,-3.06161699786838E-16));
#2352=DIRECTION('',(0.,0.,1.));
#2353=DIRECTION('center_axis',(0.,-1.,0.));
#2354=DIRECTION('ref_axis',(1.,0.,0.));
#2355=DIRECTION('',(0.,0.,1.));
#2356=DIRECTION('center_axis',(0.,-1.,0.));
#2357=DIRECTION('ref_axis',(1.,0.,0.));
#2358=DIRECTION('',(0.,0.,1.));
#2359=DIRECTION('center_axis',(-1.,0.,0.));
#2360=DIRECTION('ref_axis',(0.,-1.,3.06161699786838E-16));
#2361=DIRECTION('',(0.,0.,1.));
#2362=DIRECTION('center_axis',(1.,0.,0.));
#2363=DIRECTION('ref_axis',(0.,1.,-3.06161699786838E-16));
#2364=DIRECTION('',(0.,0.,1.));
#2365=DIRECTION('center_axis',(0.,1.,0.));
#2366=DIRECTION('ref_axis',(-1.,0.,0.));
#2367=DIRECTION('',(0.,0.,1.));
#2368=DIRECTION('center_axis',(0.,1.,0.));
#2369=DIRECTION('ref_axis',(-1.,0.,0.));
#2370=DIRECTION('',(0.,0.,1.));
#2371=DIRECTION('center_axis',(-1.,0.,0.));
#2372=DIRECTION('ref_axis',(0.,-1.,3.06161699786838E-16));
#2373=DIRECTION('',(0.,0.,1.));
#2374=DIRECTION('center_axis',(0.,1.,0.));
#2375=DIRECTION('ref_axis',(-1.,0.,0.));
#2376=DIRECTION('',(0.,0.,1.));
#2377=DIRECTION('center_axis',(1.,0.,0.));
#2378=DIRECTION('ref_axis',(0.,1.,-3.06161699786838E-16));
#2379=DIRECTION('center_axis',(1.,0.,0.));
#2380=DIRECTION('ref_axis',(0.,-1.,0.));
#2381=DIRECTION('',(0.,-1.,0.));
#2382=DIRECTION('center_axis',(0.,0.,1.));
#2383=DIRECTION('ref_axis',(1.,0.,0.));
#2384=DIRECTION('',(0.,1.,0.));
#2385=DIRECTION('center_axis',(1.,0.,0.));
#2386=DIRECTION('ref_axis',(0.,-1.,0.));
#2387=DIRECTION('center_axis',(0.,0.,1.));
#2388=DIRECTION('ref_axis',(1.,0.,0.));
#2389=DIRECTION('',(-2.02109933727317E-13,-1.,0.));
#2390=DIRECTION('center_axis',(1.,-2.02109933727317E-13,0.));
#2391=DIRECTION('ref_axis',(0.,0.,-1.));
#2392=DIRECTION('center_axis',(1.,0.,0.));
#2393=DIRECTION('ref_axis',(0.,-1.,0.));
#2394=DIRECTION('',(0.,-1.,0.));
#2395=DIRECTION('center_axis',(0.,0.,1.));
#2396=DIRECTION('ref_axis',(1.,0.,0.));
#2397=DIRECTION('',(0.,1.,0.));
#2398=DIRECTION('center_axis',(1.,0.,0.));
#2399=DIRECTION('ref_axis',(0.,-1.,0.));
#2400=DIRECTION('center_axis',(1.,0.,0.));
#2401=DIRECTION('ref_axis',(0.,-1.,0.));
#2402=DIRECTION('',(0.,1.,0.));
#2403=DIRECTION('center_axis',(0.,0.,1.));
#2404=DIRECTION('ref_axis',(1.,0.,0.));
#2405=DIRECTION('',(0.,-1.,0.));
#2406=DIRECTION('center_axis',(1.,0.,0.));
#2407=DIRECTION('ref_axis',(0.,-1.,0.));
#2408=DIRECTION('center_axis',(-4.04219867454635E-13,-1.,0.));
#2409=DIRECTION('ref_axis',(0.,0.,-1.));
#2410=DIRECTION('',(-1.,4.04219867454635E-13,0.));
#2411=DIRECTION('center_axis',(0.,0.,1.));
#2412=DIRECTION('ref_axis',(1.,0.,0.));
#2413=DIRECTION('center_axis',(0.,0.,1.));
#2414=DIRECTION('ref_axis',(1.,0.,0.));
#2415=DIRECTION('',(-2.02109933727317E-13,-1.,0.));
#2416=DIRECTION('center_axis',(1.,-2.02109933727317E-13,0.));
#2417=DIRECTION('ref_axis',(0.,0.,-1.));
#2418=DIRECTION('center_axis',(0.,0.,1.));
#2419=DIRECTION('ref_axis',(1.,0.,0.));
#2420=DIRECTION('',(-1.,4.04219867454635E-13,0.));
#2421=DIRECTION('center_axis',(-4.04219867454635E-13,-1.,0.));
#2422=DIRECTION('ref_axis',(0.,0.,-1.));
#2423=DIRECTION('center_axis',(-4.04219867454635E-13,-1.,0.));
#2424=DIRECTION('ref_axis',(0.,0.,-1.));
#2425=DIRECTION('',(1.,-4.04219867454635E-13,0.));
#2426=DIRECTION('center_axis',(0.,0.,1.));
#2427=DIRECTION('ref_axis',(1.,0.,0.));
#2428=DIRECTION('center_axis',(0.,0.,1.));
#2429=DIRECTION('ref_axis',(1.,0.,0.));
#2430=DIRECTION('',(1.,-4.04219867454635E-13,0.));
#2431=DIRECTION('center_axis',(-4.04219867454635E-13,-1.,0.));
#2432=DIRECTION('ref_axis',(0.,0.,-1.));
#2433=CARTESIAN_POINT('',(0.,0.,0.));
#2434=CARTESIAN_POINT('Ctrl Pts',(247.655043830175,278.537362314228,10.154746994852));
#2435=CARTESIAN_POINT('Ctrl Pts',(247.655043830175,278.572203637668,10.155962389855));
#2436=CARTESIAN_POINT('Ctrl Pts',(247.655043830175,278.593121147087,8.55632711921155));
#2437=CARTESIAN_POINT('Ctrl Pts',(247.655043830175,278.627962470528,8.55754251421461));
#2438=CARTESIAN_POINT('',(247.655043830175,278.572203637659,9.15596238985472));
#2439=CARTESIAN_POINT('',(247.655043830175,278.593121147096,8.5563271192118));
#2440=CARTESIAN_POINT('Ctrl Pts',(247.655043830175,278.572203637659,9.15596238985472));
#2441=CARTESIAN_POINT('Ctrl Pts',(247.655043830175,278.593121147096,8.5563271192118));
#2442=CARTESIAN_POINT('',(247.655043830175,278.593121147096,9.5563271192118));
#2443=CARTESIAN_POINT('Ctrl Pts',(247.655043830175,278.593121147096,8.5563271192118));
#2444=CARTESIAN_POINT('Ctrl Pts',(247.655043830175,278.593121147096,9.5563271192118));
#2445=CARTESIAN_POINT('',(247.655043830175,278.572203637659,10.1559623898547));
#2446=CARTESIAN_POINT('Ctrl Pts',(247.655043830175,278.572203637659,10.1559623898547));
#2447=CARTESIAN_POINT('Ctrl Pts',(247.655043830175,278.593121147096,9.5563271192118));
#2448=CARTESIAN_POINT('Ctrl Pts',(247.655043830175,278.572203637659,9.15596238985472));
#2449=CARTESIAN_POINT('Ctrl Pts',(247.655043830175,278.572203637659,10.1559623898547));
#2450=CARTESIAN_POINT('Origin',(256.725539991605,248.141394550971,6.13039454831959));
#2451=CARTESIAN_POINT('',(256.725539991605,250.821762995811,4.63039454831959));
#2452=CARTESIAN_POINT('',(256.725539991605,250.821762995815,7.68584192350676));
#2453=CARTESIAN_POINT('',(256.725539991605,250.821762995811,9.5100038954854E-11));
#2454=CARTESIAN_POINT('',(256.725539991605,255.492799652502,4.63039454831959));
#2455=CARTESIAN_POINT('',(256.725539991605,248.141394550971,4.63039454831959));
#2456=CARTESIAN_POINT('',(256.72553999161,255.21973429672,7.83891247867636));
#2457=CARTESIAN_POINT('',(256.725539991605,255.385954148583,5.88582921931341));
#2458=CARTESIAN_POINT('Ctrl Pts',(256.725539991605,255.219734296729,7.83891247867621));
#2459=CARTESIAN_POINT('Ctrl Pts',(256.725539991605,254.094062438062,7.79973368360102));
#2460=CARTESIAN_POINT('Ctrl Pts',(256.725539991598,252.968390579385,7.76055488852603));
#2461=CARTESIAN_POINT('Ctrl Pts',(256.725539991603,251.50240014576,7.70953137013628));
#2462=CARTESIAN_POINT('Ctrl Pts',(256.725539991605,251.162081570797,7.69768664682155));
#2463=CARTESIAN_POINT('Ctrl Pts',(256.725539991605,250.821762995834,7.68584192350717));
#2464=CARTESIAN_POINT('Origin',(244.450539991601,248.466394550974,4.63039454831959));
#2465=CARTESIAN_POINT('',(256.075539991605,250.821762995811,4.63039454831959));
#2466=CARTESIAN_POINT('Origin',(256.4005399916,248.141394550985,4.63039454831959));
#2467=CARTESIAN_POINT('',(256.075539991605,255.492799652502,4.63039454831959));
#2468=CARTESIAN_POINT('',(256.075539991605,248.141394550971,4.63039454831959));
#2469=CARTESIAN_POINT('',(249.399375483022,255.492799652502,4.63039454831959));
#2470=CARTESIAN_POINT('Origin',(256.075539991605,248.141394550971,6.13039454831959));
#2471=CARTESIAN_POINT('',(256.075539991605,250.821762995811,7.64746042172541));
#2472=CARTESIAN_POINT('',(256.075539991605,250.821762995811,9.5100038954854E-11));
#2473=CARTESIAN_POINT('',(256.075539991605,255.222991160344,7.80064433115071));
#2474=CARTESIAN_POINT('Ctrl Pts',(256.075539991607,250.821762995779,7.64746042172466));
#2475=CARTESIAN_POINT('Ctrl Pts',(256.075539991607,251.16270326153,7.65932678284832));
#2476=CARTESIAN_POINT('Ctrl Pts',(256.075539991607,251.503643527285,7.67119314397201));
#2477=CARTESIAN_POINT('Ctrl Pts',(256.075539991607,252.970719582117,7.72225444711344));
#2478=CARTESIAN_POINT('Ctrl Pts',(256.075539991605,254.096855371204,7.76144938913125));
#2479=CARTESIAN_POINT('Ctrl Pts',(256.075539991605,255.222991160285,7.80064433114897));
#2480=CARTESIAN_POINT('',(256.075539991605,255.385954148583,5.88582921931343));
#2481=CARTESIAN_POINT('Origin',(256.4005399916,248.141394550985,9.5100038954854E-11));
#2482=CARTESIAN_POINT('',(259.080908436422,248.466394550974,7.76048969053319));
#2483=CARTESIAN_POINT('Ctrl Pts',(256.725539991605,250.821762995807,7.68584192350642));
#2484=CARTESIAN_POINT('Ctrl Pts',(257.066227809809,250.78045392088,7.70506962488754));
#2485=CARTESIAN_POINT('Ctrl Pts',(257.396189508445,250.674532969929,7.7222869398617));
#2486=CARTESIAN_POINT('Ctrl Pts',(257.993267822951,250.347490851577,7.74999864368557));
#2487=CARTESIAN_POINT('Ctrl Pts',(258.256099594437,250.131542320291,7.7603493055709));
#2488=CARTESIAN_POINT('Ctrl Pts',(258.659459413284,249.648837691907,7.77150996805004));
#2489=CARTESIAN_POINT('Ctrl Pts',(258.809019488435,249.39612612663,7.77333525391462));
#2490=CARTESIAN_POINT('Ctrl Pts',(258.963638025095,249.000579714702,7.77062659534382));
#2491=CARTESIAN_POINT('Ctrl Pts',(259.002821647616,248.873375416015,7.7690185388689));
#2492=CARTESIAN_POINT('Ctrl Pts',(259.053440174175,248.652225605351,7.7649711604689));
#2493=CARTESIAN_POINT('Ctrl Pts',(259.069603870986,248.55962655246,7.76291681023046));
#2494=CARTESIAN_POINT('Ctrl Pts',(259.080908436424,248.466394550973,7.76048969053326));
#2495=CARTESIAN_POINT('',(259.080908436422,248.466394550974,4.63039454831959));
#2496=CARTESIAN_POINT('Ctrl Pts',(259.080908436426,248.466394550974,4.63039454831959));
#2497=CARTESIAN_POINT('Ctrl Pts',(259.080908436426,248.466394550974,5.21937196357956));
#2498=CARTESIAN_POINT('Ctrl Pts',(259.080908436426,248.466394550974,5.80834937883953));
#2499=CARTESIAN_POINT('Ctrl Pts',(259.080908436426,248.466394550974,6.85171442624406));
#2500=CARTESIAN_POINT('Ctrl Pts',(259.080908436426,248.466394550974,7.30610205838863));
#2501=CARTESIAN_POINT('Ctrl Pts',(259.080908436426,248.466394550974,7.7604896905332));
#2502=CARTESIAN_POINT('',(259.080908436422,247.816394550973,4.63039454831959));
#2503=CARTESIAN_POINT('Origin',(256.4005399916,248.141394550985,4.63039454831959));
#2504=CARTESIAN_POINT('',(259.080908436422,247.816394550973,7.73786656394244));
#2505=CARTESIAN_POINT('',(259.080908436422,247.816394550973,9.5100038954854E-11));
#2506=CARTESIAN_POINT('',(256.725539991605,245.461026106163,7.49926249502174));
#2507=CARTESIAN_POINT('Ctrl Pts',(259.080908436423,247.816394550977,7.73786656390367));
#2508=CARTESIAN_POINT('Ctrl Pts',(259.05642426224,247.614466549302,7.72906724767658));
#2509=CARTESIAN_POINT('Ctrl Pts',(259.009200612653,247.415956708173,7.71874279282614));
#2510=CARTESIAN_POINT('Ctrl Pts',(258.940139722763,247.224643109465,7.70713640895698));
#2511=CARTESIAN_POINT('Ctrl Pts',(258.855669134118,246.990641313013,7.69294026872419));
#2512=CARTESIAN_POINT('Ctrl Pts',(258.739390871438,246.769790215868,7.67697125964282));
#2513=CARTESIAN_POINT('Ctrl Pts',(258.594866654686,246.568203570588,7.65984870956453));
#2514=CARTESIAN_POINT('Ctrl Pts',(258.560082003025,246.519684911271,7.65572758748955));
#2515=CARTESIAN_POINT('Ctrl Pts',(258.523661077515,246.47228220889,7.65153988508078));
#2516=CARTESIAN_POINT('Ctrl Pts',(258.485653503969,246.426080690327,7.6472946453135));
#2517=CARTESIAN_POINT('Ctrl Pts',(258.280399406205,246.176576443595,7.62436887613348));
#2518=CARTESIAN_POINT('Ctrl Pts',(258.032044787861,245.965957847368,7.60012268675991));
#2519=CARTESIAN_POINT('Ctrl Pts',(257.752445273663,245.804227011348,7.57611055168387));
#2520=CARTESIAN_POINT('Ctrl Pts',(257.586357971241,245.70815589209,7.56184689764423));
#2521=CARTESIAN_POINT('Ctrl Pts',(257.410480907318,245.63004972736,7.54777208551365));
#2522=CARTESIAN_POINT('Ctrl Pts',(257.227790567573,245.571247379213,7.53418917961937));
#2523=CARTESIAN_POINT('Ctrl Pts',(257.064270100039,245.518615217739,7.5220315410414));
#2524=CARTESIAN_POINT('Ctrl Pts',(256.896090981604,245.48170574398,7.51032753486344));
#2525=CARTESIAN_POINT('Ctrl Pts',(256.725539991612,245.461026106162,7.49926249502204));
#2526=CARTESIAN_POINT('',(256.725539991605,245.461026106163,4.63039454831959));
#2527=CARTESIAN_POINT('',(256.725539991605,245.461026106163,9.5100038954854E-11));
#2528=CARTESIAN_POINT('',(256.4005399916,245.441394550985,4.63039454831959));
#2529=CARTESIAN_POINT('Origin',(256.4005399916,248.141394550985,4.63039454831959));
#2530=CARTESIAN_POINT('',(256.4005399916,245.44139455099,0.2000000000951));
#2531=CARTESIAN_POINT('',(256.4005399916,245.441394550985,9.5100038954854E-11));
#2532=CARTESIAN_POINT('Origin',(256.4005399916,248.141394550985,0.2000000000951));
#2533=CARTESIAN_POINT('',(256.075539991605,245.461026106163,4.63039454831959));
#2534=CARTESIAN_POINT('Origin',(256.4005399916,248.141394550985,4.63039454831959));
#2535=CARTESIAN_POINT('',(256.075539991605,245.461026106163,7.46088099356193));
#2536=CARTESIAN_POINT('',(256.075539991605,245.461026106163,9.5100038954854E-11));
#2537=CARTESIAN_POINT('',(253.720171546781,247.816394550973,7.42129010153129));
#2538=CARTESIAN_POINT('Ctrl Pts',(256.075539991605,245.461026106162,7.46088099356184));
#2539=CARTESIAN_POINT('Ctrl Pts',(255.944579079528,245.476905376979,7.45391137124562));
#2540=CARTESIAN_POINT('Ctrl Pts',(255.814870202953,245.502371916095,7.44747535252968));
#2541=CARTESIAN_POINT('Ctrl Pts',(255.436412698607,245.606002903246,7.43007080456496));
#2542=CARTESIAN_POINT('Ctrl Pts',(255.196538956613,245.710711539868,7.42087293184866));
#2543=CARTESIAN_POINT('Ctrl Pts',(254.670517500037,246.037632476691,7.40490048677098));
#2544=CARTESIAN_POINT('Ctrl Pts',(254.406469638218,246.285981564688,7.40050819099996));
#2545=CARTESIAN_POINT('Ctrl Pts',(254.063070038756,246.769843774141,7.40081205187327));
#2546=CARTESIAN_POINT('Ctrl Pts',(253.952904723799,246.977786130587,7.40287698531701));
#2547=CARTESIAN_POINT('Ctrl Pts',(253.796431371272,247.397038068152,7.41018719058985));
#2548=CARTESIAN_POINT('Ctrl Pts',(253.745821607183,247.604851127857,7.4151019348274));
#2549=CARTESIAN_POINT('Ctrl Pts',(253.720171546778,247.816394550982,7.42129010153146));
#2550=CARTESIAN_POINT('',(253.720171546781,247.816394550973,4.63039454831959));
#2551=CARTESIAN_POINT('',(253.720171546781,247.816394550973,9.5100038954854E-11));
#2552=CARTESIAN_POINT('',(253.720171546781,248.466394550974,4.63039454831959));
#2553=CARTESIAN_POINT('Origin',(256.4005399916,248.141394550985,4.63039454831959));
#2554=CARTESIAN_POINT('',(253.720171546777,248.466394550974,7.44391322780052));
#2555=CARTESIAN_POINT('Ctrl Pts',(253.720171546777,248.466394550974,7.44391322780053));
#2556=CARTESIAN_POINT('Ctrl Pts',(253.720171546777,248.466394550974,7.06207202454097));
#2557=CARTESIAN_POINT('Ctrl Pts',(253.720171546777,248.466394550974,6.68023082128141));
#2558=CARTESIAN_POINT('Ctrl Pts',(253.720171546777,248.466394550974,5.74239126145444));
#2559=CARTESIAN_POINT('Ctrl Pts',(253.720171546777,248.466394550974,5.18639290488701));
#2560=CARTESIAN_POINT('Ctrl Pts',(253.720171546777,248.466394550974,4.63039454831959));
#2561=CARTESIAN_POINT('Ctrl Pts',(253.720171543586,248.466394553189,7.44391316378939));
#2562=CARTESIAN_POINT('Ctrl Pts',(253.746700527619,248.685187381559,7.45274301693898));
#2563=CARTESIAN_POINT('Ctrl Pts',(253.799871832823,248.899513182272,7.46263792385651));
#2564=CARTESIAN_POINT('Ctrl Pts',(253.878218278312,249.104664894904,7.47342699517172));
#2565=CARTESIAN_POINT('Ctrl Pts',(253.919685890099,249.213248654175,7.47913749062617));
#2566=CARTESIAN_POINT('Ctrl Pts',(253.968206071343,249.319262325817,7.48509942734567));
#2567=CARTESIAN_POINT('Ctrl Pts',(254.023560857178,249.42200776753,7.4912932391811));
#2568=CARTESIAN_POINT('Ctrl Pts',(254.17521790353,249.703502311878,7.50826259773691));
#2569=CARTESIAN_POINT('Ctrl Pts',(254.375508366172,249.955515768179,7.52667032021674));
#2570=CARTESIAN_POINT('Ctrl Pts',(254.614809475103,250.166528193226,7.54603064211711));
#2571=CARTESIAN_POINT('Ctrl Pts',(254.642186319402,250.190668717821,7.54824552745811));
#2572=CARTESIAN_POINT('Ctrl Pts',(254.670073732419,250.214272614146,7.55047293087725));
#2573=CARTESIAN_POINT('Ctrl Pts',(254.698457300738,250.23732263223,7.55271215014751));
#2574=CARTESIAN_POINT('Ctrl Pts',(254.892443774551,250.394857149357,7.56801601347633));
#2575=CARTESIAN_POINT('Ctrl Pts',(255.10724094745,250.524599719549,7.58368915940365));
#2576=CARTESIAN_POINT('Ctrl Pts',(255.336627620147,250.622944548972,7.59944908062161));
#2577=CARTESIAN_POINT('Ctrl Pts',(255.364376065942,250.634841125771,7.60135552668714));
#2578=CARTESIAN_POINT('Ctrl Pts',(255.392338006613,250.646278253626,7.60326317860457));
#2579=CARTESIAN_POINT('Ctrl Pts',(255.420502432525,250.657249551708,7.60517147921955));
#2580=CARTESIAN_POINT('Ctrl Pts',(255.552688420854,250.708741880528,7.61412783443176));
#2581=CARTESIAN_POINT('Ctrl Pts',(255.688730599666,250.749737704616,7.62305827957256));
#2582=CARTESIAN_POINT('Ctrl Pts',(255.827365358586,250.779854488199,7.63189927008758));
#2583=CARTESIAN_POINT('Ctrl Pts',(255.909414880442,250.797678789349,7.63713171720356));
#2584=CARTESIAN_POINT('Ctrl Pts',(255.992230084138,250.811661503022,7.64232358206985));
#2585=CARTESIAN_POINT('Ctrl Pts',(256.07553999161,250.821762995806,7.64746042172573));
#2586=CARTESIAN_POINT('Ctrl Pts',(256.725539909729,255.219734296901,7.83891247371606));
#2587=CARTESIAN_POINT('Ctrl Pts',(257.564883594228,255.217964441197,7.88976381843632));
#2588=CARTESIAN_POINT('Ctrl Pts',(258.403766355735,255.21601358118,7.94581571763736));
#2589=CARTESIAN_POINT('Ctrl Pts',(259.242091531349,255.213882012606,8.00705967372455));
#2590=CARTESIAN_POINT('Ctrl Pts',(256.725539951603,252.970435946795,7.76062607472321));
#2591=CARTESIAN_POINT('Ctrl Pts',(257.564883636102,252.968666091091,7.81147741944347));
#2592=CARTESIAN_POINT('Ctrl Pts',(258.403766397609,252.966715231074,7.86752931864451));
#2593=CARTESIAN_POINT('Ctrl Pts',(259.242091573223,252.9645836625,7.9287732747317));
#2594=CARTESIAN_POINT('Ctrl Pts',(256.725539993477,250.721137596689,7.68233967573036));
#2595=CARTESIAN_POINT('Ctrl Pts',(257.564883677976,250.719367740985,7.73319102045062));
#2596=CARTESIAN_POINT('Ctrl Pts',(258.403766439483,250.717416880968,7.78924291965166));
#2597=CARTESIAN_POINT('Ctrl Pts',(259.242091615097,250.715285312394,7.85048687573886));
#2598=CARTESIAN_POINT('Ctrl Pts',(256.725540035351,248.471839246583,7.60405327673751));
#2599=CARTESIAN_POINT('Ctrl Pts',(257.56488371985,248.470069390879,7.65490462145778));
#2600=CARTESIAN_POINT('Ctrl Pts',(258.403766481357,248.468118530862,7.71095652065881));
#2601=CARTESIAN_POINT('Ctrl Pts',(259.242091656971,248.465986962288,7.77220047674601));
#2602=CARTESIAN_POINT('',(259.16785693385,255.205908459902,8.00136606129742));
#2603=CARTESIAN_POINT('Ctrl Pts',(259.167856933855,255.205908459901,8.00136606129776));
#2604=CARTESIAN_POINT('Ctrl Pts',(258.791170395125,255.208234612558,7.97403376758314));
#2605=CARTESIAN_POINT('Ctrl Pts',(258.414406004777,255.210471497994,7.94775036367576));
#2606=CARTESIAN_POINT('Ctrl Pts',(257.600321437949,255.215111025586,7.89323591447312));
#2607=CARTESIAN_POINT('Ctrl Pts',(257.162972620615,255.217482769669,7.8653679215323));
#2608=CARTESIAN_POINT('Ctrl Pts',(256.725539991605,255.219734296721,7.83891247867627));
#2609=CARTESIAN_POINT('',(259.242091656961,248.466394550974,7.77221466279201));
#2610=CARTESIAN_POINT('Ctrl Pts',(259.242091656961,248.466394550969,7.7722146627919));
#2611=CARTESIAN_POINT('Ctrl Pts',(259.229726740359,249.589028120477,7.81038329618933));
#2612=CARTESIAN_POINT('Ctrl Pts',(259.217361463532,250.711661648234,7.84855304154972));
#2613=CARTESIAN_POINT('Ctrl Pts',(259.19261655665,252.95816628462,7.92493683850843));
#2614=CARTESIAN_POINT('Ctrl Pts',(259.180236925811,254.082037393177,7.96315089256036));
#2615=CARTESIAN_POINT('Ctrl Pts',(259.167856933857,255.205908459866,8.00136606129608));
#2616=CARTESIAN_POINT('Ctrl Pts',(259.080908436426,248.466394550974,7.76048969053262));
#2617=CARTESIAN_POINT('Ctrl Pts',(259.134637753159,248.466394550974,7.76437661260307));
#2618=CARTESIAN_POINT('Ctrl Pts',(259.188365501911,248.466394550974,7.76828493688388));
#2619=CARTESIAN_POINT('Ctrl Pts',(259.242091656961,248.466394550974,7.77221466279196));
#2620=CARTESIAN_POINT('Origin',(259.784564923068,248.722313194553,6.09768147436525));
#2621=CARTESIAN_POINT('',(260.2598997427,247.816394550969,4.63039454831959));
#2622=CARTESIAN_POINT('',(259.249250850094,247.816394550969,7.75011531291447));
#2623=CARTESIAN_POINT('',(259.05156389606,247.816394550969,8.36034513645209));
#2624=CARTESIAN_POINT('',(260.2598997427,248.466394550974,4.63039454831969));
#2625=CARTESIAN_POINT('',(260.2598997427,248.594353872768,4.63039454831959));
#2626=CARTESIAN_POINT('',(259.784564923068,248.466394550974,6.09768147436525));
#2627=CARTESIAN_POINT('',(261.759938840942,255.886875784272,9.5100038954854E-11));
#2628=CARTESIAN_POINT('',(259.602195575792,255.320013813616,6.6606281551414));
#2629=CARTESIAN_POINT('',(261.759938840942,240.469937907678,9.5100038954854E-11));
#2630=CARTESIAN_POINT('',(261.759938840942,248.431853872762,9.5100038954854E-11));
#2631=CARTESIAN_POINT('',(259.30005330692,243.203709650611,7.59329578774912));
#2632=CARTESIAN_POINT('',(259.082031124274,243.446006649392,8.26629739623766));
#2633=CARTESIAN_POINT('Ctrl Pts',(259.300053306919,243.20370965062,7.59329578774979));
#2634=CARTESIAN_POINT('Ctrl Pts',(259.2920493417,243.930470653008,7.61800282169158));
#2635=CARTESIAN_POINT('Ctrl Pts',(259.284045225677,244.657231637898,7.64271032156877));
#2636=CARTESIAN_POINT('Ctrl Pts',(259.267111110344,246.194793275622,7.69498338260055));
#2637=CARTESIAN_POINT('Ctrl Pts',(259.258181074098,247.005593924173,7.72254905774891));
#2638=CARTESIAN_POINT('Ctrl Pts',(259.249250850095,247.81639455095,7.75011531291404));
#2639=CARTESIAN_POINT('Origin',(254.348210974447,255.458714254391,5.03089797610083));
#2640=CARTESIAN_POINT('',(244.775539991606,255.251309274036,7.46790649521079));
#2641=CARTESIAN_POINT('Ctrl Pts',(256.075539991605,255.22299116034,7.80064433115076));
#2642=CARTESIAN_POINT('Ctrl Pts',(254.198601941907,255.232139375184,7.69315280673801));
#2643=CARTESIAN_POINT('Ctrl Pts',(252.319988155923,255.239076027515,7.61164714182418));
#2644=CARTESIAN_POINT('Ctrl Pts',(248.552969364896,255.248538751289,7.50046013754321));
#2645=CARTESIAN_POINT('Ctrl Pts',(246.664188389557,255.251045394926,7.47100707480726));
#2646=CARTESIAN_POINT('Ctrl Pts',(244.775539991606,255.251309274041,7.46790649521107));
#2647=CARTESIAN_POINT('',(244.775539991606,255.492799652502,4.63039454831959));
#2648=CARTESIAN_POINT('',(244.775539991606,255.385954148587,5.88582921931364));
#2649=CARTESIAN_POINT('',(244.125539991603,255.492799652502,4.63039454831968));
#2650=CARTESIAN_POINT('',(249.399375483022,255.492799652507,4.63039454831959));
#2651=CARTESIAN_POINT('',(244.125539991601,255.251311529582,7.46787999260117));
#2652=CARTESIAN_POINT('',(244.125539991601,255.458714254391,5.03089797610083));
#2653=CARTESIAN_POINT('',(232.825539991609,255.223016795253,7.80034312101056));
#2654=CARTESIAN_POINT('Ctrl Pts',(244.125539991603,255.251311529582,7.46787999260174));
#2655=CARTESIAN_POINT('Ctrl Pts',(242.236061099247,255.251060609837,7.47082829961929));
#2656=CARTESIAN_POINT('Ctrl Pts',(240.347785562228,255.248562615548,7.50017973256543));
#2657=CARTESIAN_POINT('Ctrl Pts',(236.580929086258,255.239106213317,7.61129245872265));
#2658=CARTESIAN_POINT('Ctrl Pts',(234.702395670729,255.232168267213,7.69281332547343));
#2659=CARTESIAN_POINT('Ctrl Pts',(232.825539991616,255.223016795253,7.80034312101007));
#2660=CARTESIAN_POINT('',(232.825539991609,255.492799652507,4.63039454831959));
#2661=CARTESIAN_POINT('',(232.825539991609,255.385954148587,5.88582921931403));
#2662=CARTESIAN_POINT('',(232.175539991606,255.492799652507,4.63039454831959));
#2663=CARTESIAN_POINT('',(249.399375483022,255.492799652507,4.63039454831959));
#2664=CARTESIAN_POINT('',(232.175539991606,255.219758581538,7.83862713217684));
#2665=CARTESIAN_POINT('',(232.175539991606,255.385954148587,5.88582921931405));
#2666=CARTESIAN_POINT('',(229.868907444816,255.206760900483,7.99134988453544));
#2667=CARTESIAN_POINT('Ctrl Pts',(232.175539991606,255.219758581537,7.83862713217711));
#2668=CARTESIAN_POINT('Ctrl Pts',(231.771363376097,255.21767733905,7.86308173139583));
#2669=CARTESIAN_POINT('Ctrl Pts',(231.367258549055,255.215493377582,7.88874327854715));
#2670=CARTESIAN_POINT('Ctrl Pts',(230.598393051946,255.211141859668,7.93987361399005));
#2671=CARTESIAN_POINT('Ctrl Pts',(230.233614045023,255.208993231956,7.9651199897499));
#2672=CARTESIAN_POINT('Ctrl Pts',(229.868907444811,255.206760900485,7.99134988453574));
#2673=CARTESIAN_POINT('',(227.136495573579,255.886875784281,9.5100038954854E-11));
#2674=CARTESIAN_POINT('',(230.518241790087,255.045137406814,9.89042593513695));
#2675=CARTESIAN_POINT('',(254.161875483026,255.886875784272,9.5100038954854E-11));
#2676=CARTESIAN_POINT('Origin',(232.500539991599,248.141394550985,9.5100038954854E-11));
#2677=CARTESIAN_POINT('',(229.82017154678,247.816394550982,4.63039454831959));
#2678=CARTESIAN_POINT('',(229.82017154678,247.816394550982,7.59058777298449));
#2679=CARTESIAN_POINT('',(229.82017154678,247.816394550973,9.5100038954854E-11));
#2680=CARTESIAN_POINT('',(229.82017154678,248.466394550992,4.63039454831959));
#2681=CARTESIAN_POINT('Origin',(232.500539991599,248.141394550985,4.63039454831959));
#2682=CARTESIAN_POINT('',(229.820171546776,248.466394550983,7.61326219158697));
#2683=CARTESIAN_POINT('Ctrl Pts',(229.820171546776,248.466394550983,7.61326219158697));
#2684=CARTESIAN_POINT('Ctrl Pts',(229.820171546776,248.466394550983,7.20530997675923));
#2685=CARTESIAN_POINT('Ctrl Pts',(229.820171546776,248.466394550983,6.79735776193149));
#2686=CARTESIAN_POINT('Ctrl Pts',(229.820171546776,248.466394550983,5.80306854750903));
#2687=CARTESIAN_POINT('Ctrl Pts',(229.820171546776,248.466394550983,5.21673154791431));
#2688=CARTESIAN_POINT('Ctrl Pts',(229.820171546776,248.466394550983,4.63039454831959));
#2689=CARTESIAN_POINT('',(229.869077085896,248.745880262891,7.76646794124285));
#2690=CARTESIAN_POINT('Origin',(232.500539991599,248.141394550985,15.4643390870539));
#2691=CARTESIAN_POINT('',(232.175539991606,250.821762995811,7.68555574171361));
#2692=CARTESIAN_POINT('Ctrl Pts',(229.869077085895,248.745880262891,7.76646794124266));
#2693=CARTESIAN_POINT('Ctrl Pts',(229.871744348102,248.757491458027,7.76667966974432));
#2694=CARTESIAN_POINT('Ctrl Pts',(229.874488806263,248.769086502521,7.7668853207683));
#2695=CARTESIAN_POINT('Ctrl Pts',(229.934303053749,249.014532854526,7.77111591641017));
#2696=CARTESIAN_POINT('Ctrl Pts',(230.022318343199,249.239745566201,7.77262763207936));
#2697=CARTESIAN_POINT('Ctrl Pts',(230.274824939997,249.695312405747,7.7706082964948));
#2698=CARTESIAN_POINT('Ctrl Pts',(230.447903975353,249.917655563618,7.76622797290142));
#2699=CARTESIAN_POINT('Ctrl Pts',(230.882447617109,250.325822537575,7.75077951865191));
#2700=CARTESIAN_POINT('Ctrl Pts',(231.149034044511,250.500047939363,7.73905452185436));
#2701=CARTESIAN_POINT('Ctrl Pts',(231.674429418322,250.72456752082,7.71306799448806));
#2702=CARTESIAN_POINT('Ctrl Pts',(231.922239187457,250.791049769981,7.69985806907327));
#2703=CARTESIAN_POINT('Ctrl Pts',(232.175539991606,250.821762995808,7.68555574171384));
#2704=CARTESIAN_POINT('',(232.175539991606,250.821762995811,4.63039454831959));
#2705=CARTESIAN_POINT('',(232.175539991606,250.821762995811,9.5100038954854E-11));
#2706=CARTESIAN_POINT('',(232.825539991609,250.821762995811,4.63039454831959));
#2707=CARTESIAN_POINT('Origin',(232.500539991599,248.141394550985,4.63039454831959));
#2708=CARTESIAN_POINT('',(232.825539991609,250.821762995811,7.64715832878184));
#2709=CARTESIAN_POINT('',(232.825539991609,250.821762995811,9.5100038954854E-11));
#2710=CARTESIAN_POINT('',(235.180908436423,248.466394550983,7.44357257128332));
#2711=CARTESIAN_POINT('Ctrl Pts',(232.825539991606,250.821762995807,7.64715832878161));
#2712=CARTESIAN_POINT('Ctrl Pts',(233.010758392743,250.799304848991,7.63573361505086));
#2713=CARTESIAN_POINT('Ctrl Pts',(233.193263354944,250.757694829762,7.62405577523386));
#2714=CARTESIAN_POINT('Ctrl Pts',(233.370106767697,250.69753492721,7.61227719553497));
#2715=CARTESIAN_POINT('Ctrl Pts',(233.600784078888,250.619061410181,7.59691303210756));
#2716=CARTESIAN_POINT('Ctrl Pts',(233.819530384634,250.509806981204,7.58153113087291));
#2717=CARTESIAN_POINT('Ctrl Pts',(234.020482487989,250.372935322225,7.56640950126213));
#2718=CARTESIAN_POINT('Ctrl Pts',(234.069586413047,250.339489861477,7.56271443485195));
#2719=CARTESIAN_POINT('Ctrl Pts',(234.117627831725,250.304395383789,7.5590346579429));
#2720=CARTESIAN_POINT('Ctrl Pts',(234.164521174539,250.267698064091,7.55537379168935));
#2721=CARTESIAN_POINT('Ctrl Pts',(234.420753416583,250.067178418039,7.53537027068448));
#2722=CARTESIAN_POINT('Ctrl Pts',(234.638692662543,249.821944615043,7.51624268519318));
#2723=CARTESIAN_POINT('Ctrl Pts',(234.807756910119,249.543803231042,7.4985066115598));
#2724=CARTESIAN_POINT('Ctrl Pts',(234.914731690876,249.367810293449,7.48728417620979));
#2725=CARTESIAN_POINT('Ctrl Pts',(235.001237921488,249.18012285296,7.4767123669865));
#2726=CARTESIAN_POINT('Ctrl Pts',(235.065563889773,248.984396579455,7.46691726778964));
#2727=CARTESIAN_POINT('Ctrl Pts',(235.120935218273,248.815916818093,7.45848571720801));
#2728=CARTESIAN_POINT('Ctrl Pts',(235.159566270774,248.642409694997,7.45067619386379));
#2729=CARTESIAN_POINT('Ctrl Pts',(235.180908439809,248.466394552242,7.44357253481221));
#2730=CARTESIAN_POINT('',(235.180908436421,248.466394550992,4.63039454831959));
#2731=CARTESIAN_POINT('Ctrl Pts',(235.180908436423,248.466394550983,4.63039454831959));
#2732=CARTESIAN_POINT('Ctrl Pts',(235.180908436423,248.466394550983,5.18634264507585));
#2733=CARTESIAN_POINT('Ctrl Pts',(235.180908436423,248.466394550983,5.74229074183212));
#2734=CARTESIAN_POINT('Ctrl Pts',(235.180908436423,248.466394550983,6.68001674948669));
#2735=CARTESIAN_POINT('Ctrl Pts',(235.180908436423,248.466394550983,7.06179466038501));
#2736=CARTESIAN_POINT('Ctrl Pts',(235.180908436423,248.466394550983,7.44357257128332));
#2737=CARTESIAN_POINT('',(235.180908436421,247.816394550982,4.63039454831959));
#2738=CARTESIAN_POINT('Origin',(232.500539991599,248.141394550985,4.63039454831959));
#2739=CARTESIAN_POINT('',(235.180908436421,247.816394550973,7.42094944612214));
#2740=CARTESIAN_POINT('',(235.180908436421,247.816394550973,9.5100038954854E-11));
#2741=CARTESIAN_POINT('',(232.825539991609,245.461026106154,7.46057891208483));
#2742=CARTESIAN_POINT('Ctrl Pts',(235.180908436419,247.81639455096,7.42094944612193));
#2743=CARTESIAN_POINT('Ctrl Pts',(235.138577411202,247.467278414902,7.41073731487255));
#2744=CARTESIAN_POINT('Ctrl Pts',(235.02842627641,247.129652817684,7.4040157404043));
#2745=CARTESIAN_POINT('Ctrl Pts',(234.689090054237,246.523438517565,7.39900301382392));
#2746=CARTESIAN_POINT('Ctrl Pts',(234.466189629077,246.25891573161,7.40056449047309));
#2747=CARTESIAN_POINT('Ctrl Pts',(233.969770486215,245.856885581206,7.41171854923427));
#2748=CARTESIAN_POINT('Ctrl Pts',(233.71073711749,245.709741045707,7.42012004129393));
#2749=CARTESIAN_POINT('Ctrl Pts',(233.304833241341,245.560348816698,7.43702288887021));
#2750=CARTESIAN_POINT('Ctrl Pts',(233.173179792104,245.522955045963,7.44301316907756));
#2751=CARTESIAN_POINT('Ctrl Pts',(232.968506266027,245.481276940636,7.45310680388888));
#2752=CARTESIAN_POINT('Ctrl Pts',(232.897198577013,245.469714852034,7.45676366010827));
#2753=CARTESIAN_POINT('Ctrl Pts',(232.825539991609,245.461026106164,7.46057891208488));
#2754=CARTESIAN_POINT('',(232.825539991609,245.461026106163,4.63039454831959));
#2755=CARTESIAN_POINT('',(232.825539991609,245.461026106163,9.5100038954854E-11));
#2756=CARTESIAN_POINT('',(232.500539991599,245.441394550985,4.63039454831959));
#2757=CARTESIAN_POINT('Origin',(232.500539991599,248.141394550985,4.63039454831959));
#2758=CARTESIAN_POINT('',(232.500539991599,245.44139455099,0.2000000000951));
#2759=CARTESIAN_POINT('',(232.500539991599,245.441394550985,9.5100038954854E-11));
#2760=CARTESIAN_POINT('Origin',(232.500539991599,248.141394550985,0.2000000000951));
#2761=CARTESIAN_POINT('',(232.175539991606,245.461026106163,4.63039454831959));
#2762=CARTESIAN_POINT('Origin',(232.500539991599,248.141394550985,4.63039454831959));
#2763=CARTESIAN_POINT('',(232.175539991606,245.461026106163,7.49897632533834));
#2764=CARTESIAN_POINT('',(232.175539991606,245.461026106163,9.5100038954854E-11));
#2765=CARTESIAN_POINT('',(229.869108833066,247.536770653091,7.72438282408069));
#2766=CARTESIAN_POINT('Ctrl Pts',(232.175539991606,245.461026106162,7.49897632533869));
#2767=CARTESIAN_POINT('Ctrl Pts',(231.832417960282,245.502630334264,7.52124635549047));
#2768=CARTESIAN_POINT('Ctrl Pts',(231.500457777961,245.609735712055,7.54602140116242));
#2769=CARTESIAN_POINT('Ctrl Pts',(230.891880996837,245.945000732513,7.59757280258567));
#2770=CARTESIAN_POINT('Ctrl Pts',(230.621570489802,246.17125231583,7.62386597642891));
#2771=CARTESIAN_POINT('Ctrl Pts',(230.225868225366,246.660145202668,7.66837741976387));
#2772=CARTESIAN_POINT('Ctrl Pts',(230.08467866752,246.903667723464,7.68688818750665));
#2773=CARTESIAN_POINT('Ctrl Pts',(229.936414899648,247.285742368258,7.71079664196767));
#2774=CARTESIAN_POINT('Ctrl Pts',(229.898211001375,247.410112820457,7.7178753082922));
#2775=CARTESIAN_POINT('Ctrl Pts',(229.869108833067,247.536770653091,7.72438282408021));
#2776=CARTESIAN_POINT('Origin',(232.500539991599,248.141394550985,15.4643390870539));
#2777=CARTESIAN_POINT('Origin',(258.323894456742,243.5260050233,8.48850004250425));
#2778=CARTESIAN_POINT('',(232.175539991606,242.136992916276,4.63039454831959));
#2779=CARTESIAN_POINT('',(232.175539991606,243.140677023339,7.41821702180023));
#2780=CARTESIAN_POINT('',(232.175539991606,243.415020581974,8.18023081961184));
#2781=CARTESIAN_POINT('',(232.825539991609,242.136992916276,4.63039454831959));
#2782=CARTESIAN_POINT('',(251.387217224171,242.136992916276,4.63039454831959));
#2783=CARTESIAN_POINT('',(232.825539991609,243.126677596774,7.37933236105755));
#2784=CARTESIAN_POINT('',(232.825539991609,243.415020581974,8.18023081961184));
#2785=CARTESIAN_POINT('',(244.125539991603,243.005104827876,7.04165311027105));
#2786=CARTESIAN_POINT('Ctrl Pts',(232.825539991604,243.126677596777,7.37933236105793));
#2787=CARTESIAN_POINT('Ctrl Pts',(234.69801821492,243.087448570393,7.27037022785669));
#2788=CARTESIAN_POINT('Ctrl Pts',(236.572344918604,243.057682251233,7.18769161121595));
#2789=CARTESIAN_POINT('Ctrl Pts',(240.339306139692,243.016964566009,7.07459459480235));
#2790=CARTESIAN_POINT('Ctrl Pts',(242.231787624335,243.006185383103,7.04465444915573));
#2791=CARTESIAN_POINT('Ctrl Pts',(244.12553999161,243.005104827878,7.04165311027161));
#2792=CARTESIAN_POINT('',(244.125539991603,242.136992916276,4.63039454831955));
#2793=CARTESIAN_POINT('',(244.125539991603,243.5260050233,8.48850004250425));
#2794=CARTESIAN_POINT('',(244.775539991606,242.136992916276,4.63039454831959));
#2795=CARTESIAN_POINT('',(251.387217224171,242.136992916276,4.63039454831959));
#2796=CARTESIAN_POINT('',(244.775539991606,243.005114518892,7.04168002794626));
#2797=CARTESIAN_POINT('',(244.775539991606,243.415020581974,8.18023081961227));
#2798=CARTESIAN_POINT('',(256.075539991605,243.126787731721,7.37963827076726));
#2799=CARTESIAN_POINT('Ctrl Pts',(244.775539991608,243.005114518898,7.04168002794656));
#2800=CARTESIAN_POINT('Ctrl Pts',(246.66402777837,243.006248219712,7.04482898346303));
#2801=CARTESIAN_POINT('Ctrl Pts',(248.552584592005,243.017016632703,7.07473921470588));
#2802=CARTESIAN_POINT('Ctrl Pts',(252.319719610637,243.057671407619,7.18766149211505));
#2803=CARTESIAN_POINT('Ctrl Pts',(254.198557349939,243.087480058593,7.27045768914968));
#2804=CARTESIAN_POINT('Ctrl Pts',(256.075539991607,243.126787731736,7.37963827076782));
#2805=CARTESIAN_POINT('',(256.075539991605,242.136992916276,4.63039454831959));
#2806=CARTESIAN_POINT('',(256.075539991605,243.415020581974,8.18023081961184));
#2807=CARTESIAN_POINT('',(256.725539991605,242.136992916276,4.63039454831959));
#2808=CARTESIAN_POINT('',(251.387217224171,242.136992916276,4.63039454831959));
#2809=CARTESIAN_POINT('',(256.725539991605,243.140781356883,7.41850681755095));
#2810=CARTESIAN_POINT('',(256.725539991605,243.415020581974,8.18023081961184));
#2811=CARTESIAN_POINT('Ctrl Pts',(256.725539991605,243.140781356897,7.41850681755101));
#2812=CARTESIAN_POINT('Ctrl Pts',(257.174529924628,243.150710991345,7.44608726635157));
#2813=CARTESIAN_POINT('Ctrl Pts',(257.623416707781,243.161184483574,7.47517832876759));
#2814=CARTESIAN_POINT('Ctrl Pts',(258.481573827323,243.18225187681,7.5336948997886));
#2815=CARTESIAN_POINT('Ctrl Pts',(258.890866900892,243.192754633478,7.56286724679034));
#2816=CARTESIAN_POINT('Ctrl Pts',(259.30005330692,243.20370965062,7.59329578774924));
#2817=CARTESIAN_POINT('',(227.319836536701,240.469937907678,9.51017042893909E-11));
#2818=CARTESIAN_POINT('',(256.149717224171,240.469937907678,9.5098373620317E-11));
#2819=CARTESIAN_POINT('',(229.869222793661,243.196515306272,7.57331285221246));
#2820=CARTESIAN_POINT('',(231.377922086087,244.810074405359,12.0551177219501));
#2821=CARTESIAN_POINT('Ctrl Pts',(229.869222793666,243.196515306272,7.57331285221339));
#2822=CARTESIAN_POINT('Ctrl Pts',(230.231532616044,243.186986984656,7.54684708578624));
#2823=CARTESIAN_POINT('Ctrl Pts',(230.593924501677,243.177813318807,7.52136640750029));
#2824=CARTESIAN_POINT('Ctrl Pts',(231.362681552901,243.159109451672,7.46941474183574));
#2825=CARTESIAN_POINT('Ctrl Pts',(231.769068387064,243.149670184803,7.44319633298861));
#2826=CARTESIAN_POINT('Ctrl Pts',(232.175539991611,243.140677023339,7.41821702180035));
#2827=CARTESIAN_POINT('Ctrl Pts',(229.868907444667,255.214433757748,7.99161693686571));
#2828=CARTESIAN_POINT('Ctrl Pts',(230.637327210871,255.216360628914,7.93625513692813));
#2829=CARTESIAN_POINT('Ctrl Pts',(231.406229570477,255.218135677648,7.88525544803887));
#2830=CARTESIAN_POINT('Ctrl Pts',(232.175539991616,255.219758581587,7.83862713217825));
#2831=CARTESIAN_POINT('Ctrl Pts',(229.868907484808,253.058249117769,7.91657134274982));
#2832=CARTESIAN_POINT('Ctrl Pts',(230.637327251012,253.060175988935,7.86120954281223));
#2833=CARTESIAN_POINT('Ctrl Pts',(231.406229610617,253.061951037669,7.81020985392297));
#2834=CARTESIAN_POINT('Ctrl Pts',(232.175540031757,253.063573941608,7.76358153806235));
#2835=CARTESIAN_POINT('Ctrl Pts',(229.868907524949,250.90206447779,7.84152574863392));
#2836=CARTESIAN_POINT('Ctrl Pts',(230.637327291153,250.903991348956,7.78616394869634));
#2837=CARTESIAN_POINT('Ctrl Pts',(231.406229650758,250.90576639769,7.73516425980707));
#2838=CARTESIAN_POINT('Ctrl Pts',(232.175540071898,250.90738930163,7.68853594394645));
#2839=CARTESIAN_POINT('Ctrl Pts',(229.868907565089,248.745879837812,7.76648015451803));
#2840=CARTESIAN_POINT('Ctrl Pts',(230.637327331294,248.747806708978,7.71111835458045));
#2841=CARTESIAN_POINT('Ctrl Pts',(231.406229690899,248.749581757712,7.66011866569118));
#2842=CARTESIAN_POINT('Ctrl Pts',(232.175540112038,248.751204661651,7.61349034983056));
#2843=CARTESIAN_POINT('Ctrl Pts',(232.175539991606,250.821762995779,7.68555574171284));
#2844=CARTESIAN_POINT('Ctrl Pts',(232.175539991606,251.14738612665,7.69688899215335));
#2845=CARTESIAN_POINT('Ctrl Pts',(232.175539991606,251.47300925752,7.70822224259393));
#2846=CARTESIAN_POINT('Ctrl Pts',(232.175539991606,252.939007786126,7.75924603941591));
#2847=CARTESIAN_POINT('Ctrl Pts',(232.175539991606,254.079383183862,7.79893658579749));
#2848=CARTESIAN_POINT('Ctrl Pts',(232.175539991606,255.219758581588,7.83862713217892));
#2849=CARTESIAN_POINT('Ctrl Pts',(229.868907444811,255.206760900483,7.99134988453519));
#2850=CARTESIAN_POINT('Ctrl Pts',(229.868937320089,254.068943202815,7.95174620364473));
#2851=CARTESIAN_POINT('Ctrl Pts',(229.868967195371,252.931125505161,7.91214252276066));
#2852=CARTESIAN_POINT('Ctrl Pts',(229.869023742397,250.777498625971,7.83718187499823));
#2853=CARTESIAN_POINT('Ctrl Pts',(229.869050414147,249.761689444454,7.80182490811868));
#2854=CARTESIAN_POINT('Ctrl Pts',(229.869077085898,248.745880262927,7.76646794124413));
#2855=CARTESIAN_POINT('Ctrl Pts',(229.86910883304,247.536770653096,7.72438282408233));
#2856=CARTESIAN_POINT('Ctrl Pts',(230.637461541195,247.538697329392,7.66902662304329));
#2857=CARTESIAN_POINT('Ctrl Pts',(231.406296751915,247.540472209759,7.61803177159647));
#2858=CARTESIAN_POINT('Ctrl Pts',(232.175539952867,247.542094971918,7.57140752929527));
#2859=CARTESIAN_POINT('Ctrl Pts',(229.869108860353,246.069631336931,7.67331932071117));
#2860=CARTESIAN_POINT('Ctrl Pts',(230.637461568508,246.071558013227,7.61796311967213));
#2861=CARTESIAN_POINT('Ctrl Pts',(231.406296779228,246.073332893594,7.5669682682253));
#2862=CARTESIAN_POINT('Ctrl Pts',(232.17553998018,246.074955655752,7.5203440259241));
#2863=CARTESIAN_POINT('Ctrl Pts',(229.869108887666,244.602492020766,7.62225581734001));
#2864=CARTESIAN_POINT('Ctrl Pts',(230.637461595821,244.604418697062,7.56689961630096));
#2865=CARTESIAN_POINT('Ctrl Pts',(231.406296806541,244.606193577429,7.51590476485414));
#2866=CARTESIAN_POINT('Ctrl Pts',(232.175540007493,244.607816339587,7.46928052255294));
#2867=CARTESIAN_POINT('Ctrl Pts',(229.86910891498,243.135352704601,7.57119231396884));
#2868=CARTESIAN_POINT('Ctrl Pts',(230.637461623135,243.137279380897,7.5158361129298));
#2869=CARTESIAN_POINT('Ctrl Pts',(231.406296833854,243.139054261264,7.46484126148298));
#2870=CARTESIAN_POINT('Ctrl Pts',(232.175540034806,243.140677023422,7.41821701918178));
#2871=CARTESIAN_POINT('Ctrl Pts',(232.175539991606,243.140677023343,7.41821702180002));
#2872=CARTESIAN_POINT('Ctrl Pts',(232.175539991606,243.896476127848,7.44452246426428));
#2873=CARTESIAN_POINT('Ctrl Pts',(232.175539991606,244.652275232352,7.47082790672862));
#2874=CARTESIAN_POINT('Ctrl Pts',(232.175539991606,245.425724926631,7.49774767457473));
#2875=CARTESIAN_POINT('Ctrl Pts',(232.175539991606,245.443375516393,7.4983619999567));
#2876=CARTESIAN_POINT('Ctrl Pts',(232.175539991606,245.461026106154,7.49897632533848));
#2877=CARTESIAN_POINT('Ctrl Pts',(229.86910883307,247.536770653091,7.72438282407993));
#2878=CARTESIAN_POINT('Ctrl Pts',(229.869127510483,246.825430490508,7.69962341944031));
#2879=CARTESIAN_POINT('Ctrl Pts',(229.869146187898,246.114090327924,7.67486401480341));
#2880=CARTESIAN_POINT('Ctrl Pts',(229.869184174763,244.667338545669,7.62450735751457));
#2881=CARTESIAN_POINT('Ctrl Pts',(229.869203484213,243.931926925993,7.5989101048625));
#2882=CARTESIAN_POINT('Ctrl Pts',(229.869222793666,243.196515306313,7.57331285221358));
#2883=CARTESIAN_POINT('Ctrl Pts',(232.825539904374,247.812167098314,7.54240992725856));
#2884=CARTESIAN_POINT('Ctrl Pts',(235.995115948991,247.818498519021,7.36049938321914));
#2885=CARTESIAN_POINT('Ctrl Pts',(239.171258614148,247.822247317937,7.25279185895485));
#2886=CARTESIAN_POINT('Ctrl Pts',(242.94098653559,247.823603993561,7.21381432992573));
#2887=CARTESIAN_POINT('Ctrl Pts',(243.533257813574,247.823726624906,7.21029124436954));
#2888=CARTESIAN_POINT('Ctrl Pts',(244.125539947619,247.823758858294,7.20936544236613));
#2889=CARTESIAN_POINT('Ctrl Pts',(232.825539934276,246.205949088171,7.48650581653639));
#2890=CARTESIAN_POINT('Ctrl Pts',(235.995115978893,246.212280508878,7.30459527249696));
#2891=CARTESIAN_POINT('Ctrl Pts',(239.17125864405,246.216029307794,7.19688774823267));
#2892=CARTESIAN_POINT('Ctrl Pts',(242.940986565492,246.217385983418,7.15791021920355));
#2893=CARTESIAN_POINT('Ctrl Pts',(243.533257843476,246.217508614763,7.15438713364735));
#2894=CARTESIAN_POINT('Ctrl Pts',(244.125539977521,246.217540848151,7.15346133164395));
#2895=CARTESIAN_POINT('Ctrl Pts',(232.825539964179,244.599731078028,7.43060170581421));
#2896=CARTESIAN_POINT('Ctrl Pts',(235.995116008795,244.606062498735,7.24869116177478));
#2897=CARTESIAN_POINT('Ctrl Pts',(239.171258673952,244.609811297651,7.14098363751049));
#2898=CARTESIAN_POINT('Ctrl Pts',(242.940986595394,244.611167973275,7.10200610848137));
#2899=CARTESIAN_POINT('Ctrl Pts',(243.533257873378,244.61129060462,7.09848302292517));
#2900=CARTESIAN_POINT('Ctrl Pts',(244.125540007423,244.611322838008,7.09755722092176));
#2901=CARTESIAN_POINT('Ctrl Pts',(232.825539994081,242.993513067885,7.37469759509204));
#2902=CARTESIAN_POINT('Ctrl Pts',(235.995116038697,242.999844488592,7.19278705105261));
#2903=CARTESIAN_POINT('Ctrl Pts',(239.171258703854,243.003593287508,7.08507952678831));
#2904=CARTESIAN_POINT('Ctrl Pts',(242.940986625296,243.004949963132,7.04610199775919));
#2905=CARTESIAN_POINT('Ctrl Pts',(243.53325790328,243.005072594477,7.04257891220299));
#2906=CARTESIAN_POINT('Ctrl Pts',(244.125540037325,243.005104827865,7.04165311019958));
#2907=CARTESIAN_POINT('',(241.77017154678,247.816394550973,7.22651220405025));
#2908=CARTESIAN_POINT('Ctrl Pts',(241.770171546456,247.816394550859,7.22651220713691));
#2909=CARTESIAN_POINT('Ctrl Pts',(240.666523883395,247.81639455527,7.24109733092163));
#2910=CARTESIAN_POINT('Ctrl Pts',(239.563197068253,247.816394552368,7.26471643040115));
#2911=CARTESIAN_POINT('Ctrl Pts',(238.460052684618,247.81639455286,7.29735277369193));
#2912=CARTESIAN_POINT('Ctrl Pts',(237.366733692799,247.816394553348,7.3296984343984));
#2913=CARTESIAN_POINT('Ctrl Pts',(236.273614320333,247.816394553102,7.37090273934773));
#2914=CARTESIAN_POINT('Ctrl Pts',(235.180908439801,247.816394552246,7.42094940965185));
#2915=CARTESIAN_POINT('',(244.125539991601,245.461026106163,7.12713098070001));
#2916=CARTESIAN_POINT('Ctrl Pts',(244.125539991603,245.461026106162,7.12713098070029));
#2917=CARTESIAN_POINT('Ctrl Pts',(243.984384484836,245.478141491843,7.12794758735171));
#2918=CARTESIAN_POINT('Ctrl Pts',(243.844746814248,245.506387243672,7.12929778397883));
#2919=CARTESIAN_POINT('Ctrl Pts',(243.449123345035,245.619563752189,7.13467263235096));
#2920=CARTESIAN_POINT('Ctrl Pts',(243.202864038888,245.731884640782,7.13998046560783));
#2921=CARTESIAN_POINT('Ctrl Pts',(242.675690279079,246.075127069062,7.15574474575021));
#2922=CARTESIAN_POINT('Ctrl Pts',(242.41639779945,246.329836044119,7.16716526673171));
#2923=CARTESIAN_POINT('Ctrl Pts',(242.08880781475,246.813750502479,7.18761645698338));
#2924=CARTESIAN_POINT('Ctrl Pts',(241.98662389007,247.01466119333,7.19584910091996));
#2925=CARTESIAN_POINT('Ctrl Pts',(241.841667078227,247.416837617634,7.21166178676258));
#2926=CARTESIAN_POINT('Ctrl Pts',(241.794599742709,247.614928195494,7.21917737811313));
#2927=CARTESIAN_POINT('Ctrl Pts',(241.77017154678,247.816394550973,7.22651220405035));
#2928=CARTESIAN_POINT('Ctrl Pts',(244.125539991601,243.005104827876,7.04165311027116));
#2929=CARTESIAN_POINT('Ctrl Pts',(244.125539991601,243.770575405465,7.06829516733836));
#2930=CARTESIAN_POINT('Ctrl Pts',(244.125539991601,244.536045983064,7.09493722440568));
#2931=CARTESIAN_POINT('Ctrl Pts',(244.125539991601,245.354686409155,7.12342984788193));
#2932=CARTESIAN_POINT('Ctrl Pts',(244.125539991601,245.407856257657,7.1252804142911));
#2933=CARTESIAN_POINT('Ctrl Pts',(244.125539991601,245.461026106154,7.12713098070008));
#2934=CARTESIAN_POINT('Ctrl Pts',(232.825539991609,245.461026106109,7.46057891208307));
#2935=CARTESIAN_POINT('Ctrl Pts',(232.825539991609,245.403992337656,7.45859386273828));
#2936=CARTESIAN_POINT('Ctrl Pts',(232.825539991609,245.346958569203,7.45660881339353));
#2937=CARTESIAN_POINT('Ctrl Pts',(232.825539991609,244.568842399417,7.42952662971834));
#2938=CARTESIAN_POINT('Ctrl Pts',(232.825539991609,243.847759998107,7.40442949538823));
#2939=CARTESIAN_POINT('Ctrl Pts',(232.825539991609,243.126677596774,7.37933236105724));
#2940=CARTESIAN_POINT('Ctrl Pts',(232.825539909359,255.239719769864,7.80092446955643));
#2941=CARTESIAN_POINT('Ctrl Pts',(235.99511590642,255.246051190399,7.61901393049365));
#2942=CARTESIAN_POINT('Ctrl Pts',(239.171258523746,255.249799989219,7.51130640897919));
#2943=CARTESIAN_POINT('Ctrl Pts',(242.940986458064,255.251156664848,7.47232887981764));
#2944=CARTESIAN_POINT('Ctrl Pts',(243.533257796807,255.251279296196,7.46880579416677));
#2945=CARTESIAN_POINT('Ctrl Pts',(244.125539991609,255.251311529569,7.46787999260125));
#2946=CARTESIAN_POINT('Ctrl Pts',(232.825539951459,252.97828245088,7.72221557607284));
#2947=CARTESIAN_POINT('Ctrl Pts',(235.99511594852,252.984613871414,7.54030503701005));
#2948=CARTESIAN_POINT('Ctrl Pts',(239.171258565846,252.988362670234,7.43259751549558));
#2949=CARTESIAN_POINT('Ctrl Pts',(242.940986500164,252.989719345863,7.39361998633403));
#2950=CARTESIAN_POINT('Ctrl Pts',(243.533257838907,252.989841977211,7.39009690068316));
#2951=CARTESIAN_POINT('Ctrl Pts',(244.125540033709,252.989874210584,7.38917109911764));
#2952=CARTESIAN_POINT('Ctrl Pts',(232.82553999356,250.716845131895,7.64350668258925));
#2953=CARTESIAN_POINT('Ctrl Pts',(235.99511599062,250.72317655243,7.46159614352646));
#2954=CARTESIAN_POINT('Ctrl Pts',(239.171258607946,250.72692535125,7.35388862201198));
#2955=CARTESIAN_POINT('Ctrl Pts',(242.940986542264,250.728282026879,7.31491109285043));
#2956=CARTESIAN_POINT('Ctrl Pts',(243.533257881006,250.728404658227,7.31138800719956));
#2957=CARTESIAN_POINT('Ctrl Pts',(244.125540075809,250.7284368916,7.31046220563404));
#2958=CARTESIAN_POINT('Ctrl Pts',(232.82554003566,248.455407812911,7.56479778910566));
#2959=CARTESIAN_POINT('Ctrl Pts',(235.99511603272,248.461739233446,7.38288725004287));
#2960=CARTESIAN_POINT('Ctrl Pts',(239.171258650046,248.465488032266,7.27517972852839));
#2961=CARTESIAN_POINT('Ctrl Pts',(242.940986584364,248.466844707894,7.23620219936683));
#2962=CARTESIAN_POINT('Ctrl Pts',(243.533257923106,248.466967339243,7.23267911371596));
#2963=CARTESIAN_POINT('Ctrl Pts',(244.125540117909,248.466999572615,7.23175331215044));
#2964=CARTESIAN_POINT('',(244.125539991603,250.821762995802,7.31371040297521));
#2965=CARTESIAN_POINT('Ctrl Pts',(244.125539991603,250.821762995774,7.31371040297398));
#2966=CARTESIAN_POINT('Ctrl Pts',(244.125539991603,251.166569404372,7.32571132408564));
#2967=CARTESIAN_POINT('Ctrl Pts',(244.125539991608,251.511375812961,7.33771224519704));
#2968=CARTESIAN_POINT('Ctrl Pts',(244.125539991608,252.987891990888,7.38910210840609));
#2969=CARTESIAN_POINT('Ctrl Pts',(244.125539991603,254.119601760244,7.42849105050364));
#2970=CARTESIAN_POINT('Ctrl Pts',(244.125539991603,255.251311529573,7.46787999260094));
#2971=CARTESIAN_POINT('',(241.770171546777,248.466394550983,7.24913532960574));
#2972=CARTESIAN_POINT('Ctrl Pts',(241.770171546778,248.466394550983,7.24913532960595));
#2973=CARTESIAN_POINT('Ctrl Pts',(241.810988449134,248.803023280489,7.26031221702413));
#2974=CARTESIAN_POINT('Ctrl Pts',(241.914885952674,249.129175505618,7.27027792918949));
#2975=CARTESIAN_POINT('Ctrl Pts',(242.246024350995,249.740320194392,7.28767471883837));
#2976=CARTESIAN_POINT('Ctrl Pts',(242.475556990178,250.016478938082,7.29480579055478));
#2977=CARTESIAN_POINT('Ctrl Pts',(242.98962172167,250.432493662884,7.30498930690412));
#2978=CARTESIAN_POINT('Ctrl Pts',(243.258154659677,250.583043766596,7.30841368010665));
#2979=CARTESIAN_POINT('Ctrl Pts',(243.661793753347,250.726532552908,7.31162011306142));
#2980=CARTESIAN_POINT('Ctrl Pts',(243.780089685329,250.759706229155,7.31235038907135));
#2981=CARTESIAN_POINT('Ctrl Pts',(243.974794641315,250.800241480415,7.31323968100405));
#2982=CARTESIAN_POINT('Ctrl Pts',(244.049964932979,250.812599369777,7.31350973995195));
#2983=CARTESIAN_POINT('Ctrl Pts',(244.125539991601,250.821762995807,7.3137104029754));
#2984=CARTESIAN_POINT('Ctrl Pts',(235.180908439803,248.466394552248,7.44357253481271));
#2985=CARTESIAN_POINT('Ctrl Pts',(236.273595714629,248.466394553103,7.39352671672781));
#2986=CARTESIAN_POINT('Ctrl Pts',(237.366696466717,248.466394553347,7.35232296290598));
#2987=CARTESIAN_POINT('Ctrl Pts',(238.459996834396,248.466394552859,7.319977551376));
#2988=CARTESIAN_POINT('Ctrl Pts',(239.563159819459,248.466394552367,7.28734035322682));
#2989=CARTESIAN_POINT('Ctrl Pts',(240.666505251872,248.466394555274,7.26372070263326));
#2990=CARTESIAN_POINT('Ctrl Pts',(241.770171546456,248.466394550865,7.24913533269219));
#2991=CARTESIAN_POINT('Ctrl Pts',(232.825539991609,255.223016795253,7.80034312101083));
#2992=CARTESIAN_POINT('Ctrl Pts',(232.825539991609,254.096874684133,7.76114796136467));
#2993=CARTESIAN_POINT('Ctrl Pts',(232.825539991609,252.970732573012,7.72195280171824));
#2994=CARTESIAN_POINT('Ctrl Pts',(232.825539991604,251.503647973195,7.67089120430862));
#2995=CARTESIAN_POINT('Ctrl Pts',(232.825539991609,251.162705484503,7.65902476654517));
#2996=CARTESIAN_POINT('Ctrl Pts',(232.825539991609,250.821762995811,7.64715832878172));
#2997=CARTESIAN_POINT('Ctrl Pts',(244.775539909142,255.251309274044,7.4679064950754));
#2998=CARTESIAN_POINT('Ctrl Pts',(248.545162409603,255.251093575892,7.47410587777243));
#2999=CARTESIAN_POINT('Ctrl Pts',(252.314725185207,255.247217669596,7.58546912344486));
#3000=CARTESIAN_POINT('Ctrl Pts',(256.075539991296,255.23970835686,7.80122616997934));
#3001=CARTESIAN_POINT('Ctrl Pts',(244.775539951242,252.989874667251,7.38919769598909));
#3002=CARTESIAN_POINT('Ctrl Pts',(248.545162451703,252.989658969099,7.39539707868611));
#3003=CARTESIAN_POINT('Ctrl Pts',(252.314725227307,252.985783062803,7.50676032435855));
#3004=CARTESIAN_POINT('Ctrl Pts',(256.075540033396,252.978273750067,7.72251737089304));
#3005=CARTESIAN_POINT('Ctrl Pts',(244.775539993342,250.728440060458,7.31048889690278));
#3006=CARTESIAN_POINT('Ctrl Pts',(248.545162493803,250.728224362305,7.31668827959981));
#3007=CARTESIAN_POINT('Ctrl Pts',(252.314725269407,250.724348456009,7.42805152527225));
#3008=CARTESIAN_POINT('Ctrl Pts',(256.075540075496,250.716839143274,7.64380857180674));
#3009=CARTESIAN_POINT('Ctrl Pts',(244.775540035442,248.467005453665,7.23178009781648));
#3010=CARTESIAN_POINT('Ctrl Pts',(248.545162535902,248.466789755512,7.2379794805135));
#3011=CARTESIAN_POINT('Ctrl Pts',(252.314725311506,248.462913849216,7.34934272618594));
#3012=CARTESIAN_POINT('Ctrl Pts',(256.075540117596,248.455404536481,7.56509977272044));
#3013=CARTESIAN_POINT('',(247.130908436425,248.466394550974,7.24933360748434));
#3014=CARTESIAN_POINT('Ctrl Pts',(247.130908432198,248.466394553187,7.24933354366778));
#3015=CARTESIAN_POINT('Ctrl Pts',(248.234347311636,248.466394554729,7.26398110289143));
#3016=CARTESIAN_POINT('Ctrl Pts',(249.337675836901,248.466394556086,7.28763928971784));
#3017=CARTESIAN_POINT('Ctrl Pts',(250.440674973531,248.466394556078,7.32029115352569));
#3018=CARTESIAN_POINT('Ctrl Pts',(251.534110893555,248.46639455607,7.35265991933661));
#3019=CARTESIAN_POINT('Ctrl Pts',(252.627347701887,248.466394554796,7.39387077346704));
#3020=CARTESIAN_POINT('Ctrl Pts',(253.720171543585,248.466394553201,7.44391316378975));
#3021=CARTESIAN_POINT('',(244.775539991606,250.821762995811,7.31373698382362));
#3022=CARTESIAN_POINT('Ctrl Pts',(244.775539991606,250.82176299581,7.31373698382369));
#3023=CARTESIAN_POINT('Ctrl Pts',(244.969010239079,250.798304289387,7.31323906739643));
#3024=CARTESIAN_POINT('Ctrl Pts',(245.159483726593,250.753953525286,7.31228942940785));
#3025=CARTESIAN_POINT('Ctrl Pts',(245.343606026819,250.689419876018,7.31086309477914));
#3026=CARTESIAN_POINT('Ctrl Pts',(245.575653498342,250.608088770972,7.30906549968212));
#3027=CARTESIAN_POINT('Ctrl Pts',(245.79523505829,250.495534239265,7.30652939447577));
#3028=CARTESIAN_POINT('Ctrl Pts',(245.996367625773,250.35508295987,7.30318471827252));
#3029=CARTESIAN_POINT('Ctrl Pts',(246.04520706756,250.320978278715,7.30237255681717));
#3030=CARTESIAN_POINT('Ctrl Pts',(246.092958717371,250.28522874159,7.30151247102873));
#3031=CARTESIAN_POINT('Ctrl Pts',(246.13953692927,250.247881992741,7.3006030333575));
#3032=CARTESIAN_POINT('Ctrl Pts',(246.393039644969,250.044621672741,7.29565340326193));
#3033=CARTESIAN_POINT('Ctrl Pts',(246.607758579173,249.79727834103,7.2893177660652));
#3034=CARTESIAN_POINT('Ctrl Pts',(246.773371210729,249.517786616022,7.28149633166985));
#3035=CARTESIAN_POINT('Ctrl Pts',(246.875095803632,249.346113829477,7.27669215567007));
#3036=CARTESIAN_POINT('Ctrl Pts',(246.957468841928,249.163703933345,7.27136582632869));
#3037=CARTESIAN_POINT('Ctrl Pts',(247.018988596659,248.973903858023,7.26554253716028));
#3038=CARTESIAN_POINT('Ctrl Pts',(247.072543336771,248.808677358802,7.26047319416023));
#3039=CARTESIAN_POINT('Ctrl Pts',(247.110013872387,248.63871790141,7.25505386082344));
#3040=CARTESIAN_POINT('Ctrl Pts',(247.1309084322,248.466394553198,7.2493335436682));
#3041=CARTESIAN_POINT('Ctrl Pts',(244.775539991606,255.251309274036,7.46790649521084));
#3042=CARTESIAN_POINT('Ctrl Pts',(244.775539991606,254.119601086054,7.42851760808445));
#3043=CARTESIAN_POINT('Ctrl Pts',(244.775539991601,252.987892898068,7.38912872095808));
#3044=CARTESIAN_POINT('Ctrl Pts',(244.775539991601,251.511377471993,7.33773888382909));
#3045=CARTESIAN_POINT('Ctrl Pts',(244.775539991606,251.166570233909,7.32573793382653));
#3046=CARTESIAN_POINT('Ctrl Pts',(244.775539991606,250.821762995815,7.31373698382384));
#3047=CARTESIAN_POINT('Ctrl Pts',(244.775539901848,247.823769443755,7.2093923912434));
#3048=CARTESIAN_POINT('Ctrl Pts',(248.545162390112,247.823553745697,7.21559177121298));
#3049=CARTESIAN_POINT('Ctrl Pts',(252.314725153632,247.81967783952,7.32695501348737));
#3050=CARTESIAN_POINT('Ctrl Pts',(256.075539947834,247.812168526925,7.54271205596055));
#3051=CARTESIAN_POINT('Ctrl Pts',(244.77553993175,246.21755113545,7.15348827014376));
#3052=CARTESIAN_POINT('Ctrl Pts',(248.545162420014,246.217335437393,7.15968765011334));
#3053=CARTESIAN_POINT('Ctrl Pts',(252.314725183534,246.213459531215,7.27105089238773));
#3054=CARTESIAN_POINT('Ctrl Pts',(256.075539977736,246.205950218621,7.48680793486091));
#3055=CARTESIAN_POINT('Ctrl Pts',(244.775539961652,244.611332827146,7.09758414904412));
#3056=CARTESIAN_POINT('Ctrl Pts',(248.545162449916,244.611117129088,7.1037835290137));
#3057=CARTESIAN_POINT('Ctrl Pts',(252.314725213436,244.607241222911,7.21514677128809));
#3058=CARTESIAN_POINT('Ctrl Pts',(256.075540007638,244.599731910317,7.43090381376128));
#3059=CARTESIAN_POINT('Ctrl Pts',(244.775539991554,243.005114518841,7.04168002794449));
#3060=CARTESIAN_POINT('Ctrl Pts',(248.545162479818,243.004898820784,7.04787940791407));
#3061=CARTESIAN_POINT('Ctrl Pts',(252.314725243338,243.001022914606,7.15924265018846));
#3062=CARTESIAN_POINT('Ctrl Pts',(256.075540037541,242.993513602012,7.37499969266164));
#3063=CARTESIAN_POINT('',(247.13090843642,247.816394550969,7.22671048160771));
#3064=CARTESIAN_POINT('Ctrl Pts',(253.72017154359,247.8163945532,7.42129003752068));
#3065=CARTESIAN_POINT('Ctrl Pts',(252.627380287694,247.816394554795,7.37124913942636));
#3066=CARTESIAN_POINT('Ctrl Pts',(251.534176090855,247.816394556069,7.33003925090331));
#3067=CARTESIAN_POINT('Ctrl Pts',(250.440772788887,247.816394556077,7.29767092308438));
#3068=CARTESIAN_POINT('Ctrl Pts',(249.337741065552,247.816394556085,7.26501756237902));
#3069=CARTESIAN_POINT('Ctrl Pts',(248.23437992869,247.816394554731,7.24135840992367));
#3070=CARTESIAN_POINT('Ctrl Pts',(247.130908432194,247.816394553189,7.22671041779201));
#3071=CARTESIAN_POINT('Ctrl Pts',(256.075539991605,243.126787731721,7.37963827076725));
#3072=CARTESIAN_POINT('Ctrl Pts',(256.075539991605,243.847833736359,7.40473413986028));
#3073=CARTESIAN_POINT('Ctrl Pts',(256.075539991605,244.568879740996,7.42983000895335));
#3074=CARTESIAN_POINT('Ctrl Pts',(256.075539991605,245.346959199137,7.45691091655163));
#3075=CARTESIAN_POINT('Ctrl Pts',(256.075539991605,245.403992652655,7.45889595505678));
#3076=CARTESIAN_POINT('Ctrl Pts',(256.075539991605,245.461026106168,7.46088099356215));
#3077=CARTESIAN_POINT('',(244.775539991606,245.461026106163,7.12715756122797));
#3078=CARTESIAN_POINT('Ctrl Pts',(244.775539991606,245.461026106109,7.1271575612263));
#3079=CARTESIAN_POINT('Ctrl Pts',(244.775539991606,245.407859624897,7.1253071120118));
#3080=CARTESIAN_POINT('Ctrl Pts',(244.775539991606,245.354693143681,7.123456662797));
#3081=CARTESIAN_POINT('Ctrl Pts',(244.775539991606,244.536055947924,7.09496415170316));
#3082=CARTESIAN_POINT('Ctrl Pts',(244.775539991606,243.770585233383,7.06832208982401));
#3083=CARTESIAN_POINT('Ctrl Pts',(244.775539991606,243.005114518851,7.04168002794483));
#3084=CARTESIAN_POINT('Ctrl Pts',(247.130908436422,247.816394550969,7.22671048160794));
#3085=CARTESIAN_POINT('Ctrl Pts',(247.088754717206,247.468740708473,7.21405088631768));
#3086=CARTESIAN_POINT('Ctrl Pts',(246.979353360493,247.132517039668,7.20088129015041));
#3087=CARTESIAN_POINT('Ctrl Pts',(246.641551632245,246.52666750449,7.17584768564069));
#3088=CARTESIAN_POINT('Ctrl Pts',(246.418662957876,246.261388487897,7.16421031700576));
#3089=CARTESIAN_POINT('Ctrl Pts',(245.925768993191,245.861348573271,7.14612527852404));
#3090=CARTESIAN_POINT('Ctrl Pts',(245.671245268661,245.715527001898,7.13928756089944));
#3091=CARTESIAN_POINT('Ctrl Pts',(245.271537960684,245.565681837311,7.13218465045966));
#3092=CARTESIAN_POINT('Ctrl Pts',(245.141351276491,245.527754049594,7.13036948802796));
#3093=CARTESIAN_POINT('Ctrl Pts',(244.931675858195,245.48343810221,7.12824018896332));
#3094=CARTESIAN_POINT('Ctrl Pts',(244.853826206808,245.470518465316,7.12761684347858));
#3095=CARTESIAN_POINT('Ctrl Pts',(244.775539991601,245.461026106162,7.12715756122797));
#3096=CARTESIAN_POINT('Origin',(229.420748873317,248.248938883262,6.43403668661717));
#3097=CARTESIAN_POINT('',(228.811014765636,247.816394550987,4.63039454831959));
#3098=CARTESIAN_POINT('',(230.161428268968,247.816394550982,8.59160749139907));
#3099=CARTESIAN_POINT('',(227.230012883192,248.023109127339,9.51011491778786E-11));
#3100=CARTESIAN_POINT('',(228.803284850203,248.466394550992,4.63039454831954));
#3101=CARTESIAN_POINT('Ctrl Pts',(228.803284850203,248.466394550983,4.63039454831959));
#3102=CARTESIAN_POINT('Ctrl Pts',(229.142247082391,248.466394550983,5.62468376273396));
#3103=CARTESIAN_POINT('Ctrl Pts',(229.481209314581,248.466394550974,6.61897297714369));
#3104=CARTESIAN_POINT('Ctrl Pts',(229.820171546769,248.466394550974,7.61326219155665));
#3105=CARTESIAN_POINT('',(228.805727625352,248.260984302665,4.63039454831959));
#3106=CARTESIAN_POINT('Ctrl Pts',(256.725539904451,247.822265043292,7.58144496212176));
#3107=CARTESIAN_POINT('Ctrl Pts',(257.584227924054,247.820454397784,7.63346827603774));
#3108=CARTESIAN_POINT('Ctrl Pts',(258.442433530086,247.81845430862,7.69093462080753));
#3109=CARTESIAN_POINT('Ctrl Pts',(259.300053221056,247.816265092467,7.75383489794884));
#3110=CARTESIAN_POINT('Ctrl Pts',(256.725539933502,246.261770481156,7.5271322472648));
#3111=CARTESIAN_POINT('Ctrl Pts',(257.584227953105,246.259959835648,7.57915556118078));
#3112=CARTESIAN_POINT('Ctrl Pts',(258.442433559137,246.257959746484,7.63662190595057));
#3113=CARTESIAN_POINT('Ctrl Pts',(259.300053250107,246.255770530331,7.69952218309188));
#3114=CARTESIAN_POINT('Ctrl Pts',(256.725539962553,244.70127591902,7.47281953240784));
#3115=CARTESIAN_POINT('Ctrl Pts',(257.584227982156,244.699465273513,7.52484284632382));
#3116=CARTESIAN_POINT('Ctrl Pts',(258.442433588188,244.697465184348,7.58230919109361));
#3117=CARTESIAN_POINT('Ctrl Pts',(259.300053279158,244.695275968196,7.64520946823493));
#3118=CARTESIAN_POINT('Ctrl Pts',(256.725539991604,243.140781356884,7.41850681755088));
#3119=CARTESIAN_POINT('Ctrl Pts',(257.584228011207,243.138970711377,7.47053013146686));
#3120=CARTESIAN_POINT('Ctrl Pts',(258.442433617239,243.136970622212,7.52799647623665));
#3121=CARTESIAN_POINT('Ctrl Pts',(259.300053308209,243.13478140606,7.59089675337797));
#3122=CARTESIAN_POINT('Ctrl Pts',(259.249250850098,247.816394550969,7.75011531291396));
#3123=CARTESIAN_POINT('Ctrl Pts',(259.193138439193,247.816394550969,7.74600905110283));
#3124=CARTESIAN_POINT('Ctrl Pts',(259.137024291529,247.816394550969,7.7419261345593));
#3125=CARTESIAN_POINT('Ctrl Pts',(259.080908436422,247.816394550969,7.73786656394131));
#3126=CARTESIAN_POINT('Ctrl Pts',(256.725539991605,245.461026106154,7.49926249502181));
#3127=CARTESIAN_POINT('Ctrl Pts',(256.725539991605,245.43765467788,7.49844905690316));
#3128=CARTESIAN_POINT('Ctrl Pts',(256.725539991605,245.414283249606,7.49763561878435));
#3129=CARTESIAN_POINT('Ctrl Pts',(256.725539991605,244.640868333199,7.47071705962792));
#3130=CARTESIAN_POINT('Ctrl Pts',(256.725539991605,243.890824845062,7.44461193859006));
#3131=CARTESIAN_POINT('Ctrl Pts',(256.725539991605,243.140781356933,7.41850681755232));
#3132=CARTESIAN_POINT('Ctrl Pts',(254.400539944963,250.146203667066,7.53467761038905));
#3133=CARTESIAN_POINT('Ctrl Pts',(255.734940191171,250.143923569913,7.60018930474135));
#3134=CARTESIAN_POINT('Ctrl Pts',(257.068402647817,250.141186129223,7.67884123847626));
#3135=CARTESIAN_POINT('Ctrl Pts',(258.40053996374,250.137992532213,7.77059930067895));
#3136=CARTESIAN_POINT('Ctrl Pts',(254.400539969798,248.812186110439,7.48824738440473));
#3137=CARTESIAN_POINT('Ctrl Pts',(255.734940216005,248.809906013286,7.55375907875703));
#3138=CARTESIAN_POINT('Ctrl Pts',(257.068402672651,248.807168572596,7.63241101249194));
#3139=CARTESIAN_POINT('Ctrl Pts',(258.400539988575,248.803974975586,7.72416907469463));
#3140=CARTESIAN_POINT('Ctrl Pts',(254.400539994633,247.478168553812,7.44181715842041));
#3141=CARTESIAN_POINT('Ctrl Pts',(255.73494024084,247.475888456659,7.50732885277271));
#3142=CARTESIAN_POINT('Ctrl Pts',(257.068402697486,247.473151015969,7.58598078650762));
#3143=CARTESIAN_POINT('Ctrl Pts',(258.40054001341,247.469957418959,7.67773884871032));
#3144=CARTESIAN_POINT('Ctrl Pts',(254.400540019468,246.144150997185,7.39538693243609));
#3145=CARTESIAN_POINT('Ctrl Pts',(255.734940265675,246.141870900032,7.46089862678839));
#3146=CARTESIAN_POINT('Ctrl Pts',(257.068402722321,246.139133459342,7.53955056052331));
#3147=CARTESIAN_POINT('Ctrl Pts',(258.400540038244,246.135939862332,7.631308622726));
#3148=CARTESIAN_POINT('',(255.900539991599,247.641394550988,7.52679222993294));
#3149=CARTESIAN_POINT('',(255.900539991605,246.141394550987,7.47458501516458));
#3150=CARTESIAN_POINT('Ctrl Pts',(255.900539991599,247.641394550988,7.52679222993314));
#3151=CARTESIAN_POINT('Ctrl Pts',(255.900539991599,247.141394550986,7.50938982501025));
#3152=CARTESIAN_POINT('Ctrl Pts',(255.900539991601,246.641394550984,7.49198742008734));
#3153=CARTESIAN_POINT('Ctrl Pts',(255.900539991601,246.141394550987,7.47458501516446));
#3154=CARTESIAN_POINT('',(254.400539991602,247.641394550978,7.44749820804193));
#3155=CARTESIAN_POINT('Ctrl Pts',(254.400539991605,247.641394550988,7.44749820804198));
#3156=CARTESIAN_POINT('Ctrl Pts',(254.90063322311,247.641394550988,7.47207976938086));
#3157=CARTESIAN_POINT('Ctrl Pts',(255.400640073503,247.641394550988,7.49851137703554));
#3158=CARTESIAN_POINT('Ctrl Pts',(255.900539991583,247.641394550988,7.52679222992683));
#3159=CARTESIAN_POINT('',(254.400539991602,248.641394550978,7.48230301775001));
#3160=CARTESIAN_POINT('Ctrl Pts',(254.400539991602,248.641394551009,7.48230301775102));
#3161=CARTESIAN_POINT('Ctrl Pts',(254.400539991602,248.473964648651,7.47647565186008));
#3162=CARTESIAN_POINT('Ctrl Pts',(254.400539991602,248.306534746293,7.470648285969));
#3163=CARTESIAN_POINT('Ctrl Pts',(254.400539991602,247.973201412947,7.45904668273278));
#3164=CARTESIAN_POINT('Ctrl Pts',(254.400539991602,247.807297981963,7.45327244538761));
#3165=CARTESIAN_POINT('Ctrl Pts',(254.400539991602,247.641394550978,7.44749820804234));
#3166=CARTESIAN_POINT('',(255.900539991605,248.641394550991,7.56159703977898));
#3167=CARTESIAN_POINT('Ctrl Pts',(255.900539991605,248.641394550987,7.56159703977386));
#3168=CARTESIAN_POINT('Ctrl Pts',(255.40064007349,248.641394550987,7.53331618683431));
#3169=CARTESIAN_POINT('Ctrl Pts',(254.900633223081,248.641394550987,7.50688457913348));
#3170=CARTESIAN_POINT('Ctrl Pts',(254.400539991598,248.641394550987,7.48230301774965));
#3171=CARTESIAN_POINT('',(255.900539991601,250.141394550988,7.61380425454753));
#3172=CARTESIAN_POINT('Ctrl Pts',(255.900539991601,250.141394550988,7.61380425454744));
#3173=CARTESIAN_POINT('Ctrl Pts',(255.900539991601,249.641394550995,7.59640184962465));
#3174=CARTESIAN_POINT('Ctrl Pts',(255.900539991601,249.141394551002,7.57899944470216));
#3175=CARTESIAN_POINT('Ctrl Pts',(255.900539991599,248.641394550991,7.56159703977914));
#3176=CARTESIAN_POINT('',(256.900539991602,250.141394550988,7.67285284497721));
#3177=CARTESIAN_POINT('Ctrl Pts',(256.900539991616,250.141394550988,7.67285284497607));
#3178=CARTESIAN_POINT('Ctrl Pts',(256.74053599133,250.141394550988,7.66300859482872));
#3179=CARTESIAN_POINT('Ctrl Pts',(256.580520584328,250.141394550988,7.65335391207368));
#3180=CARTESIAN_POINT('Ctrl Pts',(256.247189722019,250.141394550988,7.63363832933341));
#3181=CARTESIAN_POINT('Ctrl Pts',(256.073871284671,250.141394550988,7.62361013096563));
#3182=CARTESIAN_POINT('Ctrl Pts',(255.900539991601,250.141394550988,7.61380425454229));
#3183=CARTESIAN_POINT('',(256.900539991605,248.641394550987,7.62064563007019));
#3184=CARTESIAN_POINT('Ctrl Pts',(256.900539991605,248.641394550987,7.62064563007));
#3185=CARTESIAN_POINT('Ctrl Pts',(256.900539991605,249.14139455097,7.63804803503837));
#3186=CARTESIAN_POINT('Ctrl Pts',(256.900539991602,249.641394550949,7.65545044000667));
#3187=CARTESIAN_POINT('Ctrl Pts',(256.900539991602,250.141394550933,7.67285284497511));
#3188=CARTESIAN_POINT('',(258.400539991601,248.641394550978,7.71851049410275));
#3189=CARTESIAN_POINT('Ctrl Pts',(258.400539991601,248.641394550987,7.71851049410263));
#3190=CARTESIAN_POINT('Ctrl Pts',(257.900665201769,248.641394550987,7.6840372428356));
#3191=CARTESIAN_POINT('Ctrl Pts',(257.400658317165,248.641394550987,7.6514154225753));
#3192=CARTESIAN_POINT('Ctrl Pts',(256.900539991616,248.641394550987,7.62064563006937));
#3193=CARTESIAN_POINT('',(258.400539991599,247.641394550978,7.68370568402651));
#3194=CARTESIAN_POINT('Ctrl Pts',(258.400539991601,247.641394551015,7.68370568402738));
#3195=CARTESIAN_POINT('Ctrl Pts',(258.400539991601,247.804560937052,7.68938465910429));
#3196=CARTESIAN_POINT('Ctrl Pts',(258.400539991601,247.967727323085,7.69506363418104));
#3197=CARTESIAN_POINT('Ctrl Pts',(258.400539991601,248.301060656408,7.70666523753949));
#3198=CARTESIAN_POINT('Ctrl Pts',(258.400539991601,248.471227603695,7.71258786582125));
#3199=CARTESIAN_POINT('Ctrl Pts',(258.400539991601,248.641394550978,7.71851049410274));
#3200=CARTESIAN_POINT('',(256.900539991602,247.641394550992,7.5858408201323));
#3201=CARTESIAN_POINT('Ctrl Pts',(256.900539991602,247.641394550988,7.58584082013016));
#3202=CARTESIAN_POINT('Ctrl Pts',(257.400658317201,247.641394550988,7.61661061259325));
#3203=CARTESIAN_POINT('Ctrl Pts',(257.900665201805,247.641394550988,7.64923243280804));
#3204=CARTESIAN_POINT('Ctrl Pts',(258.400539991599,247.641394550988,7.68370568402596));
#3205=CARTESIAN_POINT('',(256.900539991602,246.141394550987,7.53363360522525));
#3206=CARTESIAN_POINT('Ctrl Pts',(256.900539991602,246.141394550987,7.53363360522541));
#3207=CARTESIAN_POINT('Ctrl Pts',(256.900539991602,246.641394550979,7.55103601019411));
#3208=CARTESIAN_POINT('Ctrl Pts',(256.900539991602,247.141394550963,7.56843841516278));
#3209=CARTESIAN_POINT('Ctrl Pts',(256.900539991605,247.641394550956,7.58584082013146));
#3210=CARTESIAN_POINT('Ctrl Pts',(255.900539991594,246.141394550987,7.47458501515885));
#3211=CARTESIAN_POINT('Ctrl Pts',(256.073865269295,246.141394550987,7.48439055121063));
#3212=CARTESIAN_POINT('Ctrl Pts',(256.247177692157,246.141394550991,7.49441839377566));
#3213=CARTESIAN_POINT('Ctrl Pts',(256.580508556226,246.141394550991,7.51413394671325));
#3214=CARTESIAN_POINT('Ctrl Pts',(256.740529977708,246.141394550987,7.5237889851475));
#3215=CARTESIAN_POINT('Ctrl Pts',(256.900539991605,246.141394550987,7.53363360522344));
#3216=CARTESIAN_POINT('Ctrl Pts',(230.50053994512,250.137990948085,7.77036162945457));
#3217=CARTESIAN_POINT('Ctrl Pts',(231.832614624986,250.141185908293,7.67856582533881));
#3218=CARTESIAN_POINT('Ctrl Pts',(233.166077257179,250.143924668135,7.59987741665617));
#3219=CARTESIAN_POINT('Ctrl Pts',(234.500539963593,250.146205548049,7.53434465980338));
#3220=CARTESIAN_POINT('Ctrl Pts',(230.500539969955,248.803973095779,7.72393139317921));
#3221=CARTESIAN_POINT('Ctrl Pts',(231.832614649821,248.807168055987,7.63213558906345));
#3222=CARTESIAN_POINT('Ctrl Pts',(233.166077282014,248.809906815829,7.5534471803808));
#3223=CARTESIAN_POINT('Ctrl Pts',(234.500539988428,248.812187695743,7.48791442352801));
#3224=CARTESIAN_POINT('Ctrl Pts',(230.50053999479,247.469955243472,7.67750115690384));
#3225=CARTESIAN_POINT('Ctrl Pts',(231.832614674655,247.47315020368,7.58570535278808));
#3226=CARTESIAN_POINT('Ctrl Pts',(233.166077306848,247.475888963523,7.50701694410543));
#3227=CARTESIAN_POINT('Ctrl Pts',(234.500540013263,247.478169843437,7.44148418725264));
#3228=CARTESIAN_POINT('Ctrl Pts',(230.500540019625,246.135937391166,7.63107092062847));
#3229=CARTESIAN_POINT('Ctrl Pts',(231.83261469949,246.139132351374,7.53927511651271));
#3230=CARTESIAN_POINT('Ctrl Pts',(233.166077331683,246.141871111216,7.46058670783007));
#3231=CARTESIAN_POINT('Ctrl Pts',(234.500540038098,246.144151991131,7.39505395097727));
#3232=CARTESIAN_POINT('',(233.000539991599,250.141394550978,7.61349821775078));
#3233=CARTESIAN_POINT('',(232.0005399916,250.141394550992,7.67257126367547));
#3234=CARTESIAN_POINT('Ctrl Pts',(233.000539991599,250.141394550988,7.61349821775118));
#3235=CARTESIAN_POINT('Ctrl Pts',(232.827197854995,250.141394550988,7.62330854039468));
#3236=CARTESIAN_POINT('Ctrl Pts',(232.653868594214,250.141394550992,7.63334143736697));
#3237=CARTESIAN_POINT('Ctrl Pts',(232.320537741091,250.141394550992,7.65306526849246));
#3238=CARTESIAN_POINT('Ctrl Pts',(232.160533157057,250.141394550988,7.66272341817493));
#3239=CARTESIAN_POINT('Ctrl Pts',(232.000539991595,250.141394550988,7.67257126367556));
#3240=CARTESIAN_POINT('',(233.000539991604,248.641394550978,7.56129100614239));
#3241=CARTESIAN_POINT('Ctrl Pts',(233.000539991599,248.641394550978,7.56129100614225));
#3242=CARTESIAN_POINT('Ctrl Pts',(233.000539991599,249.141394550966,7.57869341001114));
#3243=CARTESIAN_POINT('Ctrl Pts',(233.00053999159,249.641394550927,7.59609581387997));
#3244=CARTESIAN_POINT('Ctrl Pts',(233.00053999159,250.141394550919,7.61349821774891));
#3245=CARTESIAN_POINT('',(234.5005399916,248.641394550987,7.48197000078188));
#3246=CARTESIAN_POINT('Ctrl Pts',(234.500539991604,248.641394550987,7.48197000078184));
#3247=CARTESIAN_POINT('Ctrl Pts',(234.000446620666,248.641394550987,7.50655832185636));
#3248=CARTESIAN_POINT('Ctrl Pts',(233.500439763175,248.641394550987,7.53299910806982));
#3249=CARTESIAN_POINT('Ctrl Pts',(233.000539991608,248.641394550987,7.56129100614222));
#3250=CARTESIAN_POINT('',(234.5005399916,247.641394550992,7.44716519290469));
#3251=CARTESIAN_POINT('Ctrl Pts',(234.500539991604,247.641394550992,7.4471651929048));
#3252=CARTESIAN_POINT('Ctrl Pts',(234.500539991604,247.807298466355,7.45293944680492));
#3253=CARTESIAN_POINT('Ctrl Pts',(234.500539991604,247.973202381713,7.45871370070499));
#3254=CARTESIAN_POINT('Ctrl Pts',(234.500539991604,248.306535715042,7.47031530333065));
#3255=CARTESIAN_POINT('Ctrl Pts',(234.500539991604,248.473965133016,7.4761426520561));
#3256=CARTESIAN_POINT('Ctrl Pts',(234.500539991604,248.641394550991,7.48197000078178));
#3257=CARTESIAN_POINT('',(233.000539991599,247.641394550988,7.52648619840374));
#3258=CARTESIAN_POINT('Ctrl Pts',(233.000539991599,247.641394550988,7.52648619840578));
#3259=CARTESIAN_POINT('Ctrl Pts',(233.500439763229,247.641394550988,7.49819430028859));
#3260=CARTESIAN_POINT('Ctrl Pts',(234.000446620712,247.641394550988,7.47175351402471));
#3261=CARTESIAN_POINT('Ctrl Pts',(234.500539991604,247.641394550988,7.44716519290486));
#3262=CARTESIAN_POINT('',(233.000539991599,246.141394550978,7.47427898679519));
#3263=CARTESIAN_POINT('Ctrl Pts',(233.000539991599,246.141394550978,7.47427898679509));
#3264=CARTESIAN_POINT('Ctrl Pts',(233.000539991599,246.641394550984,7.491681390665));
#3265=CARTESIAN_POINT('Ctrl Pts',(233.000539991599,247.141394550995,7.50908379453465));
#3266=CARTESIAN_POINT('Ctrl Pts',(233.000539991599,247.641394551015,7.52648619840481));
#3267=CARTESIAN_POINT('',(232.0005399916,246.141394550987,7.53335203308863));
#3268=CARTESIAN_POINT('Ctrl Pts',(232.000539991593,246.141394550987,7.53335203308706));
#3269=CARTESIAN_POINT('Ctrl Pts',(232.160527138387,246.141394550987,7.523504557988));
#3270=CARTESIAN_POINT('Ctrl Pts',(232.320525702896,246.141394550987,7.51384676443375));
#3271=CARTESIAN_POINT('Ctrl Pts',(232.653856554268,246.141394550987,7.49412290345272));
#3272=CARTESIAN_POINT('Ctrl Pts',(232.827191834581,246.141394550987,7.48408965022941));
#3273=CARTESIAN_POINT('Ctrl Pts',(233.000539991599,246.141394550987,7.47427898679739));
#3274=CARTESIAN_POINT('',(232.0005399916,247.641394550988,7.58555924455847));
#3275=CARTESIAN_POINT('Ctrl Pts',(232.0005399916,247.641394550992,7.58555924455853));
#3276=CARTESIAN_POINT('Ctrl Pts',(232.0005399916,247.141394551008,7.56815684073577));
#3277=CARTESIAN_POINT('Ctrl Pts',(232.0005399916,246.641394551016,7.55075443691305));
#3278=CARTESIAN_POINT('Ctrl Pts',(232.0005399916,246.141394551028,7.53335203309025));
#3279=CARTESIAN_POINT('',(230.500539991597,247.641394550988,7.68346806922144));
#3280=CARTESIAN_POINT('Ctrl Pts',(230.500539991597,247.641394550988,7.68346806922148));
#3281=CARTESIAN_POINT('Ctrl Pts',(231.000414640216,247.641394550988,7.64897902587026));
#3282=CARTESIAN_POINT('Ctrl Pts',(231.500421529959,247.641394550988,7.61634236798368));
#3283=CARTESIAN_POINT('Ctrl Pts',(232.000539991589,247.641394550988,7.58555924455716));
#3284=CARTESIAN_POINT('',(230.500539991597,248.641394550978,7.71827287672932));
#3285=CARTESIAN_POINT('Ctrl Pts',(230.500539991604,248.641394550941,7.71827287672807));
#3286=CARTESIAN_POINT('Ctrl Pts',(230.500539991604,248.471226933007,7.71235022554179));
#3287=CARTESIAN_POINT('Ctrl Pts',(230.500539991604,248.301059315068,7.70642757435518));
#3288=CARTESIAN_POINT('Ctrl Pts',(230.500539991604,247.967725981748,7.69482597185291));
#3289=CARTESIAN_POINT('Ctrl Pts',(230.500539991604,247.804560266372,7.68914702053688));
#3290=CARTESIAN_POINT('Ctrl Pts',(230.500539991604,247.641394550992,7.68346806922131));
#3291=CARTESIAN_POINT('',(232.0005399916,248.641394550991,7.6203640522052));
#3292=CARTESIAN_POINT('Ctrl Pts',(232.0005399916,248.641394550987,7.62036405220524));
#3293=CARTESIAN_POINT('Ctrl Pts',(231.50042152997,248.641394550987,7.65114717559057));
#3294=CARTESIAN_POINT('Ctrl Pts',(231.000414640203,248.641394550987,7.6837838334296));
#3295=CARTESIAN_POINT('Ctrl Pts',(230.500539991599,248.641394550987,7.71827287672945));
#3296=CARTESIAN_POINT('Ctrl Pts',(232.0005399916,250.141394550992,7.67257126367525));
#3297=CARTESIAN_POINT('Ctrl Pts',(232.0005399916,249.641394550999,7.65516885985226));
#3298=CARTESIAN_POINT('Ctrl Pts',(232.0005399916,249.141394551016,7.63776645602955));
#3299=CARTESIAN_POINT('Ctrl Pts',(232.0005399916,248.641394551023,7.62036405220631));
#3300=CARTESIAN_POINT('Ctrl Pts',(242.450539945063,250.141075844651,7.29957630050653));
#3301=CARTESIAN_POINT('Ctrl Pts',(243.783785421385,250.141532315093,7.28646185921437));
#3302=CARTESIAN_POINT('Ctrl Pts',(245.117246931479,250.141530147339,7.28652485563188));
#3303=CARTESIAN_POINT('Ctrl Pts',(246.450539963682,250.141070535123,7.29973099161842));
#3304=CARTESIAN_POINT('Ctrl Pts',(242.450539969886,248.807735043371,7.25316962886264));
#3305=CARTESIAN_POINT('Ctrl Pts',(243.783785446207,248.808191513812,7.24005518757048));
#3306=CARTESIAN_POINT('Ctrl Pts',(245.117246956301,248.808189346058,7.24011818398799));
#3307=CARTESIAN_POINT('Ctrl Pts',(246.450539988504,248.807729733842,7.25332431997452));
#3308=CARTESIAN_POINT('Ctrl Pts',(242.450539994708,247.47439424209,7.20676295721875));
#3309=CARTESIAN_POINT('Ctrl Pts',(243.783785471029,247.474850712532,7.19364851592659));
#3310=CARTESIAN_POINT('Ctrl Pts',(245.117246981123,247.474848544778,7.19371151234409));
#3311=CARTESIAN_POINT('Ctrl Pts',(246.450540013326,247.474388932561,7.20691764833063));
#3312=CARTESIAN_POINT('Ctrl Pts',(242.45054001953,246.141053440809,7.16035628557486));
#3313=CARTESIAN_POINT('Ctrl Pts',(243.783785495851,246.141509911251,7.1472418442827));
#3314=CARTESIAN_POINT('Ctrl Pts',(245.117247005945,246.141507743497,7.1473048407002));
#3315=CARTESIAN_POINT('Ctrl Pts',(246.450540038148,246.14104813128,7.16051097668674));
#3316=CARTESIAN_POINT('',(244.950539991601,250.141394550988,7.29042067511185));
#3317=CARTESIAN_POINT('',(243.950539991602,250.141394550988,7.29037986216679));
#3318=CARTESIAN_POINT('Ctrl Pts',(244.950539991614,250.141394550988,7.2904206751121));
#3319=CARTESIAN_POINT('Ctrl Pts',(244.783871975574,250.141394550988,7.29000217641726));
#3320=CARTESIAN_POINT('Ctrl Pts',(244.617203700643,250.141394550988,7.2897894829398));
#3321=CARTESIAN_POINT('Ctrl Pts',(244.28387087052,250.141394550988,7.28977583882376));
#3322=CARTESIAN_POINT('Ctrl Pts',(244.117205308894,250.141394550988,7.28997488140357));
#3323=CARTESIAN_POINT('Ctrl Pts',(243.950539991602,250.141394550988,7.29037986216647));
#3324=CARTESIAN_POINT('',(244.950539991601,248.641394550987,7.23821346185281));
#3325=CARTESIAN_POINT('Ctrl Pts',(244.950539991607,248.641394550991,7.23821346185292));
#3326=CARTESIAN_POINT('Ctrl Pts',(244.950539991605,249.141394550993,7.25561586627254));
#3327=CARTESIAN_POINT('Ctrl Pts',(244.950539991601,249.641394550986,7.27301827069225));
#3328=CARTESIAN_POINT('Ctrl Pts',(244.950539991601,250.141394550978,7.29042067511178));
#3329=CARTESIAN_POINT('',(246.450539991602,248.641394550987,7.24753505573975));
#3330=CARTESIAN_POINT('Ctrl Pts',(246.450539991602,248.641394550987,7.24753505573957));
#3331=CARTESIAN_POINT('Ctrl Pts',(245.950555903846,248.641394550987,7.24257676390315));
#3332=CARTESIAN_POINT('Ctrl Pts',(245.450549112766,248.641394550987,7.23946897060694));
#3333=CARTESIAN_POINT('Ctrl Pts',(244.950539991614,248.641394550987,7.23821346185314));
#3334=CARTESIAN_POINT('',(246.450539991602,247.641394550988,7.21273024676234));
#3335=CARTESIAN_POINT('Ctrl Pts',(246.450539991602,247.641394551006,7.21273024676352));
#3336=CARTESIAN_POINT('Ctrl Pts',(246.450539991602,247.80591940701,7.21845650294871));
#3337=CARTESIAN_POINT('Ctrl Pts',(246.450539991602,247.97044426301,7.22418275913359));
#3338=CARTESIAN_POINT('Ctrl Pts',(246.450539991602,248.303777596338,7.23578436212568));
#3339=CARTESIAN_POINT('Ctrl Pts',(246.450539991602,248.472586073667,7.24165970893267));
#3340=CARTESIAN_POINT('Ctrl Pts',(246.450539991602,248.641394550991,7.2475350557398));
#3341=CARTESIAN_POINT('',(244.950539991601,247.641394550988,7.20340865301366));
#3342=CARTESIAN_POINT('Ctrl Pts',(244.950539991601,247.641394550988,7.20340865301382));
#3343=CARTESIAN_POINT('Ctrl Pts',(245.450549112741,247.641394550988,7.20466416172149));
#3344=CARTESIAN_POINT('Ctrl Pts',(245.950555903819,247.641394550988,7.20777195497145));
#3345=CARTESIAN_POINT('Ctrl Pts',(246.450539991602,247.641394550988,7.21273024676221));
#3346=CARTESIAN_POINT('',(244.950539991601,246.141394550987,7.15120143975458));
#3347=CARTESIAN_POINT('Ctrl Pts',(244.950539991601,246.141394550987,7.15120143975465));
#3348=CARTESIAN_POINT('Ctrl Pts',(244.950539991601,246.641394550984,7.1686038441743));
#3349=CARTESIAN_POINT('Ctrl Pts',(244.950539991605,247.141394550986,7.18600624859386));
#3350=CARTESIAN_POINT('Ctrl Pts',(244.950539991605,247.641394550988,7.20340865301346));
#3351=CARTESIAN_POINT('',(243.950539991602,246.141394550987,7.15116062717738));
#3352=CARTESIAN_POINT('Ctrl Pts',(243.950539991592,246.141394550987,7.15116062717727));
#3353=CARTESIAN_POINT('Ctrl Pts',(244.117205226219,246.141394550987,7.15075564655392));
#3354=CARTESIAN_POINT('Ctrl Pts',(244.283870705162,246.141394550987,7.15055660390935));
#3355=CARTESIAN_POINT('Ctrl Pts',(244.617203535281,246.141394550987,7.15057024749424));
#3356=CARTESIAN_POINT('Ctrl Pts',(244.783871892882,246.141394550987,7.15078294091377));
#3357=CARTESIAN_POINT('Ctrl Pts',(244.950539991596,246.141394550987,7.15120143975487));
#3358=CARTESIAN_POINT('',(243.950539991602,247.641394550988,7.20336784029844));
#3359=CARTESIAN_POINT('Ctrl Pts',(243.950539991604,247.641394550992,7.20336784029828));
#3360=CARTESIAN_POINT('Ctrl Pts',(243.950539991604,247.141394550986,7.18596543592461));
#3361=CARTESIAN_POINT('Ctrl Pts',(243.950539991604,246.64139455097,7.16856303155016));
#3362=CARTESIAN_POINT('Ctrl Pts',(243.950539991602,246.141394550987,7.15116062717726));
#3363=CARTESIAN_POINT('',(242.450539991601,247.641394550988,7.21257537103808));
#3364=CARTESIAN_POINT('Ctrl Pts',(242.450539991601,247.641394550988,7.21257537103773));
#3365=CARTESIAN_POINT('Ctrl Pts',(242.950524199532,247.641394550988,7.20765132884807));
#3366=CARTESIAN_POINT('Ctrl Pts',(243.450530996035,247.641394550978,7.20458281439682));
#3367=CARTESIAN_POINT('Ctrl Pts',(243.950539991586,247.641394550978,7.20336784029825));
#3368=CARTESIAN_POINT('',(242.450539991601,248.641394550987,7.24738017964731));
#3369=CARTESIAN_POINT('Ctrl Pts',(242.450539991596,248.641394550987,7.24738017964711));
#3370=CARTESIAN_POINT('Ctrl Pts',(242.450539991596,248.472587843507,7.24150489450131));
#3371=CARTESIAN_POINT('Ctrl Pts',(242.450539991596,248.303781136028,7.23562960935552));
#3372=CARTESIAN_POINT('Ctrl Pts',(242.450539991596,247.970447802691,7.22402800648583));
#3373=CARTESIAN_POINT('Ctrl Pts',(242.450539991596,247.805921176837,7.21830168876215));
#3374=CARTESIAN_POINT('Ctrl Pts',(242.450539991596,247.641394550978,7.212575371038));
#3375=CARTESIAN_POINT('',(243.950539991602,248.641394550987,7.23817264904571));
#3376=CARTESIAN_POINT('Ctrl Pts',(243.950539991602,248.641394550987,7.23817264904549));
#3377=CARTESIAN_POINT('Ctrl Pts',(243.450530996033,248.641394550987,7.2393876230981));
#3378=CARTESIAN_POINT('Ctrl Pts',(242.950524199532,248.641394550987,7.24245613750351));
#3379=CARTESIAN_POINT('Ctrl Pts',(242.450539991605,248.641394550987,7.2473801796471));
#3380=CARTESIAN_POINT('Ctrl Pts',(243.950539991602,250.141394550992,7.29037986216691));
#3381=CARTESIAN_POINT('Ctrl Pts',(243.950539991602,249.641394550995,7.27297745779359));
#3382=CARTESIAN_POINT('Ctrl Pts',(243.950539991608,249.141394551007,7.2555750534201));
#3383=CARTESIAN_POINT('Ctrl Pts',(243.950539991608,248.641394551023,7.2381726490467));
#3384=CARTESIAN_POINT('Ctrl Pts',(260.049387160835,254.649048321927,9.1091045912403));
#3385=CARTESIAN_POINT('Ctrl Pts',(261.024771437758,255.396497064942,6.0727363941919));
#3386=CARTESIAN_POINT('Ctrl Pts',(262.000155714682,256.143945807957,3.0363681971435));
#3387=CARTESIAN_POINT('Ctrl Pts',(262.975539991605,256.891394550971,9.5100038954854E-11));
#3388=CARTESIAN_POINT('Ctrl Pts',(260.049387160835,253.752626898548,9.07794647846946));
#3389=CARTESIAN_POINT('Ctrl Pts',(261.024771437758,254.755249551391,6.05196431901134));
#3390=CARTESIAN_POINT('Ctrl Pts',(262.000155714682,255.757872204233,3.02598215955322));
#3391=CARTESIAN_POINT('Ctrl Pts',(262.975539991605,256.760494857075,9.5100038954854E-11));
#3392=CARTESIAN_POINT('Ctrl Pts',(260.049387160835,244.879385331215,8.78321703213902));
#3393=CARTESIAN_POINT('Ctrl Pts',(261.024771437758,243.093688302433,5.85547802145771));
#3394=CARTESIAN_POINT('Ctrl Pts',(262.000155714682,241.307991273652,2.92773901077641));
#3395=CARTESIAN_POINT('Ctrl Pts',(262.975539991605,239.522294244871,9.5100038954854E-11));
#3396=CARTESIAN_POINT('Ctrl Pts',(260.049387160835,243.982963907835,8.75205891936816));
#3397=CARTESIAN_POINT('Ctrl Pts',(261.024771437758,242.45244078888,5.83470594627714));
#3398=CARTESIAN_POINT('Ctrl Pts',(262.000155714682,240.921917669926,2.91735297318612));
#3399=CARTESIAN_POINT('Ctrl Pts',(262.975539991605,239.391394550971,9.5100038954854E-11));
#3400=CARTESIAN_POINT('',(260.052503629227,243.978073705034,8.74273763078092));
#3401=CARTESIAN_POINT('',(262.975539991605,239.391394550971,9.5100038954854E-11));
#3402=CARTESIAN_POINT('',(259.975539991619,244.098841108676,8.97293418234135));
#3403=CARTESIAN_POINT('',(262.975539991605,256.891394550971,9.5100038954854E-11));
#3404=CARTESIAN_POINT('',(262.975539991605,239.391394550971,9.5100038954854E-11));
#3405=CARTESIAN_POINT('',(260.049402065538,254.649059743579,9.10905819295087));
#3406=CARTESIAN_POINT('',(259.975539991619,254.592458344919,9.33899059755919));
#3407=CARTESIAN_POINT('Ctrl Pts',(260.052503629227,243.978073705028,8.74273763078078));
#3408=CARTESIAN_POINT('Ctrl Pts',(260.053085818597,247.538475174744,8.86476241310551));
#3409=CARTESIAN_POINT('Ctrl Pts',(260.049224754016,251.095156663295,8.98608723737012));
#3410=CARTESIAN_POINT('Ctrl Pts',(260.049402065536,254.64905974358,9.10905819295094));
#3411=CARTESIAN_POINT('Ctrl Pts',(230.530358504686,242.46062218501,8.75477029504881));
#3412=CARTESIAN_POINT('Ctrl Pts',(230.203164157504,242.46889841725,8.77772746698591));
#3413=CARTESIAN_POINT('Ctrl Pts',(229.458877297553,242.77986567288,8.84232057526226));
#3414=CARTESIAN_POINT('Ctrl Pts',(229.104245818321,243.534455533533,8.89603884127295));
#3415=CARTESIAN_POINT('Ctrl Pts',(229.104253347745,243.972203645026,8.91127400456535));
#3416=CARTESIAN_POINT('Ctrl Pts',(230.528795929212,242.403941829526,8.75290580664467));
#3417=CARTESIAN_POINT('Ctrl Pts',(230.187621745464,242.41684581837,8.77691505774427));
#3418=CARTESIAN_POINT('Ctrl Pts',(229.421119608869,242.742261728693,8.84367167212858));
#3419=CARTESIAN_POINT('Ctrl Pts',(229.049260098284,243.515167394789,8.89937805352857));
#3420=CARTESIAN_POINT('Ctrl Pts',(229.0416447655,243.972038402688,8.91605285174099));
#3421=CARTESIAN_POINT('Ctrl Pts',(230.523641149295,242.306340364204,8.71457558025052));
#3422=CARTESIAN_POINT('Ctrl Pts',(230.158482843034,242.326913271394,8.74609532513528));
#3423=CARTESIAN_POINT('Ctrl Pts',(229.353210331107,242.677423888509,8.81965968863176));
#3424=CARTESIAN_POINT('Ctrl Pts',(228.950604247609,243.482829068572,8.87341472779046));
#3425=CARTESIAN_POINT('Ctrl Pts',(228.92937903695,243.973258375145,8.88105524073917));
#3426=CARTESIAN_POINT('Ctrl Pts',(230.516253669998,242.248450593453,8.6301263522196));
#3427=CARTESIAN_POINT('Ctrl Pts',(230.136581262915,242.268119139442,8.67351381010368));
#3428=CARTESIAN_POINT('Ctrl Pts',(229.301872739933,242.632656850099,8.75678115309304));
#3429=CARTESIAN_POINT('Ctrl Pts',(228.881904373872,243.467607890599,8.799482726568));
#3430=CARTESIAN_POINT('Ctrl Pts',(228.863765877174,243.976522969146,8.78728694595648));
#3431=CARTESIAN_POINT('Ctrl Pts',(230.51308949714,242.234077326372,8.59020331597347));
#3432=CARTESIAN_POINT('Ctrl Pts',(230.129694502849,242.251331720981,8.63812894189614));
#3433=CARTESIAN_POINT('Ctrl Pts',(229.284969037054,242.618935727064,8.72558591952425));
#3434=CARTESIAN_POINT('Ctrl Pts',(228.861400427702,243.465341725183,8.76257589116755));
#3435=CARTESIAN_POINT('Ctrl Pts',(228.848576352459,243.978073702599,8.74273762613865));
#3436=CARTESIAN_POINT('',(229.104253347748,243.972203645026,8.91127400456527));
#3437=CARTESIAN_POINT('',(228.848576352461,243.978073702597,8.74273762613859));
#3438=CARTESIAN_POINT('Ctrl Pts',(229.104253347745,243.972203645026,8.91127400456535));
#3439=CARTESIAN_POINT('Ctrl Pts',(229.0416447655,243.972038402688,8.91605285174099));
#3440=CARTESIAN_POINT('Ctrl Pts',(228.92937903695,243.973258375145,8.88105524073917));
#3441=CARTESIAN_POINT('Ctrl Pts',(228.863765877174,243.976522969146,8.78728694595648));
#3442=CARTESIAN_POINT('Ctrl Pts',(228.848576352459,243.978073702599,8.74273762613865));
#3443=CARTESIAN_POINT('',(230.51308949714,242.234077326366,8.59020331597351));
#3444=CARTESIAN_POINT('Ctrl Pts',(228.848576352459,243.978073702599,8.74273762613865));
#3445=CARTESIAN_POINT('Ctrl Pts',(228.861400427702,243.465341725183,8.76257589116755));
#3446=CARTESIAN_POINT('Ctrl Pts',(229.284969037054,242.618935727064,8.72558591952425));
#3447=CARTESIAN_POINT('Ctrl Pts',(230.129694502849,242.251331720981,8.63812894189614));
#3448=CARTESIAN_POINT('Ctrl Pts',(230.51308949714,242.234077326372,8.59020331597347));
#3449=CARTESIAN_POINT('',(230.530358504684,242.460622185004,8.75477029504879));
#3450=CARTESIAN_POINT('Origin',(230.51308949714,242.469297350326,8.50551836850657));
#3451=CARTESIAN_POINT('Ctrl Pts',(230.530358504686,242.46062218501,8.75477029504881));
#3452=CARTESIAN_POINT('Ctrl Pts',(230.203164157504,242.46889841725,8.77772746698591));
#3453=CARTESIAN_POINT('Ctrl Pts',(229.458877297553,242.77986567288,8.84232057526226));
#3454=CARTESIAN_POINT('Ctrl Pts',(229.104245818321,243.534455533533,8.89603884127295));
#3455=CARTESIAN_POINT('Ctrl Pts',(229.104253347745,243.972203645026,8.91127400456535));
#3456=CARTESIAN_POINT('Ctrl Pts',(258.370721478386,242.460622184483,8.75477029535023));
#3457=CARTESIAN_POINT('Ctrl Pts',(249.107754604481,242.226319649289,8.10484609803736));
#3458=CARTESIAN_POINT('Ctrl Pts',(239.793325378678,242.226319649704,8.10484609860177));
#3459=CARTESIAN_POINT('Ctrl Pts',(230.530358504686,242.460622185008,8.75477029504873));
#3460=CARTESIAN_POINT('Ctrl Pts',(258.372284053869,242.403941829125,8.75290580680497));
#3461=CARTESIAN_POINT('Ctrl Pts',(249.108292594991,242.169676482207,8.10283828396817));
#3462=CARTESIAN_POINT('Ctrl Pts',(239.792787388164,242.169676482581,8.10283828457849));
#3463=CARTESIAN_POINT('Ctrl Pts',(230.528795929212,242.403941829523,8.7529058066446));
#3464=CARTESIAN_POINT('Ctrl Pts',(258.377438839502,242.306340461858,8.71457546373431));
#3465=CARTESIAN_POINT('Ctrl Pts',(249.110005402443,242.072138357077,8.0642252278482));
#3466=CARTESIAN_POINT('Ctrl Pts',(239.79107458071,242.072138357348,8.06422522848962));
#3467=CARTESIAN_POINT('Ctrl Pts',(230.523641143584,242.306340461952,8.71457546365987));
#3468=CARTESIAN_POINT('Ctrl Pts',(258.384826313082,242.248450593536,8.63012635245738));
#3469=CARTESIAN_POINT('Ctrl Pts',(249.112473697186,242.014213800895,7.97951189414886));
#3470=CARTESIAN_POINT('Ctrl Pts',(239.788606285967,242.014213801107,7.97951189473541));
#3471=CARTESIAN_POINT('Ctrl Pts',(230.516253669997,242.248450593451,8.63012635221951));
#3472=CARTESIAN_POINT('Ctrl Pts',(258.387990485937,242.234077326486,8.59020331629763));
#3473=CARTESIAN_POINT('Ctrl Pts',(249.11353222127,241.999802467818,7.93948392025485));
#3474=CARTESIAN_POINT('Ctrl Pts',(239.787547761883,241.999802468019,7.93948392081246));
#3475=CARTESIAN_POINT('Ctrl Pts',(230.51308949714,242.234077326369,8.59020331597338));
#3476=CARTESIAN_POINT('',(258.387990485937,242.234077326489,8.59020331629754));
#3477=CARTESIAN_POINT('Ctrl Pts',(230.51308949714,242.234077326369,8.59020331597338));
#3478=CARTESIAN_POINT('Ctrl Pts',(239.787547761883,241.999802468019,7.93948392081246));
#3479=CARTESIAN_POINT('Ctrl Pts',(249.11353222127,241.999802467818,7.93948392025485));
#3480=CARTESIAN_POINT('Ctrl Pts',(258.387990485937,242.234077326486,8.59020331629763));
#3481=CARTESIAN_POINT('',(258.370721478386,242.460622184481,8.75477029535018));
#3482=CARTESIAN_POINT('Origin',(258.387990485937,242.469297350444,8.50551836883071));
#3483=CARTESIAN_POINT('Ctrl Pts',(258.370721478386,242.460622184483,8.75477029535023));
#3484=CARTESIAN_POINT('Ctrl Pts',(249.107754604481,242.226319649289,8.10484609803736));
#3485=CARTESIAN_POINT('Ctrl Pts',(239.793325378678,242.226319649704,8.10484609860177));
#3486=CARTESIAN_POINT('Ctrl Pts',(230.530358504686,242.460622185008,8.75477029504873));
#3487=CARTESIAN_POINT('Ctrl Pts',(259.796826633869,243.97220364675,8.91127400917799));
#3488=CARTESIAN_POINT('Ctrl Pts',(259.796834163724,243.534455535014,8.89603884466455));
#3489=CARTESIAN_POINT('Ctrl Pts',(259.442193443235,242.779871990155,8.84232021725214));
#3490=CARTESIAN_POINT('Ctrl Pts',(258.697915825773,242.468898416727,8.77772746733267));
#3491=CARTESIAN_POINT('Ctrl Pts',(258.370721478386,242.460622184485,8.75477029535031));
#3492=CARTESIAN_POINT('Ctrl Pts',(259.859435216126,243.972038404456,8.91605285637485));
#3493=CARTESIAN_POINT('Ctrl Pts',(259.851819883758,243.515167396368,8.89937805687934));
#3494=CARTESIAN_POINT('Ctrl Pts',(259.479952109577,242.742267009657,8.84366942732323));
#3495=CARTESIAN_POINT('Ctrl Pts',(258.713458237815,242.416845817978,8.77691505795887));
#3496=CARTESIAN_POINT('Ctrl Pts',(258.372284053869,242.403941829127,8.75290580680505));
#3497=CARTESIAN_POINT('Ctrl Pts',(259.971700791695,243.973258384002,8.88105504745215));
#3498=CARTESIAN_POINT('Ctrl Pts',(259.950475581417,243.482829077298,8.87341453316572));
#3499=CARTESIAN_POINT('Ctrl Pts',(259.547863439632,242.677426793967,8.81966098870432));
#3500=CARTESIAN_POINT('Ctrl Pts',(258.742597146577,242.326913379787,8.74609519587662));
#3501=CARTESIAN_POINT('Ctrl Pts',(258.377438840129,242.306340472594,8.71457545093177));
#3502=CARTESIAN_POINT('Ctrl Pts',(260.03731410451,243.976522971438,8.78728695060438));
#3503=CARTESIAN_POINT('Ctrl Pts',(260.019175608218,243.467607892763,8.79948272991756));
#3504=CARTESIAN_POINT('Ctrl Pts',(259.599200758297,242.632659219758,8.75678371140262));
#3505=CARTESIAN_POINT('Ctrl Pts',(258.764498720384,242.268119139542,8.67351381040021));
#3506=CARTESIAN_POINT('Ctrl Pts',(258.384826313082,242.248450593539,8.63012635245754));
#3507=CARTESIAN_POINT('Ctrl Pts',(260.052503629229,243.978073705029,8.74273763078126));
#3508=CARTESIAN_POINT('Ctrl Pts',(260.039679554416,243.465341727483,8.76257589453573));
#3509=CARTESIAN_POINT('Ctrl Pts',(259.616104066195,242.618938196534,8.72558826402306));
#3510=CARTESIAN_POINT('Ctrl Pts',(258.77138548047,242.251331721121,8.63812894228196));
#3511=CARTESIAN_POINT('Ctrl Pts',(258.387990485937,242.234077326488,8.59020331629781));
#3512=CARTESIAN_POINT('',(259.796826633867,243.972203646749,8.9112740091779));
#3513=CARTESIAN_POINT('Ctrl Pts',(259.796826633869,243.97220364675,8.91127400917799));
#3514=CARTESIAN_POINT('Ctrl Pts',(259.859435216126,243.972038404456,8.91605285637485));
#3515=CARTESIAN_POINT('Ctrl Pts',(259.971700791695,243.973258384002,8.88105504745215));
#3516=CARTESIAN_POINT('Ctrl Pts',(260.03731410451,243.976522971438,8.78728695060438));
#3517=CARTESIAN_POINT('Ctrl Pts',(260.052503629229,243.978073705029,8.74273763078126));
#3518=CARTESIAN_POINT('Ctrl Pts',(259.796826633869,243.97220364675,8.91127400917799));
#3519=CARTESIAN_POINT('Ctrl Pts',(259.796834163724,243.534455535014,8.89603884466455));
#3520=CARTESIAN_POINT('Ctrl Pts',(259.442193443235,242.779871990155,8.84232021725214));
#3521=CARTESIAN_POINT('Ctrl Pts',(258.697915825773,242.468898416727,8.77772746733267));
#3522=CARTESIAN_POINT('Ctrl Pts',(258.370721478386,242.460622184485,8.75477029535031));
#3523=CARTESIAN_POINT('Ctrl Pts',(258.387990485937,242.234077326488,8.59020331629781));
#3524=CARTESIAN_POINT('Ctrl Pts',(258.77138548047,242.251331721121,8.63812894228196));
#3525=CARTESIAN_POINT('Ctrl Pts',(259.616104066195,242.618938196534,8.72558826402306));
#3526=CARTESIAN_POINT('Ctrl Pts',(260.039679554416,243.465341727483,8.76257589453573));
#3527=CARTESIAN_POINT('Ctrl Pts',(260.052503629229,243.978073705029,8.74273763078126));
#3528=CARTESIAN_POINT('Ctrl Pts',(229.104253347747,243.972203645024,8.91127400456514));
#3529=CARTESIAN_POINT('Ctrl Pts',(229.104314528335,247.529140848733,9.03506784329693));
#3530=CARTESIAN_POINT('Ctrl Pts',(229.108854653539,251.086088895359,9.15851982787036));
#3531=CARTESIAN_POINT('Ctrl Pts',(229.108906021053,254.64302607325,9.28231441682535));
#3532=CARTESIAN_POINT('Ctrl Pts',(229.041644765502,243.972038402685,8.91605285174078));
#3533=CARTESIAN_POINT('Ctrl Pts',(229.041323707536,247.529857639627,9.03991618481435));
#3534=CARTESIAN_POINT('Ctrl Pts',(229.045447080325,251.086724810723,9.16338237445016));
#3535=CARTESIAN_POINT('Ctrl Pts',(229.045354055579,254.642858216173,9.28716378600768));
#3536=CARTESIAN_POINT('Ctrl Pts',(228.929379093951,243.973258377708,8.8810551670058));
#3537=CARTESIAN_POINT('Ctrl Pts',(228.928375599923,247.532627085825,9.00446081930003));
#3538=CARTESIAN_POINT('Ctrl Pts',(228.931730861006,251.089373363654,9.12737322493223));
#3539=CARTESIAN_POINT('Ctrl Pts',(228.931380451882,254.644121651044,9.25090939986837));
#3540=CARTESIAN_POINT('Ctrl Pts',(228.863765877176,243.976522969144,8.78728694595633));
#3541=CARTESIAN_POINT('Ctrl Pts',(228.862917188422,247.536747284261,8.90969543804058));
#3542=CARTESIAN_POINT('Ctrl Pts',(228.866476248747,251.093440232687,9.03145487309384));
#3543=CARTESIAN_POINT('Ctrl Pts',(228.866193329557,254.647475346293,9.15457618187641));
#3544=CARTESIAN_POINT('Ctrl Pts',(228.848576352461,243.978073702597,8.74273762613852));
#3545=CARTESIAN_POINT('Ctrl Pts',(228.84799415972,247.53847517593,8.86476239868326));
#3546=CARTESIAN_POINT('Ctrl Pts',(228.851855221486,251.095156668384,8.98608721332071));
#3547=CARTESIAN_POINT('Ctrl Pts',(228.851677906812,254.649059751912,9.10905815904522));
#3548=CARTESIAN_POINT('',(229.108906021054,254.643026073245,9.28231441682537));
#3549=CARTESIAN_POINT('Ctrl Pts',(229.104253347747,243.972203645024,8.91127400456514));
#3550=CARTESIAN_POINT('Ctrl Pts',(229.104314528335,247.529140848733,9.03506784329693));
#3551=CARTESIAN_POINT('Ctrl Pts',(229.108854653539,251.086088895359,9.15851982787036));
#3552=CARTESIAN_POINT('Ctrl Pts',(229.108906021053,254.64302607325,9.28231441682535));
#3553=CARTESIAN_POINT('',(228.851677906812,254.64905975191,9.10905815904521));
#3554=CARTESIAN_POINT('Origin',(229.089873597577,254.651696773399,9.03319078122316));
#3555=CARTESIAN_POINT('Ctrl Pts',(228.851677906812,254.649059751912,9.10905815904522));
#3556=CARTESIAN_POINT('Ctrl Pts',(228.851855221486,251.095156668384,8.98608721332071));
#3557=CARTESIAN_POINT('Ctrl Pts',(228.84799415972,247.53847517593,8.86476239868326));
#3558=CARTESIAN_POINT('Ctrl Pts',(228.848576352461,243.978073702597,8.74273762613852));
#3559=CARTESIAN_POINT('Ctrl Pts',(224.363055432,269.31347240331,10.2120040771081));
#3560=CARTESIAN_POINT('Ctrl Pts',(245.375140042738,269.386691476793,8.1083096493617));
#3561=CARTESIAN_POINT('Ctrl Pts',(266.367139221556,269.306806075597,10.4035612185824));
#3562=CARTESIAN_POINT('Ctrl Pts',(224.363056229906,226.453418661035,8.72026810176962));
#3563=CARTESIAN_POINT('Ctrl Pts',(245.375140840645,226.526637734519,6.61657367402322));
#3564=CARTESIAN_POINT('Ctrl Pts',(266.367140019465,226.446752333322,8.91182524324395));
#3565=CARTESIAN_POINT('',(259.792173950743,254.643026064209,9.28231445066512));
#3566=CARTESIAN_POINT('Ctrl Pts',(259.792173950741,254.643026064213,9.28231445066517));
#3567=CARTESIAN_POINT('Ctrl Pts',(259.79222532154,251.086088890031,9.15851985197259));
#3568=CARTESIAN_POINT('Ctrl Pts',(259.796765449763,247.529140846921,9.03506785763869));
#3569=CARTESIAN_POINT('Ctrl Pts',(259.796826633867,243.972203646748,8.9112740091778));
#3570=CARTESIAN_POINT('',(258.397849567339,256.117328806636,9.23197074073844));
#3571=CARTESIAN_POINT('Ctrl Pts',(258.397849567339,256.117328806638,9.23197074073849));
#3572=CARTESIAN_POINT('Ctrl Pts',(258.825118156716,256.114810115114,9.2615436442394));
#3573=CARTESIAN_POINT('Ctrl Pts',(259.549241321319,255.716348325966,9.30082428588108));
#3574=CARTESIAN_POINT('Ctrl Pts',(259.792169308548,254.964453597327,9.29350132030108));
#3575=CARTESIAN_POINT('Ctrl Pts',(259.792173950741,254.643026064213,9.28231445066518));
#3576=CARTESIAN_POINT('',(230.503230398817,256.117328810192,9.23197070641735));
#3577=CARTESIAN_POINT('Ctrl Pts',(230.50323039882,256.117328810191,9.23197070641728));
#3578=CARTESIAN_POINT('Ctrl Pts',(239.786517313401,256.172052549852,8.58943871331089));
#3579=CARTESIAN_POINT('Ctrl Pts',(249.114562654346,256.172052548652,8.589438724871));
#3580=CARTESIAN_POINT('Ctrl Pts',(258.397849567339,256.117328806622,9.23197074073794));
#3581=CARTESIAN_POINT('Ctrl Pts',(229.108906021051,254.64302607325,9.28231441682545));
#3582=CARTESIAN_POINT('Ctrl Pts',(229.108910663002,254.964457288666,9.29350141372739));
#3583=CARTESIAN_POINT('Ctrl Pts',(229.351818169319,255.716336913987,9.30082538150691));
#3584=CARTESIAN_POINT('Ctrl Pts',(230.075956914641,256.114810089918,9.26154394765343));
#3585=CARTESIAN_POINT('Ctrl Pts',(230.503230398817,256.117328810188,9.23197070641734));
#3586=CARTESIAN_POINT('Ctrl Pts',(258.397849567339,256.117328806638,9.23197074073849));
#3587=CARTESIAN_POINT('Ctrl Pts',(258.825118156716,256.114810115114,9.2615436442394));
#3588=CARTESIAN_POINT('Ctrl Pts',(259.549241321319,255.716348325966,9.30082428588108));
#3589=CARTESIAN_POINT('Ctrl Pts',(259.792169308548,254.964453597327,9.29350132030108));
#3590=CARTESIAN_POINT('Ctrl Pts',(259.792173950741,254.643026064213,9.28231445066518));
#3591=CARTESIAN_POINT('Ctrl Pts',(258.398068992859,256.180656448369,9.23419007958624));
#3592=CARTESIAN_POINT('Ctrl Pts',(258.846226389874,256.172565035924,9.26485912067444));
#3593=CARTESIAN_POINT('Ctrl Pts',(259.593685875203,255.752276063942,9.30529724298941));
#3594=CARTESIAN_POINT('Ctrl Pts',(259.846040023525,254.976299445091,9.29799456721343));
#3595=CARTESIAN_POINT('Ctrl Pts',(259.847781920614,254.642879189303,9.28655764883172));
#3596=CARTESIAN_POINT('Ctrl Pts',(258.402022659493,256.308442246332,9.18794311134155));
#3597=CARTESIAN_POINT('Ctrl Pts',(258.891098041996,256.289285220102,9.23039866172908));
#3598=CARTESIAN_POINT('Ctrl Pts',(259.684954973864,255.825173921916,9.28025220272076));
#3599=CARTESIAN_POINT('Ctrl Pts',(259.956291451854,255.001147039482,9.27080876472615));
#3600=CARTESIAN_POINT('Ctrl Pts',(259.961631037199,254.643935609006,9.25625129512796));
#3601=CARTESIAN_POINT('Ctrl Pts',(258.410761079658,256.369742808614,9.06690797268484));
#3602=CARTESIAN_POINT('Ctrl Pts',(258.917854428897,256.356071811025,9.12836471455091));
#3603=CARTESIAN_POINT('Ctrl Pts',(259.746847941938,255.873477084969,9.1970374538786));
#3604=CARTESIAN_POINT('Ctrl Pts',(260.027573126941,255.017920789464,9.18263182359682));
#3605=CARTESIAN_POINT('Ctrl Pts',(260.03246740564,254.647211270192,9.16216255300358));
#3606=CARTESIAN_POINT('Ctrl Pts',(258.415152229593,256.375103393269,9.0039211029888));
#3607=CARTESIAN_POINT('Ctrl Pts',(258.922899648469,256.369349539734,9.07152888203196));
#3608=CARTESIAN_POINT('Ctrl Pts',(259.764449906743,255.887060180094,9.14882786517115));
#3609=CARTESIAN_POINT('Ctrl Pts',(260.046231529418,255.022389989179,9.1319888381168));
#3610=CARTESIAN_POINT('Ctrl Pts',(260.049402065537,254.64905974358,9.10905819295101));
#3611=CARTESIAN_POINT('Origin',(259.81120637477,254.651696765068,9.03319081512986));
#3612=CARTESIAN_POINT('',(258.415152229593,256.375103393266,9.00392110298873));
#3613=CARTESIAN_POINT('Ctrl Pts',(260.049402065537,254.64905974358,9.10905819295101));
#3614=CARTESIAN_POINT('Ctrl Pts',(260.046231529418,255.022389989179,9.1319888381168));
#3615=CARTESIAN_POINT('Ctrl Pts',(259.764449906743,255.887060180094,9.14882786517115));
#3616=CARTESIAN_POINT('Ctrl Pts',(258.922899648469,256.369349539734,9.07152888203196));
#3617=CARTESIAN_POINT('Ctrl Pts',(258.415152229593,256.375103393269,9.0039211029888));
#3618=CARTESIAN_POINT('Origin',(258.415152229593,256.126003891463,8.98272114538845));
#3619=CARTESIAN_POINT('Ctrl Pts',(230.50323039882,256.117328810191,9.23197070641728));
#3620=CARTESIAN_POINT('Ctrl Pts',(239.786517313401,256.172052549852,8.58943871331089));
#3621=CARTESIAN_POINT('Ctrl Pts',(249.114562654346,256.172052548652,8.589438724871));
#3622=CARTESIAN_POINT('Ctrl Pts',(258.397849567339,256.117328806622,9.23197074073794));
#3623=CARTESIAN_POINT('Ctrl Pts',(230.503010973297,256.18065645182,9.23419004509749));
#3624=CARTESIAN_POINT('Ctrl Pts',(239.786422373573,256.235374636299,8.59163881741503));
#3625=CARTESIAN_POINT('Ctrl Pts',(249.114657594185,256.235374635133,8.59163882902947));
#3626=CARTESIAN_POINT('Ctrl Pts',(258.398068992859,256.180656448353,9.23419007958571));
#3627=CARTESIAN_POINT('Ctrl Pts',(230.499057307817,256.308442263668,9.18794309268422));
#3628=CARTESIAN_POINT('Ctrl Pts',(239.785121782467,256.36315522131,8.54519875826926));
#3629=CARTESIAN_POINT('Ctrl Pts',(249.115958185436,256.363155220256,8.54519876994178));
#3630=CARTESIAN_POINT('Ctrl Pts',(258.40202265847,256.308442260537,9.18794312733792));
#3631=CARTESIAN_POINT('Ctrl Pts',(230.490318886954,256.369742811533,9.06690793820272));
#3632=CARTESIAN_POINT('Ctrl Pts',(239.78219509905,256.424477475293,8.42377331321667));
#3633=CARTESIAN_POINT('Ctrl Pts',(249.118884869162,256.424477474302,8.42377332483039));
#3634=CARTESIAN_POINT('Ctrl Pts',(258.410761079658,256.369742808598,9.0669079726847));
#3635=CARTESIAN_POINT('Ctrl Pts',(230.485927737182,256.37510339618,9.003921068603));
#3636=CARTESIAN_POINT('Ctrl Pts',(239.780731251023,256.429854927824,8.36059057180356));
#3637=CARTESIAN_POINT('Ctrl Pts',(249.120348717342,256.429854926839,8.36059058338554));
#3638=CARTESIAN_POINT('Ctrl Pts',(258.415152229593,256.375103393254,9.00392110298874));
#3639=CARTESIAN_POINT('',(230.485927737179,256.375103396181,9.00392106860354));
#3640=CARTESIAN_POINT('Ctrl Pts',(258.415152229593,256.375103393254,9.00392110298874));
#3641=CARTESIAN_POINT('Ctrl Pts',(249.120348717342,256.429854926839,8.36059058338554));
#3642=CARTESIAN_POINT('Ctrl Pts',(239.780731251023,256.429854927824,8.36059057180356));
#3643=CARTESIAN_POINT('Ctrl Pts',(230.485927737182,256.37510339618,9.003921068603));
#3644=CARTESIAN_POINT('Origin',(230.485927737182,256.126003894383,8.98272111100228));
#3645=CARTESIAN_POINT('Ctrl Pts',(259.792173950741,254.643026064213,9.28231445066517));
#3646=CARTESIAN_POINT('Ctrl Pts',(259.79222532154,251.086088890031,9.15851985197259));
#3647=CARTESIAN_POINT('Ctrl Pts',(259.796765449763,247.529140846921,9.03506785763869));
#3648=CARTESIAN_POINT('Ctrl Pts',(259.796826633867,243.972203646748,8.9112740091778));
#3649=CARTESIAN_POINT('Ctrl Pts',(259.85572591631,254.642858207173,9.28716381999836));
#3650=CARTESIAN_POINT('Ctrl Pts',(259.85563289484,251.086724805311,9.16338239865887));
#3651=CARTESIAN_POINT('Ctrl Pts',(259.859756270595,247.529857637837,9.0399161992218));
#3652=CARTESIAN_POINT('Ctrl Pts',(259.859435216125,243.972038404455,8.91605285637466));
#3653=CARTESIAN_POINT('Ctrl Pts',(259.969699362812,254.644121649166,9.25090923491898));
#3654=CARTESIAN_POINT('Ctrl Pts',(259.96934895692,251.089373365155,9.12737305013903));
#3655=CARTESIAN_POINT('Ctrl Pts',(259.972704231776,247.532627090794,9.00446064421768));
#3656=CARTESIAN_POINT('Ctrl Pts',(259.97170074118,243.973258386274,8.88105498210736));
#3657=CARTESIAN_POINT('Ctrl Pts',(260.034886642768,254.647475337819,9.15457621585315));
#3658=CARTESIAN_POINT('Ctrl Pts',(260.034603726752,251.093440227479,9.03145489721282));
#3659=CARTESIAN_POINT('Ctrl Pts',(260.038162789881,247.53674728294,8.9096954524829));
#3660=CARTESIAN_POINT('Ctrl Pts',(260.037314104509,243.976522971437,8.78728695060396));
#3661=CARTESIAN_POINT('Ctrl Pts',(260.049402065536,254.64905974358,9.10905819295094));
#3662=CARTESIAN_POINT('Ctrl Pts',(260.049224754016,251.095156663295,8.98608723737012));
#3663=CARTESIAN_POINT('Ctrl Pts',(260.053085818597,247.538475174744,8.86476241310551));
#3664=CARTESIAN_POINT('Ctrl Pts',(260.052503629227,243.978073705028,8.74273763078078));
#3665=CARTESIAN_POINT('Ctrl Pts',(229.108906021051,254.64302607325,9.28231441682545));
#3666=CARTESIAN_POINT('Ctrl Pts',(229.108910663002,254.964457288666,9.29350141372739));
#3667=CARTESIAN_POINT('Ctrl Pts',(229.351818169319,255.716336913987,9.30082538150691));
#3668=CARTESIAN_POINT('Ctrl Pts',(230.075956914641,256.114810089918,9.26154394765343));
#3669=CARTESIAN_POINT('Ctrl Pts',(230.503230398817,256.117328810188,9.23197070641734));
#3670=CARTESIAN_POINT('Ctrl Pts',(229.053298051262,254.642879198308,9.28655761485999));
#3671=CARTESIAN_POINT('Ctrl Pts',(229.055039968033,254.976303273805,9.29799466333731));
#3672=CARTESIAN_POINT('Ctrl Pts',(229.307373378148,255.752263459136,9.30529955572701));
#3673=CARTESIAN_POINT('Ctrl Pts',(230.054848442168,256.172564946735,9.264859436434));
#3674=CARTESIAN_POINT('Ctrl Pts',(230.503010973295,256.180656451817,9.23419004509754));
#3675=CARTESIAN_POINT('Ctrl Pts',(228.939448615435,254.643935601347,9.25625173479795));
#3676=CARTESIAN_POINT('Ctrl Pts',(228.944788261721,255.00115112413,9.27080937021625));
#3677=CARTESIAN_POINT('Ctrl Pts',(229.216103180467,255.825158815066,9.28025375389244));
#3678=CARTESIAN_POINT('Ctrl Pts',(230.009976365998,256.289285623708,9.23039980973722));
#3679=CARTESIAN_POINT('Ctrl Pts',(230.499057351409,256.308442869421,9.18794377408957));
#3680=CARTESIAN_POINT('Ctrl Pts',(228.86861256668,254.647211278691,9.16216251901516));
#3681=CARTESIAN_POINT('Ctrl Pts',(228.873506901205,255.017925044969,9.18263202321246));
#3682=CARTESIAN_POINT('Ctrl Pts',(229.154209190747,255.873461894651,9.19703911722993));
#3683=CARTESIAN_POINT('Ctrl Pts',(229.983219728275,256.356071657348,9.12836538311268));
#3684=CARTESIAN_POINT('Ctrl Pts',(230.490318886951,256.36974281153,9.06690793820308));
#3685=CARTESIAN_POINT('Ctrl Pts',(228.851677906811,254.649059751913,9.10905815904548));
#3686=CARTESIAN_POINT('Ctrl Pts',(228.85484847898,255.022394274575,9.13198906604965));
#3687=CARTESIAN_POINT('Ctrl Pts',(229.136606081948,255.887045099199,9.14882992959299));
#3688=CARTESIAN_POINT('Ctrl Pts',(229.978174501308,256.369349476804,9.07152962121613));
#3689=CARTESIAN_POINT('Ctrl Pts',(230.485927737179,256.375103396177,9.00392106860344));
#3690=CARTESIAN_POINT('Ctrl Pts',(230.485927737179,256.375103396177,9.00392106860344));
#3691=CARTESIAN_POINT('Ctrl Pts',(229.978174501308,256.369349476804,9.07152962121613));
#3692=CARTESIAN_POINT('Ctrl Pts',(229.136606081948,255.887045099199,9.14882992959299));
#3693=CARTESIAN_POINT('Ctrl Pts',(228.85484847898,255.022394274575,9.13198906604965));
#3694=CARTESIAN_POINT('Ctrl Pts',(228.851677906811,254.649059751913,9.10905815904548));
#3695=CARTESIAN_POINT('Ctrl Pts',(230.574630347807,242.277956094465,8.71208052309338));
#3696=CARTESIAN_POINT('Ctrl Pts',(229.108266895739,241.232435579967,5.80805368209395));
#3697=CARTESIAN_POINT('Ctrl Pts',(227.641903443671,240.186915065469,2.90402684109453));
#3698=CARTESIAN_POINT('Ctrl Pts',(226.175539991602,239.141394550971,9.5100038954854E-11));
#3699=CARTESIAN_POINT('Ctrl Pts',(230.189479289814,242.277956094466,8.71208052309339));
#3700=CARTESIAN_POINT('Ctrl Pts',(228.83252667821,241.232810741447,5.80806895184167));
#3701=CARTESIAN_POINT('Ctrl Pts',(227.476392734393,240.18653990399,2.90401157134682));
#3702=CARTESIAN_POINT('Ctrl Pts',(226.119440122788,239.141394550971,9.5100038954854E-11));
#3703=CARTESIAN_POINT('Ctrl Pts',(229.289285694868,242.591609156081,8.72298614987342));
#3704=CARTESIAN_POINT('Ctrl Pts',(228.188578291418,241.456567280238,5.81531562827711));
#3705=CARTESIAN_POINT('Ctrl Pts',(227.089028212048,240.322149824206,2.90767052169142));
#3706=CARTESIAN_POINT('Ctrl Pts',(225.988320808598,239.187107948362,9.5100038954854E-11));
#3707=CARTESIAN_POINT('Ctrl Pts',(228.858266895744,243.480056012524,8.75387719165166));
#3708=CARTESIAN_POINT('Ctrl Pts',(227.882280762734,242.092887914098,5.83594467882352));
#3709=CARTESIAN_POINT('Ctrl Pts',(226.901526124612,240.703762824311,2.91793251292324));
#3710=CARTESIAN_POINT('Ctrl Pts',(225.925539991602,239.316594725886,9.5100038954854E-11));
#3711=CARTESIAN_POINT('Ctrl Pts',(228.858266895744,243.993279607476,8.77172182850112));
#3712=CARTESIAN_POINT('Ctrl Pts',(227.88069126103,242.459317921975,5.84781455236578));
#3713=CARTESIAN_POINT('Ctrl Pts',(226.903115626316,240.925356236473,2.92390727623044));
#3714=CARTESIAN_POINT('Ctrl Pts',(225.925539991602,239.391394550971,9.5100038954854E-11));
#3715=CARTESIAN_POINT('',(226.175539991602,239.14139455097,9.5100038954854E-11));
#3716=CARTESIAN_POINT('',(230.675539991621,242.34990490263,8.91192477980491));
#3717=CARTESIAN_POINT('',(225.925539991604,239.391394550971,9.5100038954854E-11));
#3718=CARTESIAN_POINT('',(228.925539991621,244.098841108676,8.97293418234135));
#3719=CARTESIAN_POINT('Origin',(226.175539991602,239.391394550971,9.5100038954854E-11));
#3720=CARTESIAN_POINT('Ctrl Pts',(228.851692811779,243.98296389116,8.75205888758439));
#3721=CARTESIAN_POINT('Ctrl Pts',(227.876308538387,242.452440777764,5.83470592508796));
#3722=CARTESIAN_POINT('Ctrl Pts',(226.900924264995,240.921917664368,2.91735296259153));
#3723=CARTESIAN_POINT('Ctrl Pts',(225.925539991604,239.391394550971,9.51011491778786E-11));
#3724=CARTESIAN_POINT('Ctrl Pts',(228.851692811779,244.87938531176,8.7832170002421));
#3725=CARTESIAN_POINT('Ctrl Pts',(227.876308538387,243.093688289464,5.8554780001931));
#3726=CARTESIAN_POINT('Ctrl Pts',(226.900924264995,241.307991267167,2.9277390001441));
#3727=CARTESIAN_POINT('Ctrl Pts',(225.925539991604,239.522294244871,9.51011491778786E-11));
#3728=CARTESIAN_POINT('Ctrl Pts',(228.851692811779,253.752626909461,9.07794644550182));
#3729=CARTESIAN_POINT('Ctrl Pts',(227.876308538387,254.755249558666,6.05196429703291));
#3730=CARTESIAN_POINT('Ctrl Pts',(226.900924264995,255.757872207872,3.02598214856401));
#3731=CARTESIAN_POINT('Ctrl Pts',(225.925539991604,256.760494857078,9.51011491778786E-11));
#3732=CARTESIAN_POINT('Ctrl Pts',(228.851692811779,254.649048330057,9.10910455815939));
#3733=CARTESIAN_POINT('Ctrl Pts',(227.876308538387,255.396497070361,6.07273637213796));
#3734=CARTESIAN_POINT('Ctrl Pts',(226.900924264995,256.143945810666,3.03636818611653));
#3735=CARTESIAN_POINT('Ctrl Pts',(225.925539991604,256.891394550971,9.51011491778786E-11));
#3736=CARTESIAN_POINT('',(225.925539991604,256.891394550971,9.51011491778786E-11));
#3737=CARTESIAN_POINT('',(225.925539991604,256.891394550971,9.51011491778786E-11));
#3738=CARTESIAN_POINT('',(228.925539991621,254.5924583449,9.33899059755868));
#3739=CARTESIAN_POINT('Ctrl Pts',(228.853178373193,254.647909926409,9.11372910618987));
#3740=CARTESIAN_POINT('Ctrl Pts',(227.877298912663,255.395738134596,6.07581940415828));
#3741=CARTESIAN_POINT('Ctrl Pts',(226.901419452133,256.143566342784,3.03790970212669));
#3742=CARTESIAN_POINT('Ctrl Pts',(225.925539991602,256.891394550971,9.51011491778786E-11));
#3743=CARTESIAN_POINT('Ctrl Pts',(228.853178373192,255.032257096629,9.12708936239174));
#3744=CARTESIAN_POINT('Ctrl Pts',(227.877673688996,255.670941760262,6.08473732157538));
#3745=CARTESIAN_POINT('Ctrl Pts',(226.901044675799,256.308809756152,3.04235204091145));
#3746=CARTESIAN_POINT('Ctrl Pts',(225.925539991602,256.947494419785,9.51011491778786E-11));
#3747=CARTESIAN_POINT('Ctrl Pts',(229.166557650665,255.930570262798,9.15831554272927));
#3748=CARTESIAN_POINT('Ctrl Pts',(228.101248732709,256.313635737559,6.10555934066376));
#3749=CARTESIAN_POINT('Ctrl Pts',(227.036562494626,256.695548033912,3.05275620216061));
#3750=CARTESIAN_POINT('Ctrl Pts',(225.97125357667,257.078613508673,9.51011491778786E-11));
#3751=CARTESIAN_POINT('Ctrl Pts',(230.05422406118,256.360690982522,9.17326692902399));
#3752=CARTESIAN_POINT('Ctrl Pts',(228.737047757055,256.619339886863,6.11544674852072));
#3753=CARTESIAN_POINT('Ctrl Pts',(227.417916470643,256.88274564663,3.05782018059838));
#3754=CARTESIAN_POINT('Ctrl Pts',(226.100740166517,257.141394550971,9.51011491778786E-11));
#3755=CARTESIAN_POINT('Ctrl Pts',(230.566997563976,256.360690982524,9.17326692902403));
#3756=CARTESIAN_POINT('Ctrl Pts',(229.103178373185,256.62092550534,6.11551128604772));
#3757=CARTESIAN_POINT('Ctrl Pts',(227.639359182394,256.881160028155,3.05775564307141));
#3758=CARTESIAN_POINT('Ctrl Pts',(226.175539991602,257.141394550971,9.51011491778786E-11));
#3759=CARTESIAN_POINT('',(226.175539991602,257.141394550972,9.5100038954854E-11));
#3760=CARTESIAN_POINT('',(230.675539991616,256.341394550946,9.40000000009512));
#3761=CARTESIAN_POINT('Origin',(226.175539991602,256.891394550971,9.51011491778786E-11));
#3762=CARTESIAN_POINT('Origin',(249.725539991616,256.341394550946,9.40000000009512));
#3763=CARTESIAN_POINT('',(262.725539991607,257.141394550972,9.5100038954854E-11));
#3764=CARTESIAN_POINT('',(243.675539991607,257.141394550972,9.5100038954854E-11));
#3765=CARTESIAN_POINT('',(258.225539991618,256.341394550959,9.40000000009563));
#3766=CARTESIAN_POINT('Ctrl Pts',(258.333406600658,256.360570837014,9.17467863898464));
#3767=CARTESIAN_POINT('Ctrl Pts',(259.797451064308,256.620845408333,6.11645242602146));
#3768=CARTESIAN_POINT('Ctrl Pts',(261.261495527957,256.881119979652,3.05822621305828));
#3769=CARTESIAN_POINT('Ctrl Pts',(262.725539991607,257.141394550971,9.5100038954854E-11));
#3770=CARTESIAN_POINT('Ctrl Pts',(258.846247504939,256.360570837015,9.17467863898466));
#3771=CARTESIAN_POINT('Ctrl Pts',(260.163626514475,256.619259545841,6.11638787856257));
#3772=CARTESIAN_POINT('Ctrl Pts',(261.482960807156,256.882705842145,3.05829076051719));
#3773=CARTESIAN_POINT('Ctrl Pts',(262.800339816692,257.141394550971,9.5100038954854E-11));
#3774=CARTESIAN_POINT('Ctrl Pts',(259.734028267837,255.930390794265,9.15972485471892));
#3775=CARTESIAN_POINT('Ctrl Pts',(260.799501130344,256.313515220465,6.10649885205003));
#3776=CARTESIAN_POINT('Ctrl Pts',(261.864353204648,256.695488675049,3.05322600276399));
#3777=CARTESIAN_POINT('Ctrl Pts',(262.929826067154,257.078613101249,9.5100038954854E-11));
#3778=CARTESIAN_POINT('Ctrl Pts',(260.047451064314,255.03196235328,9.12849396590587));
#3779=CARTESIAN_POINT('Ctrl Pts',(261.023105872736,255.670745306589,6.08567372562328));
#3780=CARTESIAN_POINT('Ctrl Pts',(261.999885183185,256.308711466476,3.04282024037768));
#3781=CARTESIAN_POINT('Ctrl Pts',(262.975539991607,256.947494419785,9.5100038954854E-11));
#3782=CARTESIAN_POINT('Ctrl Pts',(260.047451064314,254.647564667796,9.11513165364183));
#3783=CARTESIAN_POINT('Ctrl Pts',(261.023480706745,255.395507962188,6.07675443579292));
#3784=CARTESIAN_POINT('Ctrl Pts',(261.999510349176,256.14345125658,3.03837721794401));
#3785=CARTESIAN_POINT('Ctrl Pts',(262.975539991607,256.891394550971,9.5100038954854E-11));
#3786=CARTESIAN_POINT('Origin',(262.725539991607,256.891394550971,9.5100038954854E-11));
#3787=CARTESIAN_POINT('Origin',(253.975539991602,248.141394550971,9.5100038954854E-11));
#3788=CARTESIAN_POINT('',(262.725539991607,239.14139455097,9.5100038954854E-11));
#3789=CARTESIAN_POINT('Origin',(262.725539991607,239.391394550971,9.5100038954854E-11));
#3790=CARTESIAN_POINT('',(245.225539991602,239.14139455097,9.5100038954854E-11));
#3791=CARTESIAN_POINT('Ctrl Pts',(260.042813086683,243.993279608751,8.7717218309318));
#3792=CARTESIAN_POINT('Ctrl Pts',(261.020388721658,242.459317922825,5.84781455398623));
#3793=CARTESIAN_POINT('Ctrl Pts',(261.997964356632,240.925356236898,2.92390727704066));
#3794=CARTESIAN_POINT('Ctrl Pts',(262.975539991607,239.391394550971,9.5100038954854E-11));
#3795=CARTESIAN_POINT('Ctrl Pts',(260.042813086683,243.608361912446,8.75833835329099));
#3796=CARTESIAN_POINT('Ctrl Pts',(261.020013293927,242.183733473286,5.83888113635178));
#3797=CARTESIAN_POINT('Ctrl Pts',(261.998339784363,240.759923121317,2.91945721703431));
#3798=CARTESIAN_POINT('Ctrl Pts',(262.975539991607,239.335294682157,9.5100038954854E-11));
#3799=CARTESIAN_POINT('Ctrl Pts',(259.728967181483,242.708716965314,8.72705795711756));
#3800=CARTESIAN_POINT('Ctrl Pts',(260.796127711074,241.54015200631,5.81802298488278));
#3801=CARTESIAN_POINT('Ctrl Pts',(261.862665673257,240.372740796801,2.90903497232988));
#3802=CARTESIAN_POINT('Ctrl Pts',(262.929826202847,239.204175837797,9.5100038954854E-11));
#3803=CARTESIAN_POINT('Ctrl Pts',(258.839984378326,242.277956095335,8.71208052550755));
#3804=CARTESIAN_POINT('Ctrl Pts',(260.159450064369,241.234023954983,5.80811833340293));
#3805=CARTESIAN_POINT('Ctrl Pts',(261.480874130649,240.185326691323,2.90396219219971));
#3806=CARTESIAN_POINT('Ctrl Pts',(262.800339816692,239.141394550971,9.5100038954854E-11));
#3807=CARTESIAN_POINT('Ctrl Pts',(258.326449634214,242.277956095334,8.71208052550753));
#3808=CARTESIAN_POINT('Ctrl Pts',(259.792813086678,241.232435580547,5.80805368370339));
#3809=CARTESIAN_POINT('Ctrl Pts',(261.259176539142,240.186915065759,2.90402684189924));
#3810=CARTESIAN_POINT('Ctrl Pts',(262.725539991607,239.141394550971,9.5100038954854E-11));
#3811=CARTESIAN_POINT('',(258.22553999162,242.34990490263,8.91192477980491));
#3812=CARTESIAN_POINT('Origin',(258.22553999162,242.34990490263,8.91192477980491));
#3813=CARTESIAN_POINT('Origin',(255.900539991601,248.641394550987,9.50967082857801E-11));
#3814=CARTESIAN_POINT('',(255.900539991601,246.141394550987,0.200000000095098));
#3815=CARTESIAN_POINT('',(255.900539991601,246.141394550987,9.50972633972924E-11));
#3816=CARTESIAN_POINT('',(255.900539991601,247.641394550988,0.200000000095098));
#3817=CARTESIAN_POINT('',(255.900539991601,243.895380796489,0.200000000095099));
#3818=CARTESIAN_POINT('',(255.900539991601,247.641394550988,9.50972633972924E-11));
#3819=CARTESIAN_POINT('Origin',(256.900539991602,246.141394550987,9.5098373620317E-11));
#3820=CARTESIAN_POINT('',(256.900539991602,246.141394550987,0.200000000095098));
#3821=CARTESIAN_POINT('',(256.900539991602,246.141394550987,9.50972633972924E-11));
#3822=CARTESIAN_POINT('',(252.150539991601,246.141394550987,0.200000000095099));
#3823=CARTESIAN_POINT('Origin',(256.900539991602,247.641394550988,9.50972633972924E-11));
#3824=CARTESIAN_POINT('',(256.900539991602,247.641394550988,0.200000000095098));
#3825=CARTESIAN_POINT('',(256.900539991602,247.641394550988,9.50972633972924E-11));
#3826=CARTESIAN_POINT('',(256.900539991602,243.395380796487,0.200000000095099));
#3827=CARTESIAN_POINT('Origin',(255.900539991601,247.641394550988,9.50972633972924E-11));
#3828=CARTESIAN_POINT('',(254.400539991602,247.641394550988,0.200000000095098));
#3829=CARTESIAN_POINT('',(251.650539991601,247.641394550988,0.200000000095098));
#3830=CARTESIAN_POINT('',(254.400539991602,247.641394550988,9.50972633972924E-11));
#3831=CARTESIAN_POINT('Origin',(255.900539991601,247.641394550988,9.50972633972924E-11));
#3832=CARTESIAN_POINT('',(258.400539991601,247.641394550988,0.200000000095098));
#3833=CARTESIAN_POINT('',(258.400539991601,247.641394550988,9.50972633972924E-11));
#3834=CARTESIAN_POINT('',(251.650539991601,247.641394550988,0.200000000095098));
#3835=CARTESIAN_POINT('Origin',(254.400539991602,247.641394550988,9.50972633972924E-11));
#3836=CARTESIAN_POINT('',(254.400539991602,248.641394550987,0.200000000095097));
#3837=CARTESIAN_POINT('',(254.400539991602,243.395380796487,0.200000000095099));
#3838=CARTESIAN_POINT('',(254.400539991602,248.641394550987,9.50967082857801E-11));
#3839=CARTESIAN_POINT('Origin',(258.400539991601,248.641394550987,9.50967082857801E-11));
#3840=CARTESIAN_POINT('',(258.400539991601,248.641394550987,0.200000000095097));
#3841=CARTESIAN_POINT('',(258.400539991601,248.641394550987,9.50967082857801E-11));
#3842=CARTESIAN_POINT('',(258.400539991601,243.895380796489,0.200000000095099));
#3843=CARTESIAN_POINT('Origin',(254.400539991602,248.641394550987,9.50967082857801E-11));
#3844=CARTESIAN_POINT('',(255.900539991601,248.641394550987,0.200000000095097));
#3845=CARTESIAN_POINT('',(250.900539991601,248.641394550987,0.200000000095098));
#3846=CARTESIAN_POINT('',(255.900539991601,248.641394550987,9.50967082857801E-11));
#3847=CARTESIAN_POINT('Origin',(256.900539991602,248.641394550987,9.50967082857801E-11));
#3848=CARTESIAN_POINT('',(256.900539991602,248.641394550987,0.200000000095097));
#3849=CARTESIAN_POINT('',(256.900539991602,248.641394550987,9.50967082857801E-11));
#3850=CARTESIAN_POINT('',(252.150539991601,248.641394550987,0.200000000095098));
#3851=CARTESIAN_POINT('Origin',(255.900539991601,248.641394550987,9.50967082857801E-11));
#3852=CARTESIAN_POINT('',(255.900539991601,250.141394550988,0.200000000095097));
#3853=CARTESIAN_POINT('',(255.900539991601,243.895380796489,0.200000000095099));
#3854=CARTESIAN_POINT('',(255.900539991601,250.141394550988,9.50967082857801E-11));
#3855=CARTESIAN_POINT('Origin',(256.900539991602,250.141394550988,9.50967082857801E-11));
#3856=CARTESIAN_POINT('',(256.900539991602,250.141394550988,0.200000000095097));
#3857=CARTESIAN_POINT('',(256.900539991602,250.141394550988,9.50967082857801E-11));
#3858=CARTESIAN_POINT('',(256.900539991602,244.645380796487,0.200000000095099));
#3859=CARTESIAN_POINT('Origin',(255.900539991601,250.141394550988,9.50967082857801E-11));
#3860=CARTESIAN_POINT('',(251.650539991601,250.141394550988,0.200000000095097));
#3861=CARTESIAN_POINT('Origin',(247.400539991602,239.149367041987,0.2000000000951));
#3862=CARTESIAN_POINT('Origin',(223.500539991601,239.149367041987,0.2000000000951));
#3863=CARTESIAN_POINT('',(232.0005399916,248.641394550987,0.200000000095097));
#3864=CARTESIAN_POINT('',(232.0005399916,250.141394550988,0.200000000095097));
#3865=CARTESIAN_POINT('',(232.0005399916,243.895380796489,0.200000000095099));
#3866=CARTESIAN_POINT('',(230.500539991599,248.641394550987,0.200000000095097));
#3867=CARTESIAN_POINT('',(227.0005399916,248.641394550987,0.200000000095098));
#3868=CARTESIAN_POINT('',(230.500539991599,247.641394550988,0.200000000095098));
#3869=CARTESIAN_POINT('',(230.500539991599,243.395380796487,0.200000000095099));
#3870=CARTESIAN_POINT('',(232.0005399916,247.641394550988,0.200000000095098));
#3871=CARTESIAN_POINT('',(227.7505399916,247.641394550988,0.200000000095098));
#3872=CARTESIAN_POINT('',(232.0005399916,246.141394550987,0.200000000095098));
#3873=CARTESIAN_POINT('',(232.0005399916,243.895380796489,0.200000000095099));
#3874=CARTESIAN_POINT('',(233.000539991599,246.141394550987,0.200000000095098));
#3875=CARTESIAN_POINT('',(228.2505399916,246.141394550987,0.200000000095099));
#3876=CARTESIAN_POINT('',(233.000539991599,247.641394550988,0.200000000095098));
#3877=CARTESIAN_POINT('',(233.000539991599,243.395380796487,0.200000000095099));
#3878=CARTESIAN_POINT('',(234.5005399916,247.641394550988,0.200000000095098));
#3879=CARTESIAN_POINT('',(227.7505399916,247.641394550988,0.200000000095098));
#3880=CARTESIAN_POINT('',(234.5005399916,248.641394550987,0.200000000095097));
#3881=CARTESIAN_POINT('',(234.5005399916,243.895380796489,0.200000000095099));
#3882=CARTESIAN_POINT('',(233.000539991599,248.641394550987,0.200000000095097));
#3883=CARTESIAN_POINT('',(228.2505399916,248.641394550987,0.200000000095098));
#3884=CARTESIAN_POINT('',(233.000539991599,250.141394550988,0.200000000095097));
#3885=CARTESIAN_POINT('',(233.000539991599,244.645380796487,0.200000000095099));
#3886=CARTESIAN_POINT('',(227.7505399916,250.141394550988,0.200000000095097));
#3887=CARTESIAN_POINT('Origin',(232.0005399916,250.141394550988,9.50967082857801E-11));
#3888=CARTESIAN_POINT('',(232.0005399916,250.141394550988,9.50967082857801E-11));
#3889=CARTESIAN_POINT('',(233.000539991599,250.141394550988,9.50967082857801E-11));
#3890=CARTESIAN_POINT('Origin',(233.000539991599,250.141394550988,9.50967082857801E-11));
#3891=CARTESIAN_POINT('',(233.000539991599,248.641394550987,9.50967082857801E-11));
#3892=CARTESIAN_POINT('Origin',(232.0005399916,248.641394550987,9.50967082857801E-11));
#3893=CARTESIAN_POINT('',(232.0005399916,248.641394550987,9.50967082857801E-11));
#3894=CARTESIAN_POINT('Origin',(233.000539991599,248.641394550987,9.50967082857801E-11));
#3895=CARTESIAN_POINT('',(234.5005399916,248.641394550987,9.50967082857801E-11));
#3896=CARTESIAN_POINT('Origin',(230.500539991599,248.641394550987,9.50967082857801E-11));
#3897=CARTESIAN_POINT('',(230.500539991599,248.641394550987,9.50967082857801E-11));
#3898=CARTESIAN_POINT('Origin',(234.5005399916,248.641394550987,9.50967082857801E-11));
#3899=CARTESIAN_POINT('',(234.5005399916,247.641394550988,9.50972633972924E-11));
#3900=CARTESIAN_POINT('Origin',(230.500539991599,247.641394550988,9.50972633972924E-11));
#3901=CARTESIAN_POINT('',(230.500539991599,247.641394550988,9.50972633972924E-11));
#3902=CARTESIAN_POINT('Origin',(232.0005399916,247.641394550988,9.50972633972924E-11));
#3903=CARTESIAN_POINT('',(233.000539991599,247.641394550988,9.50972633972924E-11));
#3904=CARTESIAN_POINT('Origin',(232.0005399916,247.641394550988,9.50972633972924E-11));
#3905=CARTESIAN_POINT('',(232.0005399916,247.641394550988,9.50972633972924E-11));
#3906=CARTESIAN_POINT('Origin',(233.000539991599,247.641394550988,9.50972633972924E-11));
#3907=CARTESIAN_POINT('',(233.000539991599,246.141394550987,9.50972633972924E-11));
#3908=CARTESIAN_POINT('Origin',(233.000539991599,246.141394550987,9.5098373620317E-11));
#3909=CARTESIAN_POINT('',(232.0005399916,246.141394550987,9.50972633972924E-11));
#3910=CARTESIAN_POINT('Origin',(232.0005399916,248.641394550987,9.50967082857801E-11));
#3911=CARTESIAN_POINT('Origin',(235.4505399916,239.149367041987,0.2000000000951));
#3912=CARTESIAN_POINT('',(244.450539991601,245.44139455099,0.2000000000951));
#3913=CARTESIAN_POINT('Origin',(244.450539991601,248.141394550985,0.2000000000951));
#3914=CARTESIAN_POINT('',(243.950539991602,248.641394550987,0.200000000095097));
#3915=CARTESIAN_POINT('',(243.950539991602,250.141394550988,0.200000000095097));
#3916=CARTESIAN_POINT('',(243.950539991602,243.895380796489,0.200000000095099));
#3917=CARTESIAN_POINT('',(242.450539991601,248.641394550987,0.200000000095097));
#3918=CARTESIAN_POINT('',(238.950539991602,248.641394550987,0.200000000095098));
#3919=CARTESIAN_POINT('',(242.450539991601,247.641394550988,0.200000000095098));
#3920=CARTESIAN_POINT('',(242.450539991601,243.395380796487,0.200000000095099));
#3921=CARTESIAN_POINT('',(243.950539991602,247.641394550988,0.200000000095098));
#3922=CARTESIAN_POINT('',(239.7005399916,247.641394550988,0.200000000095098));
#3923=CARTESIAN_POINT('',(243.950539991602,246.141394550987,0.200000000095098));
#3924=CARTESIAN_POINT('',(243.950539991602,243.895380796489,0.200000000095099));
#3925=CARTESIAN_POINT('',(244.950539991601,246.141394550987,0.200000000095098));
#3926=CARTESIAN_POINT('',(240.200539991602,246.141394550987,0.200000000095099));
#3927=CARTESIAN_POINT('',(244.950539991601,247.641394550988,0.200000000095098));
#3928=CARTESIAN_POINT('',(244.950539991601,243.395380796487,0.200000000095099));
#3929=CARTESIAN_POINT('',(246.450539991602,247.641394550988,0.200000000095098));
#3930=CARTESIAN_POINT('',(239.7005399916,247.641394550988,0.200000000095098));
#3931=CARTESIAN_POINT('',(246.450539991602,248.641394550987,0.200000000095097));
#3932=CARTESIAN_POINT('',(246.450539991602,243.895380796489,0.200000000095099));
#3933=CARTESIAN_POINT('',(244.950539991601,248.641394550987,0.200000000095097));
#3934=CARTESIAN_POINT('',(240.200539991602,248.641394550987,0.200000000095098));
#3935=CARTESIAN_POINT('',(244.950539991601,250.141394550988,0.200000000095097));
#3936=CARTESIAN_POINT('',(244.950539991601,244.645380796487,0.200000000095099));
#3937=CARTESIAN_POINT('',(239.7005399916,250.141394550988,0.200000000095097));
#3938=CARTESIAN_POINT('Origin',(244.450539991601,248.141394550985,9.5100038954854E-11));
#3939=CARTESIAN_POINT('',(247.13090843642,247.816394550973,4.63039454831959));
#3940=CARTESIAN_POINT('',(247.13090843642,247.816394550973,9.5100038954854E-11));
#3941=CARTESIAN_POINT('',(244.775539991606,245.461026106163,4.63039454831959));
#3942=CARTESIAN_POINT('',(244.775539991606,245.461026106163,9.5100038954854E-11));
#3943=CARTESIAN_POINT('',(244.450539991601,245.441394550985,4.63039454831959));
#3944=CARTESIAN_POINT('Origin',(244.450539991601,248.141394550985,4.63039454831959));
#3945=CARTESIAN_POINT('',(244.450539991601,245.441394550985,9.5100038954854E-11));
#3946=CARTESIAN_POINT('',(244.125539991603,245.461026106168,4.63039454831959));
#3947=CARTESIAN_POINT('Origin',(244.450539991601,248.141394550985,4.63039454831959));
#3948=CARTESIAN_POINT('Ctrl Pts',(244.125539991601,245.461026106163,7.12713098070001));
#3949=CARTESIAN_POINT('Ctrl Pts',(244.125539991601,245.461026106163,6.7913783820407));
#3950=CARTESIAN_POINT('Ctrl Pts',(244.125539991601,245.461026106163,6.45562578338139));
#3951=CARTESIAN_POINT('Ctrl Pts',(244.125539991601,245.461026106163,5.62338030592125));
#3952=CARTESIAN_POINT('Ctrl Pts',(244.125539991601,245.461026106163,5.12688742712042));
#3953=CARTESIAN_POINT('Ctrl Pts',(244.125539991601,245.461026106163,4.63039454831959));
#3954=CARTESIAN_POINT('',(241.77017154678,247.816394550982,4.63039454831959));
#3955=CARTESIAN_POINT('',(241.77017154678,247.816394550973,9.5100038954854E-11));
#3956=CARTESIAN_POINT('',(241.770171546777,248.466394550983,4.63039454831959));
#3957=CARTESIAN_POINT('Origin',(244.450539991601,248.141394550985,4.63039454831959));
#3958=CARTESIAN_POINT('Ctrl Pts',(241.770171546777,248.466394550983,7.24913532960574));
#3959=CARTESIAN_POINT('Ctrl Pts',(241.770171546777,248.466394550983,6.37622173584369));
#3960=CARTESIAN_POINT('Ctrl Pts',(241.770171546777,248.466394550983,5.50330814208164));
#3961=CARTESIAN_POINT('Ctrl Pts',(241.770171546777,248.466394550983,4.63039454831959));
#3962=CARTESIAN_POINT('',(244.125539991603,250.821762995811,4.63039454831959));
#3963=CARTESIAN_POINT('Ctrl Pts',(244.125539991603,250.821762995811,4.63039454831959));
#3964=CARTESIAN_POINT('Ctrl Pts',(244.125539991603,250.821762995811,5.1189819178972));
#3965=CARTESIAN_POINT('Ctrl Pts',(244.125539991603,250.821762995802,5.60756928747481));
#3966=CARTESIAN_POINT('Ctrl Pts',(244.125539991603,250.821762995802,6.50200790569335));
#3967=CARTESIAN_POINT('Ctrl Pts',(244.125539991603,250.821762995802,6.90785915433428));
#3968=CARTESIAN_POINT('Ctrl Pts',(244.125539991603,250.821762995802,7.3137104029752));
#3969=CARTESIAN_POINT('',(244.775539991606,250.821762995811,4.63039454831959));
#3970=CARTESIAN_POINT('Origin',(244.450539991601,248.141394550985,4.63039454831959));
#3971=CARTESIAN_POINT('',(244.775539991606,250.821762995811,9.5100038954854E-11));
#3972=CARTESIAN_POINT('',(247.130908436425,248.466394550974,4.63039454831959));
#3973=CARTESIAN_POINT('Ctrl Pts',(247.130908436425,248.466394550974,4.63039454831959));
#3974=CARTESIAN_POINT('Ctrl Pts',(247.130908436425,248.466394550974,5.50337423470784));
#3975=CARTESIAN_POINT('Ctrl Pts',(247.130908436425,248.466394550983,6.37635392109608));
#3976=CARTESIAN_POINT('Ctrl Pts',(247.130908436425,248.466394550983,7.24933360748433));
#3977=CARTESIAN_POINT('Origin',(244.450539991601,248.141394550985,4.63039454831959));
#3978=CARTESIAN_POINT('Origin',(243.950539991602,250.141394550988,9.50967082857801E-11));
#3979=CARTESIAN_POINT('',(243.950539991602,250.141394550988,9.50967082857801E-11));
#3980=CARTESIAN_POINT('',(244.950539991601,250.141394550988,9.50967082857801E-11));
#3981=CARTESIAN_POINT('Origin',(244.950539991601,250.141394550988,9.50967082857801E-11));
#3982=CARTESIAN_POINT('',(244.950539991601,248.641394550987,9.50967082857801E-11));
#3983=CARTESIAN_POINT('Origin',(243.950539991602,248.641394550987,9.50967082857801E-11));
#3984=CARTESIAN_POINT('',(243.950539991602,248.641394550987,9.50967082857801E-11));
#3985=CARTESIAN_POINT('Origin',(244.950539991601,248.641394550987,9.50967082857801E-11));
#3986=CARTESIAN_POINT('',(246.450539991602,248.641394550987,9.50967082857801E-11));
#3987=CARTESIAN_POINT('Origin',(242.450539991601,248.641394550987,9.50967082857801E-11));
#3988=CARTESIAN_POINT('',(242.450539991601,248.641394550987,9.50967082857801E-11));
#3989=CARTESIAN_POINT('Origin',(246.450539991602,248.641394550987,9.50967082857801E-11));
#3990=CARTESIAN_POINT('',(246.450539991602,247.641394550988,9.50972633972924E-11));
#3991=CARTESIAN_POINT('Origin',(242.450539991601,247.641394550988,9.50972633972924E-11));
#3992=CARTESIAN_POINT('',(242.450539991601,247.641394550988,9.50972633972924E-11));
#3993=CARTESIAN_POINT('Origin',(243.950539991602,247.641394550988,9.50972633972924E-11));
#3994=CARTESIAN_POINT('',(244.950539991601,247.641394550988,9.50972633972924E-11));
#3995=CARTESIAN_POINT('Origin',(243.950539991602,247.641394550988,9.50972633972924E-11));
#3996=CARTESIAN_POINT('',(243.950539991602,247.641394550988,9.50972633972924E-11));
#3997=CARTESIAN_POINT('Origin',(244.950539991601,247.641394550988,9.50972633972924E-11));
#3998=CARTESIAN_POINT('',(244.950539991601,246.141394550987,9.50972633972924E-11));
#3999=CARTESIAN_POINT('Origin',(244.950539991601,246.141394550987,9.5098373620317E-11));
#4000=CARTESIAN_POINT('',(243.950539991602,246.141394550987,9.50972633972924E-11));
#4001=CARTESIAN_POINT('Origin',(243.950539991602,248.641394550987,9.50967082857801E-11));
#4002=CARTESIAN_POINT('Origin',(256.075539991605,248.141394550971,6.13039454831959));
#4003=CARTESIAN_POINT('',(256.075539991605,248.141394550971,4.63039454831959));
#4004=CARTESIAN_POINT('Origin',(244.450539991601,248.466394550974,4.63039454831959));
#4005=CARTESIAN_POINT('',(256.725539991605,248.141394550971,4.63039454831959));
#4006=CARTESIAN_POINT('Origin',(256.725539991605,248.141394550971,6.13039454831959));
#4007=CARTESIAN_POINT('Ctrl Pts',(244.125539991585,172.941394550976,4.63039454831959));
#4008=CARTESIAN_POINT('Ctrl Pts',(244.125539991585,172.941394550976,7.63039454831959));
#4009=CARTESIAN_POINT('Ctrl Pts',(244.125539991585,172.941394550976,15.1303945483196));
#4010=CARTESIAN_POINT('Ctrl Pts',(244.125539991601,239.14139455097,4.63039454831959));
#4011=CARTESIAN_POINT('Ctrl Pts',(244.125539991601,239.14139455097,7.63039454831959));
#4012=CARTESIAN_POINT('Ctrl Pts',(244.125539991601,239.14139455097,15.1303945483196));
#4013=CARTESIAN_POINT('Ctrl Pts',(244.125539991603,257.141394550972,4.63039454831959));
#4014=CARTESIAN_POINT('Ctrl Pts',(244.125539991603,257.141394550972,7.63039454831959));
#4015=CARTESIAN_POINT('Ctrl Pts',(244.125539991603,257.141394550972,15.1303945483196));
#4016=CARTESIAN_POINT('Ctrl Pts',(244.125539991603,259.841394550967,4.63039454831959));
#4017=CARTESIAN_POINT('Ctrl Pts',(244.125539991603,259.841394550967,7.63039454831959));
#4018=CARTESIAN_POINT('Ctrl Pts',(244.125539991603,259.841394550967,15.1303945483196));
#4019=CARTESIAN_POINT('Ctrl Pts',(244.125539991603,242.136992916276,4.63039454831959));
#4020=CARTESIAN_POINT('Ctrl Pts',(244.125539991603,245.461026106163,4.63039454831959));
#4021=CARTESIAN_POINT('Origin',(244.450539991601,248.466394550974,4.63039454831959));
#4022=CARTESIAN_POINT('',(244.775539991606,248.141394550971,4.63039454831959));
#4023=CARTESIAN_POINT('Origin',(244.775539991606,248.141394550971,6.13039454831959));
#4024=CARTESIAN_POINT('Origin',(232.825539991609,248.141394550971,6.13039454831959));
#4025=CARTESIAN_POINT('',(232.825539991609,248.141394550971,4.63039454831959));
#4026=CARTESIAN_POINT('Origin',(244.450539991601,248.466394550974,4.63039454831959));
#4027=CARTESIAN_POINT('',(232.175539991606,248.141394550971,4.63039454831959));
#4028=CARTESIAN_POINT('Origin',(232.175539991606,248.141394550971,6.13039454831959));
#4029=CARTESIAN_POINT('Origin',(232.175539991606,248.141394550971,6.13039454831959));
#4030=CARTESIAN_POINT('',(232.175539991606,248.141394550971,4.63039454831959));
#4031=CARTESIAN_POINT('Origin',(244.450539991601,248.466394550974,4.63039454831959));
#4032=CARTESIAN_POINT('',(232.825539991609,248.141394550971,4.63039454831959));
#4033=CARTESIAN_POINT('Origin',(232.825539991609,248.141394550971,6.13039454831959));
#4034=CARTESIAN_POINT('Origin',(244.450539991601,247.816394550973,6.13039454831959));
#4035=CARTESIAN_POINT('',(244.450539991601,247.816394550982,4.63039454831959));
#4036=CARTESIAN_POINT('Ctrl Pts',(186.450539991602,248.466394551006,-109.369605451666));
#4037=CARTESIAN_POINT('Ctrl Pts',(186.450539991602,248.466394551006,4.63039454831959));
#4038=CARTESIAN_POINT('Ctrl Pts',(186.450539991602,248.466394551006,7.63039454831959));
#4039=CARTESIAN_POINT('Ctrl Pts',(186.450539991602,248.466394551006,44.2803965483581));
#4040=CARTESIAN_POINT('Ctrl Pts',(235.4505399916,248.466394550983,-109.369605451666));
#4041=CARTESIAN_POINT('Ctrl Pts',(235.4505399916,248.466394550983,4.63039454831959));
#4042=CARTESIAN_POINT('Ctrl Pts',(235.4505399916,248.466394550983,7.63039454831959));
#4043=CARTESIAN_POINT('Ctrl Pts',(235.4505399916,248.466394550983,44.2803965483581));
#4044=CARTESIAN_POINT('Ctrl Pts',(253.4505399916,248.466394550974,-109.369605451666));
#4045=CARTESIAN_POINT('Ctrl Pts',(253.4505399916,248.466394550974,4.63039454831959));
#4046=CARTESIAN_POINT('Ctrl Pts',(253.4505399916,248.466394550974,7.63039454831959));
#4047=CARTESIAN_POINT('Ctrl Pts',(253.4505399916,248.466394550974,44.2803965483581));
#4048=CARTESIAN_POINT('Ctrl Pts',(235.180908436421,248.466394550992,4.63039454831959));
#4049=CARTESIAN_POINT('Ctrl Pts',(237.377329473209,248.466394550992,4.63039454831959));
#4050=CARTESIAN_POINT('Ctrl Pts',(239.573750509992,248.466394550992,4.63039454831959));
#4051=CARTESIAN_POINT('Ctrl Pts',(241.77017154678,248.466394550983,4.63039454831959));
#4052=CARTESIAN_POINT('Origin',(244.450539991601,248.466394550974,4.63039454831959));
#4053=CARTESIAN_POINT('Ctrl Pts',(244.125539991585,172.941394550976,4.63039454831959));
#4054=CARTESIAN_POINT('Ctrl Pts',(244.125539991585,172.941394550976,7.63039454831959));
#4055=CARTESIAN_POINT('Ctrl Pts',(244.125539991585,172.941394550976,15.1303945483196));
#4056=CARTESIAN_POINT('Ctrl Pts',(244.125539991601,239.14139455097,4.63039454831959));
#4057=CARTESIAN_POINT('Ctrl Pts',(244.125539991601,239.14139455097,7.63039454831959));
#4058=CARTESIAN_POINT('Ctrl Pts',(244.125539991601,239.14139455097,15.1303945483196));
#4059=CARTESIAN_POINT('Ctrl Pts',(244.125539991603,257.141394550972,4.63039454831959));
#4060=CARTESIAN_POINT('Ctrl Pts',(244.125539991603,257.141394550972,7.63039454831959));
#4061=CARTESIAN_POINT('Ctrl Pts',(244.125539991603,257.141394550972,15.1303945483196));
#4062=CARTESIAN_POINT('Ctrl Pts',(244.125539991603,259.841394550967,4.63039454831959));
#4063=CARTESIAN_POINT('Ctrl Pts',(244.125539991603,259.841394550967,7.63039454831959));
#4064=CARTESIAN_POINT('Ctrl Pts',(244.125539991603,259.841394550967,15.1303945483196));
#4065=CARTESIAN_POINT('Ctrl Pts',(244.125539991603,250.821762995811,4.63039454831959));
#4066=CARTESIAN_POINT('Ctrl Pts',(244.125539991603,255.492799652502,4.63039454831959));
#4067=CARTESIAN_POINT('Origin',(244.450539991601,248.466394550974,4.63039454831959));
#4068=CARTESIAN_POINT('',(244.775539991606,248.141394550971,4.63039454831959));
#4069=CARTESIAN_POINT('Origin',(244.775539991606,248.141394550971,6.13039454831959));
#4070=CARTESIAN_POINT('Origin',(244.450539991601,248.466394550974,4.63039454831959));
#4071=CARTESIAN_POINT('',(244.450539991601,247.816394550982,4.63039454831959));
#4072=CARTESIAN_POINT('Ctrl Pts',(228.803284850208,248.466394550992,4.63039454831959));
#4073=CARTESIAN_POINT('Ctrl Pts',(229.1422470824,248.466394550992,4.63039454831959));
#4074=CARTESIAN_POINT('Ctrl Pts',(229.481209314583,248.466394550992,4.63039454831959));
#4075=CARTESIAN_POINT('Ctrl Pts',(229.820171546776,248.466394550992,4.63039454831959));
#4076=CARTESIAN_POINT('Ctrl Pts',(186.450539991602,248.466394551006,-109.369605451666));
#4077=CARTESIAN_POINT('Ctrl Pts',(186.450539991602,248.466394551006,4.63039454831959));
#4078=CARTESIAN_POINT('Ctrl Pts',(186.450539991602,248.466394551006,7.63039454831959));
#4079=CARTESIAN_POINT('Ctrl Pts',(186.450539991602,248.466394551006,44.2803965483581));
#4080=CARTESIAN_POINT('Ctrl Pts',(235.4505399916,248.466394550983,-109.369605451666));
#4081=CARTESIAN_POINT('Ctrl Pts',(235.4505399916,248.466394550983,4.63039454831959));
#4082=CARTESIAN_POINT('Ctrl Pts',(235.4505399916,248.466394550983,7.63039454831959));
#4083=CARTESIAN_POINT('Ctrl Pts',(235.4505399916,248.466394550983,44.2803965483581));
#4084=CARTESIAN_POINT('Ctrl Pts',(253.4505399916,248.466394550974,-109.369605451666));
#4085=CARTESIAN_POINT('Ctrl Pts',(253.4505399916,248.466394550974,4.63039454831959));
#4086=CARTESIAN_POINT('Ctrl Pts',(253.4505399916,248.466394550974,7.63039454831959));
#4087=CARTESIAN_POINT('Ctrl Pts',(253.4505399916,248.466394550974,44.2803965483581));
#4088=CARTESIAN_POINT('Origin',(244.450539991601,247.816394550973,6.13039454831959));
#4089=CARTESIAN_POINT('Origin',(244.450539991601,247.816394550973,6.13039454831959));
#4090=CARTESIAN_POINT('',(244.450539991601,247.816394550973,4.63039454831959));
#4091=CARTESIAN_POINT('Ctrl Pts',(235.4505399916,248.466394550983,3.13039454831959));
#4092=CARTESIAN_POINT('Ctrl Pts',(235.4505399916,248.466394550983,4.63039454831959));
#4093=CARTESIAN_POINT('Ctrl Pts',(235.4505399916,248.466394550983,7.63039454831959));
#4094=CARTESIAN_POINT('Ctrl Pts',(235.4505399916,248.466394550983,15.1303945483196));
#4095=CARTESIAN_POINT('Ctrl Pts',(253.4505399916,248.466394550974,3.13039454831959));
#4096=CARTESIAN_POINT('Ctrl Pts',(253.4505399916,248.466394550974,4.63039454831959));
#4097=CARTESIAN_POINT('Ctrl Pts',(253.4505399916,248.466394550974,7.63039454831959));
#4098=CARTESIAN_POINT('Ctrl Pts',(253.4505399916,248.466394550974,15.1303945483196));
#4099=CARTESIAN_POINT('Ctrl Pts',(302.450539991601,248.466394550956,3.13039454831959));
#4100=CARTESIAN_POINT('Ctrl Pts',(302.450539991601,248.466394550956,4.63039454831959));
#4101=CARTESIAN_POINT('Ctrl Pts',(302.450539991601,248.466394550956,7.63039454831959));
#4102=CARTESIAN_POINT('Ctrl Pts',(302.450539991601,248.466394550956,15.1303945483196));
#4103=CARTESIAN_POINT('Ctrl Pts',(253.720171546781,248.466394550974,4.63039454831959));
#4104=CARTESIAN_POINT('Ctrl Pts',(251.523750509994,248.466394550974,4.63039454831959));
#4105=CARTESIAN_POINT('Ctrl Pts',(249.327329473213,248.466394550974,4.63039454831959));
#4106=CARTESIAN_POINT('Ctrl Pts',(247.130908436425,248.466394550974,4.63039454831959));
#4107=CARTESIAN_POINT('Origin',(244.450539991601,248.466394550974,4.63039454831959));
#4108=CARTESIAN_POINT('Ctrl Pts',(235.4505399916,248.466394550983,3.13039454831959));
#4109=CARTESIAN_POINT('Ctrl Pts',(235.4505399916,248.466394550983,4.63039454831959));
#4110=CARTESIAN_POINT('Ctrl Pts',(235.4505399916,248.466394550983,7.63039454831959));
#4111=CARTESIAN_POINT('Ctrl Pts',(235.4505399916,248.466394550983,15.1303945483196));
#4112=CARTESIAN_POINT('Ctrl Pts',(253.4505399916,248.466394550974,3.13039454831959));
#4113=CARTESIAN_POINT('Ctrl Pts',(253.4505399916,248.466394550974,4.63039454831959));
#4114=CARTESIAN_POINT('Ctrl Pts',(253.4505399916,248.466394550974,7.63039454831959));
#4115=CARTESIAN_POINT('Ctrl Pts',(253.4505399916,248.466394550974,15.1303945483196));
#4116=CARTESIAN_POINT('Ctrl Pts',(302.450539991601,248.466394550956,3.13039454831959));
#4117=CARTESIAN_POINT('Ctrl Pts',(302.450539991601,248.466394550956,4.63039454831959));
#4118=CARTESIAN_POINT('Ctrl Pts',(302.450539991601,248.466394550956,7.63039454831959));
#4119=CARTESIAN_POINT('Ctrl Pts',(302.450539991601,248.466394550956,15.1303945483196));
#4120=CARTESIAN_POINT('Ctrl Pts',(260.2598997427,248.466394550974,4.63039454831959));
#4121=CARTESIAN_POINT('Ctrl Pts',(259.866902640608,248.466394550974,4.63039454831959));
#4122=CARTESIAN_POINT('Ctrl Pts',(259.473905538516,248.466394550974,4.63039454831959));
#4123=CARTESIAN_POINT('Ctrl Pts',(259.080908436426,248.466394550974,4.63039454831959));
#4124=CARTESIAN_POINT('Origin',(244.450539991601,248.466394550974,4.63039454831959));
#4125=CARTESIAN_POINT('',(244.450539991601,247.816394550973,4.63039454831959));
#4126=CARTESIAN_POINT('Origin',(244.450539991601,247.816394550973,6.13039454831959));
#4127=UNCERTAINTY_MEASURE_WITH_UNIT(LENGTH_MEASURE(0.01),#4131,
'DISTANCE_ACCURACY_VALUE',
'Maximum model space distance between geometric entities at asserted c
onnectivities');
#4128=UNCERTAINTY_MEASURE_WITH_UNIT(LENGTH_MEASURE(0.01),#4131,
'DISTANCE_ACCURACY_VALUE',
'Maximum model space distance between geometric entities at asserted c
onnectivities');
#4129=(
GEOMETRIC_REPRESENTATION_CONTEXT(3)
GLOBAL_UNCERTAINTY_ASSIGNED_CONTEXT((#4127))
GLOBAL_UNIT_ASSIGNED_CONTEXT((#4131,#4133,#4134))
REPRESENTATION_CONTEXT('','3D')
);
#4130=(
GEOMETRIC_REPRESENTATION_CONTEXT(3)
GLOBAL_UNCERTAINTY_ASSIGNED_CONTEXT((#4128))
GLOBAL_UNIT_ASSIGNED_CONTEXT((#4131,#4133,#4134))
REPRESENTATION_CONTEXT('','3D')
);
#4131=(
LENGTH_UNIT()
NAMED_UNIT(*)
SI_UNIT(.MILLI.,.METRE.)
);
#4132=(
LENGTH_UNIT()
NAMED_UNIT(*)
SI_UNIT($,.METRE.)
);
#4133=(
NAMED_UNIT(*)
PLANE_ANGLE_UNIT()
SI_UNIT($,.RADIAN.)
);
#4134=(
NAMED_UNIT(*)
SI_UNIT($,.STERADIAN.)
SOLID_ANGLE_UNIT()
);
#4135=SHAPE_DEFINITION_REPRESENTATION(#4136,#4137);
#4136=PRODUCT_DEFINITION_SHAPE('',$,#4139);
#4137=SHAPE_REPRESENTATION('',(#1973,#1960),#4129);
#4138=PRODUCT_DEFINITION_CONTEXT('part definition',#4143,'design');
#4139=PRODUCT_DEFINITION(
'_CHERRYMX CAD_CAM KEYCAPS.0a65399a-5414-456f-92bb-ff9080eeff1a',
'_CHERRYMX CAD_CAM KEYCAPS.0a65399a-5414-456f-92bb-ff9080eeff1a',#4140,
#4138);
#4140=PRODUCT_DEFINITION_FORMATION('',$,#4145);
#4141=PRODUCT_RELATED_PRODUCT_CATEGORY(
'_CHERRYMX CAD_CAM KEYCAPS.0a65399a-5414-456f-92bb-ff9080eeff1a',
'_CHERRYMX CAD_CAM KEYCAPS.0a65399a-5414-456f-92bb-ff9080eeff1a',(#4145));
#4142=APPLICATION_PROTOCOL_DEFINITION('international standard',
'automotive_design',2009,#4143);
#4143=APPLICATION_CONTEXT(
'Core Data for Automotive Mechanical Design Process');
#4144=PRODUCT_CONTEXT('part definition',#4143,'mechanical');
#4145=PRODUCT(
'_CHERRYMX CAD_CAM KEYCAPS.0a65399a-5414-456f-92bb-ff9080eeff1a',
'_CHERRYMX CAD_CAM KEYCAPS.0a65399a-5414-456f-92bb-ff9080eeff1a',$,(#4144));
#4146=PRESENTATION_STYLE_ASSIGNMENT((#4148));
#4147=PRESENTATION_STYLE_ASSIGNMENT((#4149));
#4148=SURFACE_STYLE_USAGE(.BOTH.,#4150);
#4149=SURFACE_STYLE_USAGE(.BOTH.,#4151);
#4150=SURFACE_SIDE_STYLE('',(#4152));
#4151=SURFACE_SIDE_STYLE('',(#4153));
#4152=SURFACE_STYLE_FILL_AREA(#4154);
#4153=SURFACE_STYLE_FILL_AREA(#4155);
#4154=FILL_AREA_STYLE('Steel - Satin',(#4156));
#4155=FILL_AREA_STYLE('Generic',(#4157));
#4156=FILL_AREA_STYLE_COLOUR('Steel - Satin',#4158);
#4157=FILL_AREA_STYLE_COLOUR('Generic',#4159);
#4158=COLOUR_RGB('Steel - Satin',0.627450980392157,0.627450980392157,0.627450980392157);
#4159=COLOUR_RGB('Generic',1.,1.,1.);
ENDSEC;
END-ISO-10303-21;
