ISO-10303-21;
HEADER;
/* Generated by software containing ST-Developer
 * from STEP Tools, Inc. (www.steptools.com) 
 */

FILE_DESCRIPTION(
/* description */ (''),
/* implementation_level */ '2;1');

FILE_NAME(
/* name */ 'k7u.step',
/* time_stamp */ '2026-05-03T22:45:21-07:00',
/* author */ (''),
/* organization */ (''),
/* preprocessor_version */ 'ST-DEVELOPER v20.1',
/* originating_system */ 'Autodesk Translation Framework v14.24.0.0',
/* authorisation */ '');

FILE_SCHEMA (('AUTOMOTIVE_DESIGN { 1 0 10303 214 3 1 1 }'));
ENDSEC;

DATA;
#10=MECHANICAL_DESIGN_GEOMETRIC_PRESENTATION_REPRESENTATION('',(#530,#531),
#5888);
#11=SHAPE_REPRESENTATION_RELATIONSHIP('SRR','None',#5895,#12);
#12=ADVANCED_BREP_SHAPE_REPRESENTATION('',(#13),#5887);
#13=MANIFOLD_SOLID_BREP('Body32',#529);
#14=CYLINDRICAL_SURFACE('',#2631,3.);
#15=CYLINDRICAL_SURFACE('',#2644,3.);
#16=CYLINDRICAL_SURFACE('',#2696,3.);
#17=FACE_BOUND('',#672,.T.);
#18=FACE_BOUND('',#685,.T.);
#19=FACE_BOUND('',#710,.T.);
#20=FACE_BOUND('',#769,.T.);
#21=LINE('',#3179,#216);
#22=LINE('',#3181,#217);
#23=LINE('',#3183,#218);
#24=LINE('',#3185,#219);
#25=LINE('',#3187,#220);
#26=LINE('',#3189,#221);
#27=LINE('',#3191,#222);
#28=LINE('',#3193,#223);
#29=LINE('',#3195,#224);
#30=LINE('',#3197,#225);
#31=LINE('',#3199,#226);
#32=LINE('',#3200,#227);
#33=LINE('',#3203,#228);
#34=LINE('',#3209,#229);
#35=LINE('',#3212,#230);
#36=LINE('',#3220,#231);
#37=LINE('',#3223,#232);
#38=LINE('',#3225,#233);
#39=LINE('',#3234,#234);
#40=LINE('',#3240,#235);
#41=LINE('',#3316,#236);
#42=LINE('',#3317,#237);
#43=LINE('',#3318,#238);
#44=LINE('',#3394,#239);
#45=LINE('',#3396,#240);
#46=LINE('',#3397,#241);
#47=LINE('',#3463,#242);
#48=LINE('',#3464,#243);
#49=LINE('',#3465,#244);
#50=LINE('',#3469,#245);
#51=LINE('',#3474,#246);
#52=LINE('',#3496,#247);
#53=LINE('',#3514,#248);
#54=LINE('',#3518,#249);
#55=LINE('',#3520,#250);
#56=LINE('',#3522,#251);
#57=LINE('',#3524,#252);
#58=LINE('',#3526,#253);
#59=LINE('',#3528,#254);
#60=LINE('',#3530,#255);
#61=LINE('',#3532,#256);
#62=LINE('',#3541,#257);
#63=LINE('',#3543,#258);
#64=LINE('',#3545,#259);
#65=LINE('',#3552,#260);
#66=LINE('',#3553,#261);
#67=LINE('',#3563,#262);
#68=LINE('',#3571,#263);
#69=LINE('',#3572,#264);
#70=LINE('',#3786,#265);
#71=LINE('',#3787,#266);
#72=LINE('',#3790,#267);
#73=LINE('',#3798,#268);
#74=LINE('',#3800,#269);
#75=LINE('',#3809,#270);
#76=LINE('',#3811,#271);
#77=LINE('',#3828,#272);
#78=LINE('',#3830,#273);
#79=LINE('',#3832,#274);
#80=LINE('',#3841,#275);
#81=LINE('',#3843,#276);
#82=LINE('',#3845,#277);
#83=LINE('',#3854,#278);
#84=LINE('',#3856,#279);
#85=LINE('',#3858,#280);
#86=LINE('',#3893,#281);
#87=LINE('',#3895,#282);
#88=LINE('',#3896,#283);
#89=LINE('',#3899,#284);
#90=LINE('',#3911,#285);
#91=LINE('',#3918,#286);
#92=LINE('',#4045,#287);
#93=LINE('',#4051,#288);
#94=LINE('',#4053,#289);
#95=LINE('',#4055,#290);
#96=LINE('',#4057,#291);
#97=LINE('',#4098,#292);
#98=LINE('',#4100,#293);
#99=LINE('',#4102,#294);
#100=LINE('',#4111,#295);
#101=LINE('',#4113,#296);
#102=LINE('',#4115,#297);
#103=LINE('',#4124,#298);
#104=LINE('',#4126,#299);
#105=LINE('',#4128,#300);
#106=LINE('',#4145,#301);
#107=LINE('',#4147,#302);
#108=LINE('',#4155,#303);
#109=LINE('',#4166,#304);
#110=LINE('',#4168,#305);
#111=LINE('',#4169,#306);
#112=LINE('',#4173,#307);
#113=LINE('',#4175,#308);
#114=LINE('',#4177,#309);
#115=LINE('',#4192,#310);
#116=LINE('',#4194,#311);
#117=LINE('',#4195,#312);
#118=LINE('',#4199,#313);
#119=LINE('',#4201,#314);
#120=LINE('',#4203,#315);
#121=LINE('',#4212,#316);
#122=LINE('',#4216,#317);
#123=LINE('',#4263,#318);
#124=LINE('',#4300,#319);
#125=LINE('',#4347,#320);
#126=LINE('',#4401,#321);
#127=LINE('',#4403,#322);
#128=LINE('',#4404,#323);
#129=LINE('',#4481,#324);
#130=LINE('',#4483,#325);
#131=LINE('',#4484,#326);
#132=LINE('',#4487,#327);
#133=LINE('',#4489,#328);
#134=LINE('',#4490,#329);
#135=LINE('',#4496,#330);
#136=LINE('',#4498,#331);
#137=LINE('',#4500,#332);
#138=LINE('',#4502,#333);
#139=LINE('',#4504,#334);
#140=LINE('',#4505,#335);
#141=LINE('',#4506,#336);
#142=LINE('',#4507,#337);
#143=LINE('',#4508,#338);
#144=LINE('',#4510,#339);
#145=LINE('',#4511,#340);
#146=LINE('',#4515,#341);
#147=LINE('',#4519,#342);
#148=LINE('',#4560,#343);
#149=LINE('',#4597,#344);
#150=LINE('',#4601,#345);
#151=LINE('',#4632,#346);
#152=LINE('',#4673,#347);
#153=LINE('',#4676,#348);
#154=LINE('',#4677,#349);
#155=LINE('',#4683,#350);
#156=LINE('',#4750,#351);
#157=LINE('',#4834,#352);
#158=LINE('',#4836,#353);
#159=LINE('',#4886,#354);
#160=LINE('',#4887,#355);
#161=LINE('',#4899,#356);
#162=LINE('',#4979,#357);
#163=LINE('',#4980,#358);
#164=LINE('',#4988,#359);
#165=LINE('',#4989,#360);
#166=LINE('',#4992,#361);
#167=LINE('',#4993,#362);
#168=LINE('',#5001,#363);
#169=LINE('',#5002,#364);
#170=LINE('',#5004,#365);
#171=LINE('',#5010,#366);
#172=LINE('',#5012,#367);
#173=LINE('',#5013,#368);
#174=LINE('',#5019,#369);
#175=LINE('',#5021,#370);
#176=LINE('',#5027,#371);
#177=LINE('',#5038,#372);
#178=LINE('',#5045,#373);
#179=LINE('',#5065,#374);
#180=LINE('',#5102,#375);
#181=LINE('',#5182,#376);
#182=LINE('',#5188,#377);
#183=LINE('',#5393,#378);
#184=LINE('',#5396,#379);
#185=LINE('',#5401,#380);
#186=LINE('',#5403,#381);
#187=LINE('',#5404,#382);
#188=LINE('',#5406,#383);
#189=LINE('',#5407,#384);
#190=LINE('',#5409,#385);
#191=LINE('',#5410,#386);
#192=LINE('',#5412,#387);
#193=LINE('',#5415,#388);
#194=LINE('',#5418,#389);
#195=LINE('',#5707,#390);
#196=LINE('',#5724,#391);
#197=LINE('',#5747,#392);
#198=LINE('',#5752,#393);
#199=LINE('',#5755,#394);
#200=LINE('',#5766,#395);
#201=LINE('',#5768,#396);
#202=LINE('',#5771,#397);
#203=LINE('',#5772,#398);
#204=LINE('',#5787,#399);
#205=LINE('',#5790,#400);
#206=LINE('',#5791,#401);
#207=LINE('',#5795,#402);
#208=LINE('',#5796,#403);
#209=LINE('',#5817,#404);
#210=LINE('',#5819,#405);
#211=LINE('',#5836,#406);
#212=LINE('',#5838,#407);
#213=LINE('',#5842,#408);
#214=LINE('',#5844,#409);
#215=LINE('',#5883,#410);
#216=VECTOR('',#2724,1.);
#217=VECTOR('',#2725,1.);
#218=VECTOR('',#2726,1.);
#219=VECTOR('',#2727,1.);
#220=VECTOR('',#2728,1.);
#221=VECTOR('',#2729,1.);
#222=VECTOR('',#2730,1.);
#223=VECTOR('',#2731,1.);
#224=VECTOR('',#2732,1.);
#225=VECTOR('',#2733,1.);
#226=VECTOR('',#2734,1.);
#227=VECTOR('',#2735,1.);
#228=VECTOR('',#2738,1.);
#229=VECTOR('',#2739,1.);
#230=VECTOR('',#2742,1.);
#231=VECTOR('',#2743,1.);
#232=VECTOR('',#2746,1.);
#233=VECTOR('',#2747,1.);
#234=VECTOR('',#2750,1.);
#235=VECTOR('',#2751,1.);
#236=VECTOR('',#2754,1.);
#237=VECTOR('',#2755,1.);
#238=VECTOR('',#2756,1.);
#239=VECTOR('',#2759,9.9618857786929);
#240=VECTOR('',#2760,1.);
#241=VECTOR('',#2761,9.9618857786929);
#242=VECTOR('',#2772,1.);
#243=VECTOR('',#2773,7.43817484387424);
#244=VECTOR('',#2774,7.43817484387424);
#245=VECTOR('',#2777,1.);
#246=VECTOR('',#2782,1.);
#247=VECTOR('',#2787,1.);
#248=VECTOR('',#2788,1.);
#249=VECTOR('',#2791,1.);
#250=VECTOR('',#2792,1.);
#251=VECTOR('',#2793,1.);
#252=VECTOR('',#2794,1.);
#253=VECTOR('',#2795,1.);
#254=VECTOR('',#2796,1.);
#255=VECTOR('',#2797,1.);
#256=VECTOR('',#2798,1.);
#257=VECTOR('',#2801,1.);
#258=VECTOR('',#2802,1.);
#259=VECTOR('',#2803,1.);
#260=VECTOR('',#2804,1.);
#261=VECTOR('',#2805,1.);
#262=VECTOR('',#2808,1.);
#263=VECTOR('',#2811,1.);
#264=VECTOR('',#2812,1.);
#265=VECTOR('',#2817,7.14901528435214);
#266=VECTOR('',#2818,9.82900033968235);
#267=VECTOR('',#2821,1.);
#268=VECTOR('',#2822,1.);
#269=VECTOR('',#2823,1.);
#270=VECTOR('',#2824,1.);
#271=VECTOR('',#2825,1.);
#272=VECTOR('',#2826,1.);
#273=VECTOR('',#2827,1.);
#274=VECTOR('',#2828,1.);
#275=VECTOR('',#2829,1.);
#276=VECTOR('',#2830,1.);
#277=VECTOR('',#2831,1.);
#278=VECTOR('',#2832,1.);
#279=VECTOR('',#2833,1.);
#280=VECTOR('',#2834,1.);
#281=VECTOR('',#2835,1.);
#282=VECTOR('',#2836,1.);
#283=VECTOR('',#2837,1.);
#284=VECTOR('',#2840,1.);
#285=VECTOR('',#2845,1.);
#286=VECTOR('',#2848,1.);
#287=VECTOR('',#2851,1.);
#288=VECTOR('',#2852,1.);
#289=VECTOR('',#2853,1.);
#290=VECTOR('',#2854,1.);
#291=VECTOR('',#2855,1.);
#292=VECTOR('',#2856,1.);
#293=VECTOR('',#2857,1.);
#294=VECTOR('',#2858,1.);
#295=VECTOR('',#2859,1.);
#296=VECTOR('',#2860,1.);
#297=VECTOR('',#2861,1.);
#298=VECTOR('',#2862,1.);
#299=VECTOR('',#2863,1.);
#300=VECTOR('',#2864,1.);
#301=VECTOR('',#2865,1.);
#302=VECTOR('',#2866,1.);
#303=VECTOR('',#2867,1.);
#304=VECTOR('',#2870,1.);
#305=VECTOR('',#2871,1.);
#306=VECTOR('',#2872,1.);
#307=VECTOR('',#2875,1.);
#308=VECTOR('',#2876,1.);
#309=VECTOR('',#2877,1.);
#310=VECTOR('',#2880,1.);
#311=VECTOR('',#2881,1.);
#312=VECTOR('',#2882,1.);
#313=VECTOR('',#2885,1.);
#314=VECTOR('',#2886,1.);
#315=VECTOR('',#2887,1.);
#316=VECTOR('',#2892,3.);
#317=VECTOR('',#2895,1.);
#318=VECTOR('',#2896,1.);
#319=VECTOR('',#2897,1.);
#320=VECTOR('',#2900,1.);
#321=VECTOR('',#2907,1.);
#322=VECTOR('',#2908,1.);
#323=VECTOR('',#2909,1.);
#324=VECTOR('',#2912,1.);
#325=VECTOR('',#2913,1.);
#326=VECTOR('',#2914,1.);
#327=VECTOR('',#2917,1.);
#328=VECTOR('',#2918,1.);
#329=VECTOR('',#2919,1.);
#330=VECTOR('',#2924,1.);
#331=VECTOR('',#2925,1.);
#332=VECTOR('',#2926,1.);
#333=VECTOR('',#2927,1.);
#334=VECTOR('',#2928,1.);
#335=VECTOR('',#2929,1.);
#336=VECTOR('',#2930,1.);
#337=VECTOR('',#2931,1.);
#338=VECTOR('',#2932,1.);
#339=VECTOR('',#2935,1.);
#340=VECTOR('',#2936,1.);
#341=VECTOR('',#2941,3.);
#342=VECTOR('',#2944,1.);
#343=VECTOR('',#2947,1.);
#344=VECTOR('',#2948,1.);
#345=VECTOR('',#2951,1.);
#346=VECTOR('',#2952,1.);
#347=VECTOR('',#2955,1.);
#348=VECTOR('',#2960,1.);
#349=VECTOR('',#2961,1.);
#350=VECTOR('',#2964,1.);
#351=VECTOR('',#2969,1.);
#352=VECTOR('',#2974,1.);
#353=VECTOR('',#2977,1.);
#354=VECTOR('',#2982,1.);
#355=VECTOR('',#2983,1.);
#356=VECTOR('',#2990,1.);
#357=VECTOR('',#2995,1.);
#358=VECTOR('',#2996,1.);
#359=VECTOR('',#2999,1.);
#360=VECTOR('',#3000,1.);
#361=VECTOR('',#3003,1.);
#362=VECTOR('',#3004,1.);
#363=VECTOR('',#3007,1.);
#364=VECTOR('',#3008,1.);
#365=VECTOR('',#3011,1.);
#366=VECTOR('',#3014,1.);
#367=VECTOR('',#3015,1.);
#368=VECTOR('',#3016,1.);
#369=VECTOR('',#3017,1.);
#370=VECTOR('',#3018,1.);
#371=VECTOR('',#3019,1.);
#372=VECTOR('',#3022,1.);
#373=VECTOR('',#3025,1.);
#374=VECTOR('',#3026,1.);
#375=VECTOR('',#3031,1.);
#376=VECTOR('',#3038,1.);
#377=VECTOR('',#3039,1.);
#378=VECTOR('',#3042,1.);
#379=VECTOR('',#3047,1.);
#380=VECTOR('',#3056,1.);
#381=VECTOR('',#3057,1.);
#382=VECTOR('',#3058,1.);
#383=VECTOR('',#3059,1.);
#384=VECTOR('',#3060,1.);
#385=VECTOR('',#3061,1.);
#386=VECTOR('',#3062,1.);
#387=VECTOR('',#3065,1.);
#388=VECTOR('',#3070,1.);
#389=VECTOR('',#3075,1.);
#390=VECTOR('',#3084,9.82900033968235);
#391=VECTOR('',#3085,7.14901528435214);
#392=VECTOR('',#3090,1.);
#393=VECTOR('',#3097,3.);
#394=VECTOR('',#3100,1.);
#395=VECTOR('',#3103,1.);
#396=VECTOR('',#3104,1.);
#397=VECTOR('',#3107,1.);
#398=VECTOR('',#3108,1.);
#399=VECTOR('',#3109,1.);
#400=VECTOR('',#3114,1.);
#401=VECTOR('',#3115,1.);
#402=VECTOR('',#3122,1.);
#403=VECTOR('',#3123,1.);
#404=VECTOR('',#3132,1.);
#405=VECTOR('',#3135,1.);
#406=VECTOR('',#3136,1.);
#407=VECTOR('',#3139,1.);
#408=VECTOR('',#3146,1.);
#409=VECTOR('',#3149,1.);
#410=VECTOR('',#3154,1.);
#411=CIRCLE('',#2598,3.);
#412=CIRCLE('',#2605,0.25);
#413=CIRCLE('',#2606,0.25);
#414=CIRCLE('',#2607,0.25);
#415=CIRCLE('',#2608,0.250000000000018);
#416=CIRCLE('',#2611,0.250000000000002);
#417=CIRCLE('',#2612,0.250000000000002);
#418=CIRCLE('',#2613,0.250000000000002);
#419=CIRCLE('',#2614,0.250000000000002);
#420=CIRCLE('',#2616,3.);
#421=CIRCLE('',#2617,3.);
#422=CIRCLE('',#2619,0.24999999999916);
#423=CIRCLE('',#2620,0.250000000000187);
#424=CIRCLE('',#2632,3.);
#425=CIRCLE('',#2633,3.);
#426=CIRCLE('',#2634,3.);
#427=CIRCLE('',#2635,3.);
#428=CIRCLE('',#2636,3.);
#429=CIRCLE('',#2641,3.);
#430=CIRCLE('',#2645,3.);
#431=CIRCLE('',#2646,3.);
#432=CIRCLE('',#2647,3.);
#433=CIRCLE('',#2648,3.);
#434=CIRCLE('',#2649,3.);
#435=CIRCLE('',#2690,0.25);
#436=CIRCLE('',#2691,0.25);
#437=CIRCLE('',#2697,3.);
#438=CIRCLE('',#2698,3.);
#439=CIRCLE('',#2699,3.);
#440=CIRCLE('',#2700,3.);
#441=PLANE('',#2597);
#442=PLANE('',#2599);
#443=PLANE('',#2600);
#444=PLANE('',#2601);
#445=PLANE('',#2602);
#446=PLANE('',#2603);
#447=PLANE('',#2604);
#448=PLANE('',#2609);
#449=PLANE('',#2610);
#450=PLANE('',#2615);
#451=PLANE('',#2618);
#452=PLANE('',#2621);
#453=PLANE('',#2622);
#454=PLANE('',#2623);
#455=PLANE('',#2624);
#456=PLANE('',#2625);
#457=PLANE('',#2626);
#458=PLANE('',#2627);
#459=PLANE('',#2628);
#460=PLANE('',#2629);
#461=PLANE('',#2630);
#462=PLANE('',#2637);
#463=PLANE('',#2638);
#464=PLANE('',#2639);
#465=PLANE('',#2640);
#466=PLANE('',#2642);
#467=PLANE('',#2643);
#468=PLANE('',#2650);
#469=PLANE('',#2651);
#470=PLANE('',#2652);
#471=PLANE('',#2653);
#472=PLANE('',#2654);
#473=PLANE('',#2655);
#474=PLANE('',#2656);
#475=PLANE('',#2657);
#476=PLANE('',#2658);
#477=PLANE('',#2659);
#478=PLANE('',#2660);
#479=PLANE('',#2661);
#480=PLANE('',#2662);
#481=PLANE('',#2663);
#482=PLANE('',#2664);
#483=PLANE('',#2665);
#484=PLANE('',#2666);
#485=PLANE('',#2667);
#486=PLANE('',#2668);
#487=PLANE('',#2669);
#488=PLANE('',#2670);
#489=PLANE('',#2671);
#490=PLANE('',#2672);
#491=PLANE('',#2673);
#492=PLANE('',#2674);
#493=PLANE('',#2675);
#494=PLANE('',#2676);
#495=PLANE('',#2677);
#496=PLANE('',#2678);
#497=PLANE('',#2679);
#498=PLANE('',#2680);
#499=PLANE('',#2681);
#500=PLANE('',#2682);
#501=PLANE('',#2683);
#502=PLANE('',#2684);
#503=PLANE('',#2685);
#504=PLANE('',#2686);
#505=PLANE('',#2687);
#506=PLANE('',#2688);
#507=PLANE('',#2689);
#508=PLANE('',#2692);
#509=PLANE('',#2693);
#510=PLANE('',#2694);
#511=PLANE('',#2695);
#512=PLANE('',#2701);
#513=PLANE('',#2702);
#514=PLANE('',#2703);
#515=PLANE('',#2704);
#516=PLANE('',#2705);
#517=PLANE('',#2706);
#518=PLANE('',#2707);
#519=PLANE('',#2708);
#520=PLANE('',#2709);
#521=PLANE('',#2710);
#522=PLANE('',#2711);
#523=PLANE('',#2712);
#524=PLANE('',#2713);
#525=PLANE('',#2714);
#526=PLANE('',#2715);
#527=PLANE('',#2716);
#528=PLANE('',#2717);
#529=CLOSED_SHELL('',(#2445,#2446,#2447,#2448,#2449,#2450,#2451,#2452,#2453,
#2454,#2455,#2456,#2457,#2458,#2459,#2460,#2461,#2462,#2463,#2464,#2465,
#2466,#2467,#2468,#2469,#2470,#2471,#2472,#2473,#2474,#2475,#2476,#2477,
#2478,#2479,#2480,#2481,#2482,#2483,#2484,#2485,#2486,#2487,#2488,#2489,
#2490,#2491,#2492,#2493,#2494,#2495,#2496,#2497,#2498,#2499,#2500,#2501,
#2502,#2503,#2504,#2505,#2506,#2507,#2508,#2509,#2510,#2511,#2512,#2513,
#2514,#2515,#2516,#2517,#2518,#2519,#2520,#2521,#2522,#2523,#2524,#2525,
#2526,#2527,#2528,#2529,#2530,#2531,#2532,#2533,#2534,#2535,#2536,#2537,
#2538,#2539,#2540,#2541,#2542,#2543,#2544,#2545,#2546,#2547,#2548,#2549,
#2550,#2551,#2552,#2553,#2554,#2555,#2556,#2557,#2558,#2559,#2560,#2561,
#2562,#2563,#2564,#2565,#2566,#2567,#2568,#2569,#2570,#2571,#2572,#2573,
#2574,#2575,#2576,#2577,#2578,#2579,#2580,#2581));
#530=STYLED_ITEM('',(#5905),#2583);
#531=STYLED_ITEM('',(#5905),#13);
#532=FACE_OUTER_BOUND('',#670,.T.);
#533=FACE_OUTER_BOUND('',#671,.T.);
#534=FACE_OUTER_BOUND('',#673,.T.);
#535=FACE_OUTER_BOUND('',#674,.T.);
#536=FACE_OUTER_BOUND('',#675,.T.);
#537=FACE_OUTER_BOUND('',#676,.T.);
#538=FACE_OUTER_BOUND('',#677,.T.);
#539=FACE_OUTER_BOUND('',#678,.T.);
#540=FACE_OUTER_BOUND('',#679,.T.);
#541=FACE_OUTER_BOUND('',#680,.T.);
#542=FACE_OUTER_BOUND('',#681,.T.);
#543=FACE_OUTER_BOUND('',#682,.T.);
#544=FACE_OUTER_BOUND('',#683,.T.);
#545=FACE_OUTER_BOUND('',#684,.T.);
#546=FACE_OUTER_BOUND('',#686,.T.);
#547=FACE_OUTER_BOUND('',#687,.T.);
#548=FACE_OUTER_BOUND('',#688,.T.);
#549=FACE_OUTER_BOUND('',#689,.T.);
#550=FACE_OUTER_BOUND('',#690,.T.);
#551=FACE_OUTER_BOUND('',#691,.T.);
#552=FACE_OUTER_BOUND('',#692,.T.);
#553=FACE_OUTER_BOUND('',#693,.T.);
#554=FACE_OUTER_BOUND('',#694,.T.);
#555=FACE_OUTER_BOUND('',#695,.T.);
#556=FACE_OUTER_BOUND('',#696,.T.);
#557=FACE_OUTER_BOUND('',#697,.T.);
#558=FACE_OUTER_BOUND('',#698,.T.);
#559=FACE_OUTER_BOUND('',#699,.T.);
#560=FACE_OUTER_BOUND('',#700,.T.);
#561=FACE_OUTER_BOUND('',#701,.T.);
#562=FACE_OUTER_BOUND('',#702,.T.);
#563=FACE_OUTER_BOUND('',#703,.T.);
#564=FACE_OUTER_BOUND('',#704,.T.);
#565=FACE_OUTER_BOUND('',#705,.T.);
#566=FACE_OUTER_BOUND('',#706,.T.);
#567=FACE_OUTER_BOUND('',#707,.T.);
#568=FACE_OUTER_BOUND('',#708,.T.);
#569=FACE_OUTER_BOUND('',#709,.T.);
#570=FACE_OUTER_BOUND('',#711,.T.);
#571=FACE_OUTER_BOUND('',#712,.T.);
#572=FACE_OUTER_BOUND('',#713,.T.);
#573=FACE_OUTER_BOUND('',#714,.T.);
#574=FACE_OUTER_BOUND('',#715,.T.);
#575=FACE_OUTER_BOUND('',#716,.T.);
#576=FACE_OUTER_BOUND('',#717,.T.);
#577=FACE_OUTER_BOUND('',#718,.T.);
#578=FACE_OUTER_BOUND('',#719,.T.);
#579=FACE_OUTER_BOUND('',#720,.T.);
#580=FACE_OUTER_BOUND('',#721,.T.);
#581=FACE_OUTER_BOUND('',#722,.T.);
#582=FACE_OUTER_BOUND('',#723,.T.);
#583=FACE_OUTER_BOUND('',#724,.T.);
#584=FACE_OUTER_BOUND('',#725,.T.);
#585=FACE_OUTER_BOUND('',#726,.T.);
#586=FACE_OUTER_BOUND('',#727,.T.);
#587=FACE_OUTER_BOUND('',#728,.T.);
#588=FACE_OUTER_BOUND('',#729,.T.);
#589=FACE_OUTER_BOUND('',#730,.T.);
#590=FACE_OUTER_BOUND('',#731,.T.);
#591=FACE_OUTER_BOUND('',#732,.T.);
#592=FACE_OUTER_BOUND('',#733,.T.);
#593=FACE_OUTER_BOUND('',#734,.T.);
#594=FACE_OUTER_BOUND('',#735,.T.);
#595=FACE_OUTER_BOUND('',#736,.T.);
#596=FACE_OUTER_BOUND('',#737,.T.);
#597=FACE_OUTER_BOUND('',#738,.T.);
#598=FACE_OUTER_BOUND('',#739,.T.);
#599=FACE_OUTER_BOUND('',#740,.T.);
#600=FACE_OUTER_BOUND('',#741,.T.);
#601=FACE_OUTER_BOUND('',#742,.T.);
#602=FACE_OUTER_BOUND('',#743,.T.);
#603=FACE_OUTER_BOUND('',#744,.T.);
#604=FACE_OUTER_BOUND('',#745,.T.);
#605=FACE_OUTER_BOUND('',#746,.T.);
#606=FACE_OUTER_BOUND('',#747,.T.);
#607=FACE_OUTER_BOUND('',#748,.T.);
#608=FACE_OUTER_BOUND('',#749,.T.);
#609=FACE_OUTER_BOUND('',#750,.T.);
#610=FACE_OUTER_BOUND('',#751,.T.);
#611=FACE_OUTER_BOUND('',#752,.T.);
#612=FACE_OUTER_BOUND('',#753,.T.);
#613=FACE_OUTER_BOUND('',#754,.T.);
#614=FACE_OUTER_BOUND('',#755,.T.);
#615=FACE_OUTER_BOUND('',#756,.T.);
#616=FACE_OUTER_BOUND('',#757,.T.);
#617=FACE_OUTER_BOUND('',#758,.T.);
#618=FACE_OUTER_BOUND('',#759,.T.);
#619=FACE_OUTER_BOUND('',#760,.T.);
#620=FACE_OUTER_BOUND('',#761,.T.);
#621=FACE_OUTER_BOUND('',#762,.T.);
#622=FACE_OUTER_BOUND('',#763,.T.);
#623=FACE_OUTER_BOUND('',#764,.T.);
#624=FACE_OUTER_BOUND('',#765,.T.);
#625=FACE_OUTER_BOUND('',#766,.T.);
#626=FACE_OUTER_BOUND('',#767,.T.);
#627=FACE_OUTER_BOUND('',#768,.T.);
#628=FACE_OUTER_BOUND('',#770,.T.);
#629=FACE_OUTER_BOUND('',#771,.T.);
#630=FACE_OUTER_BOUND('',#772,.T.);
#631=FACE_OUTER_BOUND('',#773,.T.);
#632=FACE_OUTER_BOUND('',#774,.T.);
#633=FACE_OUTER_BOUND('',#775,.T.);
#634=FACE_OUTER_BOUND('',#776,.T.);
#635=FACE_OUTER_BOUND('',#777,.T.);
#636=FACE_OUTER_BOUND('',#778,.T.);
#637=FACE_OUTER_BOUND('',#779,.T.);
#638=FACE_OUTER_BOUND('',#780,.T.);
#639=FACE_OUTER_BOUND('',#781,.T.);
#640=FACE_OUTER_BOUND('',#782,.T.);
#641=FACE_OUTER_BOUND('',#783,.T.);
#642=FACE_OUTER_BOUND('',#784,.T.);
#643=FACE_OUTER_BOUND('',#785,.T.);
#644=FACE_OUTER_BOUND('',#786,.T.);
#645=FACE_OUTER_BOUND('',#787,.T.);
#646=FACE_OUTER_BOUND('',#788,.T.);
#647=FACE_OUTER_BOUND('',#789,.T.);
#648=FACE_OUTER_BOUND('',#790,.T.);
#649=FACE_OUTER_BOUND('',#791,.T.);
#650=FACE_OUTER_BOUND('',#792,.T.);
#651=FACE_OUTER_BOUND('',#793,.T.);
#652=FACE_OUTER_BOUND('',#794,.T.);
#653=FACE_OUTER_BOUND('',#795,.T.);
#654=FACE_OUTER_BOUND('',#796,.T.);
#655=FACE_OUTER_BOUND('',#797,.T.);
#656=FACE_OUTER_BOUND('',#798,.T.);
#657=FACE_OUTER_BOUND('',#799,.T.);
#658=FACE_OUTER_BOUND('',#800,.T.);
#659=FACE_OUTER_BOUND('',#801,.T.);
#660=FACE_OUTER_BOUND('',#802,.T.);
#661=FACE_OUTER_BOUND('',#803,.T.);
#662=FACE_OUTER_BOUND('',#804,.T.);
#663=FACE_OUTER_BOUND('',#805,.T.);
#664=FACE_OUTER_BOUND('',#806,.T.);
#665=FACE_OUTER_BOUND('',#807,.T.);
#666=FACE_OUTER_BOUND('',#808,.T.);
#667=FACE_OUTER_BOUND('',#809,.T.);
#668=FACE_OUTER_BOUND('',#810,.T.);
#669=FACE_OUTER_BOUND('',#811,.T.);
#670=EDGE_LOOP('',(#1623,#1624,#1625,#1626));
#671=EDGE_LOOP('',(#1627));
#672=EDGE_LOOP('',(#1628,#1629,#1630,#1631,#1632,#1633,#1634,#1635,#1636,
#1637,#1638,#1639));
#673=EDGE_LOOP('',(#1640,#1641,#1642,#1643));
#674=EDGE_LOOP('',(#1644,#1645,#1646,#1647));
#675=EDGE_LOOP('',(#1648,#1649,#1650,#1651));
#676=EDGE_LOOP('',(#1652,#1653,#1654,#1655));
#677=EDGE_LOOP('',(#1656,#1657,#1658,#1659,#1660));
#678=EDGE_LOOP('',(#1661,#1662,#1663,#1664));
#679=EDGE_LOOP('',(#1665,#1666,#1667,#1668,#1669));
#680=EDGE_LOOP('',(#1670,#1671,#1672,#1673));
#681=EDGE_LOOP('',(#1674,#1675,#1676,#1677));
#682=EDGE_LOOP('',(#1678,#1679,#1680,#1681));
#683=EDGE_LOOP('',(#1682,#1683,#1684,#1685));
#684=EDGE_LOOP('',(#1686,#1687,#1688,#1689,#1690,#1691,#1692,#1693));
#685=EDGE_LOOP('',(#1694,#1695,#1696,#1697));
#686=EDGE_LOOP('',(#1698,#1699,#1700,#1701,#1702,#1703,#1704,#1705,#1706,
#1707,#1708,#1709,#1710,#1711,#1712,#1713,#1714,#1715,#1716,#1717));
#687=EDGE_LOOP('',(#1718,#1719,#1720,#1721));
#688=EDGE_LOOP('',(#1722,#1723,#1724,#1725,#1726,#1727,#1728,#1729));
#689=EDGE_LOOP('',(#1730,#1731,#1732,#1733));
#690=EDGE_LOOP('',(#1734,#1735,#1736,#1737));
#691=EDGE_LOOP('',(#1738,#1739,#1740,#1741,#1742,#1743,#1744,#1745,#1746,
#1747,#1748,#1749,#1750,#1751,#1752,#1753,#1754,#1755,#1756,#1757,#1758,
#1759,#1760,#1761,#1762,#1763,#1764,#1765,#1766,#1767,#1768,#1769));
#692=EDGE_LOOP('',(#1770,#1771,#1772,#1773));
#693=EDGE_LOOP('',(#1774,#1775,#1776,#1777));
#694=EDGE_LOOP('',(#1778,#1779,#1780,#1781));
#695=EDGE_LOOP('',(#1782,#1783,#1784,#1785));
#696=EDGE_LOOP('',(#1786,#1787,#1788,#1789));
#697=EDGE_LOOP('',(#1790,#1791,#1792,#1793));
#698=EDGE_LOOP('',(#1794,#1795,#1796,#1797,#1798));
#699=EDGE_LOOP('',(#1799,#1800,#1801,#1802,#1803,#1804,#1805,#1806,#1807,
#1808,#1809,#1810,#1811,#1812,#1813,#1814,#1815,#1816,#1817,#1818,#1819,
#1820,#1821,#1822,#1823,#1824,#1825,#1826,#1827,#1828,#1829,#1830));
#700=EDGE_LOOP('',(#1831,#1832,#1833,#1834));
#701=EDGE_LOOP('',(#1835,#1836,#1837,#1838));
#702=EDGE_LOOP('',(#1839,#1840,#1841,#1842));
#703=EDGE_LOOP('',(#1843,#1844,#1845,#1846));
#704=EDGE_LOOP('',(#1847,#1848,#1849,#1850,#1851,#1852,#1853,#1854,#1855,
#1856,#1857,#1858,#1859,#1860,#1861,#1862,#1863,#1864,#1865,#1866));
#705=EDGE_LOOP('',(#1867,#1868,#1869,#1870));
#706=EDGE_LOOP('',(#1871,#1872,#1873,#1874,#1875,#1876,#1877,#1878,#1879,
#1880,#1881,#1882));
#707=EDGE_LOOP('',(#1883,#1884,#1885,#1886));
#708=EDGE_LOOP('',(#1887,#1888,#1889,#1890));
#709=EDGE_LOOP('',(#1891));
#710=EDGE_LOOP('',(#1892,#1893,#1894,#1895,#1896,#1897,#1898,#1899,#1900,
#1901,#1902,#1903));
#711=EDGE_LOOP('',(#1904,#1905,#1906,#1907));
#712=EDGE_LOOP('',(#1908,#1909,#1910,#1911));
#713=EDGE_LOOP('',(#1912,#1913,#1914,#1915,#1916,#1917,#1918,#1919,#1920,
#1921,#1922,#1923,#1924,#1925,#1926,#1927,#1928,#1929,#1930,#1931));
#714=EDGE_LOOP('',(#1932,#1933,#1934,#1935));
#715=EDGE_LOOP('',(#1936,#1937,#1938,#1939,#1940));
#716=EDGE_LOOP('',(#1941,#1942,#1943,#1944));
#717=EDGE_LOOP('',(#1945,#1946,#1947,#1948));
#718=EDGE_LOOP('',(#1949,#1950,#1951,#1952,#1953));
#719=EDGE_LOOP('',(#1954,#1955,#1956,#1957));
#720=EDGE_LOOP('',(#1958,#1959,#1960,#1961));
#721=EDGE_LOOP('',(#1962,#1963,#1964,#1965));
#722=EDGE_LOOP('',(#1966,#1967,#1968,#1969,#1970));
#723=EDGE_LOOP('',(#1971,#1972,#1973,#1974,#1975,#1976,#1977,#1978));
#724=EDGE_LOOP('',(#1979,#1980,#1981,#1982));
#725=EDGE_LOOP('',(#1983,#1984,#1985,#1986));
#726=EDGE_LOOP('',(#1987,#1988,#1989,#1990));
#727=EDGE_LOOP('',(#1991,#1992,#1993,#1994,#1995));
#728=EDGE_LOOP('',(#1996,#1997,#1998,#1999,#2000));
#729=EDGE_LOOP('',(#2001,#2002,#2003,#2004,#2005));
#730=EDGE_LOOP('',(#2006,#2007,#2008,#2009));
#731=EDGE_LOOP('',(#2010,#2011,#2012,#2013));
#732=EDGE_LOOP('',(#2014,#2015,#2016,#2017));
#733=EDGE_LOOP('',(#2018,#2019,#2020,#2021));
#734=EDGE_LOOP('',(#2022,#2023,#2024,#2025));
#735=EDGE_LOOP('',(#2026,#2027,#2028,#2029,#2030));
#736=EDGE_LOOP('',(#2031,#2032,#2033,#2034,#2035));
#737=EDGE_LOOP('',(#2036,#2037,#2038,#2039));
#738=EDGE_LOOP('',(#2040,#2041,#2042,#2043));
#739=EDGE_LOOP('',(#2044,#2045,#2046,#2047));
#740=EDGE_LOOP('',(#2048,#2049,#2050,#2051));
#741=EDGE_LOOP('',(#2052,#2053,#2054,#2055));
#742=EDGE_LOOP('',(#2056,#2057,#2058,#2059,#2060,#2061,#2062,#2063,#2064,
#2065,#2066,#2067,#2068,#2069,#2070,#2071,#2072,#2073,#2074,#2075));
#743=EDGE_LOOP('',(#2076,#2077,#2078,#2079));
#744=EDGE_LOOP('',(#2080,#2081,#2082,#2083));
#745=EDGE_LOOP('',(#2084,#2085,#2086,#2087));
#746=EDGE_LOOP('',(#2088,#2089,#2090,#2091));
#747=EDGE_LOOP('',(#2092,#2093,#2094,#2095));
#748=EDGE_LOOP('',(#2096,#2097,#2098,#2099));
#749=EDGE_LOOP('',(#2100,#2101,#2102,#2103));
#750=EDGE_LOOP('',(#2104,#2105,#2106,#2107));
#751=EDGE_LOOP('',(#2108,#2109,#2110,#2111));
#752=EDGE_LOOP('',(#2112,#2113,#2114,#2115));
#753=EDGE_LOOP('',(#2116,#2117,#2118,#2119,#2120));
#754=EDGE_LOOP('',(#2121,#2122,#2123,#2124));
#755=EDGE_LOOP('',(#2125,#2126,#2127,#2128,#2129));
#756=EDGE_LOOP('',(#2130,#2131,#2132,#2133));
#757=EDGE_LOOP('',(#2134,#2135,#2136,#2137,#2138,#2139,#2140,#2141,#2142,
#2143,#2144,#2145));
#758=EDGE_LOOP('',(#2146,#2147,#2148,#2149,#2150,#2151,#2152,#2153,#2154,
#2155,#2156,#2157));
#759=EDGE_LOOP('',(#2158,#2159,#2160,#2161));
#760=EDGE_LOOP('',(#2162,#2163,#2164,#2165));
#761=EDGE_LOOP('',(#2166,#2167,#2168,#2169,#2170));
#762=EDGE_LOOP('',(#2171,#2172,#2173,#2174));
#763=EDGE_LOOP('',(#2175,#2176,#2177,#2178));
#764=EDGE_LOOP('',(#2179,#2180,#2181,#2182));
#765=EDGE_LOOP('',(#2183,#2184,#2185,#2186));
#766=EDGE_LOOP('',(#2187,#2188,#2189,#2190));
#767=EDGE_LOOP('',(#2191,#2192,#2193,#2194));
#768=EDGE_LOOP('',(#2195));
#769=EDGE_LOOP('',(#2196,#2197,#2198,#2199,#2200,#2201,#2202,#2203,#2204,
#2205,#2206,#2207));
#770=EDGE_LOOP('',(#2208,#2209,#2210,#2211));
#771=EDGE_LOOP('',(#2212,#2213,#2214,#2215));
#772=EDGE_LOOP('',(#2216,#2217,#2218,#2219));
#773=EDGE_LOOP('',(#2220,#2221,#2222,#2223));
#774=EDGE_LOOP('',(#2224,#2225,#2226,#2227));
#775=EDGE_LOOP('',(#2228,#2229,#2230,#2231));
#776=EDGE_LOOP('',(#2232,#2233,#2234,#2235));
#777=EDGE_LOOP('',(#2236,#2237,#2238,#2239));
#778=EDGE_LOOP('',(#2240,#2241,#2242,#2243));
#779=EDGE_LOOP('',(#2244,#2245,#2246,#2247));
#780=EDGE_LOOP('',(#2248,#2249,#2250,#2251));
#781=EDGE_LOOP('',(#2252,#2253,#2254,#2255));
#782=EDGE_LOOP('',(#2256,#2257,#2258,#2259,#2260,#2261,#2262,#2263));
#783=EDGE_LOOP('',(#2264,#2265,#2266,#2267));
#784=EDGE_LOOP('',(#2268,#2269,#2270,#2271));
#785=EDGE_LOOP('',(#2272,#2273,#2274,#2275));
#786=EDGE_LOOP('',(#2276,#2277,#2278,#2279));
#787=EDGE_LOOP('',(#2280,#2281,#2282,#2283));
#788=EDGE_LOOP('',(#2284,#2285,#2286,#2287));
#789=EDGE_LOOP('',(#2288,#2289,#2290,#2291));
#790=EDGE_LOOP('',(#2292,#2293,#2294,#2295,#2296,#2297,#2298,#2299,#2300,
#2301,#2302,#2303,#2304,#2305,#2306,#2307,#2308,#2309,#2310,#2311));
#791=EDGE_LOOP('',(#2312,#2313,#2314,#2315,#2316));
#792=EDGE_LOOP('',(#2317,#2318,#2319,#2320));
#793=EDGE_LOOP('',(#2321,#2322,#2323,#2324));
#794=EDGE_LOOP('',(#2325,#2326,#2327,#2328));
#795=EDGE_LOOP('',(#2329,#2330,#2331,#2332));
#796=EDGE_LOOP('',(#2333,#2334,#2335,#2336));
#797=EDGE_LOOP('',(#2337,#2338,#2339,#2340));
#798=EDGE_LOOP('',(#2341,#2342,#2343,#2344));
#799=EDGE_LOOP('',(#2345,#2346,#2347,#2348));
#800=EDGE_LOOP('',(#2349,#2350,#2351,#2352));
#801=EDGE_LOOP('',(#2353,#2354,#2355,#2356));
#802=EDGE_LOOP('',(#2357,#2358,#2359,#2360));
#803=EDGE_LOOP('',(#2361,#2362,#2363,#2364));
#804=EDGE_LOOP('',(#2365,#2366,#2367,#2368));
#805=EDGE_LOOP('',(#2369,#2370,#2371,#2372));
#806=EDGE_LOOP('',(#2373,#2374,#2375,#2376));
#807=EDGE_LOOP('',(#2377,#2378,#2379,#2380));
#808=EDGE_LOOP('',(#2381,#2382,#2383,#2384));
#809=EDGE_LOOP('',(#2385,#2386,#2387,#2388));
#810=EDGE_LOOP('',(#2389,#2390,#2391,#2392));
#811=EDGE_LOOP('',(#2393,#2394,#2395,#2396));
#812=B_SPLINE_CURVE_WITH_KNOTS('',1,(#3164,#3165),.UNSPECIFIED.,.F.,.F.,
(2,2),(0.,0.59999999999998),.UNSPECIFIED.);
#813=B_SPLINE_CURVE_WITH_KNOTS('',1,(#3167,#3168),.UNSPECIFIED.,.F.,.F.,
(2,2),(0.,1.),.UNSPECIFIED.);
#814=B_SPLINE_CURVE_WITH_KNOTS('',1,(#3170,#3171),.UNSPECIFIED.,.F.,.F.,
(2,2),(0.,0.59999999999998),.UNSPECIFIED.);
#815=B_SPLINE_CURVE_WITH_KNOTS('',1,(#3172,#3173),.UNSPECIFIED.,.F.,.F.,
(2,2),(0.,1.),.UNSPECIFIED.);
#816=B_SPLINE_CURVE_WITH_KNOTS('',3,(#3205,#3206,#3207,#3208),
 .UNSPECIFIED.,.F.,.F.,(4,4),(0.226460036925091,0.251274569960755),
 .UNSPECIFIED.);
#817=B_SPLINE_CURVE_WITH_KNOTS('',3,(#3214,#3215,#3216,#3217,#3218,#3219),
 .UNSPECIFIED.,.F.,.F.,(4,2,4),(1.49999999998954,2.00000000001819,2.49999999997758),
 .UNSPECIFIED.);
#818=B_SPLINE_CURVE_WITH_KNOTS('',3,(#3226,#3227,#3228,#3229,#3230,#3231),
 .UNSPECIFIED.,.F.,.F.,(4,2,4),(1.49999999998226,2.00000000001819,2.49999999997317),
 .UNSPECIFIED.);
#819=B_SPLINE_CURVE_WITH_KNOTS('',3,(#3236,#3237,#3238,#3239),
 .UNSPECIFIED.,.F.,.F.,(4,4),(-0.251274569963169,-0.2264600369272),
 .UNSPECIFIED.);
#820=B_SPLINE_CURVE_WITH_KNOTS('',3,(#3259,#3260,#3261,#3262),
 .UNSPECIFIED.,.F.,.F.,(4,4),(-0.429071955210423,-0.246927569612306),
 .UNSPECIFIED.);
#821=B_SPLINE_CURVE_WITH_KNOTS('',3,(#3264,#3265,#3266,#3267,#3268,#3269),
 .UNSPECIFIED.,.F.,.F.,(4,2,4),(0.,9.20000000009168,18.4000000001761),
 .UNSPECIFIED.);
#822=B_SPLINE_CURVE_WITH_KNOTS('',3,(#3271,#3272,#3273,#3274),
 .UNSPECIFIED.,.F.,.F.,(4,4),(0.313232504028122,0.429071955210423),
 .UNSPECIFIED.);
#823=B_SPLINE_CURVE_WITH_KNOTS('',3,(#3276,#3277,#3278,#3279,#3280,#3281,
#3282,#3283,#3284,#3285,#3286,#3287,#3288,#3289,#3290,#3291,#3292,#3293,
#3294,#3295,#3296,#3297,#3298,#3299,#3300,#3301,#3302,#3303,#3304,#3305,
#3306),.UNSPECIFIED.,.F.,.F.,(4,3,3,3,3,3,3,3,3,3,4),(0.0509927999656752,
0.508847716168738,0.983364277649385,1.2111872464393,1.78355258104035,2.3574240873384,
2.89533896546807,3.40489660259239,3.43325384359774,3.81531690686605,4.14781268257881),
 .UNSPECIFIED.);
#824=B_SPLINE_CURVE_WITH_KNOTS('',3,(#3307,#3308,#3309,#3310,#3311,#3312),
 .UNSPECIFIED.,.F.,.F.,(4,2,4),(0.,9.20000000008804,15.7426561230679),
 .UNSPECIFIED.);
#825=B_SPLINE_CURVE_WITH_KNOTS('',3,(#3337,#3338,#3339,#3340,#3341,#3342,
#3343,#3344,#3345,#3346,#3347,#3348,#3349,#3350,#3351,#3352,#3353,#3354,
#3355,#3356,#3357,#3358,#3359,#3360,#3361,#3362,#3363,#3364),
 .UNSPECIFIED.,.F.,.F.,(4,3,3,3,3,3,3,3,3,4),(0.,0.454677562269243,0.929840937994062,
1.17805625301382,1.80981741603396,2.3710216097236,2.88820600994733,3.38382923344419,
3.782033266985,4.09581992405802),.UNSPECIFIED.);
#826=B_SPLINE_CURVE_WITH_KNOTS('',3,(#3366,#3367,#3368,#3369),
 .UNSPECIFIED.,.F.,.F.,(4,4),(-0.429071955199484,-0.313232504027914),
 .UNSPECIFIED.);
#827=B_SPLINE_CURVE_WITH_KNOTS('',3,(#3371,#3372,#3373,#3374,#3375,#3376),
 .UNSPECIFIED.,.F.,.F.,(4,2,4),(0.318312581509575,2.08069029955004,4.16138059910008),
 .UNSPECIFIED.);
#828=B_SPLINE_CURVE_WITH_KNOTS('',3,(#3378,#3379,#3380,#3381),
 .UNSPECIFIED.,.F.,.F.,(4,4),(-7.63573415074707,-0.24977600720589),
 .UNSPECIFIED.);
#829=B_SPLINE_CURVE_WITH_KNOTS('',3,(#3382,#3383,#3384,#3385),
 .UNSPECIFIED.,.F.,.F.,(4,4),(2.65734387689372,3.63468635836946),
 .UNSPECIFIED.);
#830=B_SPLINE_CURVE_WITH_KNOTS('',3,(#3389,#3390,#3391,#3392),
 .UNSPECIFIED.,.F.,.F.,(4,4),(-120.193155824265,0.),.UNSPECIFIED.);
#831=B_SPLINE_CURVE_WITH_KNOTS('',3,(#3420,#3421,#3422,#3423),
 .UNSPECIFIED.,.F.,.F.,(4,4),(0.,120.193155824265),.UNSPECIFIED.);
#832=B_SPLINE_CURVE_WITH_KNOTS('',3,(#3448,#3449,#3450,#3451),
 .UNSPECIFIED.,.F.,.F.,(4,4),(-119.954482352477,0.),.UNSPECIFIED.);
#833=B_SPLINE_CURVE_WITH_KNOTS('',3,(#3455,#3456,#3457,#3458),
 .UNSPECIFIED.,.F.,.F.,(4,4),(0.,119.954482352477),.UNSPECIFIED.);
#834=B_SPLINE_CURVE_WITH_KNOTS('',3,(#3479,#3480,#3481,#3482,#3483,#3484,
#3485,#3486,#3487,#3488,#3489,#3490,#3491,#3492,#3493,#3494),
 .UNSPECIFIED.,.F.,.F.,(4,3,3,3,3,4),(0.,4.51104059015532,7.90460014691256,
11.6214054325021,15.0625852930206,15.7295009583996),.UNSPECIFIED.);
#835=B_SPLINE_CURVE_WITH_KNOTS('',3,(#3498,#3499,#3500,#3501,#3502,#3503,
#3504,#3505,#3506,#3507,#3508,#3509,#3510,#3511,#3512,#3513),
 .UNSPECIFIED.,.F.,.F.,(4,3,3,3,3,4),(0.,3.43760424924228,7.21240129599101,
7.84889003564757,11.9993266527676,15.8049089286606),.UNSPECIFIED.);
#836=B_SPLINE_CURVE_WITH_KNOTS('',3,(#3536,#3537,#3538,#3539),
 .UNSPECIFIED.,.F.,.F.,(4,4),(-148.367694593259,-132.625038470192),
 .UNSPECIFIED.);
#837=B_SPLINE_CURVE_WITH_KNOTS('',3,(#3547,#3548,#3549,#3550),
 .UNSPECIFIED.,.F.,.F.,(4,4),(-131.975038470151,-113.575038470156),
 .UNSPECIFIED.);
#838=B_SPLINE_CURVE_WITH_KNOTS('',3,(#3555,#3556,#3557,#3558,#3559,#3560),
 .UNSPECIFIED.,.F.,.F.,(4,2,4),(-112.925038470155,-104.087519235076,-97.1823823470477),
 .UNSPECIFIED.);
#839=B_SPLINE_CURVE_WITH_KNOTS('',3,(#3567,#3568,#3569,#3570),
 .UNSPECIFIED.,.F.,.F.,(4,4),(-0.230798494705162,-0.124844469654348),
 .UNSPECIFIED.);
#840=B_SPLINE_CURVE_WITH_KNOTS('',3,(#3623,#3624,#3625,#3626,#3627),
 .UNSPECIFIED.,.F.,.F.,(4,1,4),(0.,1.46501268443008,2.56377219775265),
 .UNSPECIFIED.);
#841=B_SPLINE_CURVE_WITH_KNOTS('',3,(#3629,#3630,#3631,#3632,#3633,#3634,
#3635,#3636,#3637),.UNSPECIFIED.,.F.,.F.,(4,1,2,2,4),(0.,1.36478255246802,
2.72956510493604,9.58201750606579,9.79699807866094),.UNSPECIFIED.);
#842=B_SPLINE_CURVE_WITH_KNOTS('',3,(#3638,#3639,#3640,#3641,#3642,#3643),
 .UNSPECIFIED.,.F.,.F.,(4,1,1,4),(0.,0.750691999892191,1.50138399978438,
2.62742199962267),.UNSPECIFIED.);
#843=B_SPLINE_CURVE_WITH_KNOTS('',3,(#3645,#3646,#3647,#3648,#3649,#3650),
 .UNSPECIFIED.,.F.,.F.,(4,1,1,4),(-2.62742199933621,-1.12603799971552,-0.56301899985776,
0.),.UNSPECIFIED.);
#844=B_SPLINE_CURVE_WITH_KNOTS('',3,(#3652,#3653,#3654,#3655,#3656,#3657,
#3658,#3659,#3660),.UNSPECIFIED.,.F.,.F.,(4,2,2,1,4),(-9.79699807867384,
-9.58201750903573,-2.72956510789765,-1.36478255394883,0.),.UNSPECIFIED.);
#845=B_SPLINE_CURVE_WITH_KNOTS('',3,(#3661,#3662,#3663,#3664,#3665,#3666),
 .UNSPECIFIED.,.F.,.F.,(4,1,1,4),(-2.56377219781305,-1.83126585558075,-1.09875951334845,
0.),.UNSPECIFIED.);
#846=B_SPLINE_CURVE_WITH_KNOTS('',3,(#3760,#3761,#3762,#3763,#3764,#3765,
#3766,#3767,#3768),.UNSPECIFIED.,.F.,.F.,(4,2,2,1,4),(-9.79699807866094,
-9.58201750606579,-2.72956510493604,-1.36478255246802,0.),.UNSPECIFIED.);
#847=B_SPLINE_CURVE_WITH_KNOTS('',3,(#3792,#3793,#3794,#3795,#3796,#3797),
 .UNSPECIFIED.,.F.,.F.,(4,2,4),(0.,9.20000000009168,18.4000000001797),
 .UNSPECIFIED.);
#848=B_SPLINE_CURVE_WITH_KNOTS('',3,(#3802,#3803,#3804,#3805,#3806,#3807),
 .UNSPECIFIED.,.F.,.F.,(4,2,4),(0.,9.20000000005166,18.4000000001106),
 .UNSPECIFIED.);
#849=B_SPLINE_CURVE_WITH_KNOTS('',3,(#3813,#3814,#3815,#3816,#3817,#3818,
#3819),.UNSPECIFIED.,.F.,.F.,(4,3,4),(-0.752864878159946,0.,0.553847758345612),
 .UNSPECIFIED.);
#850=B_SPLINE_CURVE_WITH_KNOTS('',3,(#3821,#3822,#3823,#3824,#3825,#3826),
 .UNSPECIFIED.,.F.,.F.,(4,2,4),(0.,9.20000000008076,18.4000000001579),
 .UNSPECIFIED.);
#851=B_SPLINE_CURVE_WITH_KNOTS('',3,(#3834,#3835,#3836,#3837,#3838,#3839),
 .UNSPECIFIED.,.F.,.F.,(4,2,4),(0.,9.20000000009168,18.4000000001761),
 .UNSPECIFIED.);
#852=B_SPLINE_CURVE_WITH_KNOTS('',3,(#3847,#3848,#3849,#3850,#3851,#3852),
 .UNSPECIFIED.,.F.,.F.,(4,2,4),(0.,9.20000000005166,18.4000000001106),
 .UNSPECIFIED.);
#853=B_SPLINE_CURVE_WITH_KNOTS('',3,(#3860,#3861,#3862,#3863,#3864,#3865),
 .UNSPECIFIED.,.F.,.F.,(4,2,4),(0.,2.08069029961553,3.84306801753028),
 .UNSPECIFIED.);
#854=B_SPLINE_CURVE_WITH_KNOTS('',3,(#3866,#3867,#3868,#3869,#3870,#3871,
#3872,#3873,#3874,#3875,#3876,#3877,#3878),.UNSPECIFIED.,.F.,.F.,(4,3,3,
3,4),(-7.61631763259749,-5.13862031303563,-4.06246512160701,-1.8634221517884,
-1.62235853279655),.UNSPECIFIED.);
#855=B_SPLINE_CURVE_WITH_KNOTS('',3,(#3879,#3880,#3881,#3882,#3883,#3884,
#3885,#3886,#3887,#3888,#3889,#3890,#3891),.UNSPECIFIED.,.F.,.F.,(4,3,3,
3,4),(-7.61631763259749,-5.13864180793884,-4.06246512160701,-1.86344842740485,
-1.62235853257226),.UNSPECIFIED.);
#856=B_SPLINE_CURVE_WITH_KNOTS('',3,(#3900,#3901,#3902,#3903),
 .UNSPECIFIED.,.F.,.F.,(4,4),(2.50000000000591,4.00000000003638),
 .UNSPECIFIED.);
#857=B_SPLINE_CURVE_WITH_KNOTS('',3,(#3905,#3906,#3907,#3908),
 .UNSPECIFIED.,.F.,.F.,(4,4),(0.101560801499108,1.61891442406972),
 .UNSPECIFIED.);
#858=B_SPLINE_CURVE_WITH_KNOTS('',3,(#3912,#3913,#3914,#3915),
 .UNSPECIFIED.,.F.,.F.,(4,4),(0.,1.50000000000364),.UNSPECIFIED.);
#859=B_SPLINE_CURVE_WITH_KNOTS('',3,(#3919,#3920,#3921,#3922),
 .UNSPECIFIED.,.F.,.F.,(4,4),(0.0275493312534802,1.53357418290541),
 .UNSPECIFIED.);
#860=B_SPLINE_CURVE_WITH_KNOTS('',3,(#3943,#3944,#3945,#3946,#3947,#3948),
 .UNSPECIFIED.,.F.,.F.,(4,1,1,4),(-2.62742199962267,-1.50138399978438,-0.750691999892191,
0.),.UNSPECIFIED.);
#861=B_SPLINE_CURVE_WITH_KNOTS('',3,(#3969,#3970,#3971,#3972,#3973),
 .UNSPECIFIED.,.F.,.F.,(4,1,4),(-2.56377219775265,-1.46501268443008,0.),
 .UNSPECIFIED.);
#862=B_SPLINE_CURVE_WITH_KNOTS('',3,(#3992,#3993,#3994,#3995,#3996,#3997,
#3998,#3999,#4000,#4001,#4002,#4003,#4004,#4005,#4006,#4007,#4008,#4009,
#4010,#4011,#4012,#4013,#4014,#4015,#4016,#4017,#4018,#4019,#4020,#4021,
#4022,#4023,#4024,#4025),.UNSPECIFIED.,.F.,.F.,(4,3,3,3,3,3,3,3,3,3,3,4),
(0.184641994046333,0.35035136493791,0.807927103897011,0.938642371695806,
1.44482859306744,1.63759665899021,2.38910040778526,2.62463733894681,3.14234721049153,
3.51734946528487,3.97424649062974,4.25948846888221),.UNSPECIFIED.);
#863=B_SPLINE_CURVE_WITH_KNOTS('',3,(#4027,#4028,#4029,#4030),
 .UNSPECIFIED.,.F.,.F.,(4,4),(0.263979983193107,1.8872488484338),
 .UNSPECIFIED.);
#864=B_SPLINE_CURVE_WITH_KNOTS('',3,(#4031,#4032,#4033,#4034,#4035,#4036),
 .UNSPECIFIED.,.F.,.F.,(4,2,4),(0.,9.29200000001219,18.3999999999696),
 .UNSPECIFIED.);
#865=B_SPLINE_CURVE_WITH_KNOTS('',3,(#4037,#4038,#4039,#4040,#4041,#4042),
 .UNSPECIFIED.,.F.,.F.,(4,2,4),(2.8413438768844,9.29200000000856,18.584000000028),
 .UNSPECIFIED.);
#866=B_SPLINE_CURVE_WITH_KNOTS('',3,(#4047,#4048,#4049,#4050),
 .UNSPECIFIED.,.F.,.F.,(4,4),(0.,18.4000000000888),.UNSPECIFIED.);
#867=B_SPLINE_CURVE_WITH_KNOTS('',3,(#4059,#4060,#4061,#4062,#4063,#4064),
 .UNSPECIFIED.,.F.,.F.,(4,2,4),(0.0365200535307664,2.03359359842943,3.83954739084866),
 .UNSPECIFIED.);
#868=B_SPLINE_CURVE_WITH_KNOTS('',3,(#4065,#4066,#4067,#4068,#4069,#4070,
#4071,#4072,#4073,#4074,#4075,#4076,#4077),.UNSPECIFIED.,.F.,.F.,(4,3,3,
3,4),(-8.82768868916493,-5.76545993447729,-5.54086385452498,-1.65277532932902,
-0.407479941495639),.UNSPECIFIED.);
#869=B_SPLINE_CURVE_WITH_KNOTS('',3,(#4079,#4080,#4081,#4082,#4083,#4084,
#4085,#4086,#4087,#4088,#4089,#4090,#4091),.UNSPECIFIED.,.F.,.F.,(4,3,3,
3,4),(-8.82768868965047,-5.76545196626667,-5.54086385452498,-1.652699156846,
-0.407479941495639),.UNSPECIFIED.);
#870=B_SPLINE_CURVE_WITH_KNOTS('',3,(#4093,#4094,#4095,#4096),
 .UNSPECIFIED.,.F.,.F.,(4,4),(0.22763980599416,4.03066714316167),
 .UNSPECIFIED.);
#871=B_SPLINE_CURVE_WITH_KNOTS('',3,(#4104,#4105,#4106,#4107,#4108,#4109),
 .UNSPECIFIED.,.F.,.F.,(4,2,4),(0.184000000008301,9.29200000014316,18.5840000002754),
 .UNSPECIFIED.);
#872=B_SPLINE_CURVE_WITH_KNOTS('',3,(#4117,#4118,#4119,#4120,#4121,#4122),
 .UNSPECIFIED.,.F.,.F.,(4,2,4),(0.,9.20000000005894,18.4000000001106),
 .UNSPECIFIED.);
#873=B_SPLINE_CURVE_WITH_KNOTS('',3,(#4130,#4131,#4132,#4133),
 .UNSPECIFIED.,.F.,.F.,(4,4),(0.,18.3999999999887),.UNSPECIFIED.);
#874=B_SPLINE_CURVE_WITH_KNOTS('',3,(#4135,#4136,#4137,#4138,#4139,#4140,
#4141,#4142,#4143),.UNSPECIFIED.,.F.,.F.,(4,2,3,4),(0.874208739019497,1.39248696562962,
3.59584274525752,4.41876728820753),.UNSPECIFIED.);
#875=B_SPLINE_CURVE_WITH_KNOTS('',3,(#4149,#4150,#4151,#4152,#4153,#4154),
 .UNSPECIFIED.,.F.,.F.,(4,2,4),(0.184000000015738,9.29200000013952,18.5840000002863),
 .UNSPECIFIED.);
#876=B_SPLINE_CURVE_WITH_KNOTS('',3,(#4159,#4160,#4161,#4162,#4163,#4164),
 .UNSPECIFIED.,.F.,.F.,(4,2,4),(1.49999999995225,2.00000000001091,2.49999999994379),
 .UNSPECIFIED.);
#877=B_SPLINE_CURVE_WITH_KNOTS('',3,(#4178,#4179,#4180,#4181,#4182,#4183),
 .UNSPECIFIED.,.F.,.F.,(4,2,4),(1.49999999995225,2.00000000001091,2.49999999994804),
 .UNSPECIFIED.);
#878=B_SPLINE_CURVE_WITH_KNOTS('',3,(#4187,#4188,#4189,#4190),
 .UNSPECIFIED.,.F.,.F.,(4,4),(-0.251274569994949,-0.226460036958864),
 .UNSPECIFIED.);
#879=B_SPLINE_CURVE_WITH_KNOTS('',3,(#4204,#4205,#4206,#4207),
 .UNSPECIFIED.,.F.,.F.,(4,4),(2.50000000000364,4.00000000002547),
 .UNSPECIFIED.);
#880=B_SPLINE_CURVE_WITH_KNOTS('',3,(#4218,#4219,#4220,#4221,#4222,#4223,
#4224,#4225,#4226,#4227,#4228,#4229,#4230,#4231,#4232,#4233,#4234,#4235,
#4236,#4237,#4238,#4239,#4240,#4241,#4242,#4243,#4244,#4245,#4246,#4247,
#4248),.UNSPECIFIED.,.F.,.F.,(4,3,3,3,3,3,3,3,3,3,4),(0.,0.449644659188086,
0.600330364363201,1.11200993133842,1.58014895963689,2.3438642737055,2.62093646663774,
3.12209429860837,3.40842970328839,3.86411644148387,4.09283815605001),
 .UNSPECIFIED.);
#881=B_SPLINE_CURVE_WITH_KNOTS('',3,(#4249,#4250,#4251,#4252,#4253,#4254,
#4255,#4256,#4257,#4258,#4259,#4260,#4261),.UNSPECIFIED.,.F.,.F.,(4,3,3,
3,4),(-4.36432284619072,-4.16432284619072,-3.99162284619072,-3.24162284619073,
-1.08747435313019),.UNSPECIFIED.);
#882=B_SPLINE_CURVE_WITH_KNOTS('',3,(#4265,#4266,#4267,#4268,#4269,#4270,
#4271,#4272,#4273,#4274,#4275,#4276,#4277,#4278,#4279,#4280,#4281,#4282,
#4283,#4284,#4285,#4286,#4287,#4288,#4289,#4290,#4291,#4292,#4293,#4294,
#4295,#4296,#4297,#4298),.UNSPECIFIED.,.F.,.F.,(4,3,3,3,3,3,3,3,3,3,3,4),
(0.0666509884665724,0.524740866479187,0.998931854901178,1.19485619413934,
1.7700460641921,2.23136019685385,2.81155714565871,3.32439221127808,3.39175409446357,
3.85013790687162,3.94774188233842,4.14655955094273),.UNSPECIFIED.);
#883=B_SPLINE_CURVE_WITH_KNOTS('',3,(#4304,#4305,#4306,#4307,#4308,#4309,
#4310),.UNSPECIFIED.,.F.,.F.,(4,3,4),(-2.43999777129726,0.,0.750000000000001),
 .UNSPECIFIED.);
#884=B_SPLINE_CURVE_WITH_KNOTS('',3,(#4312,#4313,#4314,#4315,#4316,#4317,
#4318,#4319,#4320,#4321,#4322,#4323,#4324,#4325,#4326,#4327,#4328,#4329,
#4330,#4331,#4332,#4333,#4334,#4335,#4336,#4337,#4338,#4339,#4340,#4341,
#4342,#4343,#4344,#4345),.UNSPECIFIED.,.F.,.F.,(4,3,3,3,3,3,3,3,3,3,3,4),
(0.184641994201136,0.350351365366032,0.807927104015423,0.93864237264584,
1.44482859471145,1.63759666035777,2.3891004134065,2.62463734109672,3.14234720971423,
3.51734946844483,3.97424649484419,4.25948847302883),.UNSPECIFIED.);
#885=B_SPLINE_CURVE_WITH_KNOTS('',3,(#4351,#4352,#4353,#4354),
 .UNSPECIFIED.,.F.,.F.,(4,4),(-116.15414849305,-113.249999999985),
 .UNSPECIFIED.);
#886=B_SPLINE_CURVE_WITH_KNOTS('',3,(#4356,#4357,#4358,#4359,#4360,#4361,
#4362,#4363,#4364,#4365,#4366,#4367,#4368,#4369,#4370,#4371,#4372,#4373,
#4374,#4375,#4376,#4377,#4378,#4379,#4380,#4381,#4382,#4383,#4384,#4385,
#4386),.UNSPECIFIED.,.F.,.F.,(4,3,3,3,3,3,3,3,3,3,4),(0.0509928000028237,
0.50884771629543,0.983364277871503,1.21118724643705,1.78355258326758,2.35742408753311,
2.89533896570465,3.40489660344101,3.43325384387619,3.81531690794991,4.14781268362871),
 .UNSPECIFIED.);
#887=B_SPLINE_CURVE_WITH_KNOTS('',3,(#4388,#4389,#4390,#4391),
 .UNSPECIFIED.,.F.,.F.,(4,4),(-11.25,-8.77675862499238),.UNSPECIFIED.);
#888=B_SPLINE_CURVE_WITH_KNOTS('',3,(#4396,#4397,#4398,#4399),
 .UNSPECIFIED.,.F.,.F.,(4,4),(0.0275493308085853,1.53357418244512),
 .UNSPECIFIED.);
#889=B_SPLINE_CURVE_WITH_KNOTS('',3,(#4422,#4423,#4424,#4425,#4426,#4427),
 .UNSPECIFIED.,.F.,.F.,(4,2,4),(1.49999999998954,2.00000000001819,2.49999999998045),
 .UNSPECIFIED.);
#890=B_SPLINE_CURVE_WITH_KNOTS('',3,(#4429,#4430,#4431,#4432),
 .UNSPECIFIED.,.F.,.F.,(4,4),(2.6261296420158,4.13215449365949),
 .UNSPECIFIED.);
#891=B_SPLINE_CURVE_WITH_KNOTS('',3,(#4434,#4435,#4436,#4437),
 .UNSPECIFIED.,.F.,.F.,(4,4),(0.,1.5),.UNSPECIFIED.);
#892=B_SPLINE_CURVE_WITH_KNOTS('',3,(#4439,#4440,#4441,#4442),
 .UNSPECIFIED.,.F.,.F.,(4,4),(-0.2512745700265,-0.226460036990598),
 .UNSPECIFIED.);
#893=B_SPLINE_CURVE_WITH_KNOTS('',3,(#4444,#4445,#4446,#4447),
 .UNSPECIFIED.,.F.,.F.,(4,4),(2.49999999999773,4.00000000003274),
 .UNSPECIFIED.);
#894=B_SPLINE_CURVE_WITH_KNOTS('',3,(#4449,#4450,#4451,#4452),
 .UNSPECIFIED.,.F.,.F.,(4,4),(0.101560801537761,1.61891442411439),
 .UNSPECIFIED.);
#895=B_SPLINE_CURVE_WITH_KNOTS('',3,(#4454,#4455,#4456,#4457,#4458,#4459),
 .UNSPECIFIED.,.F.,.F.,(4,2,4),(1.49999999997863,2.00000000001819,2.49999999996135),
 .UNSPECIFIED.);
#896=B_SPLINE_CURVE_WITH_KNOTS('',3,(#4461,#4462,#4463,#4464),
 .UNSPECIFIED.,.F.,.F.,(4,4),(2.54078940034658,4.05814302292302),
 .UNSPECIFIED.);
#897=B_SPLINE_CURVE_WITH_KNOTS('',3,(#4466,#4467,#4468,#4469),
 .UNSPECIFIED.,.F.,.F.,(4,4),(0.,1.49999999998136),.UNSPECIFIED.);
#898=B_SPLINE_CURVE_WITH_KNOTS('',3,(#4471,#4472,#4473,#4474),
 .UNSPECIFIED.,.F.,.F.,(4,4),(0.226460036988119,0.251274570024095),
 .UNSPECIFIED.);
#899=B_SPLINE_CURVE_WITH_KNOTS('',3,(#4475,#4476,#4477,#4478),
 .UNSPECIFIED.,.F.,.F.,(4,4),(2.50000000000136,4.00000000003274),
 .UNSPECIFIED.);
#900=B_SPLINE_CURVE_WITH_KNOTS('',3,(#4521,#4522,#4523,#4524,#4525,#4526,
#4527,#4528,#4529,#4530,#4531,#4532,#4533,#4534,#4535,#4536,#4537,#4538,
#4539,#4540,#4541,#4542,#4543,#4544,#4545,#4546,#4547,#4548,#4549,#4550,
#4551),.UNSPECIFIED.,.F.,.F.,(4,3,3,3,3,3,3,3,3,3,4),(0.,0.4496446588979,
0.600330364346301,1.11200993078641,1.5801489594823,2.34386426590552,2.62093646633561,
3.12209429529804,3.40842970315624,3.86411643651467,4.09283815586751),
 .UNSPECIFIED.);
#901=B_SPLINE_CURVE_WITH_KNOTS('',3,(#4553,#4554,#4555,#4556),
 .UNSPECIFIED.,.F.,.F.,(4,4),(-40.4000020000385,-37.4958535069404),
 .UNSPECIFIED.);
#902=B_SPLINE_CURVE_WITH_KNOTS('',3,(#4562,#4563,#4564,#4565,#4566,#4567,
#4568,#4569,#4570,#4571,#4572,#4573,#4574,#4575,#4576,#4577,#4578,#4579,
#4580,#4581,#4582,#4583,#4584,#4585,#4586,#4587,#4588,#4589,#4590,#4591,
#4592,#4593,#4594,#4595),.UNSPECIFIED.,.F.,.F.,(4,3,3,3,3,3,3,3,3,3,3,4),
(0.0666509885055273,0.524740867021513,0.99893185600519,1.19485619430168,
1.77004606446738,2.23136019720761,2.81155714608594,3.32439221183364,3.39175409496427,
3.85013790729294,3.94774188299123,4.14655955264744),.UNSPECIFIED.);
#903=B_SPLINE_CURVE_WITH_KNOTS('',3,(#4603,#4604,#4605,#4606,#4607,#4608,
#4609,#4610,#4611,#4612,#4613,#4614,#4615,#4616,#4617,#4618,#4619,#4620,
#4621,#4622,#4623,#4624,#4625,#4626,#4627,#4628,#4629,#4630),
 .UNSPECIFIED.,.F.,.F.,(4,3,3,3,3,3,3,3,3,4),(0.0367240358952177,0.49222380667549,
0.964366198093016,1.18749165025165,1.7833987616083,2.37791449102037,2.90589957703927,
3.332357968462,3.79009043866384,4.1163669122624),.UNSPECIFIED.);
#904=B_SPLINE_CURVE_WITH_KNOTS('',3,(#4636,#4637,#4638,#4639),
 .UNSPECIFIED.,.F.,.F.,(4,4),(-116.154148493087,-113.249999999985),
 .UNSPECIFIED.);
#905=B_SPLINE_CURVE_WITH_KNOTS('',3,(#4641,#4642,#4643,#4644,#4645,#4646,
#4647,#4648,#4649,#4650,#4651,#4652,#4653,#4654,#4655,#4656,#4657,#4658,
#4659,#4660,#4661,#4662,#4663,#4664,#4665,#4666,#4667,#4668,#4669,#4670,
#4671),.UNSPECIFIED.,.F.,.F.,(4,3,3,3,3,3,3,3,3,3,4),(0.0509852521359646,
0.506791184196663,0.736593266352989,1.25123961258766,1.75837058454264,2.52869975484706,
2.84346860929102,3.33985435403681,3.50970302245512,3.96021539132233,4.14491785595885),
 .UNSPECIFIED.);
#906=B_SPLINE_CURVE_WITH_KNOTS('',3,(#4679,#4680,#4681,#4682),
 .UNSPECIFIED.,.F.,.F.,(4,4),(-8.71765612306113,-4.06013247896526),
 .UNSPECIFIED.);
#907=B_SPLINE_CURVE_WITH_KNOTS('',3,(#4700,#4701,#4702,#4703),
 .UNSPECIFIED.,.F.,.F.,(4,4),(0.313232504060612,0.429071955244022),
 .UNSPECIFIED.);
#908=B_SPLINE_CURVE_WITH_KNOTS('',3,(#4705,#4706,#4707,#4708),
 .UNSPECIFIED.,.F.,.F.,(4,4),(-0.429071955232664,-0.313232504059791),
 .UNSPECIFIED.);
#909=B_SPLINE_CURVE_WITH_KNOTS('',3,(#4726,#4727,#4728,#4729,#4730,#4731),
 .UNSPECIFIED.,.F.,.F.,(4,2,4),(0.,9.20000000007713,15.7426561231035),
 .UNSPECIFIED.);
#910=B_SPLINE_CURVE_WITH_KNOTS('',3,(#4732,#4733,#4734,#4735),
 .UNSPECIFIED.,.F.,.F.,(4,4),(-0.429071955244022,-0.246927569645063),
 .UNSPECIFIED.);
#911=B_SPLINE_CURVE_WITH_KNOTS('',3,(#4738,#4739,#4740,#4741),
 .UNSPECIFIED.,.F.,.F.,(4,4),(2.69386393034945,3.6823266553788),
 .UNSPECIFIED.);
#912=B_SPLINE_CURVE_WITH_KNOTS('',3,(#4743,#4744,#4745,#4746,#4747,#4748,
#4749),.UNSPECIFIED.,.F.,.F.,(4,3,4),(-4.12570410163773,-3.3167191503746,
-0.916803879465921),.UNSPECIFIED.);
#913=B_SPLINE_CURVE_WITH_KNOTS('',3,(#4764,#4765,#4766,#4767),
 .UNSPECIFIED.,.F.,.F.,(4,4),(-71.2915097881741,-69.1323438768777),
 .UNSPECIFIED.);
#914=B_SPLINE_CURVE_WITH_KNOTS('',3,(#4769,#4770,#4771,#4772,#4773,#4774,
#4775),.UNSPECIFIED.,.F.,.F.,(4,3,4),(-2.3204683141654,0.,0.810031044641388),
 .UNSPECIFIED.);
#915=B_SPLINE_CURVE_WITH_KNOTS('',3,(#4776,#4777,#4778,#4779),
 .UNSPECIFIED.,.F.,.F.,(4,4),(0.526694240682854,1.50403672218505),
 .UNSPECIFIED.);
#916=B_SPLINE_CURVE_WITH_KNOTS('',3,(#4781,#4782,#4783,#4784),
 .UNSPECIFIED.,.F.,.F.,(4,4),(-8.76731812880564,-8.12332837820018),
 .UNSPECIFIED.);
#917=B_SPLINE_CURVE_WITH_KNOTS('',3,(#4801,#4802,#4803,#4804),
 .UNSPECIFIED.,.F.,.F.,(4,4),(-7.45284707216826,-0.0507272959664525),
 .UNSPECIFIED.);
#918=B_SPLINE_CURVE_WITH_KNOTS('',3,(#4805,#4806,#4807,#4808),
 .UNSPECIFIED.,.F.,.F.,(4,4),(0.313232504091746,0.429071955268915),
 .UNSPECIFIED.);
#919=B_SPLINE_CURVE_WITH_KNOTS('',3,(#4825,#4826,#4827,#4828),
 .UNSPECIFIED.,.F.,.F.,(4,4),(-4.55763643507821,-0.264344367407475),
 .UNSPECIFIED.);
#920=B_SPLINE_CURVE_WITH_KNOTS('',3,(#4830,#4831,#4832,#4833),
 .UNSPECIFIED.,.F.,.F.,(4,4),(0.26397999262436,1.88724933269471),
 .UNSPECIFIED.);
#921=B_SPLINE_CURVE_WITH_KNOTS('',3,(#4838,#4839,#4840,#4841),
 .UNSPECIFIED.,.F.,.F.,(4,4),(2.73242680401655,4.35569566907581),
 .UNSPECIFIED.);
#922=B_SPLINE_CURVE_WITH_KNOTS('',3,(#4859,#4860,#4861,#4862,#4863,#4864),
 .UNSPECIFIED.,.F.,.F.,(4,2,4),(0.,9.29200000013952,15.7426561232896),
 .UNSPECIFIED.);
#923=B_SPLINE_CURVE_WITH_KNOTS('',3,(#4865,#4866,#4867,#4868),
 .UNSPECIFIED.,.F.,.F.,(4,4),(0.124844469710735,0.230798494757302),
 .UNSPECIFIED.);
#924=B_SPLINE_CURVE_WITH_KNOTS('',3,(#4890,#4891,#4892,#4893),
 .UNSPECIFIED.,.F.,.F.,(4,4),(-0.42907195526639,-0.313232504091782),
 .UNSPECIFIED.);
#925=B_SPLINE_CURVE_WITH_KNOTS('',3,(#4895,#4896,#4897,#4898),
 .UNSPECIFIED.,.F.,.F.,(4,4),(2.73242680396116,4.35569566911022),
 .UNSPECIFIED.);
#926=B_SPLINE_CURVE_WITH_KNOTS('',3,(#4916,#4917,#4918,#4919),
 .UNSPECIFIED.,.F.,.F.,(4,4),(-17.7636518486442,-14.6823438768548),
 .UNSPECIFIED.);
#927=B_SPLINE_CURVE_WITH_KNOTS('',3,(#4920,#4921,#4922,#4923),
 .UNSPECIFIED.,.F.,.F.,(4,4),(0.263979983155852,1.88724884831251),
 .UNSPECIFIED.);
#928=B_SPLINE_CURVE_WITH_KNOTS('',3,(#4942,#4943,#4944,#4945),
 .UNSPECIFIED.,.F.,.F.,(4,4),(0.,15.7426561233063),.UNSPECIFIED.);
#929=B_SPLINE_CURVE_WITH_KNOTS('',3,(#4946,#4947,#4948,#4949),
 .UNSPECIFIED.,.F.,.F.,(4,4),(0.124844469676967,0.23079849472543),
 .UNSPECIFIED.);
#930=B_SPLINE_CURVE_WITH_KNOTS('',3,(#4967,#4968,#4969,#4970),
 .UNSPECIFIED.,.F.,.F.,(4,4),(-0.230798494737342,-0.124844469688217),
 .UNSPECIFIED.);
#931=B_SPLINE_CURVE_WITH_KNOTS('',3,(#4971,#4972,#4973,#4974,#4975,#4976),
 .UNSPECIFIED.,.F.,.F.,(4,2,4),(2.84134387682886,9.29200000001947,18.5840000000317),
 .UNSPECIFIED.);
#932=B_SPLINE_CURVE_WITH_KNOTS('',3,(#4983,#4984,#4985,#4986),
 .UNSPECIFIED.,.F.,.F.,(4,4),(0.124844469699832,0.230798494747969),
 .UNSPECIFIED.);
#933=B_SPLINE_CURVE_WITH_KNOTS('',3,(#4996,#4997,#4998,#4999),
 .UNSPECIFIED.,.F.,.F.,(4,4),(0.,18.4000000001142),.UNSPECIFIED.);
#934=B_SPLINE_CURVE_WITH_KNOTS('',3,(#5005,#5006,#5007,#5008),
 .UNSPECIFIED.,.F.,.F.,(4,4),(-0.230798494747969,-0.124844469699832),
 .UNSPECIFIED.);
#935=B_SPLINE_CURVE_WITH_KNOTS('',3,(#5015,#5016,#5017,#5018),
 .UNSPECIFIED.,.F.,.F.,(4,4),(-63.1676561231106,-47.4249999999956),
 .UNSPECIFIED.);
#936=B_SPLINE_CURVE_WITH_KNOTS('',3,(#5023,#5024,#5025,#5026),
 .UNSPECIFIED.,.F.,.F.,(4,4),(-46.7749999999942,-28.3749999999964),
 .UNSPECIFIED.);
#937=B_SPLINE_CURVE_WITH_KNOTS('',3,(#5028,#5029,#5030,#5031),
 .UNSPECIFIED.,.F.,.F.,(4,4),(-27.7249999999949,-11.9823438768799),
 .UNSPECIFIED.);
#938=B_SPLINE_CURVE_WITH_KNOTS('',3,(#5034,#5035,#5036,#5037),
 .UNSPECIFIED.,.F.,.F.,(4,4),(-0.429071955255038,-0.246927569653699),
 .UNSPECIFIED.);
#939=B_SPLINE_CURVE_WITH_KNOTS('',3,(#5041,#5042,#5043,#5044),
 .UNSPECIFIED.,.F.,.F.,(4,4),(0.246927569664234,0.42907195526639),
 .UNSPECIFIED.);
#940=B_SPLINE_CURVE_WITH_KNOTS('',3,(#5059,#5060,#5061,#5062,#5063,#5064),
 .UNSPECIFIED.,.F.,.F.,(4,2,4),(0.,9.2000000000844,18.4000000001688),
 .UNSPECIFIED.);
#941=B_SPLINE_CURVE_WITH_KNOTS('',3,(#5078,#5079,#5080,#5081,#5082,#5083),
 .UNSPECIFIED.,.F.,.F.,(4,2,4),(2.65734387682747,9.2000000000553,18.4000000001106),
 .UNSPECIFIED.);
#942=B_SPLINE_CURVE_WITH_KNOTS('',3,(#5085,#5086,#5087,#5088),
 .UNSPECIFIED.,.F.,.F.,(4,4),(0.246927569653699,0.429071955255038),
 .UNSPECIFIED.);
#943=B_SPLINE_CURVE_WITH_KNOTS('',3,(#5170,#5171,#5172,#5173),
 .UNSPECIFIED.,.F.,.F.,(4,4),(0.246927569631738,0.429071955232664),
 .UNSPECIFIED.);
#944=B_SPLINE_CURVE_WITH_KNOTS('',3,(#5174,#5175,#5176,#5177,#5178,#5179),
 .UNSPECIFIED.,.F.,.F.,(4,2,4),(2.65734387689638,9.2000000000553,18.4000000001106),
 .UNSPECIFIED.);
#945=B_SPLINE_CURVE_WITH_KNOTS('',3,(#5184,#5185,#5186,#5187),
 .UNSPECIFIED.,.F.,.F.,(4,4),(0.226460036956521,0.251274569992431),
 .UNSPECIFIED.);
#946=B_SPLINE_CURVE_WITH_KNOTS('',3,(#5205,#5206,#5207,#5208),
 .UNSPECIFIED.,.F.,.F.,(4,4),(0.0275493312823794,1.53357418291697),
 .UNSPECIFIED.);
#947=B_SPLINE_CURVE_WITH_KNOTS('',3,(#5210,#5211,#5212,#5213),
 .UNSPECIFIED.,.F.,.F.,(4,4),(2.62612964200032,4.13215449363182),
 .UNSPECIFIED.);
#948=B_SPLINE_CURVE_WITH_KNOTS('',3,(#5214,#5215,#5216,#5217),
 .UNSPECIFIED.,.F.,.F.,(4,4),(0.,1.50000000000364),.UNSPECIFIED.);
#949=B_SPLINE_CURVE_WITH_KNOTS('',3,(#5219,#5220,#5221,#5222),
 .UNSPECIFIED.,.F.,.F.,(4,4),(2.50000000000227,4.00000000002547),
 .UNSPECIFIED.);
#950=B_SPLINE_CURVE_WITH_KNOTS('',3,(#5223,#5224,#5225,#5226),
 .UNSPECIFIED.,.F.,.F.,(4,4),(0.101560801523171,1.61891442409302),
 .UNSPECIFIED.);
#951=B_SPLINE_CURVE_WITH_KNOTS('',3,(#5228,#5229,#5230,#5231),
 .UNSPECIFIED.,.F.,.F.,(4,4),(2.54078940083158,4.05814302339096),
 .UNSPECIFIED.);
#952=B_SPLINE_CURVE_WITH_KNOTS('',3,(#5232,#5233,#5234,#5235),
 .UNSPECIFIED.,.F.,.F.,(4,4),(0.,1.499999999982),.UNSPECIFIED.);
#953=B_SPLINE_CURVE_WITH_KNOTS('',3,(#5252,#5253,#5254,#5255),
 .UNSPECIFIED.,.F.,.F.,(4,4),(2.54078940081674,4.05814302336492),
 .UNSPECIFIED.);
#954=B_SPLINE_CURVE_WITH_KNOTS('',3,(#5256,#5257,#5258,#5259),
 .UNSPECIFIED.,.F.,.F.,(4,4),(2.50000000001273,4.00000000004002),
 .UNSPECIFIED.);
#955=B_SPLINE_CURVE_WITH_KNOTS('',3,(#5261,#5262,#5263,#5264),
 .UNSPECIFIED.,.F.,.F.,(4,4),(2.62612964197355,4.13215449360374),
 .UNSPECIFIED.);
#956=B_SPLINE_CURVE_WITH_KNOTS('',3,(#5265,#5266,#5267,#5268),
 .UNSPECIFIED.,.F.,.F.,(4,4),(0.,1.50000000001091),.UNSPECIFIED.);
#957=B_SPLINE_CURVE_WITH_KNOTS('',3,(#5286,#5287,#5288,#5289),
 .UNSPECIFIED.,.F.,.F.,(4,4),(-0.230798494716024,-0.124844469666098),
 .UNSPECIFIED.);
#958=B_SPLINE_CURVE_WITH_KNOTS('',3,(#5291,#5292,#5293,#5294,#5295,#5296),
 .UNSPECIFIED.,.F.,.F.,(4,2,4),(0.,9.20000000004438,18.4000000000888),
 .UNSPECIFIED.);
#959=B_SPLINE_CURVE_WITH_KNOTS('',3,(#5297,#5298,#5299,#5300),
 .UNSPECIFIED.,.F.,.F.,(4,4),(0.124844469666098,0.230798494716024),
 .UNSPECIFIED.);
#960=B_SPLINE_CURVE_WITH_KNOTS('',3,(#5318,#5319,#5320,#5321),
 .UNSPECIFIED.,.F.,.F.,(4,4),(-0.429071955221824,-0.246927569621238),
 .UNSPECIFIED.);
#961=B_SPLINE_CURVE_WITH_KNOTS('',3,(#5323,#5324,#5325,#5326),
 .UNSPECIFIED.,.F.,.F.,(4,4),(0.246927569621238,0.429071955221824),
 .UNSPECIFIED.);
#962=B_SPLINE_CURVE_WITH_KNOTS('',3,(#5327,#5328,#5329,#5330,#5331,#5332),
 .UNSPECIFIED.,.F.,.F.,(4,2,4),(0.,9.20000000008804,18.3999999999837),
 .UNSPECIFIED.);
#963=B_SPLINE_CURVE_WITH_KNOTS('',3,(#5351,#5352,#5353,#5354,#5355,#5356,
#5357,#5358,#5359,#5360,#5361,#5362,#5363,#5364,#5365,#5366,#5367,#5368,
#5369,#5370,#5371,#5372,#5373,#5374,#5375,#5376,#5377,#5378),
 .UNSPECIFIED.,.F.,.F.,(4,3,3,3,3,3,3,3,3,4),(0.0737806942610941,0.530132834635635,
1.00054012812443,1.08816640816127,1.64367335888264,2.25903271218695,2.81185687373035,
3.24555766120033,3.70352352548184,4.15396937356133),.UNSPECIFIED.);
#964=B_SPLINE_CURVE_WITH_KNOTS('',3,(#5380,#5381,#5382,#5383),
 .UNSPECIFIED.,.F.,.F.,(4,4),(0.384860541258953,1.37332326635292),
 .UNSPECIFIED.);
#965=B_SPLINE_CURVE_WITH_KNOTS('',3,(#5384,#5385,#5386,#5387),
 .UNSPECIFIED.,.F.,.F.,(4,4),(-4.36487784929713,-0.0734150112295312),
 .UNSPECIFIED.);
#966=B_SPLINE_CURVE_WITH_KNOTS('',3,(#5388,#5389,#5390,#5391),
 .UNSPECIFIED.,.F.,.F.,(4,4),(2.73952813160389,4.36279747184631),
 .UNSPECIFIED.);
#967=B_SPLINE_CURVE_WITH_KNOTS('',3,(#5478,#5479,#5480,#5481,#5482,#5483),
 .UNSPECIFIED.,.F.,.F.,(4,1,1,4),(0.,1.09875951334845,1.83126585558075,
2.56377219781305),.UNSPECIFIED.);
#968=B_SPLINE_CURVE_WITH_KNOTS('',3,(#5576,#5577,#5578,#5579,#5580,#5581,
#5582,#5583,#5584),.UNSPECIFIED.,.F.,.F.,(4,1,2,2,4),(0.,1.36478255394883,
2.72956510789765,9.58201750903573,9.79699807867384),.UNSPECIFIED.);
#969=B_SPLINE_CURVE_WITH_KNOTS('',3,(#5645,#5646,#5647,#5648,#5649,#5650),
 .UNSPECIFIED.,.F.,.F.,(4,1,1,4),(0.,0.56301899985776,1.12603799971552,
2.62742199933621),.UNSPECIFIED.);
#970=B_SPLINE_CURVE_WITH_KNOTS('',3,(#5668,#5669,#5670,#5671,#5672,#5673,
#5674),.UNSPECIFIED.,.F.,.F.,(4,3,4),(-0.754747689884096,0.053934828397137,
2.45258813213255),.UNSPECIFIED.);
#971=B_SPLINE_CURVE_WITH_KNOTS('',3,(#5676,#5677,#5678,#5679),
 .UNSPECIFIED.,.F.,.F.,(4,4),(-9.08089119081957,-8.43400385361067),
 .UNSPECIFIED.);
#972=B_SPLINE_CURVE_WITH_KNOTS('',3,(#5680,#5681,#5682,#5683,#5684,#5685,
#5686),.UNSPECIFIED.,.F.,.F.,(4,3,4),(1.03638162007637,3.3573846463706,
4.16805088596451),.UNSPECIFIED.);
#973=B_SPLINE_CURVE_WITH_KNOTS('',3,(#5757,#5758,#5759,#5760,#5761,#5762,
#5763),.UNSPECIFIED.,.F.,.F.,(4,3,4),(-3.99162284604382,-3.2416228460438,
-1.0874743530175),.UNSPECIFIED.);
#974=B_SPLINE_CURVE_WITH_KNOTS('',3,(#5773,#5774,#5775,#5776,#5777,#5778,
#5779,#5780,#5781,#5782,#5783,#5784,#5785),.UNSPECIFIED.,.F.,.F.,(4,3,3,
3,4),(-2.15414849302873,0.,0.750000000000001,0.922699999999998,1.1227),
 .UNSPECIFIED.);
#975=B_SPLINE_CURVE_WITH_KNOTS('',3,(#5878,#5879,#5880,#5881),
 .UNSPECIFIED.,.F.,.F.,(4,4),(-91.2176945932442,-89.0585286819587),
 .UNSPECIFIED.);
#976=VERTEX_POINT('',#3162);
#977=VERTEX_POINT('',#3163);
#978=VERTEX_POINT('',#3166);
#979=VERTEX_POINT('',#3169);
#980=VERTEX_POINT('',#3175);
#981=VERTEX_POINT('',#3177);
#982=VERTEX_POINT('',#3178);
#983=VERTEX_POINT('',#3180);
#984=VERTEX_POINT('',#3182);
#985=VERTEX_POINT('',#3184);
#986=VERTEX_POINT('',#3186);
#987=VERTEX_POINT('',#3188);
#988=VERTEX_POINT('',#3190);
#989=VERTEX_POINT('',#3192);
#990=VERTEX_POINT('',#3194);
#991=VERTEX_POINT('',#3196);
#992=VERTEX_POINT('',#3198);
#993=VERTEX_POINT('',#3202);
#994=VERTEX_POINT('',#3204);
#995=VERTEX_POINT('',#3211);
#996=VERTEX_POINT('',#3213);
#997=VERTEX_POINT('',#3222);
#998=VERTEX_POINT('',#3224);
#999=VERTEX_POINT('',#3233);
#1000=VERTEX_POINT('',#3235);
#1001=VERTEX_POINT('',#3257);
#1002=VERTEX_POINT('',#3258);
#1003=VERTEX_POINT('',#3263);
#1004=VERTEX_POINT('',#3270);
#1005=VERTEX_POINT('',#3275);
#1006=VERTEX_POINT('',#3314);
#1007=VERTEX_POINT('',#3315);
#1008=VERTEX_POINT('',#3335);
#1009=VERTEX_POINT('',#3336);
#1010=VERTEX_POINT('',#3365);
#1011=VERTEX_POINT('',#3370);
#1012=VERTEX_POINT('',#3377);
#1013=VERTEX_POINT('',#3387);
#1014=VERTEX_POINT('',#3388);
#1015=VERTEX_POINT('',#3393);
#1016=VERTEX_POINT('',#3395);
#1017=VERTEX_POINT('',#3418);
#1018=VERTEX_POINT('',#3419);
#1019=VERTEX_POINT('',#3446);
#1020=VERTEX_POINT('',#3447);
#1021=VERTEX_POINT('',#3452);
#1022=VERTEX_POINT('',#3454);
#1023=VERTEX_POINT('',#3461);
#1024=VERTEX_POINT('',#3462);
#1025=VERTEX_POINT('',#3467);
#1026=VERTEX_POINT('',#3468);
#1027=VERTEX_POINT('',#3471);
#1028=VERTEX_POINT('',#3473);
#1029=VERTEX_POINT('',#3477);
#1030=VERTEX_POINT('',#3478);
#1031=VERTEX_POINT('',#3495);
#1032=VERTEX_POINT('',#3497);
#1033=VERTEX_POINT('',#3516);
#1034=VERTEX_POINT('',#3517);
#1035=VERTEX_POINT('',#3519);
#1036=VERTEX_POINT('',#3521);
#1037=VERTEX_POINT('',#3523);
#1038=VERTEX_POINT('',#3525);
#1039=VERTEX_POINT('',#3527);
#1040=VERTEX_POINT('',#3529);
#1041=VERTEX_POINT('',#3531);
#1042=VERTEX_POINT('',#3533);
#1043=VERTEX_POINT('',#3535);
#1044=VERTEX_POINT('',#3540);
#1045=VERTEX_POINT('',#3542);
#1046=VERTEX_POINT('',#3544);
#1047=VERTEX_POINT('',#3546);
#1048=VERTEX_POINT('',#3551);
#1049=VERTEX_POINT('',#3554);
#1050=VERTEX_POINT('',#3561);
#1051=VERTEX_POINT('',#3565);
#1052=VERTEX_POINT('',#3566);
#1053=VERTEX_POINT('',#3622);
#1054=VERTEX_POINT('',#3628);
#1055=VERTEX_POINT('',#3644);
#1056=VERTEX_POINT('',#3651);
#1057=VERTEX_POINT('',#3757);
#1058=VERTEX_POINT('',#3759);
#1059=VERTEX_POINT('',#3789);
#1060=VERTEX_POINT('',#3791);
#1061=VERTEX_POINT('',#3799);
#1062=VERTEX_POINT('',#3801);
#1063=VERTEX_POINT('',#3808);
#1064=VERTEX_POINT('',#3810);
#1065=VERTEX_POINT('',#3812);
#1066=VERTEX_POINT('',#3820);
#1067=VERTEX_POINT('',#3827);
#1068=VERTEX_POINT('',#3829);
#1069=VERTEX_POINT('',#3831);
#1070=VERTEX_POINT('',#3833);
#1071=VERTEX_POINT('',#3840);
#1072=VERTEX_POINT('',#3842);
#1073=VERTEX_POINT('',#3844);
#1074=VERTEX_POINT('',#3846);
#1075=VERTEX_POINT('',#3853);
#1076=VERTEX_POINT('',#3855);
#1077=VERTEX_POINT('',#3857);
#1078=VERTEX_POINT('',#3859);
#1079=VERTEX_POINT('',#3892);
#1080=VERTEX_POINT('',#3894);
#1081=VERTEX_POINT('',#3898);
#1082=VERTEX_POINT('',#3910);
#1083=VERTEX_POINT('',#3917);
#1084=VERTEX_POINT('',#3990);
#1085=VERTEX_POINT('',#3991);
#1086=VERTEX_POINT('',#4026);
#1087=VERTEX_POINT('',#4044);
#1088=VERTEX_POINT('',#4046);
#1089=VERTEX_POINT('',#4052);
#1090=VERTEX_POINT('',#4054);
#1091=VERTEX_POINT('',#4056);
#1092=VERTEX_POINT('',#4058);
#1093=VERTEX_POINT('',#4078);
#1094=VERTEX_POINT('',#4092);
#1095=VERTEX_POINT('',#4097);
#1096=VERTEX_POINT('',#4099);
#1097=VERTEX_POINT('',#4101);
#1098=VERTEX_POINT('',#4103);
#1099=VERTEX_POINT('',#4110);
#1100=VERTEX_POINT('',#4112);
#1101=VERTEX_POINT('',#4114);
#1102=VERTEX_POINT('',#4116);
#1103=VERTEX_POINT('',#4123);
#1104=VERTEX_POINT('',#4125);
#1105=VERTEX_POINT('',#4127);
#1106=VERTEX_POINT('',#4129);
#1107=VERTEX_POINT('',#4134);
#1108=VERTEX_POINT('',#4144);
#1109=VERTEX_POINT('',#4146);
#1110=VERTEX_POINT('',#4148);
#1111=VERTEX_POINT('',#4157);
#1112=VERTEX_POINT('',#4158);
#1113=VERTEX_POINT('',#4165);
#1114=VERTEX_POINT('',#4167);
#1115=VERTEX_POINT('',#4171);
#1116=VERTEX_POINT('',#4172);
#1117=VERTEX_POINT('',#4174);
#1118=VERTEX_POINT('',#4176);
#1119=VERTEX_POINT('',#4185);
#1120=VERTEX_POINT('',#4186);
#1121=VERTEX_POINT('',#4191);
#1122=VERTEX_POINT('',#4193);
#1123=VERTEX_POINT('',#4197);
#1124=VERTEX_POINT('',#4198);
#1125=VERTEX_POINT('',#4200);
#1126=VERTEX_POINT('',#4202);
#1127=VERTEX_POINT('',#4209);
#1128=VERTEX_POINT('',#4211);
#1129=VERTEX_POINT('',#4213);
#1130=VERTEX_POINT('',#4215);
#1131=VERTEX_POINT('',#4217);
#1132=VERTEX_POINT('',#4262);
#1133=VERTEX_POINT('',#4264);
#1134=VERTEX_POINT('',#4299);
#1135=VERTEX_POINT('',#4301);
#1136=VERTEX_POINT('',#4303);
#1137=VERTEX_POINT('',#4311);
#1138=VERTEX_POINT('',#4346);
#1139=VERTEX_POINT('',#4348);
#1140=VERTEX_POINT('',#4350);
#1141=VERTEX_POINT('',#4355);
#1142=VERTEX_POINT('',#4387);
#1143=VERTEX_POINT('',#4394);
#1144=VERTEX_POINT('',#4395);
#1145=VERTEX_POINT('',#4400);
#1146=VERTEX_POINT('',#4402);
#1147=VERTEX_POINT('',#4421);
#1148=VERTEX_POINT('',#4428);
#1149=VERTEX_POINT('',#4433);
#1150=VERTEX_POINT('',#4438);
#1151=VERTEX_POINT('',#4443);
#1152=VERTEX_POINT('',#4448);
#1153=VERTEX_POINT('',#4453);
#1154=VERTEX_POINT('',#4460);
#1155=VERTEX_POINT('',#4465);
#1156=VERTEX_POINT('',#4470);
#1157=VERTEX_POINT('',#4480);
#1158=VERTEX_POINT('',#4482);
#1159=VERTEX_POINT('',#4486);
#1160=VERTEX_POINT('',#4488);
#1161=VERTEX_POINT('',#4492);
#1162=VERTEX_POINT('',#4494);
#1163=VERTEX_POINT('',#4495);
#1164=VERTEX_POINT('',#4497);
#1165=VERTEX_POINT('',#4499);
#1166=VERTEX_POINT('',#4501);
#1167=VERTEX_POINT('',#4503);
#1168=VERTEX_POINT('',#4514);
#1169=VERTEX_POINT('',#4516);
#1170=VERTEX_POINT('',#4518);
#1171=VERTEX_POINT('',#4520);
#1172=VERTEX_POINT('',#4552);
#1173=VERTEX_POINT('',#4557);
#1174=VERTEX_POINT('',#4559);
#1175=VERTEX_POINT('',#4561);
#1176=VERTEX_POINT('',#4596);
#1177=VERTEX_POINT('',#4598);
#1178=VERTEX_POINT('',#4600);
#1179=VERTEX_POINT('',#4602);
#1180=VERTEX_POINT('',#4631);
#1181=VERTEX_POINT('',#4633);
#1182=VERTEX_POINT('',#4635);
#1183=VERTEX_POINT('',#4640);
#1184=VERTEX_POINT('',#4672);
#1185=VERTEX_POINT('',#4725);
#1186=VERTEX_POINT('',#4737);
#1187=VERTEX_POINT('',#4742);
#1188=VERTEX_POINT('',#4763);
#1189=VERTEX_POINT('',#4768);
#1190=VERTEX_POINT('',#4858);
#1191=VERTEX_POINT('',#4941);
#1192=VERTEX_POINT('',#4966);
#1193=VERTEX_POINT('',#4978);
#1194=VERTEX_POINT('',#4982);
#1195=VERTEX_POINT('',#4987);
#1196=VERTEX_POINT('',#4991);
#1197=VERTEX_POINT('',#4995);
#1198=VERTEX_POINT('',#5000);
#1199=VERTEX_POINT('',#5011);
#1200=VERTEX_POINT('',#5014);
#1201=VERTEX_POINT('',#5020);
#1202=VERTEX_POINT('',#5022);
#1203=VERTEX_POINT('',#5033);
#1204=VERTEX_POINT('',#5040);
#1205=VERTEX_POINT('',#5058);
#1206=VERTEX_POINT('',#5169);
#1207=VERTEX_POINT('',#5181);
#1208=VERTEX_POINT('',#5183);
#1209=VERTEX_POINT('',#5209);
#1210=VERTEX_POINT('',#5218);
#1211=VERTEX_POINT('',#5227);
#1212=VERTEX_POINT('',#5260);
#1213=VERTEX_POINT('',#5285);
#1214=VERTEX_POINT('',#5290);
#1215=VERTEX_POINT('',#5317);
#1216=VERTEX_POINT('',#5322);
#1217=VERTEX_POINT('',#5349);
#1218=VERTEX_POINT('',#5350);
#1219=VERTEX_POINT('',#5379);
#1220=VERTEX_POINT('',#5402);
#1221=VERTEX_POINT('',#5405);
#1222=VERTEX_POINT('',#5408);
#1223=VERTEX_POINT('',#5476);
#1224=VERTEX_POINT('',#5574);
#1225=VERTEX_POINT('',#5667);
#1226=VERTEX_POINT('',#5675);
#1227=VERTEX_POINT('',#5751);
#1228=VERTEX_POINT('',#5753);
#1229=VERTEX_POINT('',#5756);
#1230=VERTEX_POINT('',#5764);
#1231=VERTEX_POINT('',#5767);
#1232=VERTEX_POINT('',#5769);
#1233=VERTEX_POINT('',#5786);
#1234=EDGE_CURVE('',#976,#977,#812,.T.);
#1235=EDGE_CURVE('',#977,#978,#813,.T.);
#1236=EDGE_CURVE('',#979,#978,#814,.T.);
#1237=EDGE_CURVE('',#976,#979,#815,.T.);
#1238=EDGE_CURVE('',#980,#980,#411,.F.);
#1239=EDGE_CURVE('',#981,#982,#21,.F.);
#1240=EDGE_CURVE('',#982,#983,#22,.F.);
#1241=EDGE_CURVE('',#984,#983,#23,.T.);
#1242=EDGE_CURVE('',#984,#985,#24,.F.);
#1243=EDGE_CURVE('',#985,#986,#25,.F.);
#1244=EDGE_CURVE('',#986,#987,#26,.F.);
#1245=EDGE_CURVE('',#987,#988,#27,.F.);
#1246=EDGE_CURVE('',#988,#989,#28,.F.);
#1247=EDGE_CURVE('',#989,#990,#29,.F.);
#1248=EDGE_CURVE('',#990,#991,#30,.F.);
#1249=EDGE_CURVE('',#991,#992,#31,.F.);
#1250=EDGE_CURVE('',#992,#981,#32,.F.);
#1251=EDGE_CURVE('',#993,#989,#33,.T.);
#1252=EDGE_CURVE('',#993,#994,#816,.T.);
#1253=EDGE_CURVE('',#994,#990,#34,.T.);
#1254=EDGE_CURVE('',#995,#986,#35,.T.);
#1255=EDGE_CURVE('',#995,#996,#817,.T.);
#1256=EDGE_CURVE('',#996,#987,#36,.T.);
#1257=EDGE_CURVE('',#997,#981,#37,.T.);
#1258=EDGE_CURVE('',#998,#992,#38,.T.);
#1259=EDGE_CURVE('',#998,#997,#818,.T.);
#1260=EDGE_CURVE('',#999,#983,#39,.T.);
#1261=EDGE_CURVE('',#999,#1000,#819,.T.);
#1262=EDGE_CURVE('',#1000,#984,#40,.T.);
#1263=EDGE_CURVE('',#1001,#1002,#820,.T.);
#1264=EDGE_CURVE('',#1001,#1003,#821,.F.);
#1265=EDGE_CURVE('',#1004,#1003,#822,.T.);
#1266=EDGE_CURVE('',#1005,#1004,#823,.T.);
#1267=EDGE_CURVE('',#1002,#1005,#824,.T.);
#1268=EDGE_CURVE('',#1006,#1007,#41,.T.);
#1269=EDGE_CURVE('',#1006,#1001,#42,.T.);
#1270=EDGE_CURVE('',#1007,#1002,#43,.T.);
#1271=EDGE_CURVE('',#1008,#1009,#825,.T.);
#1272=EDGE_CURVE('',#1010,#1008,#826,.T.);
#1273=EDGE_CURVE('',#1010,#1011,#827,.F.);
#1274=EDGE_CURVE('',#1011,#1012,#828,.F.);
#1275=EDGE_CURVE('',#1009,#1012,#829,.T.);
#1276=EDGE_CURVE('',#1013,#1014,#830,.T.);
#1277=EDGE_CURVE('',#1013,#1015,#44,.T.);
#1278=EDGE_CURVE('',#1016,#1015,#45,.T.);
#1279=EDGE_CURVE('',#1014,#1016,#46,.T.);
#1280=EDGE_CURVE('',#1017,#1018,#831,.T.);
#1281=EDGE_CURVE('',#1018,#1013,#412,.T.);
#1282=EDGE_CURVE('',#1014,#1017,#413,.T.);
#1283=EDGE_CURVE('',#1019,#1020,#832,.T.);
#1284=EDGE_CURVE('',#1021,#1020,#414,.T.);
#1285=EDGE_CURVE('',#1021,#1022,#833,.T.);
#1286=EDGE_CURVE('',#1019,#1022,#415,.T.);
#1287=EDGE_CURVE('',#1023,#1024,#47,.T.);
#1288=EDGE_CURVE('',#1020,#1023,#48,.T.);
#1289=EDGE_CURVE('',#1019,#1024,#49,.T.);
#1290=EDGE_CURVE('',#1025,#1026,#50,.T.);
#1291=EDGE_CURVE('',#1016,#1025,#416,.T.);
#1292=EDGE_CURVE('',#1015,#1027,#417,.T.);
#1293=EDGE_CURVE('',#1027,#1028,#51,.T.);
#1294=EDGE_CURVE('',#1028,#1023,#418,.T.);
#1295=EDGE_CURVE('',#1026,#1024,#419,.T.);
#1296=EDGE_CURVE('',#1029,#1030,#834,.T.);
#1297=EDGE_CURVE('',#1030,#1031,#52,.T.);
#1298=EDGE_CURVE('',#1031,#1032,#835,.T.);
#1299=EDGE_CURVE('',#1032,#1029,#53,.T.);
#1300=EDGE_CURVE('',#1033,#1034,#54,.T.);
#1301=EDGE_CURVE('',#1034,#1035,#55,.F.);
#1302=EDGE_CURVE('',#1035,#1036,#56,.F.);
#1303=EDGE_CURVE('',#1037,#1036,#57,.T.);
#1304=EDGE_CURVE('',#1037,#1038,#58,.T.);
#1305=EDGE_CURVE('',#1038,#1039,#59,.F.);
#1306=EDGE_CURVE('',#1039,#1040,#60,.F.);
#1307=EDGE_CURVE('',#1041,#1040,#61,.T.);
#1308=EDGE_CURVE('',#1041,#1042,#420,.T.);
#1309=EDGE_CURVE('',#1042,#1043,#836,.T.);
#1310=EDGE_CURVE('',#1043,#1044,#62,.F.);
#1311=EDGE_CURVE('',#1044,#1045,#63,.F.);
#1312=EDGE_CURVE('',#1045,#1046,#64,.T.);
#1313=EDGE_CURVE('',#1046,#1047,#837,.T.);
#1314=EDGE_CURVE('',#1047,#1048,#65,.F.);
#1315=EDGE_CURVE('',#1048,#1006,#66,.F.);
#1316=EDGE_CURVE('',#1007,#1049,#838,.T.);
#1317=EDGE_CURVE('',#1049,#1050,#421,.T.);
#1318=EDGE_CURVE('',#1033,#1050,#67,.T.);
#1319=EDGE_CURVE('',#1051,#1052,#839,.T.);
#1320=EDGE_CURVE('',#1052,#1034,#68,.T.);
#1321=EDGE_CURVE('',#1051,#1033,#69,.T.);
#1322=EDGE_CURVE('',#1053,#1017,#840,.T.);
#1323=EDGE_CURVE('',#1054,#1053,#841,.T.);
#1324=EDGE_CURVE('',#1022,#1054,#842,.T.);
#1325=EDGE_CURVE('',#1055,#1021,#843,.T.);
#1326=EDGE_CURVE('',#1056,#1055,#844,.T.);
#1327=EDGE_CURVE('',#1018,#1056,#845,.T.);
#1328=EDGE_CURVE('',#1057,#1053,#422,.T.);
#1329=EDGE_CURVE('',#1057,#1058,#846,.T.);
#1330=EDGE_CURVE('',#1058,#1054,#423,.T.);
#1331=EDGE_CURVE('',#1058,#1026,#70,.T.);
#1332=EDGE_CURVE('',#1057,#1025,#71,.T.);
#1333=EDGE_CURVE('',#1059,#1048,#72,.T.);
#1334=EDGE_CURVE('',#1060,#1059,#847,.F.);
#1335=EDGE_CURVE('',#1045,#1060,#73,.T.);
#1336=EDGE_CURVE('',#1061,#1044,#74,.T.);
#1337=EDGE_CURVE('',#1062,#1061,#848,.F.);
#1338=EDGE_CURVE('',#1062,#1063,#75,.T.);
#1339=EDGE_CURVE('',#1063,#1064,#76,.T.);
#1340=EDGE_CURVE('',#1064,#1065,#849,.T.);
#1341=EDGE_CURVE('',#1066,#1065,#850,.F.);
#1342=EDGE_CURVE('',#1066,#1067,#77,.T.);
#1343=EDGE_CURVE('',#1067,#1068,#78,.T.);
#1344=EDGE_CURVE('',#1068,#1069,#79,.T.);
#1345=EDGE_CURVE('',#1070,#1069,#851,.F.);
#1346=EDGE_CURVE('',#1070,#1071,#80,.T.);
#1347=EDGE_CURVE('',#1071,#1072,#81,.T.);
#1348=EDGE_CURVE('',#1072,#1073,#82,.T.);
#1349=EDGE_CURVE('',#1074,#1073,#852,.F.);
#1350=EDGE_CURVE('',#1074,#1075,#83,.T.);
#1351=EDGE_CURVE('',#1075,#1076,#84,.T.);
#1352=EDGE_CURVE('',#1076,#1077,#85,.T.);
#1353=EDGE_CURVE('',#1078,#1077,#853,.F.);
#1354=EDGE_CURVE('',#1078,#1031,#854,.F.);
#1355=EDGE_CURVE('',#1011,#1030,#855,.F.);
#1356=EDGE_CURVE('',#1079,#1010,#86,.T.);
#1357=EDGE_CURVE('',#1080,#1079,#87,.F.);
#1358=EDGE_CURVE('',#1003,#1080,#88,.T.);
#1359=EDGE_CURVE('',#1081,#982,#89,.T.);
#1360=EDGE_CURVE('',#1081,#999,#856,.T.);
#1361=EDGE_CURVE('',#997,#1081,#857,.T.);
#1362=EDGE_CURVE('',#1082,#991,#90,.T.);
#1363=EDGE_CURVE('',#994,#1082,#858,.T.);
#1364=EDGE_CURVE('',#1083,#988,#91,.T.);
#1365=EDGE_CURVE('',#996,#1083,#859,.T.);
#1366=EDGE_CURVE('',#1058,#1019,#860,.T.);
#1367=EDGE_CURVE('',#1014,#1057,#861,.T.);
#1368=EDGE_CURVE('',#1084,#1085,#862,.T.);
#1369=EDGE_CURVE('',#1086,#1084,#863,.T.);
#1370=EDGE_CURVE('',#1086,#1052,#864,.F.);
#1371=EDGE_CURVE('',#1085,#1051,#865,.T.);
#1372=EDGE_CURVE('',#1087,#1038,#92,.T.);
#1373=EDGE_CURVE('',#1088,#1087,#866,.F.);
#1374=EDGE_CURVE('',#1035,#1088,#93,.T.);
#1375=EDGE_CURVE('',#1089,#1086,#94,.T.);
#1376=EDGE_CURVE('',#1090,#1089,#95,.F.);
#1377=EDGE_CURVE('',#1091,#1090,#96,.T.);
#1378=EDGE_CURVE('',#1092,#1091,#867,.F.);
#1379=EDGE_CURVE('',#1092,#1029,#868,.T.);
#1380=EDGE_CURVE('',#1093,#1032,#869,.T.);
#1381=EDGE_CURVE('',#1094,#1093,#870,.F.);
#1382=EDGE_CURVE('',#1094,#1095,#97,.T.);
#1383=EDGE_CURVE('',#1095,#1096,#98,.T.);
#1384=EDGE_CURVE('',#1096,#1097,#99,.T.);
#1385=EDGE_CURVE('',#1098,#1097,#871,.F.);
#1386=EDGE_CURVE('',#1098,#1099,#100,.T.);
#1387=EDGE_CURVE('',#1099,#1100,#101,.T.);
#1388=EDGE_CURVE('',#1100,#1101,#102,.T.);
#1389=EDGE_CURVE('',#1102,#1101,#872,.F.);
#1390=EDGE_CURVE('',#1102,#1103,#103,.T.);
#1391=EDGE_CURVE('',#1103,#1104,#104,.T.);
#1392=EDGE_CURVE('',#1104,#1105,#105,.T.);
#1393=EDGE_CURVE('',#1106,#1105,#873,.F.);
#1394=EDGE_CURVE('',#1106,#1107,#874,.T.);
#1395=EDGE_CURVE('',#1107,#1108,#106,.T.);
#1396=EDGE_CURVE('',#1108,#1109,#107,.T.);
#1397=EDGE_CURVE('',#1110,#1109,#875,.F.);
#1398=EDGE_CURVE('',#1039,#1110,#108,.T.);
#1399=EDGE_CURVE('',#1111,#1112,#876,.F.);
#1400=EDGE_CURVE('',#1111,#1113,#109,.T.);
#1401=EDGE_CURVE('',#1114,#1113,#110,.F.);
#1402=EDGE_CURVE('',#1112,#1114,#111,.T.);
#1403=EDGE_CURVE('',#1115,#1116,#112,.T.);
#1404=EDGE_CURVE('',#1117,#1116,#113,.F.);
#1405=EDGE_CURVE('',#1118,#1117,#114,.T.);
#1406=EDGE_CURVE('',#1115,#1118,#877,.F.);
#1407=EDGE_CURVE('',#1119,#1120,#878,.F.);
#1408=EDGE_CURVE('',#1119,#1121,#115,.T.);
#1409=EDGE_CURVE('',#1122,#1121,#116,.F.);
#1410=EDGE_CURVE('',#1120,#1122,#117,.T.);
#1411=EDGE_CURVE('',#1123,#1124,#118,.T.);
#1412=EDGE_CURVE('',#1125,#1124,#119,.F.);
#1413=EDGE_CURVE('',#1126,#1125,#120,.T.);
#1414=EDGE_CURVE('',#1123,#1126,#879,.F.);
#1415=EDGE_CURVE('',#1127,#1127,#424,.F.);
#1416=EDGE_CURVE('',#1127,#1128,#121,.T.);
#1417=EDGE_CURVE('',#1128,#1129,#425,.T.);
#1418=EDGE_CURVE('',#1129,#1130,#122,.T.);
#1419=EDGE_CURVE('',#1131,#1130,#880,.F.);
#1420=EDGE_CURVE('',#1042,#1131,#881,.T.);
#1421=EDGE_CURVE('',#1132,#1041,#123,.T.);
#1422=EDGE_CURVE('',#1133,#1132,#882,.F.);
#1423=EDGE_CURVE('',#1133,#1134,#124,.T.);
#1424=EDGE_CURVE('',#1134,#1135,#426,.T.);
#1425=EDGE_CURVE('',#1136,#1135,#883,.T.);
#1426=EDGE_CURVE('',#1137,#1136,#884,.F.);
#1427=EDGE_CURVE('',#1137,#1138,#125,.T.);
#1428=EDGE_CURVE('',#1138,#1139,#427,.T.);
#1429=EDGE_CURVE('',#1139,#1140,#885,.F.);
#1430=EDGE_CURVE('',#1141,#1140,#886,.F.);
#1431=EDGE_CURVE('',#1141,#1142,#887,.F.);
#1432=EDGE_CURVE('',#1142,#1128,#428,.T.);
#1433=EDGE_CURVE('',#1143,#1144,#888,.T.);
#1434=EDGE_CURVE('',#1144,#1145,#126,.T.);
#1435=EDGE_CURVE('',#1146,#1145,#127,.F.);
#1436=EDGE_CURVE('',#1143,#1146,#128,.T.);
#1437=EDGE_CURVE('',#1147,#1143,#889,.T.);
#1438=EDGE_CURVE('',#1148,#1147,#890,.T.);
#1439=EDGE_CURVE('',#1148,#1149,#891,.F.);
#1440=EDGE_CURVE('',#1149,#1150,#892,.F.);
#1441=EDGE_CURVE('',#1150,#1151,#893,.F.);
#1442=EDGE_CURVE('',#1151,#1152,#894,.F.);
#1443=EDGE_CURVE('',#1153,#1152,#895,.T.);
#1444=EDGE_CURVE('',#1154,#1153,#896,.T.);
#1445=EDGE_CURVE('',#1154,#1155,#897,.F.);
#1446=EDGE_CURVE('',#1155,#1156,#898,.F.);
#1447=EDGE_CURVE('',#1156,#1144,#899,.F.);
#1448=EDGE_CURVE('',#1149,#1157,#129,.T.);
#1449=EDGE_CURVE('',#1158,#1157,#130,.F.);
#1450=EDGE_CURVE('',#1150,#1158,#131,.T.);
#1451=EDGE_CURVE('',#1147,#1159,#132,.T.);
#1452=EDGE_CURVE('',#1160,#1159,#133,.F.);
#1453=EDGE_CURVE('',#1148,#1160,#134,.T.);
#1454=EDGE_CURVE('',#1161,#1161,#429,.F.);
#1455=EDGE_CURVE('',#1162,#1163,#135,.F.);
#1456=EDGE_CURVE('',#1163,#1164,#136,.F.);
#1457=EDGE_CURVE('',#1164,#1165,#137,.F.);
#1458=EDGE_CURVE('',#1165,#1166,#138,.F.);
#1459=EDGE_CURVE('',#1166,#1167,#139,.F.);
#1460=EDGE_CURVE('',#1167,#1158,#140,.F.);
#1461=EDGE_CURVE('',#1157,#1160,#141,.F.);
#1462=EDGE_CURVE('',#1159,#1146,#142,.F.);
#1463=EDGE_CURVE('',#1145,#1162,#143,.F.);
#1464=EDGE_CURVE('',#1155,#1163,#144,.T.);
#1465=EDGE_CURVE('',#1156,#1162,#145,.T.);
#1466=EDGE_CURVE('',#1161,#1168,#146,.T.);
#1467=EDGE_CURVE('',#1168,#1169,#430,.T.);
#1468=EDGE_CURVE('',#1169,#1170,#147,.T.);
#1469=EDGE_CURVE('',#1171,#1170,#900,.F.);
#1470=EDGE_CURVE('',#1171,#1172,#901,.F.);
#1471=EDGE_CURVE('',#1172,#1173,#431,.T.);
#1472=EDGE_CURVE('',#1173,#1174,#148,.T.);
#1473=EDGE_CURVE('',#1175,#1174,#902,.F.);
#1474=EDGE_CURVE('',#1175,#1176,#149,.T.);
#1475=EDGE_CURVE('',#1176,#1177,#432,.T.);
#1476=EDGE_CURVE('',#1177,#1178,#150,.T.);
#1477=EDGE_CURVE('',#1179,#1178,#903,.F.);
#1478=EDGE_CURVE('',#1179,#1180,#151,.T.);
#1479=EDGE_CURVE('',#1180,#1181,#433,.T.);
#1480=EDGE_CURVE('',#1181,#1182,#904,.F.);
#1481=EDGE_CURVE('',#1183,#1182,#905,.F.);
#1482=EDGE_CURVE('',#1183,#1184,#152,.T.);
#1483=EDGE_CURVE('',#1184,#1168,#434,.T.);
#1484=EDGE_CURVE('',#1152,#1166,#153,.T.);
#1485=EDGE_CURVE('',#1153,#1165,#154,.T.);
#1486=EDGE_CURVE('',#1142,#1064,#906,.T.);
#1487=EDGE_CURVE('',#1129,#1063,#155,.T.);
#1488=EDGE_CURVE('',#1141,#1065,#907,.T.);
#1489=EDGE_CURVE('',#1062,#1130,#908,.T.);
#1490=EDGE_CURVE('',#1140,#1185,#909,.F.);
#1491=EDGE_CURVE('',#1066,#1185,#910,.T.);
#1492=EDGE_CURVE('',#1186,#1179,#911,.F.);
#1493=EDGE_CURVE('',#1187,#1186,#912,.T.);
#1494=EDGE_CURVE('',#1187,#1180,#156,.T.);
#1495=EDGE_CURVE('',#1188,#1181,#913,.T.);
#1496=EDGE_CURVE('',#1189,#1188,#914,.T.);
#1497=EDGE_CURVE('',#1182,#1189,#915,.F.);
#1498=EDGE_CURVE('',#1188,#1187,#916,.T.);
#1499=EDGE_CURVE('',#1078,#1189,#917,.T.);
#1500=EDGE_CURVE('',#1183,#1077,#918,.T.);
#1501=EDGE_CURVE('',#1186,#1093,#919,.T.);
#1502=EDGE_CURVE('',#1094,#1178,#920,.T.);
#1503=EDGE_CURVE('',#1177,#1095,#157,.F.);
#1504=EDGE_CURVE('',#1096,#1176,#158,.T.);
#1505=EDGE_CURVE('',#1175,#1097,#921,.T.);
#1506=EDGE_CURVE('',#1174,#1190,#922,.F.);
#1507=EDGE_CURVE('',#1098,#1190,#923,.T.);
#1508=EDGE_CURVE('',#1169,#1075,#159,.T.);
#1509=EDGE_CURVE('',#1076,#1184,#160,.F.);
#1510=EDGE_CURVE('',#1074,#1170,#924,.T.);
#1511=EDGE_CURVE('',#1133,#1109,#925,.T.);
#1512=EDGE_CURVE('',#1108,#1134,#161,.T.);
#1513=EDGE_CURVE('',#1107,#1135,#926,.T.);
#1514=EDGE_CURVE('',#1136,#1106,#927,.F.);
#1515=EDGE_CURVE('',#1191,#1132,#928,.T.);
#1516=EDGE_CURVE('',#1110,#1191,#929,.T.);
#1517=EDGE_CURVE('',#1192,#1105,#930,.T.);
#1518=EDGE_CURVE('',#1192,#1137,#931,.F.);
#1519=EDGE_CURVE('',#1193,#1185,#162,.T.);
#1520=EDGE_CURVE('',#1193,#1067,#163,.T.);
#1521=EDGE_CURVE('',#1102,#1194,#932,.T.);
#1522=EDGE_CURVE('',#1195,#1194,#164,.T.);
#1523=EDGE_CURVE('',#1195,#1103,#165,.F.);
#1524=EDGE_CURVE('',#1104,#1196,#166,.T.);
#1525=EDGE_CURVE('',#1192,#1196,#167,.T.);
#1526=EDGE_CURVE('',#1197,#1194,#933,.F.);
#1527=EDGE_CURVE('',#1197,#1198,#168,.T.);
#1528=EDGE_CURVE('',#1198,#1195,#169,.T.);
#1529=EDGE_CURVE('',#1100,#1198,#170,.T.);
#1530=EDGE_CURVE('',#1197,#1101,#934,.T.);
#1531=EDGE_CURVE('',#1196,#1138,#171,.T.);
#1532=EDGE_CURVE('',#1199,#1099,#172,.F.);
#1533=EDGE_CURVE('',#1173,#1199,#173,.T.);
#1534=EDGE_CURVE('',#1172,#1200,#935,.T.);
#1535=EDGE_CURVE('',#1072,#1200,#174,.F.);
#1536=EDGE_CURVE('',#1201,#1071,#175,.T.);
#1537=EDGE_CURVE('',#1201,#1202,#936,.T.);
#1538=EDGE_CURVE('',#1068,#1202,#176,.F.);
#1539=EDGE_CURVE('',#1193,#1139,#937,.T.);
#1540=EDGE_CURVE('',#1070,#1203,#938,.T.);
#1541=EDGE_CURVE('',#1201,#1203,#177,.T.);
#1542=EDGE_CURVE('',#1204,#1073,#939,.T.);
#1543=EDGE_CURVE('',#1204,#1200,#178,.T.);
#1544=EDGE_CURVE('',#1205,#1203,#940,.F.);
#1545=EDGE_CURVE('',#1205,#1202,#179,.T.);
#1546=EDGE_CURVE('',#1204,#1171,#941,.F.);
#1547=EDGE_CURVE('',#1205,#1069,#942,.T.);
#1548=EDGE_CURVE('',#1199,#1190,#180,.T.);
#1549=EDGE_CURVE('',#1206,#1061,#943,.T.);
#1550=EDGE_CURVE('',#1131,#1206,#944,.T.);
#1551=EDGE_CURVE('',#1207,#1124,#181,.T.);
#1552=EDGE_CURVE('',#1208,#1123,#945,.F.);
#1553=EDGE_CURVE('',#1208,#1207,#182,.T.);
#1554=EDGE_CURVE('',#1126,#1115,#946,.F.);
#1555=EDGE_CURVE('',#1118,#1209,#947,.F.);
#1556=EDGE_CURVE('',#1209,#1119,#948,.F.);
#1557=EDGE_CURVE('',#1120,#1210,#949,.F.);
#1558=EDGE_CURVE('',#1210,#1111,#950,.F.);
#1559=EDGE_CURVE('',#1112,#1211,#951,.F.);
#1560=EDGE_CURVE('',#1211,#1208,#952,.F.);
#1561=EDGE_CURVE('',#1082,#998,#953,.T.);
#1562=EDGE_CURVE('',#1083,#993,#954,.T.);
#1563=EDGE_CURVE('',#1212,#995,#955,.T.);
#1564=EDGE_CURVE('',#1000,#1212,#956,.T.);
#1565=EDGE_CURVE('',#1213,#1087,#957,.T.);
#1566=EDGE_CURVE('',#1214,#1213,#958,.T.);
#1567=EDGE_CURVE('',#1088,#1214,#959,.T.);
#1568=EDGE_CURVE('',#1060,#1215,#960,.T.);
#1569=EDGE_CURVE('',#1216,#1059,#961,.T.);
#1570=EDGE_CURVE('',#1215,#1216,#962,.T.);
#1571=EDGE_CURVE('',#1217,#1218,#963,.T.);
#1572=EDGE_CURVE('',#1219,#1217,#964,.T.);
#1573=EDGE_CURVE('',#1219,#1092,#965,.F.);
#1574=EDGE_CURVE('',#1218,#1091,#966,.T.);
#1575=EDGE_CURVE('',#1151,#1167,#183,.T.);
#1576=EDGE_CURVE('',#1154,#1164,#184,.T.);
#1577=EDGE_CURVE('',#1116,#1125,#185,.F.);
#1578=EDGE_CURVE('',#1207,#1220,#186,.F.);
#1579=EDGE_CURVE('',#1220,#1114,#187,.F.);
#1580=EDGE_CURVE('',#1113,#1221,#188,.F.);
#1581=EDGE_CURVE('',#1221,#1122,#189,.F.);
#1582=EDGE_CURVE('',#1121,#1222,#190,.F.);
#1583=EDGE_CURVE('',#1222,#1117,#191,.F.);
#1584=EDGE_CURVE('',#1210,#1221,#192,.T.);
#1585=EDGE_CURVE('',#1211,#1220,#193,.T.);
#1586=EDGE_CURVE('',#1209,#1222,#194,.T.);
#1587=EDGE_CURVE('',#1056,#1223,#435,.T.);
#1588=EDGE_CURVE('',#1223,#1013,#967,.T.);
#1589=EDGE_CURVE('',#1055,#1224,#436,.T.);
#1590=EDGE_CURVE('',#1224,#1223,#968,.T.);
#1591=EDGE_CURVE('',#1020,#1224,#969,.T.);
#1592=EDGE_CURVE('',#1225,#1219,#970,.T.);
#1593=EDGE_CURVE('',#1226,#1225,#971,.F.);
#1594=EDGE_CURVE('',#1012,#1226,#972,.T.);
#1595=EDGE_CURVE('',#1223,#1027,#195,.T.);
#1596=EDGE_CURVE('',#1224,#1028,#196,.T.);
#1597=EDGE_CURVE('',#1212,#985,#197,.T.);
#1598=EDGE_CURVE('',#980,#1227,#198,.T.);
#1599=EDGE_CURVE('',#1228,#1227,#437,.T.);
#1600=EDGE_CURVE('',#1008,#1228,#199,.T.);
#1601=EDGE_CURVE('',#1229,#1009,#973,.T.);
#1602=EDGE_CURVE('',#1230,#1229,#438,.T.);
#1603=EDGE_CURVE('',#1217,#1230,#200,.T.);
#1604=EDGE_CURVE('',#1231,#1218,#201,.T.);
#1605=EDGE_CURVE('',#1232,#1231,#439,.T.);
#1606=EDGE_CURVE('',#1084,#1232,#202,.T.);
#1607=EDGE_CURVE('',#1050,#1085,#203,.T.);
#1608=EDGE_CURVE('',#1005,#1049,#974,.T.);
#1609=EDGE_CURVE('',#1233,#1004,#204,.T.);
#1610=EDGE_CURVE('',#1227,#1233,#440,.T.);
#1611=EDGE_CURVE('',#1079,#1228,#205,.T.);
#1612=EDGE_CURVE('',#1233,#1080,#206,.F.);
#1613=EDGE_CURVE('',#1089,#1232,#207,.F.);
#1614=EDGE_CURVE('',#1231,#1090,#208,.T.);
#1615=EDGE_CURVE('',#1216,#1047,#209,.T.);
#1616=EDGE_CURVE('',#1036,#1214,#210,.T.);
#1617=EDGE_CURVE('',#1046,#1215,#211,.T.);
#1618=EDGE_CURVE('',#1213,#1037,#212,.T.);
#1619=EDGE_CURVE('',#1206,#1043,#213,.T.);
#1620=EDGE_CURVE('',#1040,#1191,#214,.T.);
#1621=EDGE_CURVE('',#1229,#1226,#975,.T.);
#1622=EDGE_CURVE('',#1230,#1225,#215,.T.);
#1623=ORIENTED_EDGE('',*,*,#1234,.T.);
#1624=ORIENTED_EDGE('',*,*,#1235,.T.);
#1625=ORIENTED_EDGE('',*,*,#1236,.F.);
#1626=ORIENTED_EDGE('',*,*,#1237,.F.);
#1627=ORIENTED_EDGE('',*,*,#1238,.T.);
#1628=ORIENTED_EDGE('',*,*,#1239,.T.);
#1629=ORIENTED_EDGE('',*,*,#1240,.T.);
#1630=ORIENTED_EDGE('',*,*,#1241,.F.);
#1631=ORIENTED_EDGE('',*,*,#1242,.T.);
#1632=ORIENTED_EDGE('',*,*,#1243,.T.);
#1633=ORIENTED_EDGE('',*,*,#1244,.T.);
#1634=ORIENTED_EDGE('',*,*,#1245,.T.);
#1635=ORIENTED_EDGE('',*,*,#1246,.T.);
#1636=ORIENTED_EDGE('',*,*,#1247,.T.);
#1637=ORIENTED_EDGE('',*,*,#1248,.T.);
#1638=ORIENTED_EDGE('',*,*,#1249,.T.);
#1639=ORIENTED_EDGE('',*,*,#1250,.T.);
#1640=ORIENTED_EDGE('',*,*,#1251,.F.);
#1641=ORIENTED_EDGE('',*,*,#1252,.T.);
#1642=ORIENTED_EDGE('',*,*,#1253,.T.);
#1643=ORIENTED_EDGE('',*,*,#1247,.F.);
#1644=ORIENTED_EDGE('',*,*,#1254,.F.);
#1645=ORIENTED_EDGE('',*,*,#1255,.T.);
#1646=ORIENTED_EDGE('',*,*,#1256,.T.);
#1647=ORIENTED_EDGE('',*,*,#1244,.F.);
#1648=ORIENTED_EDGE('',*,*,#1257,.T.);
#1649=ORIENTED_EDGE('',*,*,#1250,.F.);
#1650=ORIENTED_EDGE('',*,*,#1258,.F.);
#1651=ORIENTED_EDGE('',*,*,#1259,.T.);
#1652=ORIENTED_EDGE('',*,*,#1241,.T.);
#1653=ORIENTED_EDGE('',*,*,#1260,.F.);
#1654=ORIENTED_EDGE('',*,*,#1261,.T.);
#1655=ORIENTED_EDGE('',*,*,#1262,.T.);
#1656=ORIENTED_EDGE('',*,*,#1263,.F.);
#1657=ORIENTED_EDGE('',*,*,#1264,.T.);
#1658=ORIENTED_EDGE('',*,*,#1265,.F.);
#1659=ORIENTED_EDGE('',*,*,#1266,.F.);
#1660=ORIENTED_EDGE('',*,*,#1267,.F.);
#1661=ORIENTED_EDGE('',*,*,#1268,.F.);
#1662=ORIENTED_EDGE('',*,*,#1269,.T.);
#1663=ORIENTED_EDGE('',*,*,#1263,.T.);
#1664=ORIENTED_EDGE('',*,*,#1270,.F.);
#1665=ORIENTED_EDGE('',*,*,#1271,.F.);
#1666=ORIENTED_EDGE('',*,*,#1272,.F.);
#1667=ORIENTED_EDGE('',*,*,#1273,.T.);
#1668=ORIENTED_EDGE('',*,*,#1274,.T.);
#1669=ORIENTED_EDGE('',*,*,#1275,.F.);
#1670=ORIENTED_EDGE('',*,*,#1276,.F.);
#1671=ORIENTED_EDGE('',*,*,#1277,.T.);
#1672=ORIENTED_EDGE('',*,*,#1278,.F.);
#1673=ORIENTED_EDGE('',*,*,#1279,.F.);
#1674=ORIENTED_EDGE('',*,*,#1280,.T.);
#1675=ORIENTED_EDGE('',*,*,#1281,.T.);
#1676=ORIENTED_EDGE('',*,*,#1276,.T.);
#1677=ORIENTED_EDGE('',*,*,#1282,.T.);
#1678=ORIENTED_EDGE('',*,*,#1283,.T.);
#1679=ORIENTED_EDGE('',*,*,#1284,.F.);
#1680=ORIENTED_EDGE('',*,*,#1285,.T.);
#1681=ORIENTED_EDGE('',*,*,#1286,.F.);
#1682=ORIENTED_EDGE('',*,*,#1287,.F.);
#1683=ORIENTED_EDGE('',*,*,#1288,.F.);
#1684=ORIENTED_EDGE('',*,*,#1283,.F.);
#1685=ORIENTED_EDGE('',*,*,#1289,.T.);
#1686=ORIENTED_EDGE('',*,*,#1290,.F.);
#1687=ORIENTED_EDGE('',*,*,#1291,.F.);
#1688=ORIENTED_EDGE('',*,*,#1278,.T.);
#1689=ORIENTED_EDGE('',*,*,#1292,.T.);
#1690=ORIENTED_EDGE('',*,*,#1293,.T.);
#1691=ORIENTED_EDGE('',*,*,#1294,.T.);
#1692=ORIENTED_EDGE('',*,*,#1287,.T.);
#1693=ORIENTED_EDGE('',*,*,#1295,.F.);
#1694=ORIENTED_EDGE('',*,*,#1296,.T.);
#1695=ORIENTED_EDGE('',*,*,#1297,.T.);
#1696=ORIENTED_EDGE('',*,*,#1298,.T.);
#1697=ORIENTED_EDGE('',*,*,#1299,.T.);
#1698=ORIENTED_EDGE('',*,*,#1300,.T.);
#1699=ORIENTED_EDGE('',*,*,#1301,.T.);
#1700=ORIENTED_EDGE('',*,*,#1302,.T.);
#1701=ORIENTED_EDGE('',*,*,#1303,.F.);
#1702=ORIENTED_EDGE('',*,*,#1304,.T.);
#1703=ORIENTED_EDGE('',*,*,#1305,.T.);
#1704=ORIENTED_EDGE('',*,*,#1306,.T.);
#1705=ORIENTED_EDGE('',*,*,#1307,.F.);
#1706=ORIENTED_EDGE('',*,*,#1308,.T.);
#1707=ORIENTED_EDGE('',*,*,#1309,.T.);
#1708=ORIENTED_EDGE('',*,*,#1310,.T.);
#1709=ORIENTED_EDGE('',*,*,#1311,.T.);
#1710=ORIENTED_EDGE('',*,*,#1312,.T.);
#1711=ORIENTED_EDGE('',*,*,#1313,.T.);
#1712=ORIENTED_EDGE('',*,*,#1314,.T.);
#1713=ORIENTED_EDGE('',*,*,#1315,.T.);
#1714=ORIENTED_EDGE('',*,*,#1268,.T.);
#1715=ORIENTED_EDGE('',*,*,#1316,.T.);
#1716=ORIENTED_EDGE('',*,*,#1317,.T.);
#1717=ORIENTED_EDGE('',*,*,#1318,.F.);
#1718=ORIENTED_EDGE('',*,*,#1319,.T.);
#1719=ORIENTED_EDGE('',*,*,#1320,.T.);
#1720=ORIENTED_EDGE('',*,*,#1300,.F.);
#1721=ORIENTED_EDGE('',*,*,#1321,.F.);
#1722=ORIENTED_EDGE('',*,*,#1280,.F.);
#1723=ORIENTED_EDGE('',*,*,#1322,.F.);
#1724=ORIENTED_EDGE('',*,*,#1323,.F.);
#1725=ORIENTED_EDGE('',*,*,#1324,.F.);
#1726=ORIENTED_EDGE('',*,*,#1285,.F.);
#1727=ORIENTED_EDGE('',*,*,#1325,.F.);
#1728=ORIENTED_EDGE('',*,*,#1326,.F.);
#1729=ORIENTED_EDGE('',*,*,#1327,.F.);
#1730=ORIENTED_EDGE('',*,*,#1323,.T.);
#1731=ORIENTED_EDGE('',*,*,#1328,.F.);
#1732=ORIENTED_EDGE('',*,*,#1329,.T.);
#1733=ORIENTED_EDGE('',*,*,#1330,.T.);
#1734=ORIENTED_EDGE('',*,*,#1290,.T.);
#1735=ORIENTED_EDGE('',*,*,#1331,.F.);
#1736=ORIENTED_EDGE('',*,*,#1329,.F.);
#1737=ORIENTED_EDGE('',*,*,#1332,.T.);
#1738=ORIENTED_EDGE('',*,*,#1333,.F.);
#1739=ORIENTED_EDGE('',*,*,#1334,.F.);
#1740=ORIENTED_EDGE('',*,*,#1335,.F.);
#1741=ORIENTED_EDGE('',*,*,#1311,.F.);
#1742=ORIENTED_EDGE('',*,*,#1336,.F.);
#1743=ORIENTED_EDGE('',*,*,#1337,.F.);
#1744=ORIENTED_EDGE('',*,*,#1338,.T.);
#1745=ORIENTED_EDGE('',*,*,#1339,.T.);
#1746=ORIENTED_EDGE('',*,*,#1340,.T.);
#1747=ORIENTED_EDGE('',*,*,#1341,.F.);
#1748=ORIENTED_EDGE('',*,*,#1342,.T.);
#1749=ORIENTED_EDGE('',*,*,#1343,.T.);
#1750=ORIENTED_EDGE('',*,*,#1344,.T.);
#1751=ORIENTED_EDGE('',*,*,#1345,.F.);
#1752=ORIENTED_EDGE('',*,*,#1346,.T.);
#1753=ORIENTED_EDGE('',*,*,#1347,.T.);
#1754=ORIENTED_EDGE('',*,*,#1348,.T.);
#1755=ORIENTED_EDGE('',*,*,#1349,.F.);
#1756=ORIENTED_EDGE('',*,*,#1350,.T.);
#1757=ORIENTED_EDGE('',*,*,#1351,.T.);
#1758=ORIENTED_EDGE('',*,*,#1352,.T.);
#1759=ORIENTED_EDGE('',*,*,#1353,.F.);
#1760=ORIENTED_EDGE('',*,*,#1354,.T.);
#1761=ORIENTED_EDGE('',*,*,#1297,.F.);
#1762=ORIENTED_EDGE('',*,*,#1355,.F.);
#1763=ORIENTED_EDGE('',*,*,#1273,.F.);
#1764=ORIENTED_EDGE('',*,*,#1356,.F.);
#1765=ORIENTED_EDGE('',*,*,#1357,.F.);
#1766=ORIENTED_EDGE('',*,*,#1358,.F.);
#1767=ORIENTED_EDGE('',*,*,#1264,.F.);
#1768=ORIENTED_EDGE('',*,*,#1269,.F.);
#1769=ORIENTED_EDGE('',*,*,#1315,.F.);
#1770=ORIENTED_EDGE('',*,*,#1260,.T.);
#1771=ORIENTED_EDGE('',*,*,#1240,.F.);
#1772=ORIENTED_EDGE('',*,*,#1359,.F.);
#1773=ORIENTED_EDGE('',*,*,#1360,.T.);
#1774=ORIENTED_EDGE('',*,*,#1257,.F.);
#1775=ORIENTED_EDGE('',*,*,#1361,.T.);
#1776=ORIENTED_EDGE('',*,*,#1359,.T.);
#1777=ORIENTED_EDGE('',*,*,#1239,.F.);
#1778=ORIENTED_EDGE('',*,*,#1362,.T.);
#1779=ORIENTED_EDGE('',*,*,#1248,.F.);
#1780=ORIENTED_EDGE('',*,*,#1253,.F.);
#1781=ORIENTED_EDGE('',*,*,#1363,.T.);
#1782=ORIENTED_EDGE('',*,*,#1364,.T.);
#1783=ORIENTED_EDGE('',*,*,#1245,.F.);
#1784=ORIENTED_EDGE('',*,*,#1256,.F.);
#1785=ORIENTED_EDGE('',*,*,#1365,.T.);
#1786=ORIENTED_EDGE('',*,*,#1331,.T.);
#1787=ORIENTED_EDGE('',*,*,#1295,.T.);
#1788=ORIENTED_EDGE('',*,*,#1289,.F.);
#1789=ORIENTED_EDGE('',*,*,#1366,.F.);
#1790=ORIENTED_EDGE('',*,*,#1279,.T.);
#1791=ORIENTED_EDGE('',*,*,#1291,.T.);
#1792=ORIENTED_EDGE('',*,*,#1332,.F.);
#1793=ORIENTED_EDGE('',*,*,#1367,.F.);
#1794=ORIENTED_EDGE('',*,*,#1368,.F.);
#1795=ORIENTED_EDGE('',*,*,#1369,.F.);
#1796=ORIENTED_EDGE('',*,*,#1370,.T.);
#1797=ORIENTED_EDGE('',*,*,#1319,.F.);
#1798=ORIENTED_EDGE('',*,*,#1371,.F.);
#1799=ORIENTED_EDGE('',*,*,#1372,.F.);
#1800=ORIENTED_EDGE('',*,*,#1373,.F.);
#1801=ORIENTED_EDGE('',*,*,#1374,.F.);
#1802=ORIENTED_EDGE('',*,*,#1301,.F.);
#1803=ORIENTED_EDGE('',*,*,#1320,.F.);
#1804=ORIENTED_EDGE('',*,*,#1370,.F.);
#1805=ORIENTED_EDGE('',*,*,#1375,.F.);
#1806=ORIENTED_EDGE('',*,*,#1376,.F.);
#1807=ORIENTED_EDGE('',*,*,#1377,.F.);
#1808=ORIENTED_EDGE('',*,*,#1378,.F.);
#1809=ORIENTED_EDGE('',*,*,#1379,.T.);
#1810=ORIENTED_EDGE('',*,*,#1299,.F.);
#1811=ORIENTED_EDGE('',*,*,#1380,.F.);
#1812=ORIENTED_EDGE('',*,*,#1381,.F.);
#1813=ORIENTED_EDGE('',*,*,#1382,.T.);
#1814=ORIENTED_EDGE('',*,*,#1383,.T.);
#1815=ORIENTED_EDGE('',*,*,#1384,.T.);
#1816=ORIENTED_EDGE('',*,*,#1385,.F.);
#1817=ORIENTED_EDGE('',*,*,#1386,.T.);
#1818=ORIENTED_EDGE('',*,*,#1387,.T.);
#1819=ORIENTED_EDGE('',*,*,#1388,.T.);
#1820=ORIENTED_EDGE('',*,*,#1389,.F.);
#1821=ORIENTED_EDGE('',*,*,#1390,.T.);
#1822=ORIENTED_EDGE('',*,*,#1391,.T.);
#1823=ORIENTED_EDGE('',*,*,#1392,.T.);
#1824=ORIENTED_EDGE('',*,*,#1393,.F.);
#1825=ORIENTED_EDGE('',*,*,#1394,.T.);
#1826=ORIENTED_EDGE('',*,*,#1395,.T.);
#1827=ORIENTED_EDGE('',*,*,#1396,.T.);
#1828=ORIENTED_EDGE('',*,*,#1397,.F.);
#1829=ORIENTED_EDGE('',*,*,#1398,.F.);
#1830=ORIENTED_EDGE('',*,*,#1305,.F.);
#1831=ORIENTED_EDGE('',*,*,#1399,.F.);
#1832=ORIENTED_EDGE('',*,*,#1400,.T.);
#1833=ORIENTED_EDGE('',*,*,#1401,.F.);
#1834=ORIENTED_EDGE('',*,*,#1402,.F.);
#1835=ORIENTED_EDGE('',*,*,#1403,.T.);
#1836=ORIENTED_EDGE('',*,*,#1404,.F.);
#1837=ORIENTED_EDGE('',*,*,#1405,.F.);
#1838=ORIENTED_EDGE('',*,*,#1406,.F.);
#1839=ORIENTED_EDGE('',*,*,#1407,.F.);
#1840=ORIENTED_EDGE('',*,*,#1408,.T.);
#1841=ORIENTED_EDGE('',*,*,#1409,.F.);
#1842=ORIENTED_EDGE('',*,*,#1410,.F.);
#1843=ORIENTED_EDGE('',*,*,#1411,.T.);
#1844=ORIENTED_EDGE('',*,*,#1412,.F.);
#1845=ORIENTED_EDGE('',*,*,#1413,.F.);
#1846=ORIENTED_EDGE('',*,*,#1414,.F.);
#1847=ORIENTED_EDGE('',*,*,#1415,.F.);
#1848=ORIENTED_EDGE('',*,*,#1416,.T.);
#1849=ORIENTED_EDGE('',*,*,#1417,.T.);
#1850=ORIENTED_EDGE('',*,*,#1418,.T.);
#1851=ORIENTED_EDGE('',*,*,#1419,.F.);
#1852=ORIENTED_EDGE('',*,*,#1420,.F.);
#1853=ORIENTED_EDGE('',*,*,#1308,.F.);
#1854=ORIENTED_EDGE('',*,*,#1421,.F.);
#1855=ORIENTED_EDGE('',*,*,#1422,.F.);
#1856=ORIENTED_EDGE('',*,*,#1423,.T.);
#1857=ORIENTED_EDGE('',*,*,#1424,.T.);
#1858=ORIENTED_EDGE('',*,*,#1425,.F.);
#1859=ORIENTED_EDGE('',*,*,#1426,.F.);
#1860=ORIENTED_EDGE('',*,*,#1427,.T.);
#1861=ORIENTED_EDGE('',*,*,#1428,.T.);
#1862=ORIENTED_EDGE('',*,*,#1429,.T.);
#1863=ORIENTED_EDGE('',*,*,#1430,.F.);
#1864=ORIENTED_EDGE('',*,*,#1431,.T.);
#1865=ORIENTED_EDGE('',*,*,#1432,.T.);
#1866=ORIENTED_EDGE('',*,*,#1416,.F.);
#1867=ORIENTED_EDGE('',*,*,#1433,.T.);
#1868=ORIENTED_EDGE('',*,*,#1434,.T.);
#1869=ORIENTED_EDGE('',*,*,#1435,.F.);
#1870=ORIENTED_EDGE('',*,*,#1436,.F.);
#1871=ORIENTED_EDGE('',*,*,#1433,.F.);
#1872=ORIENTED_EDGE('',*,*,#1437,.F.);
#1873=ORIENTED_EDGE('',*,*,#1438,.F.);
#1874=ORIENTED_EDGE('',*,*,#1439,.T.);
#1875=ORIENTED_EDGE('',*,*,#1440,.T.);
#1876=ORIENTED_EDGE('',*,*,#1441,.T.);
#1877=ORIENTED_EDGE('',*,*,#1442,.T.);
#1878=ORIENTED_EDGE('',*,*,#1443,.F.);
#1879=ORIENTED_EDGE('',*,*,#1444,.F.);
#1880=ORIENTED_EDGE('',*,*,#1445,.T.);
#1881=ORIENTED_EDGE('',*,*,#1446,.T.);
#1882=ORIENTED_EDGE('',*,*,#1447,.T.);
#1883=ORIENTED_EDGE('',*,*,#1440,.F.);
#1884=ORIENTED_EDGE('',*,*,#1448,.T.);
#1885=ORIENTED_EDGE('',*,*,#1449,.F.);
#1886=ORIENTED_EDGE('',*,*,#1450,.F.);
#1887=ORIENTED_EDGE('',*,*,#1438,.T.);
#1888=ORIENTED_EDGE('',*,*,#1451,.T.);
#1889=ORIENTED_EDGE('',*,*,#1452,.F.);
#1890=ORIENTED_EDGE('',*,*,#1453,.F.);
#1891=ORIENTED_EDGE('',*,*,#1454,.T.);
#1892=ORIENTED_EDGE('',*,*,#1455,.T.);
#1893=ORIENTED_EDGE('',*,*,#1456,.T.);
#1894=ORIENTED_EDGE('',*,*,#1457,.T.);
#1895=ORIENTED_EDGE('',*,*,#1458,.T.);
#1896=ORIENTED_EDGE('',*,*,#1459,.T.);
#1897=ORIENTED_EDGE('',*,*,#1460,.T.);
#1898=ORIENTED_EDGE('',*,*,#1449,.T.);
#1899=ORIENTED_EDGE('',*,*,#1461,.T.);
#1900=ORIENTED_EDGE('',*,*,#1452,.T.);
#1901=ORIENTED_EDGE('',*,*,#1462,.T.);
#1902=ORIENTED_EDGE('',*,*,#1435,.T.);
#1903=ORIENTED_EDGE('',*,*,#1463,.T.);
#1904=ORIENTED_EDGE('',*,*,#1446,.F.);
#1905=ORIENTED_EDGE('',*,*,#1464,.T.);
#1906=ORIENTED_EDGE('',*,*,#1455,.F.);
#1907=ORIENTED_EDGE('',*,*,#1465,.F.);
#1908=ORIENTED_EDGE('',*,*,#1437,.T.);
#1909=ORIENTED_EDGE('',*,*,#1436,.T.);
#1910=ORIENTED_EDGE('',*,*,#1462,.F.);
#1911=ORIENTED_EDGE('',*,*,#1451,.F.);
#1912=ORIENTED_EDGE('',*,*,#1454,.F.);
#1913=ORIENTED_EDGE('',*,*,#1466,.T.);
#1914=ORIENTED_EDGE('',*,*,#1467,.T.);
#1915=ORIENTED_EDGE('',*,*,#1468,.T.);
#1916=ORIENTED_EDGE('',*,*,#1469,.F.);
#1917=ORIENTED_EDGE('',*,*,#1470,.T.);
#1918=ORIENTED_EDGE('',*,*,#1471,.T.);
#1919=ORIENTED_EDGE('',*,*,#1472,.T.);
#1920=ORIENTED_EDGE('',*,*,#1473,.F.);
#1921=ORIENTED_EDGE('',*,*,#1474,.T.);
#1922=ORIENTED_EDGE('',*,*,#1475,.T.);
#1923=ORIENTED_EDGE('',*,*,#1476,.T.);
#1924=ORIENTED_EDGE('',*,*,#1477,.F.);
#1925=ORIENTED_EDGE('',*,*,#1478,.T.);
#1926=ORIENTED_EDGE('',*,*,#1479,.T.);
#1927=ORIENTED_EDGE('',*,*,#1480,.T.);
#1928=ORIENTED_EDGE('',*,*,#1481,.F.);
#1929=ORIENTED_EDGE('',*,*,#1482,.T.);
#1930=ORIENTED_EDGE('',*,*,#1483,.T.);
#1931=ORIENTED_EDGE('',*,*,#1466,.F.);
#1932=ORIENTED_EDGE('',*,*,#1443,.T.);
#1933=ORIENTED_EDGE('',*,*,#1484,.T.);
#1934=ORIENTED_EDGE('',*,*,#1458,.F.);
#1935=ORIENTED_EDGE('',*,*,#1485,.F.);
#1936=ORIENTED_EDGE('',*,*,#1432,.F.);
#1937=ORIENTED_EDGE('',*,*,#1486,.T.);
#1938=ORIENTED_EDGE('',*,*,#1339,.F.);
#1939=ORIENTED_EDGE('',*,*,#1487,.F.);
#1940=ORIENTED_EDGE('',*,*,#1417,.F.);
#1941=ORIENTED_EDGE('',*,*,#1431,.F.);
#1942=ORIENTED_EDGE('',*,*,#1488,.T.);
#1943=ORIENTED_EDGE('',*,*,#1340,.F.);
#1944=ORIENTED_EDGE('',*,*,#1486,.F.);
#1945=ORIENTED_EDGE('',*,*,#1418,.F.);
#1946=ORIENTED_EDGE('',*,*,#1487,.T.);
#1947=ORIENTED_EDGE('',*,*,#1338,.F.);
#1948=ORIENTED_EDGE('',*,*,#1489,.T.);
#1949=ORIENTED_EDGE('',*,*,#1430,.T.);
#1950=ORIENTED_EDGE('',*,*,#1490,.T.);
#1951=ORIENTED_EDGE('',*,*,#1491,.F.);
#1952=ORIENTED_EDGE('',*,*,#1341,.T.);
#1953=ORIENTED_EDGE('',*,*,#1488,.F.);
#1954=ORIENTED_EDGE('',*,*,#1478,.F.);
#1955=ORIENTED_EDGE('',*,*,#1492,.F.);
#1956=ORIENTED_EDGE('',*,*,#1493,.F.);
#1957=ORIENTED_EDGE('',*,*,#1494,.T.);
#1958=ORIENTED_EDGE('',*,*,#1480,.F.);
#1959=ORIENTED_EDGE('',*,*,#1495,.F.);
#1960=ORIENTED_EDGE('',*,*,#1496,.F.);
#1961=ORIENTED_EDGE('',*,*,#1497,.F.);
#1962=ORIENTED_EDGE('',*,*,#1479,.F.);
#1963=ORIENTED_EDGE('',*,*,#1494,.F.);
#1964=ORIENTED_EDGE('',*,*,#1498,.F.);
#1965=ORIENTED_EDGE('',*,*,#1495,.T.);
#1966=ORIENTED_EDGE('',*,*,#1497,.T.);
#1967=ORIENTED_EDGE('',*,*,#1499,.F.);
#1968=ORIENTED_EDGE('',*,*,#1353,.T.);
#1969=ORIENTED_EDGE('',*,*,#1500,.F.);
#1970=ORIENTED_EDGE('',*,*,#1481,.T.);
#1971=ORIENTED_EDGE('',*,*,#1496,.T.);
#1972=ORIENTED_EDGE('',*,*,#1498,.T.);
#1973=ORIENTED_EDGE('',*,*,#1493,.T.);
#1974=ORIENTED_EDGE('',*,*,#1501,.T.);
#1975=ORIENTED_EDGE('',*,*,#1380,.T.);
#1976=ORIENTED_EDGE('',*,*,#1298,.F.);
#1977=ORIENTED_EDGE('',*,*,#1354,.F.);
#1978=ORIENTED_EDGE('',*,*,#1499,.T.);
#1979=ORIENTED_EDGE('',*,*,#1502,.T.);
#1980=ORIENTED_EDGE('',*,*,#1476,.F.);
#1981=ORIENTED_EDGE('',*,*,#1503,.T.);
#1982=ORIENTED_EDGE('',*,*,#1382,.F.);
#1983=ORIENTED_EDGE('',*,*,#1383,.F.);
#1984=ORIENTED_EDGE('',*,*,#1503,.F.);
#1985=ORIENTED_EDGE('',*,*,#1475,.F.);
#1986=ORIENTED_EDGE('',*,*,#1504,.F.);
#1987=ORIENTED_EDGE('',*,*,#1504,.T.);
#1988=ORIENTED_EDGE('',*,*,#1474,.F.);
#1989=ORIENTED_EDGE('',*,*,#1505,.T.);
#1990=ORIENTED_EDGE('',*,*,#1384,.F.);
#1991=ORIENTED_EDGE('',*,*,#1505,.F.);
#1992=ORIENTED_EDGE('',*,*,#1473,.T.);
#1993=ORIENTED_EDGE('',*,*,#1506,.T.);
#1994=ORIENTED_EDGE('',*,*,#1507,.F.);
#1995=ORIENTED_EDGE('',*,*,#1385,.T.);
#1996=ORIENTED_EDGE('',*,*,#1492,.T.);
#1997=ORIENTED_EDGE('',*,*,#1477,.T.);
#1998=ORIENTED_EDGE('',*,*,#1502,.F.);
#1999=ORIENTED_EDGE('',*,*,#1381,.T.);
#2000=ORIENTED_EDGE('',*,*,#1501,.F.);
#2001=ORIENTED_EDGE('',*,*,#1351,.F.);
#2002=ORIENTED_EDGE('',*,*,#1508,.F.);
#2003=ORIENTED_EDGE('',*,*,#1467,.F.);
#2004=ORIENTED_EDGE('',*,*,#1483,.F.);
#2005=ORIENTED_EDGE('',*,*,#1509,.F.);
#2006=ORIENTED_EDGE('',*,*,#1352,.F.);
#2007=ORIENTED_EDGE('',*,*,#1509,.T.);
#2008=ORIENTED_EDGE('',*,*,#1482,.F.);
#2009=ORIENTED_EDGE('',*,*,#1500,.T.);
#2010=ORIENTED_EDGE('',*,*,#1350,.F.);
#2011=ORIENTED_EDGE('',*,*,#1510,.T.);
#2012=ORIENTED_EDGE('',*,*,#1468,.F.);
#2013=ORIENTED_EDGE('',*,*,#1508,.T.);
#2014=ORIENTED_EDGE('',*,*,#1423,.F.);
#2015=ORIENTED_EDGE('',*,*,#1511,.T.);
#2016=ORIENTED_EDGE('',*,*,#1396,.F.);
#2017=ORIENTED_EDGE('',*,*,#1512,.T.);
#2018=ORIENTED_EDGE('',*,*,#1425,.T.);
#2019=ORIENTED_EDGE('',*,*,#1513,.F.);
#2020=ORIENTED_EDGE('',*,*,#1394,.F.);
#2021=ORIENTED_EDGE('',*,*,#1514,.F.);
#2022=ORIENTED_EDGE('',*,*,#1424,.F.);
#2023=ORIENTED_EDGE('',*,*,#1512,.F.);
#2024=ORIENTED_EDGE('',*,*,#1395,.F.);
#2025=ORIENTED_EDGE('',*,*,#1513,.T.);
#2026=ORIENTED_EDGE('',*,*,#1397,.T.);
#2027=ORIENTED_EDGE('',*,*,#1511,.F.);
#2028=ORIENTED_EDGE('',*,*,#1422,.T.);
#2029=ORIENTED_EDGE('',*,*,#1515,.F.);
#2030=ORIENTED_EDGE('',*,*,#1516,.F.);
#2031=ORIENTED_EDGE('',*,*,#1426,.T.);
#2032=ORIENTED_EDGE('',*,*,#1514,.T.);
#2033=ORIENTED_EDGE('',*,*,#1393,.T.);
#2034=ORIENTED_EDGE('',*,*,#1517,.F.);
#2035=ORIENTED_EDGE('',*,*,#1518,.T.);
#2036=ORIENTED_EDGE('',*,*,#1491,.T.);
#2037=ORIENTED_EDGE('',*,*,#1519,.F.);
#2038=ORIENTED_EDGE('',*,*,#1520,.T.);
#2039=ORIENTED_EDGE('',*,*,#1342,.F.);
#2040=ORIENTED_EDGE('',*,*,#1521,.T.);
#2041=ORIENTED_EDGE('',*,*,#1522,.F.);
#2042=ORIENTED_EDGE('',*,*,#1523,.T.);
#2043=ORIENTED_EDGE('',*,*,#1390,.F.);
#2044=ORIENTED_EDGE('',*,*,#1392,.F.);
#2045=ORIENTED_EDGE('',*,*,#1524,.T.);
#2046=ORIENTED_EDGE('',*,*,#1525,.F.);
#2047=ORIENTED_EDGE('',*,*,#1517,.T.);
#2048=ORIENTED_EDGE('',*,*,#1526,.F.);
#2049=ORIENTED_EDGE('',*,*,#1527,.T.);
#2050=ORIENTED_EDGE('',*,*,#1528,.T.);
#2051=ORIENTED_EDGE('',*,*,#1522,.T.);
#2052=ORIENTED_EDGE('',*,*,#1388,.F.);
#2053=ORIENTED_EDGE('',*,*,#1529,.T.);
#2054=ORIENTED_EDGE('',*,*,#1527,.F.);
#2055=ORIENTED_EDGE('',*,*,#1530,.T.);
#2056=ORIENTED_EDGE('',*,*,#1531,.F.);
#2057=ORIENTED_EDGE('',*,*,#1524,.F.);
#2058=ORIENTED_EDGE('',*,*,#1391,.F.);
#2059=ORIENTED_EDGE('',*,*,#1523,.F.);
#2060=ORIENTED_EDGE('',*,*,#1528,.F.);
#2061=ORIENTED_EDGE('',*,*,#1529,.F.);
#2062=ORIENTED_EDGE('',*,*,#1387,.F.);
#2063=ORIENTED_EDGE('',*,*,#1532,.F.);
#2064=ORIENTED_EDGE('',*,*,#1533,.F.);
#2065=ORIENTED_EDGE('',*,*,#1471,.F.);
#2066=ORIENTED_EDGE('',*,*,#1534,.T.);
#2067=ORIENTED_EDGE('',*,*,#1535,.F.);
#2068=ORIENTED_EDGE('',*,*,#1347,.F.);
#2069=ORIENTED_EDGE('',*,*,#1536,.F.);
#2070=ORIENTED_EDGE('',*,*,#1537,.T.);
#2071=ORIENTED_EDGE('',*,*,#1538,.F.);
#2072=ORIENTED_EDGE('',*,*,#1343,.F.);
#2073=ORIENTED_EDGE('',*,*,#1520,.F.);
#2074=ORIENTED_EDGE('',*,*,#1539,.T.);
#2075=ORIENTED_EDGE('',*,*,#1428,.F.);
#2076=ORIENTED_EDGE('',*,*,#1346,.F.);
#2077=ORIENTED_EDGE('',*,*,#1540,.T.);
#2078=ORIENTED_EDGE('',*,*,#1541,.F.);
#2079=ORIENTED_EDGE('',*,*,#1536,.T.);
#2080=ORIENTED_EDGE('',*,*,#1542,.T.);
#2081=ORIENTED_EDGE('',*,*,#1348,.F.);
#2082=ORIENTED_EDGE('',*,*,#1535,.T.);
#2083=ORIENTED_EDGE('',*,*,#1543,.F.);
#2084=ORIENTED_EDGE('',*,*,#1544,.F.);
#2085=ORIENTED_EDGE('',*,*,#1545,.T.);
#2086=ORIENTED_EDGE('',*,*,#1537,.F.);
#2087=ORIENTED_EDGE('',*,*,#1541,.T.);
#2088=ORIENTED_EDGE('',*,*,#1470,.F.);
#2089=ORIENTED_EDGE('',*,*,#1546,.F.);
#2090=ORIENTED_EDGE('',*,*,#1543,.T.);
#2091=ORIENTED_EDGE('',*,*,#1534,.F.);
#2092=ORIENTED_EDGE('',*,*,#1547,.T.);
#2093=ORIENTED_EDGE('',*,*,#1344,.F.);
#2094=ORIENTED_EDGE('',*,*,#1538,.T.);
#2095=ORIENTED_EDGE('',*,*,#1545,.F.);
#2096=ORIENTED_EDGE('',*,*,#1429,.F.);
#2097=ORIENTED_EDGE('',*,*,#1539,.F.);
#2098=ORIENTED_EDGE('',*,*,#1519,.T.);
#2099=ORIENTED_EDGE('',*,*,#1490,.F.);
#2100=ORIENTED_EDGE('',*,*,#1506,.F.);
#2101=ORIENTED_EDGE('',*,*,#1472,.F.);
#2102=ORIENTED_EDGE('',*,*,#1533,.T.);
#2103=ORIENTED_EDGE('',*,*,#1548,.T.);
#2104=ORIENTED_EDGE('',*,*,#1386,.F.);
#2105=ORIENTED_EDGE('',*,*,#1507,.T.);
#2106=ORIENTED_EDGE('',*,*,#1548,.F.);
#2107=ORIENTED_EDGE('',*,*,#1532,.T.);
#2108=ORIENTED_EDGE('',*,*,#1518,.F.);
#2109=ORIENTED_EDGE('',*,*,#1525,.T.);
#2110=ORIENTED_EDGE('',*,*,#1531,.T.);
#2111=ORIENTED_EDGE('',*,*,#1427,.F.);
#2112=ORIENTED_EDGE('',*,*,#1547,.F.);
#2113=ORIENTED_EDGE('',*,*,#1544,.T.);
#2114=ORIENTED_EDGE('',*,*,#1540,.F.);
#2115=ORIENTED_EDGE('',*,*,#1345,.T.);
#2116=ORIENTED_EDGE('',*,*,#1510,.F.);
#2117=ORIENTED_EDGE('',*,*,#1349,.T.);
#2118=ORIENTED_EDGE('',*,*,#1542,.F.);
#2119=ORIENTED_EDGE('',*,*,#1546,.T.);
#2120=ORIENTED_EDGE('',*,*,#1469,.T.);
#2121=ORIENTED_EDGE('',*,*,#1521,.F.);
#2122=ORIENTED_EDGE('',*,*,#1389,.T.);
#2123=ORIENTED_EDGE('',*,*,#1530,.F.);
#2124=ORIENTED_EDGE('',*,*,#1526,.T.);
#2125=ORIENTED_EDGE('',*,*,#1337,.T.);
#2126=ORIENTED_EDGE('',*,*,#1549,.F.);
#2127=ORIENTED_EDGE('',*,*,#1550,.F.);
#2128=ORIENTED_EDGE('',*,*,#1419,.T.);
#2129=ORIENTED_EDGE('',*,*,#1489,.F.);
#2130=ORIENTED_EDGE('',*,*,#1551,.T.);
#2131=ORIENTED_EDGE('',*,*,#1411,.F.);
#2132=ORIENTED_EDGE('',*,*,#1552,.F.);
#2133=ORIENTED_EDGE('',*,*,#1553,.T.);
#2134=ORIENTED_EDGE('',*,*,#1552,.T.);
#2135=ORIENTED_EDGE('',*,*,#1414,.T.);
#2136=ORIENTED_EDGE('',*,*,#1554,.T.);
#2137=ORIENTED_EDGE('',*,*,#1406,.T.);
#2138=ORIENTED_EDGE('',*,*,#1555,.T.);
#2139=ORIENTED_EDGE('',*,*,#1556,.T.);
#2140=ORIENTED_EDGE('',*,*,#1407,.T.);
#2141=ORIENTED_EDGE('',*,*,#1557,.T.);
#2142=ORIENTED_EDGE('',*,*,#1558,.T.);
#2143=ORIENTED_EDGE('',*,*,#1399,.T.);
#2144=ORIENTED_EDGE('',*,*,#1559,.T.);
#2145=ORIENTED_EDGE('',*,*,#1560,.T.);
#2146=ORIENTED_EDGE('',*,*,#1261,.F.);
#2147=ORIENTED_EDGE('',*,*,#1360,.F.);
#2148=ORIENTED_EDGE('',*,*,#1361,.F.);
#2149=ORIENTED_EDGE('',*,*,#1259,.F.);
#2150=ORIENTED_EDGE('',*,*,#1561,.F.);
#2151=ORIENTED_EDGE('',*,*,#1363,.F.);
#2152=ORIENTED_EDGE('',*,*,#1252,.F.);
#2153=ORIENTED_EDGE('',*,*,#1562,.F.);
#2154=ORIENTED_EDGE('',*,*,#1365,.F.);
#2155=ORIENTED_EDGE('',*,*,#1255,.F.);
#2156=ORIENTED_EDGE('',*,*,#1563,.F.);
#2157=ORIENTED_EDGE('',*,*,#1564,.F.);
#2158=ORIENTED_EDGE('',*,*,#1565,.F.);
#2159=ORIENTED_EDGE('',*,*,#1566,.F.);
#2160=ORIENTED_EDGE('',*,*,#1567,.F.);
#2161=ORIENTED_EDGE('',*,*,#1373,.T.);
#2162=ORIENTED_EDGE('',*,*,#1568,.F.);
#2163=ORIENTED_EDGE('',*,*,#1334,.T.);
#2164=ORIENTED_EDGE('',*,*,#1569,.F.);
#2165=ORIENTED_EDGE('',*,*,#1570,.F.);
#2166=ORIENTED_EDGE('',*,*,#1571,.F.);
#2167=ORIENTED_EDGE('',*,*,#1572,.F.);
#2168=ORIENTED_EDGE('',*,*,#1573,.T.);
#2169=ORIENTED_EDGE('',*,*,#1378,.T.);
#2170=ORIENTED_EDGE('',*,*,#1574,.F.);
#2171=ORIENTED_EDGE('',*,*,#1442,.F.);
#2172=ORIENTED_EDGE('',*,*,#1575,.T.);
#2173=ORIENTED_EDGE('',*,*,#1459,.F.);
#2174=ORIENTED_EDGE('',*,*,#1484,.F.);
#2175=ORIENTED_EDGE('',*,*,#1441,.F.);
#2176=ORIENTED_EDGE('',*,*,#1450,.T.);
#2177=ORIENTED_EDGE('',*,*,#1460,.F.);
#2178=ORIENTED_EDGE('',*,*,#1575,.F.);
#2179=ORIENTED_EDGE('',*,*,#1444,.T.);
#2180=ORIENTED_EDGE('',*,*,#1485,.T.);
#2181=ORIENTED_EDGE('',*,*,#1457,.F.);
#2182=ORIENTED_EDGE('',*,*,#1576,.F.);
#2183=ORIENTED_EDGE('',*,*,#1445,.F.);
#2184=ORIENTED_EDGE('',*,*,#1576,.T.);
#2185=ORIENTED_EDGE('',*,*,#1456,.F.);
#2186=ORIENTED_EDGE('',*,*,#1464,.F.);
#2187=ORIENTED_EDGE('',*,*,#1439,.F.);
#2188=ORIENTED_EDGE('',*,*,#1453,.T.);
#2189=ORIENTED_EDGE('',*,*,#1461,.F.);
#2190=ORIENTED_EDGE('',*,*,#1448,.F.);
#2191=ORIENTED_EDGE('',*,*,#1447,.F.);
#2192=ORIENTED_EDGE('',*,*,#1465,.T.);
#2193=ORIENTED_EDGE('',*,*,#1463,.F.);
#2194=ORIENTED_EDGE('',*,*,#1434,.F.);
#2195=ORIENTED_EDGE('',*,*,#1415,.T.);
#2196=ORIENTED_EDGE('',*,*,#1404,.T.);
#2197=ORIENTED_EDGE('',*,*,#1577,.T.);
#2198=ORIENTED_EDGE('',*,*,#1412,.T.);
#2199=ORIENTED_EDGE('',*,*,#1551,.F.);
#2200=ORIENTED_EDGE('',*,*,#1578,.T.);
#2201=ORIENTED_EDGE('',*,*,#1579,.T.);
#2202=ORIENTED_EDGE('',*,*,#1401,.T.);
#2203=ORIENTED_EDGE('',*,*,#1580,.T.);
#2204=ORIENTED_EDGE('',*,*,#1581,.T.);
#2205=ORIENTED_EDGE('',*,*,#1409,.T.);
#2206=ORIENTED_EDGE('',*,*,#1582,.T.);
#2207=ORIENTED_EDGE('',*,*,#1583,.T.);
#2208=ORIENTED_EDGE('',*,*,#1584,.T.);
#2209=ORIENTED_EDGE('',*,*,#1580,.F.);
#2210=ORIENTED_EDGE('',*,*,#1400,.F.);
#2211=ORIENTED_EDGE('',*,*,#1558,.F.);
#2212=ORIENTED_EDGE('',*,*,#1410,.T.);
#2213=ORIENTED_EDGE('',*,*,#1581,.F.);
#2214=ORIENTED_EDGE('',*,*,#1584,.F.);
#2215=ORIENTED_EDGE('',*,*,#1557,.F.);
#2216=ORIENTED_EDGE('',*,*,#1402,.T.);
#2217=ORIENTED_EDGE('',*,*,#1579,.F.);
#2218=ORIENTED_EDGE('',*,*,#1585,.F.);
#2219=ORIENTED_EDGE('',*,*,#1559,.F.);
#2220=ORIENTED_EDGE('',*,*,#1553,.F.);
#2221=ORIENTED_EDGE('',*,*,#1560,.F.);
#2222=ORIENTED_EDGE('',*,*,#1585,.T.);
#2223=ORIENTED_EDGE('',*,*,#1578,.F.);
#2224=ORIENTED_EDGE('',*,*,#1586,.T.);
#2225=ORIENTED_EDGE('',*,*,#1582,.F.);
#2226=ORIENTED_EDGE('',*,*,#1408,.F.);
#2227=ORIENTED_EDGE('',*,*,#1556,.F.);
#2228=ORIENTED_EDGE('',*,*,#1405,.T.);
#2229=ORIENTED_EDGE('',*,*,#1583,.F.);
#2230=ORIENTED_EDGE('',*,*,#1586,.F.);
#2231=ORIENTED_EDGE('',*,*,#1555,.F.);
#2232=ORIENTED_EDGE('',*,*,#1403,.F.);
#2233=ORIENTED_EDGE('',*,*,#1554,.F.);
#2234=ORIENTED_EDGE('',*,*,#1413,.T.);
#2235=ORIENTED_EDGE('',*,*,#1577,.F.);
#2236=ORIENTED_EDGE('',*,*,#1282,.F.);
#2237=ORIENTED_EDGE('',*,*,#1367,.T.);
#2238=ORIENTED_EDGE('',*,*,#1328,.T.);
#2239=ORIENTED_EDGE('',*,*,#1322,.T.);
#2240=ORIENTED_EDGE('',*,*,#1281,.F.);
#2241=ORIENTED_EDGE('',*,*,#1327,.T.);
#2242=ORIENTED_EDGE('',*,*,#1587,.T.);
#2243=ORIENTED_EDGE('',*,*,#1588,.T.);
#2244=ORIENTED_EDGE('',*,*,#1587,.F.);
#2245=ORIENTED_EDGE('',*,*,#1326,.T.);
#2246=ORIENTED_EDGE('',*,*,#1589,.T.);
#2247=ORIENTED_EDGE('',*,*,#1590,.T.);
#2248=ORIENTED_EDGE('',*,*,#1330,.F.);
#2249=ORIENTED_EDGE('',*,*,#1366,.T.);
#2250=ORIENTED_EDGE('',*,*,#1286,.T.);
#2251=ORIENTED_EDGE('',*,*,#1324,.T.);
#2252=ORIENTED_EDGE('',*,*,#1589,.F.);
#2253=ORIENTED_EDGE('',*,*,#1325,.T.);
#2254=ORIENTED_EDGE('',*,*,#1284,.T.);
#2255=ORIENTED_EDGE('',*,*,#1591,.T.);
#2256=ORIENTED_EDGE('',*,*,#1379,.F.);
#2257=ORIENTED_EDGE('',*,*,#1573,.F.);
#2258=ORIENTED_EDGE('',*,*,#1592,.F.);
#2259=ORIENTED_EDGE('',*,*,#1593,.F.);
#2260=ORIENTED_EDGE('',*,*,#1594,.F.);
#2261=ORIENTED_EDGE('',*,*,#1274,.F.);
#2262=ORIENTED_EDGE('',*,*,#1355,.T.);
#2263=ORIENTED_EDGE('',*,*,#1296,.F.);
#2264=ORIENTED_EDGE('',*,*,#1595,.T.);
#2265=ORIENTED_EDGE('',*,*,#1292,.F.);
#2266=ORIENTED_EDGE('',*,*,#1277,.F.);
#2267=ORIENTED_EDGE('',*,*,#1588,.F.);
#2268=ORIENTED_EDGE('',*,*,#1590,.F.);
#2269=ORIENTED_EDGE('',*,*,#1596,.T.);
#2270=ORIENTED_EDGE('',*,*,#1293,.F.);
#2271=ORIENTED_EDGE('',*,*,#1595,.F.);
#2272=ORIENTED_EDGE('',*,*,#1591,.F.);
#2273=ORIENTED_EDGE('',*,*,#1288,.T.);
#2274=ORIENTED_EDGE('',*,*,#1294,.F.);
#2275=ORIENTED_EDGE('',*,*,#1596,.F.);
#2276=ORIENTED_EDGE('',*,*,#1251,.T.);
#2277=ORIENTED_EDGE('',*,*,#1246,.F.);
#2278=ORIENTED_EDGE('',*,*,#1364,.F.);
#2279=ORIENTED_EDGE('',*,*,#1562,.T.);
#2280=ORIENTED_EDGE('',*,*,#1254,.T.);
#2281=ORIENTED_EDGE('',*,*,#1243,.F.);
#2282=ORIENTED_EDGE('',*,*,#1597,.F.);
#2283=ORIENTED_EDGE('',*,*,#1563,.T.);
#2284=ORIENTED_EDGE('',*,*,#1597,.T.);
#2285=ORIENTED_EDGE('',*,*,#1242,.F.);
#2286=ORIENTED_EDGE('',*,*,#1262,.F.);
#2287=ORIENTED_EDGE('',*,*,#1564,.T.);
#2288=ORIENTED_EDGE('',*,*,#1258,.T.);
#2289=ORIENTED_EDGE('',*,*,#1249,.F.);
#2290=ORIENTED_EDGE('',*,*,#1362,.F.);
#2291=ORIENTED_EDGE('',*,*,#1561,.T.);
#2292=ORIENTED_EDGE('',*,*,#1238,.F.);
#2293=ORIENTED_EDGE('',*,*,#1598,.T.);
#2294=ORIENTED_EDGE('',*,*,#1599,.F.);
#2295=ORIENTED_EDGE('',*,*,#1600,.F.);
#2296=ORIENTED_EDGE('',*,*,#1271,.T.);
#2297=ORIENTED_EDGE('',*,*,#1601,.F.);
#2298=ORIENTED_EDGE('',*,*,#1602,.F.);
#2299=ORIENTED_EDGE('',*,*,#1603,.F.);
#2300=ORIENTED_EDGE('',*,*,#1571,.T.);
#2301=ORIENTED_EDGE('',*,*,#1604,.F.);
#2302=ORIENTED_EDGE('',*,*,#1605,.F.);
#2303=ORIENTED_EDGE('',*,*,#1606,.F.);
#2304=ORIENTED_EDGE('',*,*,#1368,.T.);
#2305=ORIENTED_EDGE('',*,*,#1607,.F.);
#2306=ORIENTED_EDGE('',*,*,#1317,.F.);
#2307=ORIENTED_EDGE('',*,*,#1608,.F.);
#2308=ORIENTED_EDGE('',*,*,#1266,.T.);
#2309=ORIENTED_EDGE('',*,*,#1609,.F.);
#2310=ORIENTED_EDGE('',*,*,#1610,.F.);
#2311=ORIENTED_EDGE('',*,*,#1598,.F.);
#2312=ORIENTED_EDGE('',*,*,#1357,.T.);
#2313=ORIENTED_EDGE('',*,*,#1611,.T.);
#2314=ORIENTED_EDGE('',*,*,#1599,.T.);
#2315=ORIENTED_EDGE('',*,*,#1610,.T.);
#2316=ORIENTED_EDGE('',*,*,#1612,.T.);
#2317=ORIENTED_EDGE('',*,*,#1356,.T.);
#2318=ORIENTED_EDGE('',*,*,#1272,.T.);
#2319=ORIENTED_EDGE('',*,*,#1600,.T.);
#2320=ORIENTED_EDGE('',*,*,#1611,.F.);
#2321=ORIENTED_EDGE('',*,*,#1358,.T.);
#2322=ORIENTED_EDGE('',*,*,#1612,.F.);
#2323=ORIENTED_EDGE('',*,*,#1609,.T.);
#2324=ORIENTED_EDGE('',*,*,#1265,.T.);
#2325=ORIENTED_EDGE('',*,*,#1376,.T.);
#2326=ORIENTED_EDGE('',*,*,#1613,.T.);
#2327=ORIENTED_EDGE('',*,*,#1605,.T.);
#2328=ORIENTED_EDGE('',*,*,#1614,.T.);
#2329=ORIENTED_EDGE('',*,*,#1375,.T.);
#2330=ORIENTED_EDGE('',*,*,#1369,.T.);
#2331=ORIENTED_EDGE('',*,*,#1606,.T.);
#2332=ORIENTED_EDGE('',*,*,#1613,.F.);
#2333=ORIENTED_EDGE('',*,*,#1377,.T.);
#2334=ORIENTED_EDGE('',*,*,#1614,.F.);
#2335=ORIENTED_EDGE('',*,*,#1604,.T.);
#2336=ORIENTED_EDGE('',*,*,#1574,.T.);
#2337=ORIENTED_EDGE('',*,*,#1267,.T.);
#2338=ORIENTED_EDGE('',*,*,#1608,.T.);
#2339=ORIENTED_EDGE('',*,*,#1316,.F.);
#2340=ORIENTED_EDGE('',*,*,#1270,.T.);
#2341=ORIENTED_EDGE('',*,*,#1371,.T.);
#2342=ORIENTED_EDGE('',*,*,#1321,.T.);
#2343=ORIENTED_EDGE('',*,*,#1318,.T.);
#2344=ORIENTED_EDGE('',*,*,#1607,.T.);
#2345=ORIENTED_EDGE('',*,*,#1569,.T.);
#2346=ORIENTED_EDGE('',*,*,#1333,.T.);
#2347=ORIENTED_EDGE('',*,*,#1314,.F.);
#2348=ORIENTED_EDGE('',*,*,#1615,.F.);
#2349=ORIENTED_EDGE('',*,*,#1567,.T.);
#2350=ORIENTED_EDGE('',*,*,#1616,.F.);
#2351=ORIENTED_EDGE('',*,*,#1302,.F.);
#2352=ORIENTED_EDGE('',*,*,#1374,.T.);
#2353=ORIENTED_EDGE('',*,*,#1570,.T.);
#2354=ORIENTED_EDGE('',*,*,#1615,.T.);
#2355=ORIENTED_EDGE('',*,*,#1313,.F.);
#2356=ORIENTED_EDGE('',*,*,#1617,.T.);
#2357=ORIENTED_EDGE('',*,*,#1566,.T.);
#2358=ORIENTED_EDGE('',*,*,#1618,.T.);
#2359=ORIENTED_EDGE('',*,*,#1303,.T.);
#2360=ORIENTED_EDGE('',*,*,#1616,.T.);
#2361=ORIENTED_EDGE('',*,*,#1335,.T.);
#2362=ORIENTED_EDGE('',*,*,#1568,.T.);
#2363=ORIENTED_EDGE('',*,*,#1617,.F.);
#2364=ORIENTED_EDGE('',*,*,#1312,.F.);
#2365=ORIENTED_EDGE('',*,*,#1372,.T.);
#2366=ORIENTED_EDGE('',*,*,#1304,.F.);
#2367=ORIENTED_EDGE('',*,*,#1618,.F.);
#2368=ORIENTED_EDGE('',*,*,#1565,.T.);
#2369=ORIENTED_EDGE('',*,*,#1549,.T.);
#2370=ORIENTED_EDGE('',*,*,#1336,.T.);
#2371=ORIENTED_EDGE('',*,*,#1310,.F.);
#2372=ORIENTED_EDGE('',*,*,#1619,.F.);
#2373=ORIENTED_EDGE('',*,*,#1516,.T.);
#2374=ORIENTED_EDGE('',*,*,#1620,.F.);
#2375=ORIENTED_EDGE('',*,*,#1306,.F.);
#2376=ORIENTED_EDGE('',*,*,#1398,.T.);
#2377=ORIENTED_EDGE('',*,*,#1420,.T.);
#2378=ORIENTED_EDGE('',*,*,#1550,.T.);
#2379=ORIENTED_EDGE('',*,*,#1619,.T.);
#2380=ORIENTED_EDGE('',*,*,#1309,.F.);
#2381=ORIENTED_EDGE('',*,*,#1421,.T.);
#2382=ORIENTED_EDGE('',*,*,#1307,.T.);
#2383=ORIENTED_EDGE('',*,*,#1620,.T.);
#2384=ORIENTED_EDGE('',*,*,#1515,.T.);
#2385=ORIENTED_EDGE('',*,*,#1594,.T.);
#2386=ORIENTED_EDGE('',*,*,#1621,.F.);
#2387=ORIENTED_EDGE('',*,*,#1601,.T.);
#2388=ORIENTED_EDGE('',*,*,#1275,.T.);
#2389=ORIENTED_EDGE('',*,*,#1592,.T.);
#2390=ORIENTED_EDGE('',*,*,#1572,.T.);
#2391=ORIENTED_EDGE('',*,*,#1603,.T.);
#2392=ORIENTED_EDGE('',*,*,#1622,.T.);
#2393=ORIENTED_EDGE('',*,*,#1593,.T.);
#2394=ORIENTED_EDGE('',*,*,#1622,.F.);
#2395=ORIENTED_EDGE('',*,*,#1602,.T.);
#2396=ORIENTED_EDGE('',*,*,#1621,.T.);
#2397=B_SPLINE_SURFACE_WITH_KNOTS('',1,1,((#3158,#3159),(#3160,#3161)),
 .UNSPECIFIED.,.F.,.F.,.F.,(2,2),(2,2),(-0.999392117738483,0.599999999999914),
(-9.14198434289023E-12,0.0348625157267106),.UNSPECIFIED.);
#2398=B_SPLINE_SURFACE_WITH_KNOTS('',3,3,((#3241,#3242,#3243,#3244),(#3245,
#3246,#3247,#3248),(#3249,#3250,#3251,#3252),(#3253,#3254,#3255,#3256)),
 .UNSPECIFIED.,.F.,.F.,.F.,(4,4),(4,4),(1.71559865623844,2.16292442609691),
(-0.429071955210423,-0.246927569612306),.UNSPECIFIED.);
#2399=B_SPLINE_SURFACE_WITH_KNOTS('',3,3,((#3319,#3320,#3321,#3322),(#3323,
#3324,#3325,#3326),(#3327,#3328,#3329,#3330),(#3331,#3332,#3333,#3334)),
 .UNSPECIFIED.,.F.,.F.,.F.,(4,4),(4,4),(1.60636685678583,1.69979638719734),
(-0.429071955199484,-0.246927569608184),.UNSPECIFIED.);
#2400=B_SPLINE_SURFACE_WITH_KNOTS('',3,3,((#3398,#3399,#3400,#3401),(#3402,
#3403,#3404,#3405),(#3406,#3407,#3408,#3409),(#3410,#3411,#3412,#3413),
(#3414,#3415,#3416,#3417)),.UNSPECIFIED.,.F.,.F.,.F.,(4,1,4),(4,4),(0.,
0.571428571428571,1.),(0.,120.193155824265),.UNSPECIFIED.);
#2401=B_SPLINE_SURFACE_WITH_KNOTS('',3,3,((#3426,#3427,#3428,#3429),(#3430,
#3431,#3432,#3433),(#3434,#3435,#3436,#3437),(#3438,#3439,#3440,#3441),
(#3442,#3443,#3444,#3445)),.UNSPECIFIED.,.F.,.F.,.F.,(4,1,4),(4,4),(0.,
0.571428571428571,1.),(0.,119.954482352477),.UNSPECIFIED.);
#2402=B_SPLINE_SURFACE_WITH_KNOTS('',3,3,((#3573,#3574,#3575,#3576,#3577,
#3578,#3579),(#3580,#3581,#3582,#3583,#3584,#3585,#3586),(#3587,#3588,#3589,
#3590,#3591,#3592,#3593),(#3594,#3595,#3596,#3597,#3598,#3599,#3600),(#3601,
#3602,#3603,#3604,#3605,#3606,#3607),(#3608,#3609,#3610,#3611,#3612,#3613,
#3614),(#3615,#3616,#3617,#3618,#3619,#3620,#3621)),.UNSPECIFIED.,.F.,.F.,
 .F.,(4,3,4),(4,1,1,1,4),(-1.33742235789944E-12,4.86223662884882,8.55251113598746),
(-0.574482017916546,-0.492413158214176,-0.328275438809436,-0.164137719404696,
4.39194871718885E-14),.UNSPECIFIED.);
#2403=B_SPLINE_SURFACE_WITH_KNOTS('',3,3,((#3667,#3668,#3669,#3670,#3671,
#3672,#3673,#3674,#3675),(#3676,#3677,#3678,#3679,#3680,#3681,#3682,#3683,
#3684),(#3685,#3686,#3687,#3688,#3689,#3690,#3691,#3692,#3693),(#3694,#3695,
#3696,#3697,#3698,#3699,#3700,#3701,#3702),(#3703,#3704,#3705,#3706,#3707,
#3708,#3709,#3710,#3711),(#3712,#3713,#3714,#3715,#3716,#3717,#3718,#3719,
#3720),(#3721,#3722,#3723,#3724,#3725,#3726,#3727,#3728,#3729),(#3730,#3731,
#3732,#3733,#3734,#3735,#3736,#3737,#3738),(#3739,#3740,#3741,#3742,#3743,
#3744,#3745,#3746,#3747),(#3748,#3749,#3750,#3751,#3752,#3753,#3754,#3755,
#3756)),.UNSPECIFIED.,.F.,.F.,.F.,(4,1,1,1,1,1,1,4),(4,1,2,2,4),(0.,0.642857142857143,
0.714285714285714,0.785714285714286,0.857142857142857,0.928571428571429,
0.964285714285714,1.),(0.,1.36478255246802,2.72956510493604,9.58201750606579,
9.79699807866094),.UNSPECIFIED.);
#2404=B_SPLINE_SURFACE_WITH_KNOTS('',3,3,((#3770,#3771,#3772,#3773),(#3774,
#3775,#3776,#3777),(#3778,#3779,#3780,#3781),(#3782,#3783,#3784,#3785)),
 .UNSPECIFIED.,.F.,.F.,.F.,(4,4),(4,4),(-2.57477723845623E-12,1.00000000000181),
(-0.154144121825776,1.),.UNSPECIFIED.);
#2405=B_SPLINE_SURFACE_WITH_KNOTS('',3,3,((#3923,#3924,#3925,#3926),(#3927,
#3928,#3929,#3930),(#3931,#3932,#3933,#3934),(#3935,#3936,#3937,#3938),
(#3939,#3940,#3941,#3942)),.UNSPECIFIED.,.F.,.F.,.F.,(4,1,4),(4,4),(0.,
0.571428571428571,1.),(-0.134873790498029,1.),.UNSPECIFIED.);
#2406=B_SPLINE_SURFACE_WITH_KNOTS('',3,3,((#3949,#3950,#3951,#3952),(#3953,
#3954,#3955,#3956),(#3957,#3958,#3959,#3960),(#3961,#3962,#3963,#3964),
(#3965,#3966,#3967,#3968)),.UNSPECIFIED.,.F.,.F.,.F.,(4,1,4),(4,4),(0.,
0.571428571428571,1.),(-0.0867487416572917,1.),.UNSPECIFIED.);
#2407=B_SPLINE_SURFACE_WITH_KNOTS('',3,3,((#3974,#3975,#3976,#3977),(#3978,
#3979,#3980,#3981),(#3982,#3983,#3984,#3985),(#3986,#3987,#3988,#3989)),
 .UNSPECIFIED.,.F.,.F.,.F.,(4,4),(4,4),(1.71559865624403,2.16292442609915),
(-0.230798494705162,-0.124844469654348),.UNSPECIFIED.);
#2408=B_SPLINE_SURFACE_WITH_KNOTS('',3,3,((#4405,#4406,#4407,#4408),(#4409,
#4410,#4411,#4412),(#4413,#4414,#4415,#4416),(#4417,#4418,#4419,#4420)),
 .UNSPECIFIED.,.F.,.F.,.F.,(4,4),(4,4),(4.4378433888198,4.53508812139756),
(-0.28863735522904,-0.189319756022224),.UNSPECIFIED.);
#2409=B_SPLINE_SURFACE_WITH_KNOTS('',1,1,((#4684,#4685,#4686,#4687),(#4688,
#4689,#4690,#4691),(#4692,#4693,#4694,#4695),(#4696,#4697,#4698,#4699)),
 .UNSPECIFIED.,.F.,.F.,.F.,(2,1,1,2),(2,1,1,2),(-66.2000000000287,-3.43547412740008E-12,
18.0000000000034,20.7000000000045),(-1.875,0.,3.,10.5),.UNSPECIFIED.);
#2410=B_SPLINE_SURFACE_WITH_KNOTS('',3,3,((#4709,#4710,#4711,#4712),(#4713,
#4714,#4715,#4716),(#4717,#4718,#4719,#4720),(#4721,#4722,#4723,#4724)),
 .UNSPECIFIED.,.F.,.F.,.F.,(4,4),(4,4),(3.10498277293254,3.55230854279069),
(-0.429071955244022,-0.246927569645063),.UNSPECIFIED.);
#2411=B_SPLINE_SURFACE_WITH_KNOTS('',1,1,((#4751,#4752,#4753,#4754),(#4755,
#4756,#4757,#4758),(#4759,#4760,#4761,#4762)),.UNSPECIFIED.,.F.,.F.,.F.,
(2,1,2),(2,1,1,2),(-149.161158669493,2.02504679691629E-13,17.9999999999998),
(-113.999999999985,0.,3.,39.6500020000385),.UNSPECIFIED.);
#2412=B_SPLINE_SURFACE_WITH_KNOTS('',3,3,((#4785,#4786,#4787,#4788),(#4789,
#4790,#4791,#4792),(#4793,#4794,#4795,#4796),(#4797,#4798,#4799,#4800)),
 .UNSPECIFIED.,.F.,.F.,.F.,(4,4),(4,4),(4.49436688962641,4.58779642004022),
(-0.429071955268915,-0.24692756967689),.UNSPECIFIED.);
#2413=B_SPLINE_SURFACE_WITH_KNOTS('',3,3,((#4809,#4810,#4811,#4812),(#4813,
#4814,#4815,#4816),(#4817,#4818,#4819,#4820),(#4821,#4822,#4823,#4824)),
 .UNSPECIFIED.,.F.,.F.,.F.,(4,4),(4,4),(0.0526662715174804,0.94565226857001),
(-0.029205075550388,0.956035912124322),.UNSPECIFIED.);
#2414=B_SPLINE_SURFACE_WITH_KNOTS('',3,3,((#4842,#4843,#4844,#4845),(#4846,
#4847,#4848,#4849),(#4850,#4851,#4852,#4853),(#4854,#4855,#4856,#4857)),
 .UNSPECIFIED.,.F.,.F.,.F.,(4,4),(4,4),(4.03123885072841,4.47856462058922),
(-0.230798494757302,-0.124844469710735),.UNSPECIFIED.);
#2415=B_SPLINE_SURFACE_WITH_KNOTS('',3,3,((#4869,#4870,#4871,#4872),(#4873,
#4874,#4875,#4876),(#4877,#4878,#4879,#4880),(#4881,#4882,#4883,#4884)),
 .UNSPECIFIED.,.F.,.F.,.F.,(4,4),(4,4),(4.49436688963199,4.5868229837296),
(-0.230798494761147,-0.12484446972239),.UNSPECIFIED.);
#2416=B_SPLINE_SURFACE_WITH_KNOTS('',1,1,((#4900,#4901,#4902,#4903),(#4904,
#4905,#4906,#4907),(#4908,#4909,#4910,#4911),(#4912,#4913,#4914,#4915)),
 .UNSPECIFIED.,.F.,.F.,.F.,(2,1,1,2),(2,1,1,2),(-66.2000000000287,-3.43547412740008E-12,
18.0000000000034,20.7000000000045),(-1.875,0.,3.,10.5),.UNSPECIFIED.);
#2417=B_SPLINE_SURFACE_WITH_KNOTS('',3,3,((#4925,#4926,#4927,#4928),(#4929,
#4930,#4931,#4932),(#4933,#4934,#4935,#4936),(#4937,#4938,#4939,#4940)),
 .UNSPECIFIED.,.F.,.F.,.F.,(4,4),(4,4),(2.64185473403449,3.08918050389549),
(-0.23079849472543,-0.124844469676967),.UNSPECIFIED.);
#2418=B_SPLINE_SURFACE_WITH_KNOTS('',3,3,((#4950,#4951,#4952,#4953),(#4954,
#4955,#4956,#4957),(#4958,#4959,#4960,#4961),(#4962,#4963,#4964,#4965)),
 .UNSPECIFIED.,.F.,.F.,.F.,(4,4),(4,4),(3.10498277293829,3.55230854279325),
(-0.230798494737342,-0.124844469688217),.UNSPECIFIED.);
#2419=B_SPLINE_SURFACE_WITH_KNOTS('',1,1,((#5046,#5047,#5048,#5049),(#5050,
#5051,#5052,#5053),(#5054,#5055,#5056,#5057)),.UNSPECIFIED.,.F.,.F.,.F.,
(2,1,2),(2,1,1,2),(-149.161158669493,2.02504679691629E-13,17.9999999999998),
(-113.999999999985,0.,3.,39.6500020000385),.UNSPECIFIED.);
#2420=B_SPLINE_SURFACE_WITH_KNOTS('',1,1,((#5066,#5067,#5068,#5069),(#5070,
#5071,#5072,#5073),(#5074,#5075,#5076,#5077)),.UNSPECIFIED.,.F.,.F.,.F.,
(2,1,2),(2,1,1,2),(-149.161158669493,2.02504679691629E-13,17.9999999999998),
(-113.999999999985,0.,3.,39.6500020000385),.UNSPECIFIED.);
#2421=B_SPLINE_SURFACE_WITH_KNOTS('',1,1,((#5089,#5090,#5091,#5092),(#5093,
#5094,#5095,#5096),(#5097,#5098,#5099,#5100)),.UNSPECIFIED.,.F.,.F.,.F.,
(2,1,2),(2,1,1,2),(-149.161158669493,2.02504679691629E-13,17.9999999999998),
(-113.999999999985,0.,3.,39.6500020000385),.UNSPECIFIED.);
#2422=B_SPLINE_SURFACE_WITH_KNOTS('',3,3,((#5105,#5106,#5107,#5108),(#5109,
#5110,#5111,#5112),(#5113,#5114,#5115,#5116),(#5117,#5118,#5119,#5120)),
 .UNSPECIFIED.,.F.,.F.,.F.,(4,4),(4,4),(3.56811081183041,4.01543658168883),
(-0.429071955255038,-0.246927569653699),.UNSPECIFIED.);
#2423=B_SPLINE_SURFACE_WITH_KNOTS('',3,3,((#5121,#5122,#5123,#5124),(#5125,
#5126,#5127,#5128),(#5129,#5130,#5131,#5132),(#5133,#5134,#5135,#5136)),
 .UNSPECIFIED.,.F.,.F.,.F.,(4,4),(4,4),(4.03123885072841,4.47856462058526),
(-0.42907195526639,-0.246927569664234),.UNSPECIFIED.);
#2424=B_SPLINE_SURFACE_WITH_KNOTS('',3,3,((#5137,#5138,#5139,#5140),(#5141,
#5142,#5143,#5144),(#5145,#5146,#5147,#5148),(#5149,#5150,#5151,#5152)),
 .UNSPECIFIED.,.F.,.F.,.F.,(4,4),(4,4),(3.56811081183434,4.01543658169129),
(-0.230798494747969,-0.124844469699832),.UNSPECIFIED.);
#2425=B_SPLINE_SURFACE_WITH_KNOTS('',3,3,((#5153,#5154,#5155,#5156),(#5157,
#5158,#5159,#5160),(#5161,#5162,#5163,#5164),(#5165,#5166,#5167,#5168)),
 .UNSPECIFIED.,.F.,.F.,.F.,(4,4),(4,4),(2.64185473403449,3.08918050389137),
(-0.429071955232664,-0.246927569631738),.UNSPECIFIED.);
#2426=B_SPLINE_SURFACE_WITH_KNOTS('',3,3,((#5189,#5190,#5191,#5192),(#5193,
#5194,#5195,#5196),(#5197,#5198,#5199,#5200),(#5201,#5202,#5203,#5204)),
 .UNSPECIFIED.,.F.,.F.,.F.,(4,4),(4,4),(3.04845927212584,3.14570400470355),
(-0.288637355197205,-0.189319755990439),.UNSPECIFIED.);
#2427=B_SPLINE_SURFACE_WITH_KNOTS('',3,3,((#5236,#5237,#5238,#5239),(#5240,
#5241,#5242,#5243),(#5244,#5245,#5246,#5247),(#5248,#5249,#5250,#5251)),
 .UNSPECIFIED.,.F.,.F.,.F.,(4,4),(4,4),(1.65907515543186,1.75631988800973),
(-0.288637355165366,-0.189319755958917),.UNSPECIFIED.);
#2428=B_SPLINE_SURFACE_WITH_KNOTS('',3,3,((#5269,#5270,#5271,#5272),(#5273,
#5274,#5275,#5276),(#5277,#5278,#5279,#5280),(#5281,#5282,#5283,#5284)),
 .UNSPECIFIED.,.F.,.F.,.F.,(4,4),(4,4),(2.17872669514072,2.62605246499716),
(-0.230798494716024,-0.124844469666098),.UNSPECIFIED.);
#2429=B_SPLINE_SURFACE_WITH_KNOTS('',3,3,((#5301,#5302,#5303,#5304),(#5305,
#5306,#5307,#5308),(#5309,#5310,#5311,#5312),(#5313,#5314,#5315,#5316)),
 .UNSPECIFIED.,.F.,.F.,.F.,(4,4),(4,4),(2.1787266951364,2.62605246499482),
(-0.429071955221824,-0.246927569621238),.UNSPECIFIED.);
#2430=B_SPLINE_SURFACE_WITH_KNOTS('',3,3,((#5333,#5334,#5335,#5336),(#5337,
#5338,#5339,#5340),(#5341,#5342,#5343,#5344),(#5345,#5346,#5347,#5348)),
 .UNSPECIFIED.,.F.,.F.,.F.,(4,4),(4,4),(1.60734029310113,1.69979638720131),
(-0.230798494693044,-0.124844469652124),.UNSPECIFIED.);
#2431=B_SPLINE_SURFACE_WITH_KNOTS('',3,3,((#5421,#5422,#5423,#5424,#5425),
(#5426,#5427,#5428,#5429,#5430),(#5431,#5432,#5433,#5434,#5435),(#5436,
#5437,#5438,#5439,#5440),(#5441,#5442,#5443,#5444,#5445)),.UNSPECIFIED.,
 .F.,.F.,.F.,(4,1,4),(4,1,4),(0.,0.571428571428571,1.),(0.,1.46501268443008,
2.56377219775265),.UNSPECIFIED.);
#2432=B_SPLINE_SURFACE_WITH_KNOTS('',3,3,((#5446,#5447,#5448,#5449,#5450,
#5451),(#5452,#5453,#5454,#5455,#5456,#5457),(#5458,#5459,#5460,#5461,#5462,
#5463),(#5464,#5465,#5466,#5467,#5468,#5469),(#5470,#5471,#5472,#5473,#5474,
#5475)),.UNSPECIFIED.,.F.,.F.,.F.,(4,1,4),(4,1,1,4),(0.,0.571428571428571,
1.),(0.,1.09875951334845,1.83126585558075,2.56377219781305),
 .UNSPECIFIED.);
#2433=B_SPLINE_SURFACE_WITH_KNOTS('',3,3,((#5484,#5485,#5486,#5487,#5488,
#5489,#5490,#5491,#5492),(#5493,#5494,#5495,#5496,#5497,#5498,#5499,#5500,
#5501),(#5502,#5503,#5504,#5505,#5506,#5507,#5508,#5509,#5510),(#5511,#5512,
#5513,#5514,#5515,#5516,#5517,#5518,#5519),(#5520,#5521,#5522,#5523,#5524,
#5525,#5526,#5527,#5528),(#5529,#5530,#5531,#5532,#5533,#5534,#5535,#5536,
#5537),(#5538,#5539,#5540,#5541,#5542,#5543,#5544,#5545,#5546),(#5547,#5548,
#5549,#5550,#5551,#5552,#5553,#5554,#5555),(#5556,#5557,#5558,#5559,#5560,
#5561,#5562,#5563,#5564),(#5565,#5566,#5567,#5568,#5569,#5570,#5571,#5572,
#5573)),.UNSPECIFIED.,.F.,.F.,.F.,(4,1,1,1,1,1,1,4),(4,1,2,2,4),(0.,0.0357142857142857,
0.0714285714285714,0.142857142857143,0.214285714285714,0.285714285714286,
0.357142857142857,1.),(0.,1.36478255394883,2.72956510789765,9.58201750903573,
9.79699807867384),.UNSPECIFIED.);
#2434=B_SPLINE_SURFACE_WITH_KNOTS('',3,3,((#5585,#5586,#5587,#5588,#5589,
#5590),(#5591,#5592,#5593,#5594,#5595,#5596),(#5597,#5598,#5599,#5600,#5601,
#5602),(#5603,#5604,#5605,#5606,#5607,#5608),(#5609,#5610,#5611,#5612,#5613,
#5614)),.UNSPECIFIED.,.F.,.F.,.F.,(4,1,4),(4,1,1,4),(0.,0.571428571428571,
1.),(0.,0.750691999892191,1.50138399978438,2.62742199962267),
 .UNSPECIFIED.);
#2435=B_SPLINE_SURFACE_WITH_KNOTS('',3,3,((#5615,#5616,#5617,#5618,#5619,
#5620),(#5621,#5622,#5623,#5624,#5625,#5626),(#5627,#5628,#5629,#5630,#5631,
#5632),(#5633,#5634,#5635,#5636,#5637,#5638),(#5639,#5640,#5641,#5642,#5643,
#5644)),.UNSPECIFIED.,.F.,.F.,.F.,(4,1,4),(4,1,1,4),(0.,0.571428571428571,
1.),(0.,0.56301899985776,1.12603799971552,2.62742199933621),
 .UNSPECIFIED.);
#2436=B_SPLINE_SURFACE_WITH_KNOTS('',3,3,((#5651,#5652,#5653,#5654),(#5655,
#5656,#5657,#5658),(#5659,#5660,#5661,#5662),(#5663,#5664,#5665,#5666)),
 .UNSPECIFIED.,.F.,.F.,.F.,(4,4),(4,4),(0.0526662715175013,0.945652268570463),
(-0.0277081613036359,0.956035912124733),.UNSPECIFIED.);
#2437=B_SPLINE_SURFACE_WITH_KNOTS('',3,3,((#5687,#5688,#5689,#5690),(#5691,
#5692,#5693,#5694),(#5695,#5696,#5697,#5698),(#5699,#5700,#5701,#5702),
(#5703,#5704,#5705,#5706)),.UNSPECIFIED.,.F.,.F.,.F.,(4,1,4),(4,4),(-7.26268833408347E-12,
0.571428571427849,1.00000000000418),(-0.0867487416985687,1.),
 .UNSPECIFIED.);
#2438=B_SPLINE_SURFACE_WITH_KNOTS('',3,3,((#5708,#5709,#5710,#5711),(#5712,
#5713,#5714,#5715),(#5716,#5717,#5718,#5719),(#5720,#5721,#5722,#5723)),
 .UNSPECIFIED.,.F.,.F.,.F.,(4,4),(4,4),(-4.4505733651658E-12,1.00000000000484),
(-0.154144121803709,1.),.UNSPECIFIED.);
#2439=B_SPLINE_SURFACE_WITH_KNOTS('',3,3,((#5725,#5726,#5727,#5728),(#5729,
#5730,#5731,#5732),(#5733,#5734,#5735,#5736),(#5737,#5738,#5739,#5740),
(#5741,#5742,#5743,#5744)),.UNSPECIFIED.,.F.,.F.,.F.,(4,1,4),(4,4),(-1.18188918761308E-12,
0.428571428572774,1.00000000000472),(-0.134873790438583,1.),
 .UNSPECIFIED.);
#2440=B_SPLINE_SURFACE_WITH_KNOTS('',1,1,((#5799,#5800,#5801,#5802),(#5803,
#5804,#5805,#5806),(#5807,#5808,#5809,#5810),(#5811,#5812,#5813,#5814)),
 .UNSPECIFIED.,.F.,.F.,.F.,(2,1,1,2),(2,1,1,2),(-47.8250000000035,2.02504679691629E-13,
17.9999999999998,160.350038470139),(-1.875,0.,3.,10.5),.UNSPECIFIED.);
#2441=B_SPLINE_SURFACE_WITH_KNOTS('',1,1,((#5820,#5821,#5822,#5823),(#5824,
#5825,#5826,#5827),(#5828,#5829,#5830,#5831),(#5832,#5833,#5834,#5835)),
 .UNSPECIFIED.,.F.,.F.,.F.,(2,1,1,2),(2,1,1,2),(-47.8250000000035,2.02504679691629E-13,
17.9999999999998,160.350038470139),(-1.875,0.,3.,10.5),.UNSPECIFIED.);
#2442=B_SPLINE_SURFACE_WITH_KNOTS('',1,1,((#5845,#5846,#5847,#5848),(#5849,
#5850,#5851,#5852),(#5853,#5854,#5855,#5856),(#5857,#5858,#5859,#5860)),
 .UNSPECIFIED.,.F.,.F.,.F.,(2,1,1,2),(2,1,1,2),(-47.8250000000035,2.02504679691629E-13,
17.9999999999998,160.350038470139),(-1.875,0.,3.,10.5),.UNSPECIFIED.);
#2443=B_SPLINE_SURFACE_WITH_KNOTS('',1,1,((#5862,#5863,#5864,#5865),(#5866,
#5867,#5868,#5869),(#5870,#5871,#5872,#5873),(#5874,#5875,#5876,#5877)),
 .UNSPECIFIED.,.F.,.F.,.F.,(2,1,1,2),(2,1,1,2),(-47.8250000000035,2.02504679691629E-13,
17.9999999999998,160.350038470139),(-1.875,0.,3.,10.5),.UNSPECIFIED.);
#2444=ADVANCED_FACE('',(#532),#2397,.T.);
#2445=ADVANCED_FACE('',(#533,#17),#441,.F.);
#2446=ADVANCED_FACE('',(#534),#442,.T.);
#2447=ADVANCED_FACE('',(#535),#443,.T.);
#2448=ADVANCED_FACE('',(#536),#444,.T.);
#2449=ADVANCED_FACE('',(#537),#445,.T.);
#2450=ADVANCED_FACE('',(#538),#2398,.F.);
#2451=ADVANCED_FACE('',(#539),#446,.T.);
#2452=ADVANCED_FACE('',(#540),#2399,.F.);
#2453=ADVANCED_FACE('',(#541),#447,.F.);
#2454=ADVANCED_FACE('',(#542),#2400,.F.);
#2455=ADVANCED_FACE('',(#543),#2401,.F.);
#2456=ADVANCED_FACE('',(#544),#448,.F.);
#2457=ADVANCED_FACE('',(#545,#18),#449,.T.);
#2458=ADVANCED_FACE('',(#546),#450,.F.);
#2459=ADVANCED_FACE('',(#547),#451,.T.);
#2460=ADVANCED_FACE('',(#548),#2402,.T.);
#2461=ADVANCED_FACE('',(#549),#2403,.F.);
#2462=ADVANCED_FACE('',(#550),#2404,.F.);
#2463=ADVANCED_FACE('',(#551),#452,.T.);
#2464=ADVANCED_FACE('',(#552),#453,.T.);
#2465=ADVANCED_FACE('',(#553),#454,.T.);
#2466=ADVANCED_FACE('',(#554),#455,.T.);
#2467=ADVANCED_FACE('',(#555),#456,.T.);
#2468=ADVANCED_FACE('',(#556),#2405,.F.);
#2469=ADVANCED_FACE('',(#557),#2406,.F.);
#2470=ADVANCED_FACE('',(#558),#2407,.F.);
#2471=ADVANCED_FACE('',(#559),#457,.T.);
#2472=ADVANCED_FACE('',(#560),#458,.T.);
#2473=ADVANCED_FACE('',(#561),#459,.T.);
#2474=ADVANCED_FACE('',(#562),#460,.T.);
#2475=ADVANCED_FACE('',(#563),#461,.T.);
#2476=ADVANCED_FACE('',(#564),#14,.T.);
#2477=ADVANCED_FACE('',(#565),#462,.T.);
#2478=ADVANCED_FACE('',(#566),#2408,.F.);
#2479=ADVANCED_FACE('',(#567),#463,.T.);
#2480=ADVANCED_FACE('',(#568),#464,.T.);
#2481=ADVANCED_FACE('',(#569,#19),#465,.F.);
#2482=ADVANCED_FACE('',(#570),#466,.T.);
#2483=ADVANCED_FACE('',(#571),#467,.T.);
#2484=ADVANCED_FACE('',(#572),#15,.T.);
#2485=ADVANCED_FACE('',(#573),#468,.T.);
#2486=ADVANCED_FACE('',(#574),#469,.F.);
#2487=ADVANCED_FACE('',(#575),#2409,.F.);
#2488=ADVANCED_FACE('',(#576),#470,.T.);
#2489=ADVANCED_FACE('',(#577),#2410,.F.);
#2490=ADVANCED_FACE('',(#578),#471,.T.);
#2491=ADVANCED_FACE('',(#579),#2411,.F.);
#2492=ADVANCED_FACE('',(#580),#472,.F.);
#2493=ADVANCED_FACE('',(#581),#2412,.F.);
#2494=ADVANCED_FACE('',(#582),#2413,.F.);
#2495=ADVANCED_FACE('',(#583),#473,.F.);
#2496=ADVANCED_FACE('',(#584),#474,.F.);
#2497=ADVANCED_FACE('',(#585),#475,.T.);
#2498=ADVANCED_FACE('',(#586),#2414,.F.);
#2499=ADVANCED_FACE('',(#587),#2415,.F.);
#2500=ADVANCED_FACE('',(#588),#476,.F.);
#2501=ADVANCED_FACE('',(#589),#477,.F.);
#2502=ADVANCED_FACE('',(#590),#478,.T.);
#2503=ADVANCED_FACE('',(#591),#479,.T.);
#2504=ADVANCED_FACE('',(#592),#2416,.F.);
#2505=ADVANCED_FACE('',(#593),#480,.F.);
#2506=ADVANCED_FACE('',(#594),#2417,.F.);
#2507=ADVANCED_FACE('',(#595),#2418,.F.);
#2508=ADVANCED_FACE('',(#596),#481,.T.);
#2509=ADVANCED_FACE('',(#597),#482,.F.);
#2510=ADVANCED_FACE('',(#598),#483,.T.);
#2511=ADVANCED_FACE('',(#599),#484,.T.);
#2512=ADVANCED_FACE('',(#600),#485,.T.);
#2513=ADVANCED_FACE('',(#601),#486,.F.);
#2514=ADVANCED_FACE('',(#602),#487,.T.);
#2515=ADVANCED_FACE('',(#603),#488,.F.);
#2516=ADVANCED_FACE('',(#604),#2419,.F.);
#2517=ADVANCED_FACE('',(#605),#2420,.F.);
#2518=ADVANCED_FACE('',(#606),#489,.F.);
#2519=ADVANCED_FACE('',(#607),#2421,.F.);
#2520=ADVANCED_FACE('',(#608),#490,.T.);
#2521=ADVANCED_FACE('',(#609),#491,.F.);
#2522=ADVANCED_FACE('',(#610),#492,.T.);
#2523=ADVANCED_FACE('',(#611),#2422,.F.);
#2524=ADVANCED_FACE('',(#612),#2423,.F.);
#2525=ADVANCED_FACE('',(#613),#2424,.F.);
#2526=ADVANCED_FACE('',(#614),#2425,.F.);
#2527=ADVANCED_FACE('',(#615),#493,.T.);
#2528=ADVANCED_FACE('',(#616),#2426,.F.);
#2529=ADVANCED_FACE('',(#617),#2427,.F.);
#2530=ADVANCED_FACE('',(#618),#2428,.F.);
#2531=ADVANCED_FACE('',(#619),#2429,.F.);
#2532=ADVANCED_FACE('',(#620),#2430,.F.);
#2533=ADVANCED_FACE('',(#621),#494,.T.);
#2534=ADVANCED_FACE('',(#622),#495,.T.);
#2535=ADVANCED_FACE('',(#623),#496,.T.);
#2536=ADVANCED_FACE('',(#624),#497,.T.);
#2537=ADVANCED_FACE('',(#625),#498,.T.);
#2538=ADVANCED_FACE('',(#626),#499,.T.);
#2539=ADVANCED_FACE('',(#627,#20),#500,.F.);
#2540=ADVANCED_FACE('',(#628),#501,.T.);
#2541=ADVANCED_FACE('',(#629),#502,.T.);
#2542=ADVANCED_FACE('',(#630),#503,.T.);
#2543=ADVANCED_FACE('',(#631),#504,.T.);
#2544=ADVANCED_FACE('',(#632),#505,.T.);
#2545=ADVANCED_FACE('',(#633),#506,.T.);
#2546=ADVANCED_FACE('',(#634),#507,.T.);
#2547=ADVANCED_FACE('',(#635),#2431,.F.);
#2548=ADVANCED_FACE('',(#636),#2432,.F.);
#2549=ADVANCED_FACE('',(#637),#2433,.F.);
#2550=ADVANCED_FACE('',(#638),#2434,.F.);
#2551=ADVANCED_FACE('',(#639),#2435,.F.);
#2552=ADVANCED_FACE('',(#640),#2436,.T.);
#2553=ADVANCED_FACE('',(#641),#2437,.T.);
#2554=ADVANCED_FACE('',(#642),#2438,.T.);
#2555=ADVANCED_FACE('',(#643),#2439,.T.);
#2556=ADVANCED_FACE('',(#644),#508,.T.);
#2557=ADVANCED_FACE('',(#645),#509,.T.);
#2558=ADVANCED_FACE('',(#646),#510,.T.);
#2559=ADVANCED_FACE('',(#647),#511,.T.);
#2560=ADVANCED_FACE('',(#648),#16,.T.);
#2561=ADVANCED_FACE('',(#649),#512,.F.);
#2562=ADVANCED_FACE('',(#650),#513,.T.);
#2563=ADVANCED_FACE('',(#651),#514,.F.);
#2564=ADVANCED_FACE('',(#652),#515,.F.);
#2565=ADVANCED_FACE('',(#653),#516,.F.);
#2566=ADVANCED_FACE('',(#654),#517,.T.);
#2567=ADVANCED_FACE('',(#655),#2440,.F.);
#2568=ADVANCED_FACE('',(#656),#518,.T.);
#2569=ADVANCED_FACE('',(#657),#519,.F.);
#2570=ADVANCED_FACE('',(#658),#520,.F.);
#2571=ADVANCED_FACE('',(#659),#2441,.F.);
#2572=ADVANCED_FACE('',(#660),#521,.T.);
#2573=ADVANCED_FACE('',(#661),#522,.T.);
#2574=ADVANCED_FACE('',(#662),#523,.T.);
#2575=ADVANCED_FACE('',(#663),#524,.F.);
#2576=ADVANCED_FACE('',(#664),#525,.F.);
#2577=ADVANCED_FACE('',(#665),#2442,.F.);
#2578=ADVANCED_FACE('',(#666),#526,.T.);
#2579=ADVANCED_FACE('',(#667),#2443,.F.);
#2580=ADVANCED_FACE('',(#668),#527,.T.);
#2581=ADVANCED_FACE('',(#669),#528,.F.);
#2582=OPEN_SHELL('',(#2444));
#2583=SHELL_BASED_SURFACE_MODEL('Body28',(#2582));
#2584=DERIVED_UNIT_ELEMENT(#2586,1.);
#2585=DERIVED_UNIT_ELEMENT(#5890,-3.);
#2586=(
MASS_UNIT()
NAMED_UNIT(*)
SI_UNIT(.KILO.,.GRAM.)
);
#2587=DERIVED_UNIT((#2584,#2585));
#2588=MEASURE_REPRESENTATION_ITEM('density measure',
POSITIVE_RATIO_MEASURE(7850.),#2587);
#2589=PROPERTY_DEFINITION_REPRESENTATION(#2594,#2591);
#2590=PROPERTY_DEFINITION_REPRESENTATION(#2595,#2592);
#2591=REPRESENTATION('material name',(#2593),#5887);
#2592=REPRESENTATION('density',(#2588),#5887);
#2593=DESCRIPTIVE_REPRESENTATION_ITEM('Steel','Steel');
#2594=PROPERTY_DEFINITION('material property','material name',#5897);
#2595=PROPERTY_DEFINITION('material property','density of part',#5897);
#2596=AXIS2_PLACEMENT_3D('',#3157,#2718,#2719);
#2597=AXIS2_PLACEMENT_3D('',#3174,#2720,#2721);
#2598=AXIS2_PLACEMENT_3D('',#3176,#2722,#2723);
#2599=AXIS2_PLACEMENT_3D('',#3201,#2736,#2737);
#2600=AXIS2_PLACEMENT_3D('',#3210,#2740,#2741);
#2601=AXIS2_PLACEMENT_3D('',#3221,#2744,#2745);
#2602=AXIS2_PLACEMENT_3D('',#3232,#2748,#2749);
#2603=AXIS2_PLACEMENT_3D('',#3313,#2752,#2753);
#2604=AXIS2_PLACEMENT_3D('',#3386,#2757,#2758);
#2605=AXIS2_PLACEMENT_3D('',#3424,#2762,#2763);
#2606=AXIS2_PLACEMENT_3D('',#3425,#2764,#2765);
#2607=AXIS2_PLACEMENT_3D('',#3453,#2766,#2767);
#2608=AXIS2_PLACEMENT_3D('',#3459,#2768,#2769);
#2609=AXIS2_PLACEMENT_3D('',#3460,#2770,#2771);
#2610=AXIS2_PLACEMENT_3D('',#3466,#2775,#2776);
#2611=AXIS2_PLACEMENT_3D('',#3470,#2778,#2779);
#2612=AXIS2_PLACEMENT_3D('',#3472,#2780,#2781);
#2613=AXIS2_PLACEMENT_3D('',#3475,#2783,#2784);
#2614=AXIS2_PLACEMENT_3D('',#3476,#2785,#2786);
#2615=AXIS2_PLACEMENT_3D('',#3515,#2789,#2790);
#2616=AXIS2_PLACEMENT_3D('',#3534,#2799,#2800);
#2617=AXIS2_PLACEMENT_3D('',#3562,#2806,#2807);
#2618=AXIS2_PLACEMENT_3D('',#3564,#2809,#2810);
#2619=AXIS2_PLACEMENT_3D('',#3758,#2813,#2814);
#2620=AXIS2_PLACEMENT_3D('',#3769,#2815,#2816);
#2621=AXIS2_PLACEMENT_3D('',#3788,#2819,#2820);
#2622=AXIS2_PLACEMENT_3D('',#3897,#2838,#2839);
#2623=AXIS2_PLACEMENT_3D('',#3904,#2841,#2842);
#2624=AXIS2_PLACEMENT_3D('',#3909,#2843,#2844);
#2625=AXIS2_PLACEMENT_3D('',#3916,#2846,#2847);
#2626=AXIS2_PLACEMENT_3D('',#4043,#2849,#2850);
#2627=AXIS2_PLACEMENT_3D('',#4156,#2868,#2869);
#2628=AXIS2_PLACEMENT_3D('',#4170,#2873,#2874);
#2629=AXIS2_PLACEMENT_3D('',#4184,#2878,#2879);
#2630=AXIS2_PLACEMENT_3D('',#4196,#2883,#2884);
#2631=AXIS2_PLACEMENT_3D('',#4208,#2888,#2889);
#2632=AXIS2_PLACEMENT_3D('',#4210,#2890,#2891);
#2633=AXIS2_PLACEMENT_3D('',#4214,#2893,#2894);
#2634=AXIS2_PLACEMENT_3D('',#4302,#2898,#2899);
#2635=AXIS2_PLACEMENT_3D('',#4349,#2901,#2902);
#2636=AXIS2_PLACEMENT_3D('',#4392,#2903,#2904);
#2637=AXIS2_PLACEMENT_3D('',#4393,#2905,#2906);
#2638=AXIS2_PLACEMENT_3D('',#4479,#2910,#2911);
#2639=AXIS2_PLACEMENT_3D('',#4485,#2915,#2916);
#2640=AXIS2_PLACEMENT_3D('',#4491,#2920,#2921);
#2641=AXIS2_PLACEMENT_3D('',#4493,#2922,#2923);
#2642=AXIS2_PLACEMENT_3D('',#4509,#2933,#2934);
#2643=AXIS2_PLACEMENT_3D('',#4512,#2937,#2938);
#2644=AXIS2_PLACEMENT_3D('',#4513,#2939,#2940);
#2645=AXIS2_PLACEMENT_3D('',#4517,#2942,#2943);
#2646=AXIS2_PLACEMENT_3D('',#4558,#2945,#2946);
#2647=AXIS2_PLACEMENT_3D('',#4599,#2949,#2950);
#2648=AXIS2_PLACEMENT_3D('',#4634,#2953,#2954);
#2649=AXIS2_PLACEMENT_3D('',#4674,#2956,#2957);
#2650=AXIS2_PLACEMENT_3D('',#4675,#2958,#2959);
#2651=AXIS2_PLACEMENT_3D('',#4678,#2962,#2963);
#2652=AXIS2_PLACEMENT_3D('',#4704,#2965,#2966);
#2653=AXIS2_PLACEMENT_3D('',#4736,#2967,#2968);
#2654=AXIS2_PLACEMENT_3D('',#4780,#2970,#2971);
#2655=AXIS2_PLACEMENT_3D('',#4829,#2972,#2973);
#2656=AXIS2_PLACEMENT_3D('',#4835,#2975,#2976);
#2657=AXIS2_PLACEMENT_3D('',#4837,#2978,#2979);
#2658=AXIS2_PLACEMENT_3D('',#4885,#2980,#2981);
#2659=AXIS2_PLACEMENT_3D('',#4888,#2984,#2985);
#2660=AXIS2_PLACEMENT_3D('',#4889,#2986,#2987);
#2661=AXIS2_PLACEMENT_3D('',#4894,#2988,#2989);
#2662=AXIS2_PLACEMENT_3D('',#4924,#2991,#2992);
#2663=AXIS2_PLACEMENT_3D('',#4977,#2993,#2994);
#2664=AXIS2_PLACEMENT_3D('',#4981,#2997,#2998);
#2665=AXIS2_PLACEMENT_3D('',#4990,#3001,#3002);
#2666=AXIS2_PLACEMENT_3D('',#4994,#3005,#3006);
#2667=AXIS2_PLACEMENT_3D('',#5003,#3009,#3010);
#2668=AXIS2_PLACEMENT_3D('',#5009,#3012,#3013);
#2669=AXIS2_PLACEMENT_3D('',#5032,#3020,#3021);
#2670=AXIS2_PLACEMENT_3D('',#5039,#3023,#3024);
#2671=AXIS2_PLACEMENT_3D('',#5084,#3027,#3028);
#2672=AXIS2_PLACEMENT_3D('',#5101,#3029,#3030);
#2673=AXIS2_PLACEMENT_3D('',#5103,#3032,#3033);
#2674=AXIS2_PLACEMENT_3D('',#5104,#3034,#3035);
#2675=AXIS2_PLACEMENT_3D('',#5180,#3036,#3037);
#2676=AXIS2_PLACEMENT_3D('',#5392,#3040,#3041);
#2677=AXIS2_PLACEMENT_3D('',#5394,#3043,#3044);
#2678=AXIS2_PLACEMENT_3D('',#5395,#3045,#3046);
#2679=AXIS2_PLACEMENT_3D('',#5397,#3048,#3049);
#2680=AXIS2_PLACEMENT_3D('',#5398,#3050,#3051);
#2681=AXIS2_PLACEMENT_3D('',#5399,#3052,#3053);
#2682=AXIS2_PLACEMENT_3D('',#5400,#3054,#3055);
#2683=AXIS2_PLACEMENT_3D('',#5411,#3063,#3064);
#2684=AXIS2_PLACEMENT_3D('',#5413,#3066,#3067);
#2685=AXIS2_PLACEMENT_3D('',#5414,#3068,#3069);
#2686=AXIS2_PLACEMENT_3D('',#5416,#3071,#3072);
#2687=AXIS2_PLACEMENT_3D('',#5417,#3073,#3074);
#2688=AXIS2_PLACEMENT_3D('',#5419,#3076,#3077);
#2689=AXIS2_PLACEMENT_3D('',#5420,#3078,#3079);
#2690=AXIS2_PLACEMENT_3D('',#5477,#3080,#3081);
#2691=AXIS2_PLACEMENT_3D('',#5575,#3082,#3083);
#2692=AXIS2_PLACEMENT_3D('',#5745,#3086,#3087);
#2693=AXIS2_PLACEMENT_3D('',#5746,#3088,#3089);
#2694=AXIS2_PLACEMENT_3D('',#5748,#3091,#3092);
#2695=AXIS2_PLACEMENT_3D('',#5749,#3093,#3094);
#2696=AXIS2_PLACEMENT_3D('',#5750,#3095,#3096);
#2697=AXIS2_PLACEMENT_3D('',#5754,#3098,#3099);
#2698=AXIS2_PLACEMENT_3D('',#5765,#3101,#3102);
#2699=AXIS2_PLACEMENT_3D('',#5770,#3105,#3106);
#2700=AXIS2_PLACEMENT_3D('',#5788,#3110,#3111);
#2701=AXIS2_PLACEMENT_3D('',#5789,#3112,#3113);
#2702=AXIS2_PLACEMENT_3D('',#5792,#3116,#3117);
#2703=AXIS2_PLACEMENT_3D('',#5793,#3118,#3119);
#2704=AXIS2_PLACEMENT_3D('',#5794,#3120,#3121);
#2705=AXIS2_PLACEMENT_3D('',#5797,#3124,#3125);
#2706=AXIS2_PLACEMENT_3D('',#5798,#3126,#3127);
#2707=AXIS2_PLACEMENT_3D('',#5815,#3128,#3129);
#2708=AXIS2_PLACEMENT_3D('',#5816,#3130,#3131);
#2709=AXIS2_PLACEMENT_3D('',#5818,#3133,#3134);
#2710=AXIS2_PLACEMENT_3D('',#5837,#3137,#3138);
#2711=AXIS2_PLACEMENT_3D('',#5839,#3140,#3141);
#2712=AXIS2_PLACEMENT_3D('',#5840,#3142,#3143);
#2713=AXIS2_PLACEMENT_3D('',#5841,#3144,#3145);
#2714=AXIS2_PLACEMENT_3D('',#5843,#3147,#3148);
#2715=AXIS2_PLACEMENT_3D('',#5861,#3150,#3151);
#2716=AXIS2_PLACEMENT_3D('',#5882,#3152,#3153);
#2717=AXIS2_PLACEMENT_3D('',#5884,#3155,#3156);
#2718=DIRECTION('axis',(0.,0.,1.));
#2719=DIRECTION('refdir',(1.,0.,0.));
#2720=DIRECTION('center_axis',(0.,0.,1.));
#2721=DIRECTION('ref_axis',(1.,0.,0.));
#2722=DIRECTION('center_axis',(0.,0.,1.));
#2723=DIRECTION('ref_axis',(0.,-1.,-1.22464679914735E-16));
#2724=DIRECTION('',(0.,1.,0.));
#2725=DIRECTION('',(1.,0.,0.));
#2726=DIRECTION('',(0.,1.,0.));
#2727=DIRECTION('',(-1.,0.,0.));
#2728=DIRECTION('',(0.,1.,0.));
#2729=DIRECTION('',(-1.,0.,0.));
#2730=DIRECTION('',(0.,-1.,0.));
#2731=DIRECTION('',(-1.,0.,0.));
#2732=DIRECTION('',(0.,-1.,0.));
#2733=DIRECTION('',(1.,0.,0.));
#2734=DIRECTION('',(0.,-1.,0.));
#2735=DIRECTION('',(1.,0.,0.));
#2736=DIRECTION('center_axis',(-1.,0.,0.));
#2737=DIRECTION('ref_axis',(0.,1.,-1.83697019872103E-16));
#2738=DIRECTION('',(0.,1.22464679914735E-16,-1.));
#2739=DIRECTION('',(0.,1.22464679914735E-16,-1.));
#2740=DIRECTION('center_axis',(0.,1.,1.22464679914735E-16));
#2741=DIRECTION('ref_axis',(1.,0.,0.));
#2742=DIRECTION('',(0.,1.22464679914735E-16,-1.));
#2743=DIRECTION('',(0.,1.22464679914735E-16,-1.));
#2744=DIRECTION('center_axis',(0.,-1.,-1.22464679914735E-16));
#2745=DIRECTION('ref_axis',(-1.,0.,0.));
#2746=DIRECTION('',(0.,1.22464679914735E-16,-1.));
#2747=DIRECTION('',(0.,1.22464679914735E-16,-1.));
#2748=DIRECTION('center_axis',(1.,0.,0.));
#2749=DIRECTION('ref_axis',(0.,-1.,1.83697019872103E-16));
#2750=DIRECTION('',(0.,1.22464679914735E-16,-1.));
#2751=DIRECTION('',(0.,1.22464679914735E-16,-1.));
#2752=DIRECTION('center_axis',(1.,0.,0.));
#2753=DIRECTION('ref_axis',(0.,-1.,0.));
#2754=DIRECTION('',(0.,-1.,0.));
#2755=DIRECTION('',(0.,-0.0871557427494796,0.996194698091586));
#2756=DIRECTION('',(0.,0.,1.));
#2757=DIRECTION('center_axis',(4.49639812489559E-17,0.911383682043904,-0.411557753060364));
#2758=DIRECTION('ref_axis',(0.,-0.411557753060364,-0.911383682043904));
#2759=DIRECTION('',(-0.451721702091911,-0.36717491248976,-0.81309906376611));
#2760=DIRECTION('',(-1.,-3.08148791101958E-33,1.01506105108586E-16));
#2761=DIRECTION('',(0.451721702091911,-0.36717491248976,-0.81309906376611));
#2762=DIRECTION('center_axis',(1.,0.,0.));
#2763=DIRECTION('ref_axis',(0.,-0.0027305621113598,0.999996272008329));
#2764=DIRECTION('center_axis',(-1.,0.,0.));
#2765=DIRECTION('ref_axis',(0.,-0.91138368204337,0.411557753061548));
#2766=DIRECTION('center_axis',(-1.,0.,0.));
#2767=DIRECTION('ref_axis',(0.,0.313079248706792,0.949727005001538));
#2768=DIRECTION('center_axis',(1.,0.,0.));
#2769=DIRECTION('ref_axis',(0.,0.996194698091365,0.0871557427520058));
#2770=DIRECTION('center_axis',(7.65122264822492E-18,-0.996194698091477,
-0.0871557427507278));
#2771=DIRECTION('ref_axis',(0.,-0.0871557427507278,0.996194698091477));
#2772=DIRECTION('',(1.,3.08148791101958E-33,-1.01506105108586E-16));
#2773=DIRECTION('',(-0.604987123111575,0.0693964750299922,-0.793205339191935));
#2774=DIRECTION('',(0.604987123111575,0.0693964750299922,-0.793205339191935));
#2775=DIRECTION('center_axis',(1.00731003093075E-16,2.46519032881566E-32,
-1.));
#2776=DIRECTION('ref_axis',(-1.,0.,-1.00731003093075E-16));
#2777=DIRECTION('',(-2.31111593326468E-33,1.,0.));
#2778=DIRECTION('center_axis',(1.54074395550979E-33,0.,1.));
#2779=DIRECTION('ref_axis',(1.,-7.10542735760095E-15,1.97215226305252E-31));
#2780=DIRECTION('center_axis',(1.54074395550979E-33,0.,-1.));
#2781=DIRECTION('ref_axis',(-1.,-7.10542735760095E-15,1.97215226305252E-31));
#2782=DIRECTION('',(2.31111593326468E-33,1.,0.));
#2783=DIRECTION('center_axis',(1.54074395550979E-33,0.,-1.));
#2784=DIRECTION('ref_axis',(-7.10542735760095E-15,1.,0.));
#2785=DIRECTION('center_axis',(1.54074395550979E-33,0.,1.));
#2786=DIRECTION('ref_axis',(7.10542735760095E-15,1.,0.));
#2787=DIRECTION('',(-1.,4.59802801390603E-18,-1.00731003093075E-16));
#2788=DIRECTION('',(1.,1.89346783621598E-17,1.00731003093075E-16));
#2789=DIRECTION('center_axis',(0.,0.,1.));
#2790=DIRECTION('ref_axis',(1.,0.,0.));
#2791=DIRECTION('',(0.,-1.,0.));
#2792=DIRECTION('',(1.,-2.65528875372063E-17,0.));
#2793=DIRECTION('',(0.,-1.,0.));
#2794=DIRECTION('',(1.,-4.04219867454635E-13,0.));
#2795=DIRECTION('',(0.,-1.,0.));
#2796=DIRECTION('',(1.,-2.65528875372063E-17,0.));
#2797=DIRECTION('',(0.,-1.,0.));
#2798=DIRECTION('',(1.,-4.04219867454635E-13,0.));
#2799=DIRECTION('center_axis',(0.,0.,1.));
#2800=DIRECTION('ref_axis',(0.,-1.,-1.22464679914735E-16));
#2801=DIRECTION('',(0.,-1.,0.));
#2802=DIRECTION('',(-1.,-4.2147928225184E-18,0.));
#2803=DIRECTION('',(0.,-1.,0.));
#2804=DIRECTION('',(0.,-1.,0.));
#2805=DIRECTION('',(-1.,-4.2147928225184E-18,0.));
#2806=DIRECTION('center_axis',(0.,0.,1.));
#2807=DIRECTION('ref_axis',(0.,-1.,-1.22464679914735E-16));
#2808=DIRECTION('',(1.,-4.04219867454635E-13,0.));
#2809=DIRECTION('center_axis',(1.,0.,0.));
#2810=DIRECTION('ref_axis',(0.,-1.,0.));
#2811=DIRECTION('',(0.,-0.411557753060995,-0.911383682043619));
#2812=DIRECTION('',(0.,0.,-1.));
#2813=DIRECTION('center_axis',(0.0422304281825485,-0.998349421391245,0.0389233059141266));
#2814=DIRECTION('ref_axis',(0.943500883996861,0.0526654501823362,0.327158115067062));
#2815=DIRECTION('center_axis',(-0.0592831401398743,-0.960700174304733,0.271183857163387));
#2816=DIRECTION('ref_axis',(0.887466464482049,0.073657530436721,0.454948175762576));
#2817=DIRECTION('',(0.419638213190396,0.278981206328949,-0.863755322151833));
#2818=DIRECTION('',(0.305219238612145,-0.522536591189247,-0.796113514047679));
#2819=DIRECTION('center_axis',(4.1987542633473E-18,-0.996194698091586,-0.0871557427494796));
#2820=DIRECTION('ref_axis',(0.,-0.0871557427494796,0.996194698091586));
#2821=DIRECTION('',(0.,0.0871557427494796,-0.996194698091586));
#2822=DIRECTION('',(0.,-0.0871557427494796,0.996194698091586));
#2823=DIRECTION('',(0.,0.0871557427494796,-0.996194698091586));
#2824=DIRECTION('',(1.76150413910524E-14,0.0871557427494796,-0.996194698091586));
#2825=DIRECTION('',(-1.,-4.2147928225184E-18,0.));
#2826=DIRECTION('',(0.,0.0871557427494796,-0.996194698091586));
#2827=DIRECTION('',(-1.,-4.2147928225184E-18,0.));
#2828=DIRECTION('',(0.,-0.0871557427494796,0.996194698091586));
#2829=DIRECTION('',(0.,0.0871557427494796,-0.996194698091586));
#2830=DIRECTION('',(-1.,-4.2147928225184E-18,0.));
#2831=DIRECTION('',(0.,-0.0871557427494796,0.996194698091586));
#2832=DIRECTION('',(0.,0.0871557427494796,-0.996194698091586));
#2833=DIRECTION('',(-1.,-4.2147928225184E-18,0.));
#2834=DIRECTION('',(0.,-0.0871557427494796,0.996194698091586));
#2835=DIRECTION('',(0.,-0.0871557427494796,0.996194698091586));
#2836=DIRECTION('',(-1.,-4.2147928225184E-18,0.));
#2837=DIRECTION('',(0.,0.0871557427494796,-0.996194698091586));
#2838=DIRECTION('center_axis',(0.,-1.,-1.22464679914735E-16));
#2839=DIRECTION('ref_axis',(-1.,0.,0.));
#2840=DIRECTION('',(0.,1.22464679914735E-16,-1.));
#2841=DIRECTION('center_axis',(1.,0.,0.));
#2842=DIRECTION('ref_axis',(0.,-1.,1.83697019872103E-16));
#2843=DIRECTION('center_axis',(0.,-1.,-1.22464679914735E-16));
#2844=DIRECTION('ref_axis',(-1.,0.,0.));
#2845=DIRECTION('',(0.,1.22464679914735E-16,-1.));
#2846=DIRECTION('center_axis',(-1.,0.,0.));
#2847=DIRECTION('ref_axis',(0.,1.,-1.83697019872103E-16));
#2848=DIRECTION('',(0.,1.22464679914735E-16,-1.));
#2849=DIRECTION('center_axis',(2.41998684125492E-17,0.911383682043619,-0.411557753060995));
#2850=DIRECTION('ref_axis',(0.,-0.411557753060995,-0.911383682043619));
#2851=DIRECTION('',(0.,-0.411557753060995,-0.911383682043619));
#2852=DIRECTION('',(0.,0.411557753060995,0.911383682043619));
#2853=DIRECTION('',(0.,0.411557753060995,0.911383682043619));
#2854=DIRECTION('',(1.,-2.65528875372063E-17,0.));
#2855=DIRECTION('',(0.,-0.411557753060995,-0.911383682043619));
#2856=DIRECTION('',(0.,-0.411557753060995,-0.911383682043619));
#2857=DIRECTION('',(1.,-2.65528875372063E-17,0.));
#2858=DIRECTION('',(0.,0.411557753060995,0.911383682043619));
#2859=DIRECTION('',(0.,-0.411557753060995,-0.911383682043619));
#2860=DIRECTION('',(1.,-2.65528875372063E-17,0.));
#2861=DIRECTION('',(0.,0.411557753060995,0.911383682043619));
#2862=DIRECTION('',(0.,-0.411557753060995,-0.911383682043619));
#2863=DIRECTION('',(1.,-2.65528875372063E-17,0.));
#2864=DIRECTION('',(0.,0.411557753060995,0.911383682043619));
#2865=DIRECTION('',(1.,-2.65528875372063E-17,0.));
#2866=DIRECTION('',(8.31799101961214E-14,0.411557753060995,0.911383682043619));
#2867=DIRECTION('',(0.,0.411557753060995,0.911383682043619));
#2868=DIRECTION('center_axis',(0.,-1.,-1.22464679914735E-16));
#2869=DIRECTION('ref_axis',(-1.,0.,0.));
#2870=DIRECTION('',(0.,1.22464679914735E-16,-1.));
#2871=DIRECTION('',(1.,0.,0.));
#2872=DIRECTION('',(0.,1.22464679914735E-16,-1.));
#2873=DIRECTION('center_axis',(0.,1.,1.22464679914735E-16));
#2874=DIRECTION('ref_axis',(1.,0.,0.));
#2875=DIRECTION('',(0.,1.22464679914735E-16,-1.));
#2876=DIRECTION('',(-1.,0.,0.));
#2877=DIRECTION('',(0.,1.22464679914735E-16,-1.));
#2878=DIRECTION('center_axis',(1.,0.,0.));
#2879=DIRECTION('ref_axis',(0.,-1.,1.83697019872103E-16));
#2880=DIRECTION('',(0.,1.22464679914735E-16,-1.));
#2881=DIRECTION('',(0.,1.,-1.83697019872103E-16));
#2882=DIRECTION('',(0.,1.22464679914735E-16,-1.));
#2883=DIRECTION('center_axis',(0.,1.,1.22464679914735E-16));
#2884=DIRECTION('ref_axis',(1.,0.,0.));
#2885=DIRECTION('',(0.,1.22464679914735E-16,-1.));
#2886=DIRECTION('',(-1.,0.,0.));
#2887=DIRECTION('',(0.,1.22464679914735E-16,-1.));
#2888=DIRECTION('center_axis',(0.,1.22464679914735E-16,-1.));
#2889=DIRECTION('ref_axis',(0.,-1.,-1.22464679914735E-16));
#2890=DIRECTION('center_axis',(0.,1.83697019872103E-16,1.));
#2891=DIRECTION('ref_axis',(0.,-1.,-1.22464679914735E-16));
#2892=DIRECTION('',(0.,-1.22464679914735E-16,1.));
#2893=DIRECTION('center_axis',(0.,0.,-1.));
#2894=DIRECTION('ref_axis',(0.,-1.,-1.22464679914735E-16));
#2895=DIRECTION('',(0.,-1.22464679914735E-16,1.));
#2896=DIRECTION('',(0.,1.22464679914735E-16,-1.));
#2897=DIRECTION('',(0.,1.22464679914735E-16,-1.));
#2898=DIRECTION('center_axis',(0.,0.,-1.));
#2899=DIRECTION('ref_axis',(0.,-1.,-1.22464679914735E-16));
#2900=DIRECTION('',(0.,1.22464679914735E-16,-1.));
#2901=DIRECTION('center_axis',(0.,0.,-1.));
#2902=DIRECTION('ref_axis',(0.,-1.,-1.22464679914735E-16));
#2903=DIRECTION('center_axis',(0.,0.,-1.));
#2904=DIRECTION('ref_axis',(0.,-1.,-1.22464679914735E-16));
#2905=DIRECTION('center_axis',(-1.,0.,0.));
#2906=DIRECTION('ref_axis',(0.,1.,-1.83697019872103E-16));
#2907=DIRECTION('',(0.,1.22464679914735E-16,-1.));
#2908=DIRECTION('',(0.,-1.,1.83697019872103E-16));
#2909=DIRECTION('',(0.,1.22464679914735E-16,-1.));
#2910=DIRECTION('center_axis',(1.,0.,0.));
#2911=DIRECTION('ref_axis',(0.,-1.,1.83697019872103E-16));
#2912=DIRECTION('',(0.,1.22464679914735E-16,-1.));
#2913=DIRECTION('',(0.,1.,-1.83697019872103E-16));
#2914=DIRECTION('',(0.,1.22464679914735E-16,-1.));
#2915=DIRECTION('center_axis',(1.,0.,0.));
#2916=DIRECTION('ref_axis',(0.,-1.,1.83697019872103E-16));
#2917=DIRECTION('',(0.,1.22464679914735E-16,-1.));
#2918=DIRECTION('',(0.,1.,-1.83697019872103E-16));
#2919=DIRECTION('',(0.,1.22464679914735E-16,-1.));
#2920=DIRECTION('center_axis',(0.,1.83697019872103E-16,1.));
#2921=DIRECTION('ref_axis',(0.,-1.,1.83697019872103E-16));
#2922=DIRECTION('center_axis',(0.,1.83697019872103E-16,1.));
#2923=DIRECTION('ref_axis',(0.,-1.,-1.22464679914735E-16));
#2924=DIRECTION('',(0.,-1.,1.83697019872103E-16));
#2925=DIRECTION('',(1.,0.,0.));
#2926=DIRECTION('',(0.,-1.,1.83697019872103E-16));
#2927=DIRECTION('',(1.,0.,0.));
#2928=DIRECTION('',(0.,1.,-1.83697019872103E-16));
#2929=DIRECTION('',(1.,0.,0.));
#2930=DIRECTION('',(-1.,0.,0.));
#2931=DIRECTION('',(-1.,0.,0.));
#2932=DIRECTION('',(-1.,0.,0.));
#2933=DIRECTION('center_axis',(-1.,0.,0.));
#2934=DIRECTION('ref_axis',(0.,1.,-1.83697019872103E-16));
#2935=DIRECTION('',(0.,1.22464679914735E-16,-1.));
#2936=DIRECTION('',(0.,1.22464679914735E-16,-1.));
#2937=DIRECTION('center_axis',(0.,1.,1.22464679914735E-16));
#2938=DIRECTION('ref_axis',(1.,0.,0.));
#2939=DIRECTION('center_axis',(0.,1.22464679914735E-16,-1.));
#2940=DIRECTION('ref_axis',(0.,-1.,-1.22464679914735E-16));
#2941=DIRECTION('',(0.,-1.22464679914735E-16,1.));
#2942=DIRECTION('center_axis',(0.,0.,-1.));
#2943=DIRECTION('ref_axis',(0.,-1.,-1.22464679914735E-16));
#2944=DIRECTION('',(0.,-1.22464679914735E-16,1.));
#2945=DIRECTION('center_axis',(0.,0.,-1.));
#2946=DIRECTION('ref_axis',(0.,-1.,-1.22464679914735E-16));
#2947=DIRECTION('',(0.,-1.22464679914735E-16,1.));
#2948=DIRECTION('',(0.,1.22464679914735E-16,-1.));
#2949=DIRECTION('center_axis',(0.,0.,-1.));
#2950=DIRECTION('ref_axis',(0.,-1.,-1.22464679914735E-16));
#2951=DIRECTION('',(0.,-1.22464679914735E-16,1.));
#2952=DIRECTION('',(0.,1.22464679914735E-16,-1.));
#2953=DIRECTION('center_axis',(0.,0.,-1.));
#2954=DIRECTION('ref_axis',(0.,-1.,-1.22464679914735E-16));
#2955=DIRECTION('',(0.,1.22464679914735E-16,-1.));
#2956=DIRECTION('center_axis',(0.,0.,-1.));
#2957=DIRECTION('ref_axis',(0.,-1.,-1.22464679914735E-16));
#2958=DIRECTION('center_axis',(0.,-1.,-1.22464679914735E-16));
#2959=DIRECTION('ref_axis',(-1.,0.,0.));
#2960=DIRECTION('',(0.,1.22464679914735E-16,-1.));
#2961=DIRECTION('',(0.,1.22464679914735E-16,-1.));
#2962=DIRECTION('center_axis',(0.,0.,1.));
#2963=DIRECTION('ref_axis',(1.,0.,0.));
#2964=DIRECTION('',(2.02109933727317E-13,1.,0.));
#2965=DIRECTION('center_axis',(1.,-2.02109933727317E-13,0.));
#2966=DIRECTION('ref_axis',(0.,0.,-1.));
#2967=DIRECTION('center_axis',(-4.04219867454635E-13,-1.,0.));
#2968=DIRECTION('ref_axis',(0.,0.,-1.));
#2969=DIRECTION('',(1.,-4.04219867454635E-13,0.));
#2970=DIRECTION('center_axis',(0.,0.,1.));
#2971=DIRECTION('ref_axis',(1.,0.,0.));
#2972=DIRECTION('center_axis',(1.,0.,0.));
#2973=DIRECTION('ref_axis',(0.,-1.,0.));
#2974=DIRECTION('',(0.,1.,0.));
#2975=DIRECTION('center_axis',(0.,0.,1.));
#2976=DIRECTION('ref_axis',(1.,0.,0.));
#2977=DIRECTION('',(0.,1.,0.));
#2978=DIRECTION('center_axis',(1.,0.,0.));
#2979=DIRECTION('ref_axis',(0.,-1.,0.));
#2980=DIRECTION('center_axis',(0.,0.,1.));
#2981=DIRECTION('ref_axis',(1.,0.,0.));
#2982=DIRECTION('',(0.,1.,0.));
#2983=DIRECTION('',(0.,1.,0.));
#2984=DIRECTION('center_axis',(1.,0.,0.));
#2985=DIRECTION('ref_axis',(0.,-1.,0.));
#2986=DIRECTION('center_axis',(1.,0.,0.));
#2987=DIRECTION('ref_axis',(0.,-1.,0.));
#2988=DIRECTION('center_axis',(1.,-2.02109933727317E-13,0.));
#2989=DIRECTION('ref_axis',(0.,0.,-1.));
#2990=DIRECTION('',(2.02109933727317E-13,1.,0.));
#2991=DIRECTION('center_axis',(0.,0.,1.));
#2992=DIRECTION('ref_axis',(1.,0.,0.));
#2993=DIRECTION('center_axis',(1.,0.,0.));
#2994=DIRECTION('ref_axis',(0.,-1.,0.));
#2995=DIRECTION('',(0.,0.,1.));
#2996=DIRECTION('',(0.,1.,0.));
#2997=DIRECTION('center_axis',(1.,0.,0.));
#2998=DIRECTION('ref_axis',(0.,-1.,0.));
#2999=DIRECTION('',(0.,0.,1.));
#3000=DIRECTION('',(0.,1.,0.));
#3001=DIRECTION('center_axis',(1.,0.,0.));
#3002=DIRECTION('ref_axis',(0.,-1.,0.));
#3003=DIRECTION('',(0.,1.,0.));
#3004=DIRECTION('',(0.,0.,-1.));
#3005=DIRECTION('center_axis',(-4.04219867454635E-13,-1.,0.));
#3006=DIRECTION('ref_axis',(0.,0.,-1.));
#3007=DIRECTION('',(0.,0.,-1.));
#3008=DIRECTION('',(1.,-4.04219867454635E-13,0.));
#3009=DIRECTION('center_axis',(1.,0.,0.));
#3010=DIRECTION('ref_axis',(0.,-1.,0.));
#3011=DIRECTION('',(0.,1.,0.));
#3012=DIRECTION('center_axis',(0.,0.,1.));
#3013=DIRECTION('ref_axis',(1.,0.,0.));
#3014=DIRECTION('',(1.,-4.04219867454635E-13,0.));
#3015=DIRECTION('',(0.,1.,0.));
#3016=DIRECTION('',(1.,-4.04219867454635E-13,0.));
#3017=DIRECTION('',(0.,1.,0.));
#3018=DIRECTION('',(0.,1.,0.));
#3019=DIRECTION('',(0.,1.,0.));
#3020=DIRECTION('center_axis',(1.,0.,0.));
#3021=DIRECTION('ref_axis',(0.,-1.,0.));
#3022=DIRECTION('',(0.,0.,1.));
#3023=DIRECTION('center_axis',(1.,0.,0.));
#3024=DIRECTION('ref_axis',(0.,-1.,0.));
#3025=DIRECTION('',(0.,0.,-1.));
#3026=DIRECTION('',(0.,0.,-1.));
#3027=DIRECTION('center_axis',(1.,0.,0.));
#3028=DIRECTION('ref_axis',(0.,-1.,0.));
#3029=DIRECTION('center_axis',(-4.04219867454635E-13,-1.,0.));
#3030=DIRECTION('ref_axis',(0.,0.,-1.));
#3031=DIRECTION('',(0.,0.,1.));
#3032=DIRECTION('center_axis',(1.,0.,0.));
#3033=DIRECTION('ref_axis',(0.,-1.,0.));
#3034=DIRECTION('center_axis',(-4.04219867454635E-13,-1.,0.));
#3035=DIRECTION('ref_axis',(0.,0.,-1.));
#3036=DIRECTION('center_axis',(-1.,0.,0.));
#3037=DIRECTION('ref_axis',(0.,1.,-1.83697019872103E-16));
#3038=DIRECTION('',(0.,-1.,1.83697019872103E-16));
#3039=DIRECTION('',(0.,1.22464679914735E-16,-1.));
#3040=DIRECTION('center_axis',(1.,0.,0.));
#3041=DIRECTION('ref_axis',(0.,-1.,1.83697019872103E-16));
#3042=DIRECTION('',(0.,1.22464679914735E-16,-1.));
#3043=DIRECTION('center_axis',(0.,-1.,-1.22464679914735E-16));
#3044=DIRECTION('ref_axis',(-1.,0.,0.));
#3045=DIRECTION('center_axis',(-1.,0.,0.));
#3046=DIRECTION('ref_axis',(0.,1.,-1.83697019872103E-16));
#3047=DIRECTION('',(0.,1.22464679914735E-16,-1.));
#3048=DIRECTION('center_axis',(0.,-1.,-1.22464679914735E-16));
#3049=DIRECTION('ref_axis',(-1.,0.,0.));
#3050=DIRECTION('center_axis',(0.,1.,1.22464679914735E-16));
#3051=DIRECTION('ref_axis',(1.,0.,0.));
#3052=DIRECTION('center_axis',(0.,1.,1.22464679914735E-16));
#3053=DIRECTION('ref_axis',(1.,0.,0.));
#3054=DIRECTION('center_axis',(0.,1.83697019872103E-16,1.));
#3055=DIRECTION('ref_axis',(0.,-1.,1.83697019872103E-16));
#3056=DIRECTION('',(0.,-1.,1.83697019872103E-16));
#3057=DIRECTION('',(1.,0.,0.));
#3058=DIRECTION('',(0.,-1.,1.83697019872103E-16));
#3059=DIRECTION('',(0.,1.,-1.83697019872103E-16));
#3060=DIRECTION('',(1.,0.,0.));
#3061=DIRECTION('',(-1.,0.,0.));
#3062=DIRECTION('',(0.,1.,-1.83697019872103E-16));
#3063=DIRECTION('center_axis',(1.,0.,0.));
#3064=DIRECTION('ref_axis',(0.,-1.,1.83697019872103E-16));
#3065=DIRECTION('',(0.,1.22464679914735E-16,-1.));
#3066=DIRECTION('center_axis',(0.,-1.,-1.22464679914735E-16));
#3067=DIRECTION('ref_axis',(-1.,0.,0.));
#3068=DIRECTION('center_axis',(-1.,0.,0.));
#3069=DIRECTION('ref_axis',(0.,1.,-1.83697019872103E-16));
#3070=DIRECTION('',(0.,1.22464679914735E-16,-1.));
#3071=DIRECTION('center_axis',(0.,-1.,-1.22464679914735E-16));
#3072=DIRECTION('ref_axis',(-1.,0.,0.));
#3073=DIRECTION('center_axis',(0.,1.,1.22464679914735E-16));
#3074=DIRECTION('ref_axis',(1.,0.,0.));
#3075=DIRECTION('',(0.,1.22464679914735E-16,-1.));
#3076=DIRECTION('center_axis',(1.,0.,0.));
#3077=DIRECTION('ref_axis',(0.,-1.,1.83697019872103E-16));
#3078=DIRECTION('center_axis',(-1.,0.,0.));
#3079=DIRECTION('ref_axis',(0.,1.,-1.83697019872103E-16));
#3080=DIRECTION('center_axis',(-0.0422304281490653,-0.998349421389872,0.0389233059856766));
#3081=DIRECTION('ref_axis',(0.,0.0389580605671202,0.999240846601483));
#3082=DIRECTION('center_axis',(0.0592831401778045,-0.960700174283275,0.271183857231112));
#3083=DIRECTION('ref_axis',(0.,0.271661653582119,0.962392823109685));
#3084=DIRECTION('',(-0.305219238612145,-0.522536591189247,-0.796113514047679));
#3085=DIRECTION('',(-0.419638213190396,0.278981206328949,-0.863755322151833));
#3086=DIRECTION('center_axis',(0.,1.,1.22464679914735E-16));
#3087=DIRECTION('ref_axis',(1.,0.,0.));
#3088=DIRECTION('center_axis',(1.,0.,0.));
#3089=DIRECTION('ref_axis',(0.,-1.,1.83697019872103E-16));
#3090=DIRECTION('',(0.,1.22464679914735E-16,-1.));
#3091=DIRECTION('center_axis',(0.,1.,1.22464679914735E-16));
#3092=DIRECTION('ref_axis',(1.,0.,0.));
#3093=DIRECTION('center_axis',(-1.,0.,0.));
#3094=DIRECTION('ref_axis',(0.,1.,-1.83697019872103E-16));
#3095=DIRECTION('center_axis',(0.,1.22464679914735E-16,-1.));
#3096=DIRECTION('ref_axis',(0.,-1.,-1.22464679914735E-16));
#3097=DIRECTION('',(0.,-1.22464679914735E-16,1.));
#3098=DIRECTION('center_axis',(0.,0.,1.));
#3099=DIRECTION('ref_axis',(0.,-1.,-1.22464679914735E-16));
#3100=DIRECTION('',(0.,1.22464679914735E-16,-1.));
#3101=DIRECTION('center_axis',(0.,0.,1.));
#3102=DIRECTION('ref_axis',(0.,-1.,-1.22464679914735E-16));
#3103=DIRECTION('',(0.,1.22464679914735E-16,-1.));
#3104=DIRECTION('',(0.,-1.22464679914735E-16,1.));
#3105=DIRECTION('center_axis',(0.,0.,1.));
#3106=DIRECTION('ref_axis',(0.,-1.,-1.22464679914735E-16));
#3107=DIRECTION('',(0.,1.22464679914735E-16,-1.));
#3108=DIRECTION('',(0.,-1.22464679914735E-16,1.));
#3109=DIRECTION('',(0.,-1.22464679914735E-16,1.));
#3110=DIRECTION('center_axis',(0.,0.,1.));
#3111=DIRECTION('ref_axis',(0.,-1.,-1.22464679914735E-16));
#3112=DIRECTION('center_axis',(0.,0.,1.));
#3113=DIRECTION('ref_axis',(1.,0.,0.));
#3114=DIRECTION('',(0.,-1.,0.));
#3115=DIRECTION('',(0.,-1.,0.));
#3116=DIRECTION('center_axis',(1.,0.,0.));
#3117=DIRECTION('ref_axis',(0.,-1.,0.));
#3118=DIRECTION('center_axis',(1.,0.,0.));
#3119=DIRECTION('ref_axis',(0.,-1.,0.));
#3120=DIRECTION('center_axis',(0.,0.,1.));
#3121=DIRECTION('ref_axis',(1.,0.,0.));
#3122=DIRECTION('',(0.,-1.,0.));
#3123=DIRECTION('',(0.,-1.,0.));
#3124=DIRECTION('center_axis',(1.,0.,0.));
#3125=DIRECTION('ref_axis',(0.,-1.,0.));
#3126=DIRECTION('center_axis',(1.,0.,0.));
#3127=DIRECTION('ref_axis',(0.,-1.,0.));
#3128=DIRECTION('center_axis',(-4.04219867454635E-13,-1.,0.));
#3129=DIRECTION('ref_axis',(0.,0.,-1.));
#3130=DIRECTION('center_axis',(1.,0.,0.));
#3131=DIRECTION('ref_axis',(0.,-1.,0.));
#3132=DIRECTION('',(0.,0.,-1.));
#3133=DIRECTION('center_axis',(1.,0.,0.));
#3134=DIRECTION('ref_axis',(0.,-1.,0.));
#3135=DIRECTION('',(0.,0.,1.));
#3136=DIRECTION('',(0.,0.,1.));
#3137=DIRECTION('center_axis',(-4.04219867454635E-13,-1.,0.));
#3138=DIRECTION('ref_axis',(0.,0.,-1.));
#3139=DIRECTION('',(0.,0.,-1.));
#3140=DIRECTION('center_axis',(1.,0.,0.));
#3141=DIRECTION('ref_axis',(0.,-1.,0.));
#3142=DIRECTION('center_axis',(1.,0.,0.));
#3143=DIRECTION('ref_axis',(0.,-1.,0.));
#3144=DIRECTION('center_axis',(1.,0.,0.));
#3145=DIRECTION('ref_axis',(0.,-1.,0.));
#3146=DIRECTION('',(0.,0.,-1.));
#3147=DIRECTION('center_axis',(1.,0.,0.));
#3148=DIRECTION('ref_axis',(0.,-1.,0.));
#3149=DIRECTION('',(0.,0.,1.));
#3150=DIRECTION('center_axis',(-4.04219867454635E-13,-1.,0.));
#3151=DIRECTION('ref_axis',(0.,0.,-1.));
#3152=DIRECTION('center_axis',(-4.04219867454635E-13,-1.,0.));
#3153=DIRECTION('ref_axis',(0.,0.,-1.));
#3154=DIRECTION('',(1.,-4.04219867454635E-13,0.));
#3155=DIRECTION('center_axis',(0.,0.,1.));
#3156=DIRECTION('ref_axis',(1.,0.,0.));
#3157=CARTESIAN_POINT('',(0.,0.,0.));
#3158=CARTESIAN_POINT('Ctrl Pts',(247.655043830175,278.537362314228,10.154746994852));
#3159=CARTESIAN_POINT('Ctrl Pts',(247.655043830175,278.572203637668,10.155962389855));
#3160=CARTESIAN_POINT('Ctrl Pts',(247.655043830175,278.593121147087,8.55632711921155));
#3161=CARTESIAN_POINT('Ctrl Pts',(247.655043830175,278.627962470528,8.55754251421461));
#3162=CARTESIAN_POINT('',(247.655043830175,278.572203637659,9.15596238985472));
#3163=CARTESIAN_POINT('',(247.655043830175,278.593121147096,8.5563271192118));
#3164=CARTESIAN_POINT('Ctrl Pts',(247.655043830175,278.572203637659,9.15596238985472));
#3165=CARTESIAN_POINT('Ctrl Pts',(247.655043830175,278.593121147096,8.5563271192118));
#3166=CARTESIAN_POINT('',(247.655043830175,278.593121147096,9.5563271192118));
#3167=CARTESIAN_POINT('Ctrl Pts',(247.655043830175,278.593121147096,8.5563271192118));
#3168=CARTESIAN_POINT('Ctrl Pts',(247.655043830175,278.593121147096,9.5563271192118));
#3169=CARTESIAN_POINT('',(247.655043830175,278.572203637659,10.1559623898547));
#3170=CARTESIAN_POINT('Ctrl Pts',(247.655043830175,278.572203637659,10.1559623898547));
#3171=CARTESIAN_POINT('Ctrl Pts',(247.655043830175,278.593121147096,9.5563271192118));
#3172=CARTESIAN_POINT('Ctrl Pts',(247.655043830175,278.572203637659,9.15596238985472));
#3173=CARTESIAN_POINT('Ctrl Pts',(247.655043830175,278.572203637659,10.1559623898547));
#3174=CARTESIAN_POINT('Origin',(454.192932459198,52.7083533496625,0.200000000005095));
#3175=CARTESIAN_POINT('',(512.842932459207,55.3833533496754,0.200000000005095));
#3176=CARTESIAN_POINT('Origin',(512.842932459207,52.3833533496736,0.200000000005095));
#3177=CARTESIAN_POINT('',(512.342932459205,54.3833533496718,0.200000000005095));
#3178=CARTESIAN_POINT('',(512.342932459205,52.8833533496754,0.200000000005095));
#3179=CARTESIAN_POINT('',(512.342932459205,53.5458533496649,0.200000000005099));
#3180=CARTESIAN_POINT('',(510.842932459207,52.8833533496754,0.200000000005095));
#3181=CARTESIAN_POINT('',(483.267932459203,52.8833533496754,0.200000000005099));
#3182=CARTESIAN_POINT('',(510.842932459207,51.8833533496718,0.200000000005095));
#3183=CARTESIAN_POINT('',(510.842932459207,52.7958533496667,0.200000000005099));
#3184=CARTESIAN_POINT('',(512.342932459205,51.8833533496718,0.200000000005095));
#3185=CARTESIAN_POINT('',(482.517932459202,51.8833533496718,0.200000000005099));
#3186=CARTESIAN_POINT('',(512.342932459205,50.3833533496754,0.200000000005095));
#3187=CARTESIAN_POINT('',(512.342932459205,52.2958533496649,0.200000000005099));
#3188=CARTESIAN_POINT('',(513.342932459207,50.3833533496754,0.200000000005095));
#3189=CARTESIAN_POINT('',(483.267932459203,50.3833533496754,0.200000000005099));
#3190=CARTESIAN_POINT('',(513.342932459207,51.8833533496718,0.200000000005095));
#3191=CARTESIAN_POINT('',(513.342932459207,51.5458533496667,0.200000000005099));
#3192=CARTESIAN_POINT('',(514.842932459205,51.8833533496718,0.200000000005095));
#3193=CARTESIAN_POINT('',(483.767932459202,51.8833533496718,0.200000000005099));
#3194=CARTESIAN_POINT('',(514.842932459205,52.8833533496754,0.200000000005095));
#3195=CARTESIAN_POINT('',(514.842932459205,52.2958533496649,0.200000000005099));
#3196=CARTESIAN_POINT('',(513.342932459207,52.8833533496754,0.200000000005095));
#3197=CARTESIAN_POINT('',(484.517932459203,52.8833533496754,0.200000000005099));
#3198=CARTESIAN_POINT('',(513.342932459207,54.3833533496718,0.200000000005095));
#3199=CARTESIAN_POINT('',(513.342932459207,52.7958533496667,0.200000000005099));
#3200=CARTESIAN_POINT('',(483.767932459202,54.3833533496718,0.200000000005099));
#3201=CARTESIAN_POINT('Origin',(514.842932459205,51.8833533496718,13.3879740340523));
#3202=CARTESIAN_POINT('',(514.842932459205,51.8833533496718,7.07385628654771));
#3203=CARTESIAN_POINT('',(514.842932459205,51.8833533496718,13.3879740340523));
#3204=CARTESIAN_POINT('',(514.84293245921,52.8833533496754,6.954018696436));
#3205=CARTESIAN_POINT('Ctrl Pts',(514.842932459232,51.8833522404188,7.07382874929193));
#3206=CARTESIAN_POINT('Ctrl Pts',(514.842932459224,52.2170565310245,7.03805373729962));
#3207=CARTESIAN_POINT('Ctrl Pts',(514.842932459217,52.5504419216815,6.99810412967915));
#3208=CARTESIAN_POINT('Ctrl Pts',(514.842932459209,52.8833518892831,6.95399103500559));
#3209=CARTESIAN_POINT('',(514.842932459205,52.8833533496754,13.3879740340523));
#3210=CARTESIAN_POINT('Origin',(512.342932459205,50.3833533496754,13.3879740340523));
#3211=CARTESIAN_POINT('',(512.342932459205,50.3833533496754,7.20637125310519));
#3212=CARTESIAN_POINT('',(512.342932459205,50.3833533496754,13.3879740340523));
#3213=CARTESIAN_POINT('',(513.342932459207,50.3833533496754,7.20637125310264));
#3214=CARTESIAN_POINT('Ctrl Pts',(512.342932459223,50.3833533496754,7.20637125310549));
#3215=CARTESIAN_POINT('Ctrl Pts',(512.509599125899,50.3833533496754,7.20637125310515));
#3216=CARTESIAN_POINT('Ctrl Pts',(512.676265792575,50.3833533496754,7.20637125310482));
#3217=CARTESIAN_POINT('Ctrl Pts',(513.009599125903,50.3833533496754,7.20637125310416));
#3218=CARTESIAN_POINT('Ctrl Pts',(513.176265792556,50.3833533496754,7.20637125310383));
#3219=CARTESIAN_POINT('Ctrl Pts',(513.342932459209,50.3833533496754,7.20637125310351));
#3220=CARTESIAN_POINT('',(513.342932459207,50.3833533496754,13.3879740340523));
#3221=CARTESIAN_POINT('Origin',(513.342932459207,54.3833533496718,13.3879740340523));
#3222=CARTESIAN_POINT('',(512.342932459205,54.3833533496718,6.72645129513999));
#3223=CARTESIAN_POINT('',(512.342932459205,54.3833533496718,13.3879740340523));
#3224=CARTESIAN_POINT('',(513.342932459207,54.3833533496718,6.72645129514027));
#3225=CARTESIAN_POINT('',(513.342932459207,54.3833533496718,13.3879740340523));
#3226=CARTESIAN_POINT('Ctrl Pts',(513.342932459195,54.3833533496718,6.72645129514037));
#3227=CARTESIAN_POINT('Ctrl Pts',(513.176265792517,54.3833533496718,6.72645129514032));
#3228=CARTESIAN_POINT('Ctrl Pts',(513.009599125837,54.3833533496718,6.72645129514027));
#3229=CARTESIAN_POINT('Ctrl Pts',(512.676265792506,54.3833533496718,6.72645129514019));
#3230=CARTESIAN_POINT('Ctrl Pts',(512.509599125851,54.3833533496718,6.72645129514));
#3231=CARTESIAN_POINT('Ctrl Pts',(512.342932459203,54.3833533496718,6.72645129513976));
#3232=CARTESIAN_POINT('Origin',(510.842932459207,52.8833533496754,13.3879740340523));
#3233=CARTESIAN_POINT('',(510.842932459209,52.8833533496754,6.95401869643764));
#3234=CARTESIAN_POINT('',(510.842932459207,52.8833533496754,13.3879740340523));
#3235=CARTESIAN_POINT('',(510.842932459207,51.8833533496718,7.07385628655252));
#3236=CARTESIAN_POINT('Ctrl Pts',(510.842932459173,52.8833518892911,6.95399103500691));
#3237=CARTESIAN_POINT('Ctrl Pts',(510.842932459181,52.5504419216854,6.99810412968182));
#3238=CARTESIAN_POINT('Ctrl Pts',(510.842932459189,52.2170565310244,7.03805373730354));
#3239=CARTESIAN_POINT('Ctrl Pts',(510.842932459196,51.8833522404146,7.07382874929699));
#3240=CARTESIAN_POINT('',(510.842932459207,51.8833533496718,13.3879740340523));
#3241=CARTESIAN_POINT('Ctrl Pts',(512.517932459204,59.9093333606556,5.37441232844169));
#3242=CARTESIAN_POINT('Ctrl Pts',(512.517932459259,57.5733786826365,6.12407035682363));
#3243=CARTESIAN_POINT('Ctrl Pts',(512.517932459314,55.1531762544874,6.66370618891479));
#3244=CARTESIAN_POINT('Ctrl Pts',(512.517932459369,52.7083533496921,6.97682062096969));
#3245=CARTESIAN_POINT('Ctrl Pts',(506.384599125813,59.9093333605188,5.37441232846345));
#3246=CARTESIAN_POINT('Ctrl Pts',(506.384599125867,57.5733786824997,6.12407035684539));
#3247=CARTESIAN_POINT('Ctrl Pts',(506.384599125923,55.1531762543506,6.66370618893654));
#3248=CARTESIAN_POINT('Ctrl Pts',(506.384599125978,52.7083533495553,6.97682062099144));
#3249=CARTESIAN_POINT('Ctrl Pts',(500.251265792421,59.909333360382,5.3744123284852));
#3250=CARTESIAN_POINT('Ctrl Pts',(500.251265792475,57.5733786823629,6.12407035686714));
#3251=CARTESIAN_POINT('Ctrl Pts',(500.251265792531,55.1531762542138,6.66370618895829));
#3252=CARTESIAN_POINT('Ctrl Pts',(500.251265792586,52.7083533494185,6.97682062101319));
#3253=CARTESIAN_POINT('Ctrl Pts',(494.117932459029,59.9093333602452,5.37441232850696));
#3254=CARTESIAN_POINT('Ctrl Pts',(494.117932459084,57.5733786822261,6.1240703568889));
#3255=CARTESIAN_POINT('Ctrl Pts',(494.117932459139,55.153176254077,6.66370618898005));
#3256=CARTESIAN_POINT('Ctrl Pts',(494.117932459195,52.7083533492817,6.97682062103495));
#3257=CARTESIAN_POINT('',(494.117932459212,59.9093333602514,5.37441232850542));
#3258=CARTESIAN_POINT('',(494.117932459203,52.7083533496261,6.97682062099125));
#3259=CARTESIAN_POINT('Ctrl Pts',(494.117932459029,59.9093333602452,5.37441232850696));
#3260=CARTESIAN_POINT('Ctrl Pts',(494.117932459084,57.5733786822261,6.1240703568889));
#3261=CARTESIAN_POINT('Ctrl Pts',(494.117932459139,55.153176254077,6.66370618898005));
#3262=CARTESIAN_POINT('Ctrl Pts',(494.117932459195,52.7083533492817,6.97682062103495));
#3263=CARTESIAN_POINT('',(512.517932459205,59.9093333601513,5.37441232878651));
#3264=CARTESIAN_POINT('Ctrl Pts',(512.517932459205,59.9093333602423,5.3744123285734));
#3265=CARTESIAN_POINT('Ctrl Pts',(509.451265792507,59.9093333602423,5.374412328562));
#3266=CARTESIAN_POINT('Ctrl Pts',(506.384599125813,59.9093333602423,5.37441232855062));
#3267=CARTESIAN_POINT('Ctrl Pts',(500.251265792419,59.9093333602423,5.37441232852783));
#3268=CARTESIAN_POINT('Ctrl Pts',(497.184599125724,59.9093333602423,5.37441232852102));
#3269=CARTESIAN_POINT('Ctrl Pts',(494.11793245903,59.9093333602423,5.37441232850963));
#3270=CARTESIAN_POINT('',(512.517932459271,55.3656429816903,6.54572699490458));
#3271=CARTESIAN_POINT('Ctrl Pts',(512.517932459309,55.3656123116318,6.5456215432429));
#3272=CARTESIAN_POINT('Ctrl Pts',(512.517932459274,56.9040360029519,6.24299458548439));
#3273=CARTESIAN_POINT('Ctrl Pts',(512.517932459239,58.4237223328993,5.85117681556552));
#3274=CARTESIAN_POINT('Ctrl Pts',(512.517932459204,59.9093333606556,5.37441232844169));
#3275=CARTESIAN_POINT('',(509.860588582314,52.7083533496352,6.97682062097775));
#3276=CARTESIAN_POINT('Ctrl Pts',(509.860588582315,52.7083533496328,6.97682062097911));
#3277=CARTESIAN_POINT('Ctrl Pts',(509.876977549,52.8587475159598,6.95755927330377));
#3278=CARTESIAN_POINT('Ctrl Pts',(509.9046808527,53.0073375113425,6.9376553980579));
#3279=CARTESIAN_POINT('Ctrl Pts',(509.943309613378,53.1528884111637,6.91735556429816));
#3280=CARTESIAN_POINT('Ctrl Pts',(509.98334410038,53.303736005149,6.89631700607062));
#3281=CARTESIAN_POINT('Ctrl Pts',(510.035113682039,53.451319143035,6.87485327349591));
#3282=CARTESIAN_POINT('Ctrl Pts',(510.098185459812,53.5942736680025,6.85329461089508));
#3283=CARTESIAN_POINT('Ctrl Pts',(510.128467226194,53.6629084152881,6.84294395316137));
#3284=CARTESIAN_POINT('Ctrl Pts',(510.161354276761,53.7304763823262,6.83257220920223));
#3285=CARTESIAN_POINT('Ctrl Pts',(510.196798701695,53.7968275385707,6.82222001815915));
#3286=CARTESIAN_POINT('Ctrl Pts',(510.285846612621,53.9635231997938,6.79621195094963));
#3287=CARTESIAN_POINT('Ctrl Pts',(510.390307438434,54.1211714850513,6.77053727819219));
#3288=CARTESIAN_POINT('Ctrl Pts',(510.508651270571,54.2677595361696,6.74588523368512));
#3289=CARTESIAN_POINT('Ctrl Pts',(510.627306522914,54.4147333317773,6.72116831765376));
#3290=CARTESIAN_POINT('Ctrl Pts',(510.759917943606,54.5505890264511,6.69748166557848));
#3291=CARTESIAN_POINT('Ctrl Pts',(510.904943514472,54.6733155666573,6.67555334104965));
#3292=CARTESIAN_POINT('Ctrl Pts',(511.040882329035,54.7883525238747,6.65499896278368));
#3293=CARTESIAN_POINT('Ctrl Pts',(511.186669183449,54.8909522965407,6.63615487100567));
#3294=CARTESIAN_POINT('Ctrl Pts',(511.340533416052,54.9799723440872,6.61953948885891));
#3295=CARTESIAN_POINT('Ctrl Pts',(511.486286392947,55.0642995247039,6.60380001926837));
#3296=CARTESIAN_POINT('Ctrl Pts',(511.639287565937,55.1364414129779,6.59006136456963));
#3297=CARTESIAN_POINT('Ctrl Pts',(511.798031802084,55.1954231610913,6.57872125193987));
#3298=CARTESIAN_POINT('Ctrl Pts',(511.80686603051,55.1987055368705,6.57809016669368));
#3299=CARTESIAN_POINT('Ctrl Pts',(511.815718045208,55.2019471537927,6.57746649610241));
#3300=CARTESIAN_POINT('Ctrl Pts',(511.824587586766,55.2051478431056,6.57685030369127));
#3301=CARTESIAN_POINT('Ctrl Pts',(511.944088782845,55.2482714023848,6.56854821393154));
#3302=CARTESIAN_POINT('Ctrl Pts',(512.066278216519,55.2837861919784,6.56164020411869));
#3303=CARTESIAN_POINT('Ctrl Pts',(512.190433431031,55.311451332071,6.5562373150942));
#3304=CARTESIAN_POINT('Ctrl Pts',(512.298481259588,55.3355273108809,6.5515353746294));
#3305=CARTESIAN_POINT('Ctrl Pts',(512.407811996979,55.3536123423611,6.54798208553949));
#3306=CARTESIAN_POINT('Ctrl Pts',(512.517932459309,55.3656123116438,6.54562154324052));
#3307=CARTESIAN_POINT('Ctrl Pts',(494.117932459194,52.7083533496489,6.97682062098722));
#3308=CARTESIAN_POINT('Ctrl Pts',(497.184599125887,52.7083533496489,6.97682062098527));
#3309=CARTESIAN_POINT('Ctrl Pts',(500.251265792585,52.7083533496398,6.9768206209833));
#3310=CARTESIAN_POINT('Ctrl Pts',(505.498817833609,52.7083533496398,6.97682062097995));
#3311=CARTESIAN_POINT('Ctrl Pts',(507.679703207932,52.7083533496398,6.97682062097841));
#3312=CARTESIAN_POINT('Ctrl Pts',(509.86058858226,52.7083533496398,6.97682062097693));
#3313=CARTESIAN_POINT('Origin',(494.117932459208,52.38335334966,6.32267212794902));
#3314=CARTESIAN_POINT('',(494.117932459208,60.0558278955532,3.69997212794902));
#3315=CARTESIAN_POINT('',(494.117932459208,52.7083533496261,3.69997212794902));
#3316=CARTESIAN_POINT('',(494.117932459208,52.5458533496658,3.69997212794902));
#3317=CARTESIAN_POINT('',(494.117932459208,59.8204044151817,6.39087482184086));
#3318=CARTESIAN_POINT('',(494.117932459208,52.7083533496261,6.32267212794902));
#3319=CARTESIAN_POINT('Ctrl Pts',(517.011000476688,59.9093333603349,5.37441232856083));
#3320=CARTESIAN_POINT('Ctrl Pts',(517.011000476742,57.5733786823932,6.1240703568897));
#3321=CARTESIAN_POINT('Ctrl Pts',(517.011000476797,55.1531762543313,6.66370618894199));
#3322=CARTESIAN_POINT('Ctrl Pts',(517.011000476853,52.7083533496263,6.976820620975));
#3323=CARTESIAN_POINT('Ctrl Pts',(515.729977804157,59.9093333603063,5.37441232856538));
#3324=CARTESIAN_POINT('Ctrl Pts',(515.729977804211,57.5733786823647,6.12407035689424));
#3325=CARTESIAN_POINT('Ctrl Pts',(515.729977804266,55.1531762543027,6.66370618894654));
#3326=CARTESIAN_POINT('Ctrl Pts',(515.729977804322,52.7083533495978,6.97682062097955));
#3327=CARTESIAN_POINT('Ctrl Pts',(514.448955131626,59.9093333602777,5.37441232856992));
#3328=CARTESIAN_POINT('Ctrl Pts',(514.44895513168,57.5733786823361,6.12407035689878));
#3329=CARTESIAN_POINT('Ctrl Pts',(514.448955131736,55.1531762542741,6.66370618895108));
#3330=CARTESIAN_POINT('Ctrl Pts',(514.448955131791,52.7083533495692,6.97682062098409));
#3331=CARTESIAN_POINT('Ctrl Pts',(513.167932459095,59.9093333602492,5.37441232857446));
#3332=CARTESIAN_POINT('Ctrl Pts',(513.167932459149,57.5733786823075,6.12407035690333));
#3333=CARTESIAN_POINT('Ctrl Pts',(513.167932459205,55.1531762542456,6.66370618895562));
#3334=CARTESIAN_POINT('Ctrl Pts',(513.16793245926,52.7083533495406,6.97682062098863));
#3335=CARTESIAN_POINT('',(513.167932459202,55.3656428705871,6.54572661294757));
#3336=CARTESIAN_POINT('',(515.825276336097,52.7083533496261,6.97682062097526));
#3337=CARTESIAN_POINT('Ctrl Pts',(513.1679324592,55.365612311628,6.5456215432442));
#3338=CARTESIAN_POINT('Ctrl Pts',(513.318565498474,55.3491976344051,6.54885051316891));
#3339=CARTESIAN_POINT('Ctrl Pts',(513.467262879076,55.3214483683817,6.55430315007928));
#3340=CARTESIAN_POINT('Ctrl Pts',(513.612824096882,55.2827993402522,6.56182220253358));
#3341=CARTESIAN_POINT('Ctrl Pts',(513.764943676485,55.242408953309,6.56968003112007));
#3342=CARTESIAN_POINT('Ctrl Pts',(513.913638122846,55.1901143572208,6.57979453474341));
#3343=CARTESIAN_POINT('Ctrl Pts',(514.057537242267,55.1264011943312,6.59192957915421));
#3344=CARTESIAN_POINT('Ctrl Pts',(514.13270710401,55.0931187832585,6.59826867013867));
#3345=CARTESIAN_POINT('Ctrl Pts',(514.206568418372,55.0567203162047,6.60515822106877));
#3346=CARTESIAN_POINT('Ctrl Pts',(514.278925868908,55.0172741545902,6.61255907588294));
#3347=CARTESIAN_POINT('Ctrl Pts',(514.463091084905,54.9168752209615,6.63139583720193));
#3348=CARTESIAN_POINT('Ctrl Pts',(514.635540392131,54.7978173766721,6.65334465726246));
#3349=CARTESIAN_POINT('Ctrl Pts',(514.793759187076,54.6623923816597,6.67750350719614));
#3350=CARTESIAN_POINT('Ctrl Pts',(514.934307635511,54.5420920536559,6.69896422477601));
#3351=CARTESIAN_POINT('Ctrl Pts',(515.063626685269,54.4088757191803,6.72216596978939));
#3352=CARTESIAN_POINT('Ctrl Pts',(515.179953656391,54.2643564807196,6.74645738353743));
#3353=CARTESIAN_POINT('Ctrl Pts',(515.287156160338,54.1311730574585,6.76884342482353));
#3354=CARTESIAN_POINT('Ctrl Pts',(515.382567009776,53.9893346680658,6.79199294830642));
#3355=CARTESIAN_POINT('Ctrl Pts',(515.465291209793,53.8404637478066,6.81538731800989));
#3356=CARTESIAN_POINT('Ctrl Pts',(515.544566676446,53.697799186865,6.83780638733815));
#3357=CARTESIAN_POINT('Ctrl Pts',(515.612191245071,53.5486762552094,6.86044961384144));
#3358=CARTESIAN_POINT('Ctrl Pts',(515.667377254818,53.3945360663126,6.88290373095445));
#3359=CARTESIAN_POINT('Ctrl Pts',(515.711715959372,53.2706935140681,6.9009442899519));
#3360=CARTESIAN_POINT('Ctrl Pts',(515.747873438244,53.1440338258225,6.91880179628502));
#3361=CARTESIAN_POINT('Ctrl Pts',(515.775601791232,53.0153720945079,6.93629224703551));
#3362=CARTESIAN_POINT('Ctrl Pts',(515.797451864256,52.9139860429826,6.95007480477721));
#3363=CARTESIAN_POINT('Ctrl Pts',(515.81403492165,52.8115097516706,6.96360912897993));
#3364=CARTESIAN_POINT('Ctrl Pts',(515.825276336098,52.7083533496365,6.97682062097453));
#3365=CARTESIAN_POINT('',(513.167932459207,59.9093333602423,5.37441232857814));
#3366=CARTESIAN_POINT('Ctrl Pts',(513.167932459095,59.9093333602492,5.37441232857446));
#3367=CARTESIAN_POINT('Ctrl Pts',(513.167932459129,58.4237223326241,5.85117681563821));
#3368=CARTESIAN_POINT('Ctrl Pts',(513.167932459164,56.9040360028157,6.24299458551214));
#3369=CARTESIAN_POINT('Ctrl Pts',(513.1679324592,55.365612311638,6.54562154324224));
#3370=CARTESIAN_POINT('',(517.011000476687,59.9093333602286,5.37441232859594));
#3371=CARTESIAN_POINT('Ctrl Pts',(517.011000476687,59.9093333602377,5.37441232859329));
#3372=CARTESIAN_POINT('Ctrl Pts',(516.423541237336,59.9093333602377,5.3744123285911));
#3373=CARTESIAN_POINT('Ctrl Pts',(515.836081997993,59.9093333602286,5.37441232858892));
#3374=CARTESIAN_POINT('Ctrl Pts',(514.555059325462,59.9093333602286,5.37441232858417));
#3375=CARTESIAN_POINT('Ctrl Pts',(513.861495892277,59.9093333602286,5.37441232858218));
#3376=CARTESIAN_POINT('Ctrl Pts',(513.167932459094,59.9093333602286,5.3744123285796));
#3377=CARTESIAN_POINT('',(516.802618817628,52.7083533496398,6.97682062097234));
#3378=CARTESIAN_POINT('Ctrl Pts',(516.802618817629,52.7083533496215,6.97682062097577));
#3379=CARTESIAN_POINT('Ctrl Pts',(516.76797822966,55.1554671189888,6.66341279231834));
#3380=CARTESIAN_POINT('Ctrl Pts',(516.813334849889,57.5726861757382,6.12429259714034));
#3381=CARTESIAN_POINT('Ctrl Pts',(517.011000476682,59.9093333602149,5.37441232859935));
#3382=CARTESIAN_POINT('Ctrl Pts',(515.825276336159,52.7083533496326,6.97682062097502));
#3383=CARTESIAN_POINT('Ctrl Pts',(516.151057163318,52.7083533496399,6.97682062097386));
#3384=CARTESIAN_POINT('Ctrl Pts',(516.476837990476,52.7083533496471,6.97682062097271));
#3385=CARTESIAN_POINT('Ctrl Pts',(516.802618817635,52.7083533496544,6.97682062097155));
#3386=CARTESIAN_POINT('Origin',(507.542932459201,47.0411078886855,8.10000000000674));
#3387=CARTESIAN_POINT('',(395.596354547192,47.2470980648222,8.5561597583755));
#3388=CARTESIAN_POINT('',(515.789510371458,47.2470980646267,8.55615975794077));
#3389=CARTESIAN_POINT('Ctrl Pts',(395.596354547192,47.2470980648201,8.55615975837463));
#3390=CARTESIAN_POINT('Ctrl Pts',(435.660739821982,47.2470980647548,8.55615975822992));
#3391=CARTESIAN_POINT('Ctrl Pts',(475.725125096714,47.2470980646894,8.5561597580852));
#3392=CARTESIAN_POINT('Ctrl Pts',(515.789510371458,47.2470980646241,8.55615975794048));
#3393=CARTESIAN_POINT('',(390.842932459202,43.38335334965,3.30513394430909E-12));
#3394=CARTESIAN_POINT('',(395.342932459203,47.0411078886764,8.10000000000343));
#3395=CARTESIAN_POINT('',(520.5429324592,43.383353349659,6.61248833466743E-12));
#3396=CARTESIAN_POINT('',(503.0429324592,43.383353349659,6.61248833466743E-12));
#3397=CARTESIAN_POINT('',(516.0429324592,47.0411078886855,8.10000000000674));
#3398=CARTESIAN_POINT('Ctrl Pts',(515.789510371459,47.4742613445899,8.70326938767742));
#3399=CARTESIAN_POINT('Ctrl Pts',(475.725125096715,47.474261344661,8.70326938782216));
#3400=CARTESIAN_POINT('Ctrl Pts',(435.660739821983,47.4742613447321,8.70326938796689));
#3401=CARTESIAN_POINT('Ctrl Pts',(395.596354547193,47.4742613448033,8.70326938811162));
#3402=CARTESIAN_POINT('Ctrl Pts',(515.789510371459,47.4197899695794,8.7031206496464));
#3403=CARTESIAN_POINT('Ctrl Pts',(475.725125096715,47.4197899696494,8.70312064979241));
#3404=CARTESIAN_POINT('Ctrl Pts',(435.660739821983,47.4197899697194,8.70312064993836));
#3405=CARTESIAN_POINT('Ctrl Pts',(395.596354547193,47.4197899697894,8.70312065008436));
#3406=CARTESIAN_POINT('Ctrl Pts',(515.789510371458,47.3248544960117,8.67052150125181));
#3407=CARTESIAN_POINT('Ctrl Pts',(475.725125096715,47.3248544960791,8.67052150139862));
#3408=CARTESIAN_POINT('Ctrl Pts',(435.660739821983,47.3248544961465,8.67052150154546));
#3409=CARTESIAN_POINT('Ctrl Pts',(395.596354547193,47.3248544962139,8.67052150169227));
#3410=CARTESIAN_POINT('Ctrl Pts',(515.789510371458,47.2639117148343,8.59339313848852));
#3411=CARTESIAN_POINT('Ctrl Pts',(475.725125096714,47.2639117149,8.59339313863398));
#3412=CARTESIAN_POINT('Ctrl Pts',(435.660739821982,47.2639117149657,8.59339313877946));
#3413=CARTESIAN_POINT('Ctrl Pts',(395.596354547193,47.2639117150314,8.59339313892492));
#3414=CARTESIAN_POINT('Ctrl Pts',(515.789510371458,47.2470980646241,8.55615975794048));
#3415=CARTESIAN_POINT('Ctrl Pts',(475.725125096714,47.2470980646894,8.5561597580852));
#3416=CARTESIAN_POINT('Ctrl Pts',(435.660739821982,47.2470980647548,8.55615975822992));
#3417=CARTESIAN_POINT('Ctrl Pts',(395.596354547192,47.2470980648201,8.55615975837463));
#3418=CARTESIAN_POINT('',(515.789510371458,47.4742613445869,8.70326938767742));
#3419=CARTESIAN_POINT('',(395.596354547192,47.4742613448052,8.70326938811162));
#3420=CARTESIAN_POINT('Ctrl Pts',(515.789510371459,47.4742613445899,8.70326938767742));
#3421=CARTESIAN_POINT('Ctrl Pts',(475.725125096715,47.474261344661,8.70326938782216));
#3422=CARTESIAN_POINT('Ctrl Pts',(435.660739821983,47.4742613447321,8.70326938796689));
#3423=CARTESIAN_POINT('Ctrl Pts',(395.596354547193,47.4742613448033,8.70326938811162));
#3424=CARTESIAN_POINT('Origin',(395.596354547192,47.4749439853258,8.45327032010954));
#3425=CARTESIAN_POINT('Origin',(515.789510371458,47.4749439851303,8.45327031967538));
#3426=CARTESIAN_POINT('Ctrl Pts',(395.715691282793,60.6536331923536,6.6043710509014));
#3427=CARTESIAN_POINT('Ctrl Pts',(435.700518733652,60.6536331923344,6.60437105105982));
#3428=CARTESIAN_POINT('Ctrl Pts',(475.68534618448,60.6536331923153,6.60437105121809));
#3429=CARTESIAN_POINT('Ctrl Pts',(515.670173635271,60.6536331922962,6.6043710513759));
#3430=CARTESIAN_POINT('Ctrl Pts',(395.715691282793,60.7063247842477,6.58700117101328));
#3431=CARTESIAN_POINT('Ctrl Pts',(435.700518733652,60.7063247842299,6.58700117117259));
#3432=CARTESIAN_POINT('Ctrl Pts',(475.68534618448,60.7063247842123,6.58700117133167));
#3433=CARTESIAN_POINT('Ctrl Pts',(515.670173635271,60.7063247841946,6.58700117149037));
#3434=CARTESIAN_POINT('Ctrl Pts',(395.715691282793,60.7877041719725,6.5248024350961));
#3435=CARTESIAN_POINT('Ctrl Pts',(435.700518733652,60.7877041719575,6.52480243525535));
#3436=CARTESIAN_POINT('Ctrl Pts',(475.68534618448,60.7877041719426,6.52480243541447));
#3437=CARTESIAN_POINT('Ctrl Pts',(515.670173635271,60.7877041719277,6.52480243557312));
#3438=CARTESIAN_POINT('Ctrl Pts',(395.715691282794,60.8207854534732,6.4301804770375));
#3439=CARTESIAN_POINT('Ctrl Pts',(435.700518733652,60.8207854534594,6.43018047719493));
#3440=CARTESIAN_POINT('Ctrl Pts',(475.685346184481,60.8207854534456,6.43018047735223));
#3441=CARTESIAN_POINT('Ctrl Pts',(515.670173635272,60.8207854534319,6.43018047750906));
#3442=CARTESIAN_POINT('Ctrl Pts',(395.715691282794,60.8244120546997,6.38872823533872));
#3443=CARTESIAN_POINT('Ctrl Pts',(435.700518733653,60.824412054686,6.38872823549533));
#3444=CARTESIAN_POINT('Ctrl Pts',(475.685346184481,60.8244120546723,6.38872823565181));
#3445=CARTESIAN_POINT('Ctrl Pts',(515.670173635272,60.8244120546587,6.38872823580783));
#3446=CARTESIAN_POINT('',(515.670173635287,60.8244120546578,6.38872823580815));
#3447=CARTESIAN_POINT('',(395.715691282767,60.8244120546897,6.38872823534217));
#3448=CARTESIAN_POINT('Ctrl Pts',(515.670173635272,60.8244120546587,6.38872823580783));
#3449=CARTESIAN_POINT('Ctrl Pts',(475.685346184481,60.8244120546723,6.38872823565181));
#3450=CARTESIAN_POINT('Ctrl Pts',(435.700518733653,60.824412054686,6.38872823549533));
#3451=CARTESIAN_POINT('Ctrl Pts',(395.715691282794,60.8244120546997,6.38872823533872));
#3452=CARTESIAN_POINT('',(395.715691282767,60.6536331923417,6.60437105090407));
#3453=CARTESIAN_POINT('Origin',(395.715691282767,60.5753633801669,6.36693929965369));
#3454=CARTESIAN_POINT('',(515.670173635287,60.6536331923007,6.6043710513759));
#3455=CARTESIAN_POINT('Ctrl Pts',(395.715691282793,60.6536331923536,6.6043710509014));
#3456=CARTESIAN_POINT('Ctrl Pts',(435.700518733652,60.6536331923344,6.60437105105982));
#3457=CARTESIAN_POINT('Ctrl Pts',(475.68534618448,60.6536331923153,6.60437105121809));
#3458=CARTESIAN_POINT('Ctrl Pts',(515.670173635271,60.6536331922962,6.6043710513759));
#3459=CARTESIAN_POINT('Origin',(515.670173635287,60.5753633801351,6.36693930012015));
#3460=CARTESIAN_POINT('Origin',(516.0429324592,60.8671702348374,5.9000000000108));
#3461=CARTESIAN_POINT('',(390.842932459202,61.3833533496518,3.30513394430909E-12));
#3462=CARTESIAN_POINT('',(520.5429324592,61.3833533496609,6.61637411525362E-12));
#3463=CARTESIAN_POINT('',(408.342932459202,61.3833533496518,3.30513394430909E-12));
#3464=CARTESIAN_POINT('',(395.342932459203,60.8671702348283,5.90000000000749));
#3465=CARTESIAN_POINT('',(516.0429324592,60.8671702348374,5.9000000000108));
#3466=CARTESIAN_POINT('Origin',(511.7929324592,52.38335334966,6.61248833466743E-12));
#3467=CARTESIAN_POINT('',(520.792932459199,43.63335334966,6.61248833466743E-12));
#3468=CARTESIAN_POINT('',(520.792932459199,61.13335334966,6.61637411525362E-12));
#3469=CARTESIAN_POINT('',(520.792932459199,61.13335334966,6.61637411525362E-12));
#3470=CARTESIAN_POINT('Origin',(520.5429324592,43.63335334966,6.61248833466743E-12));
#3471=CARTESIAN_POINT('',(390.592932459203,43.6333533496509,3.30513394430909E-12));
#3472=CARTESIAN_POINT('Origin',(390.842932459202,43.6333533496509,3.30513394430909E-12));
#3473=CARTESIAN_POINT('',(390.592932459203,61.1333533496509,3.30513394430909E-12));
#3474=CARTESIAN_POINT('',(390.592932459203,61.1333533496509,3.30513394430909E-12));
#3475=CARTESIAN_POINT('Origin',(390.842932459202,61.1333533496509,3.30513394430909E-12));
#3476=CARTESIAN_POINT('Origin',(520.5429324592,61.13335334966,6.61637411525362E-12));
#3477=CARTESIAN_POINT('',(519.724672365151,44.4805860735869,6.65190125204163E-12));
#3478=CARTESIAN_POINT('',(519.675633769093,60.3795335121094,6.49535980556948E-12));
#3479=CARTESIAN_POINT('Ctrl Pts',(519.724672365156,44.4805860735869,3.07398551058213E-12));
#3480=CARTESIAN_POINT('Ctrl Pts',(519.72161228763,45.9842631565833,3.07478370219944E-12));
#3481=CARTESIAN_POINT('Ctrl Pts',(519.718174763106,47.5076060960194,1.80566253542347E-5));
#3482=CARTESIAN_POINT('Ctrl Pts',(519.714331765745,49.029110080708,2.7708782255817E-5));
#3483=CARTESIAN_POINT('Ctrl Pts',(519.711440760851,50.1737050549036,3.49698938867272E-5));
#3484=CARTESIAN_POINT('Ctrl Pts',(519.70832037531,51.3172571811059,3.67259931201077E-5));
#3485=CARTESIAN_POINT('Ctrl Pts',(519.704947000138,52.4506049322281,3.69242279979753E-5));
#3486=CARTESIAN_POINT('Ctrl Pts',(519.701252301854,53.6919071228421,3.71413452843787E-5));
#3487=CARTESIAN_POINT('Ctrl Pts',(519.69716336829,54.9516101539614,3.70465006951969E-5));
#3488=CARTESIAN_POINT('Ctrl Pts',(519.692605187417,56.2130437785651,2.97324494081819E-5));
#3489=CARTESIAN_POINT('Ctrl Pts',(519.688385025473,57.3809338483508,2.29607828683018E-5));
#3490=CARTESIAN_POINT('Ctrl Pts',(519.683763140552,58.5503040629208,7.94765363084977E-6));
#3491=CARTESIAN_POINT('Ctrl Pts',(519.678657403331,59.707909425565,1.74810279429671E-6));
#3492=CARTESIAN_POINT('Ctrl Pts',(519.67766788919,59.9322583936419,5.46602803364047E-7));
#3493=CARTESIAN_POINT('Ctrl Pts',(519.676660116611,60.1561655079164,-1.99555446699647E-7));
#3494=CARTESIAN_POINT('Ctrl Pts',(519.675633357631,60.3795344432065,-1.6029689173247E-7));
#3495=CARTESIAN_POINT('',(391.710231149309,60.3795335121049,3.19133608428501E-12));
#3496=CARTESIAN_POINT('',(514.7929324592,60.3795335121094,6.61248833466743E-12));
#3497=CARTESIAN_POINT('',(391.661192553252,44.4805860735823,3.34787753075716E-12));
#3498=CARTESIAN_POINT('Ctrl Pts',(391.710231562553,60.3795344468637,-1.61007738641583E-7));
#3499=CARTESIAN_POINT('Ctrl Pts',(391.704964409523,59.2336781680008,-3.62313571684905E-7));
#3500=CARTESIAN_POINT('Ctrl Pts',(391.700194613126,58.0736800735508,1.62884474251858E-5));
#3501=CARTESIAN_POINT('Ctrl Pts',(391.695835976168,56.9125541443914,2.50068755135169E-5));
#3502=CARTESIAN_POINT('Ctrl Pts',(391.691049802796,55.6375339819453,3.4580489639511E-5));
#3503=CARTESIAN_POINT('Ctrl Pts',(391.686759887002,54.3611579144731,3.69379080142287E-5));
#3504=CARTESIAN_POINT('Ctrl Pts',(391.682884392591,53.100648719127,3.69796963547719E-5));
#3505=CARTESIAN_POINT('Ctrl Pts',(391.682230924729,52.8881075151536,3.69867425105984E-5));
#3506=CARTESIAN_POINT('Ctrl Pts',(391.681589295544,52.6760173214887,3.69563733524929E-5));
#3507=CARTESIAN_POINT('Ctrl Pts',(391.680959173289,52.4644605525721,3.69262804272991E-5));
#3508=CARTESIAN_POINT('Ctrl Pts',(391.676850251454,51.0849342458149,3.67300494949772E-5));
#3509=CARTESIAN_POINT('Ctrl Pts',(391.673115677203,49.6902573147048,3.30880129648259E-5));
#3510=CARTESIAN_POINT('Ctrl Pts',(391.669715312585,48.2969598360962,2.26354983211552E-5));
#3511=CARTESIAN_POINT('Ctrl Pts',(391.666597479808,47.0194296196924,1.30514694258853E-5));
#3512=CARTESIAN_POINT('Ctrl Pts',(391.663761769599,45.743061196129,3.05231138126704E-12));
#3513=CARTESIAN_POINT('Ctrl Pts',(391.661192553247,44.4805860735788,3.05178105008963E-12));
#3514=CARTESIAN_POINT('',(508.792932459201,44.4805860735869,6.60915766559356E-12));
#3515=CARTESIAN_POINT('Origin',(455.692932459197,52.7083533496625,3.69997212794902));
#3516=CARTESIAN_POINT('',(494.117932459208,52.0583533496483,3.69997212794902));
#3517=CARTESIAN_POINT('',(494.117932459208,46.1513996347367,3.69997212794902));
#3518=CARTESIAN_POINT('',(494.117932459208,52.5458533496658,3.69997212794902));
#3519=CARTESIAN_POINT('',(493.467932459207,46.1513996347367,3.69997212794902));
#3520=CARTESIAN_POINT('',(480.742932459198,46.1513996347367,3.69997212794902));
#3521=CARTESIAN_POINT('',(493.467932459207,52.0583533496483,3.69997212794902));
#3522=CARTESIAN_POINT('',(493.467932459207,52.5458533496658,3.69997212794902));
#3523=CARTESIAN_POINT('',(475.067932459206,52.0583533496529,3.69997212794902));
#3524=CARTESIAN_POINT('',(455.692932459197,52.058353349662,3.69997212794902));
#3525=CARTESIAN_POINT('',(475.067932459206,46.1513996347367,3.69997212794902));
#3526=CARTESIAN_POINT('',(475.067932459206,52.5458533496658,3.69997212794902));
#3527=CARTESIAN_POINT('',(474.417932459203,46.1513996347367,3.69997212794902));
#3528=CARTESIAN_POINT('',(480.742932459198,46.1513996347367,3.69997212794902));
#3529=CARTESIAN_POINT('',(474.417932459203,52.0583533496529,3.69997212794902));
#3530=CARTESIAN_POINT('',(474.417932459203,52.5458533496658,3.69997212794902));
#3531=CARTESIAN_POINT('',(458.675276336089,52.058353349662,3.69997212794902));
#3532=CARTESIAN_POINT('',(455.692932459197,52.058353349662,3.69997212794902));
#3533=CARTESIAN_POINT('',(458.675276336091,52.7083533496625,3.69997212794902));
#3534=CARTESIAN_POINT('Origin',(455.692932459206,52.3833533496736,3.69997212794902));
#3535=CARTESIAN_POINT('',(474.417932459203,52.7083533496261,3.69997212794902));
#3536=CARTESIAN_POINT('Ctrl Pts',(458.675276336089,52.7083533496716,3.69997212794902));
#3537=CARTESIAN_POINT('Ctrl Pts',(463.92282837711,52.7083533496716,3.69997212794902));
#3538=CARTESIAN_POINT('Ctrl Pts',(469.170380418127,52.7083533496716,3.69997212794902));
#3539=CARTESIAN_POINT('Ctrl Pts',(474.417932459148,52.7083533496625,3.69997212794902));
#3540=CARTESIAN_POINT('',(474.417932459203,60.0558278955532,3.69997212794902));
#3541=CARTESIAN_POINT('',(474.417932459203,52.5458533496658,3.69997212794902));
#3542=CARTESIAN_POINT('',(475.067932459206,60.0558278955532,3.69997212794902));
#3543=CARTESIAN_POINT('',(486.742932459197,60.0558278955441,3.69997212794902));
#3544=CARTESIAN_POINT('',(475.067932459206,52.7083533496261,3.69997212794902));
#3545=CARTESIAN_POINT('',(475.067932459206,52.5458533496658,3.69997212794902));
#3546=CARTESIAN_POINT('',(493.467932459207,52.7083533496261,3.69997212794902));
#3547=CARTESIAN_POINT('Ctrl Pts',(475.067932459187,52.708353349658,3.69997212794902));
#3548=CARTESIAN_POINT('Ctrl Pts',(481.201265792517,52.708353349658,3.69997212794902));
#3549=CARTESIAN_POINT('Ctrl Pts',(487.33459912585,52.7083533496489,3.69997212794902));
#3550=CARTESIAN_POINT('Ctrl Pts',(493.467932459184,52.7083533496489,3.69997212794902));
#3551=CARTESIAN_POINT('',(493.467932459207,60.0558278955532,3.69997212794902));
#3552=CARTESIAN_POINT('',(493.467932459207,52.5458533496658,3.69997212794902));
#3553=CARTESIAN_POINT('',(486.742932459197,60.0558278955441,3.69997212794902));
#3554=CARTESIAN_POINT('',(509.860588582314,52.7083533496398,3.69997212794902));
#3555=CARTESIAN_POINT('Ctrl Pts',(494.117932459183,52.7083533496489,3.69997212794902));
#3556=CARTESIAN_POINT('Ctrl Pts',(497.063772204208,52.7083533496489,3.69997212794902));
#3557=CARTESIAN_POINT('Ctrl Pts',(500.00961194924,52.708353349658,3.69997212794902));
#3558=CARTESIAN_POINT('Ctrl Pts',(505.257163990277,52.708353349658,3.69997212794902));
#3559=CARTESIAN_POINT('Ctrl Pts',(507.558876286282,52.7083533496489,3.69997212794902));
#3560=CARTESIAN_POINT('Ctrl Pts',(509.860588582289,52.7083533496489,3.69997212794902));
#3561=CARTESIAN_POINT('',(509.860588582324,52.0583533496347,3.69997212794902));
#3562=CARTESIAN_POINT('Origin',(512.842932459207,52.3833533496736,3.69997212794902));
#3563=CARTESIAN_POINT('',(455.692932459197,52.058353349662,3.69997212794902));
#3564=CARTESIAN_POINT('Origin',(494.117932459208,52.38335334966,6.32267212794902));
#3565=CARTESIAN_POINT('',(494.117932459203,52.0583533496483,7.0547114977343));
#3566=CARTESIAN_POINT('',(494.117932459212,47.7784920530348,7.30312494959658));
#3567=CARTESIAN_POINT('Ctrl Pts',(494.117932459117,52.0583533496485,7.05471149773392));
#3568=CARTESIAN_POINT('Ctrl Pts',(494.117932459149,50.6339856594496,7.21368205568281));
#3569=CARTESIAN_POINT('Ctrl Pts',(494.117932459181,49.2033194222005,7.29627592070028));
#3570=CARTESIAN_POINT('Ctrl Pts',(494.117932459213,47.7784920525799,7.30312494959878));
#3571=CARTESIAN_POINT('',(494.117932459208,48.0715994542697,7.95220348253318));
#3572=CARTESIAN_POINT('',(494.117932459208,52.0583533496483,6.32267212794902));
#3573=CARTESIAN_POINT('Ctrl Pts',(583.086223852388,65.9326160043884,4.45388040560884));
#3574=CARTESIAN_POINT('Ctrl Pts',(583.086223852415,64.9212459097998,4.9489397905177));
#3575=CARTESIAN_POINT('Ctrl Pts',(583.086223852474,61.8094372586711,6.32024125637382));
#3576=CARTESIAN_POINT('Ctrl Pts',(583.086223852606,56.2987146821388,7.97928033090062));
#3577=CARTESIAN_POINT('Ctrl Pts',(583.086223852765,49.4238189341786,8.85292135746765));
#3578=CARTESIAN_POINT('Ctrl Pts',(583.086223852868,44.8547490843839,8.67506252565091));
#3579=CARTESIAN_POINT('Ctrl Pts',(583.086223852911,42.6186809460069,8.40708429560516));
#3580=CARTESIAN_POINT('Ctrl Pts',(516.419557185716,65.9326160029013,4.4538804058453));
#3581=CARTESIAN_POINT('Ctrl Pts',(516.419557185745,64.9212459083128,4.94893979075416));
#3582=CARTESIAN_POINT('Ctrl Pts',(516.419557185818,61.8094372571886,6.32024125661027));
#3583=CARTESIAN_POINT('Ctrl Pts',(516.419557185934,56.2987146806654,7.97928033113708));
#3584=CARTESIAN_POINT('Ctrl Pts',(516.419557186093,49.4238189327007,8.8529213577041));
#3585=CARTESIAN_POINT('Ctrl Pts',(516.419557186196,44.8547490829014,8.67506252588736));
#3586=CARTESIAN_POINT('Ctrl Pts',(516.419557186255,42.6186809445198,8.40708429584161));
#3587=CARTESIAN_POINT('Ctrl Pts',(449.752890519044,65.9326160014098,4.45388040608176));
#3588=CARTESIAN_POINT('Ctrl Pts',(449.752890519073,64.9212459068212,4.94893979099062));
#3589=CARTESIAN_POINT('Ctrl Pts',(449.752890519146,61.8094372557107,6.32024125684673));
#3590=CARTESIAN_POINT('Ctrl Pts',(449.752890519276,56.2987146791647,7.97928033137353));
#3591=CARTESIAN_POINT('Ctrl Pts',(449.752890519421,49.4238189312091,8.85292135794056));
#3592=CARTESIAN_POINT('Ctrl Pts',(449.75289051954,44.8547490814099,8.67506252612382));
#3593=CARTESIAN_POINT('Ctrl Pts',(449.752890519583,42.6186809430283,8.40708429607806));
#3594=CARTESIAN_POINT('Ctrl Pts',(383.086223852388,65.9326159999273,4.45388040631821));
#3595=CARTESIAN_POINT('Ctrl Pts',(383.086223852415,64.9212459053388,4.94893979122707));
#3596=CARTESIAN_POINT('Ctrl Pts',(383.086223852474,61.8094372542191,6.32024125708319));
#3597=CARTESIAN_POINT('Ctrl Pts',(383.086223852606,56.2987146776868,7.97928033160998));
#3598=CARTESIAN_POINT('Ctrl Pts',(383.086223852765,49.4238189297266,8.85292135817702));
#3599=CARTESIAN_POINT('Ctrl Pts',(383.086223852868,44.8547490799274,8.67506252636027));
#3600=CARTESIAN_POINT('Ctrl Pts',(383.086223852911,42.6186809415458,8.40708429631452));
#3601=CARTESIAN_POINT('Ctrl Pts',(332.488460054522,65.9326159987995,4.45388040649768));
#3602=CARTESIAN_POINT('Ctrl Pts',(332.488460054551,64.921245904211,4.94893979140654));
#3603=CARTESIAN_POINT('Ctrl Pts',(332.488460054594,61.8094372530823,6.32024125726265));
#3604=CARTESIAN_POINT('Ctrl Pts',(332.488460054726,56.2987146765681,7.97928033178945));
#3605=CARTESIAN_POINT('Ctrl Pts',(332.488460054901,49.4238189285988,8.85292135835648));
#3606=CARTESIAN_POINT('Ctrl Pts',(332.488460054988,44.8547490787996,8.67506252653974));
#3607=CARTESIAN_POINT('Ctrl Pts',(332.488460055031,42.618680940418,8.40708429649398));
#3608=CARTESIAN_POINT('Ctrl Pts',(281.890696256658,65.9326159976717,4.45388040667714));
#3609=CARTESIAN_POINT('Ctrl Pts',(281.890696256687,64.9212459030832,4.948939791586));
#3610=CARTESIAN_POINT('Ctrl Pts',(281.89069625673,61.8094372519545,6.32024125744211));
#3611=CARTESIAN_POINT('Ctrl Pts',(281.89069625686,56.2987146754449,7.9792803319689));
#3612=CARTESIAN_POINT('Ctrl Pts',(281.890696257035,49.4238189274711,8.85292135853594));
#3613=CARTESIAN_POINT('Ctrl Pts',(281.890696257124,44.8547490776718,8.67506252671919));
#3614=CARTESIAN_POINT('Ctrl Pts',(281.890696257167,42.6186809392902,8.40708429667344));
#3615=CARTESIAN_POINT('Ctrl Pts',(231.292932458807,65.9326159965485,4.45388040685661));
#3616=CARTESIAN_POINT('Ctrl Pts',(231.292932458837,64.9212459019645,4.94893979176546));
#3617=CARTESIAN_POINT('Ctrl Pts',(231.29293245885,61.8094372508222,6.32024125762157));
#3618=CARTESIAN_POINT('Ctrl Pts',(231.292932458982,56.2987146743262,7.97928033214837));
#3619=CARTESIAN_POINT('Ctrl Pts',(231.292932459185,49.4238189263478,8.8529213587154));
#3620=CARTESIAN_POINT('Ctrl Pts',(231.292932459244,44.8547490765486,8.67506252689866));
#3621=CARTESIAN_POINT('Ctrl Pts',(231.292932459287,42.6186809381716,8.4070842968529));
#3622=CARTESIAN_POINT('',(517.296811013223,49.2114814414981,8.67182958635725));
#3623=CARTESIAN_POINT('Ctrl Pts',(517.29681101323,49.2114814414962,8.67182958635723));
#3624=CARTESIAN_POINT('Ctrl Pts',(517.317433717545,48.7209965072022,8.69095244528286));
#3625=CARTESIAN_POINT('Ctrl Pts',(517.001952067871,47.8343676187366,8.70639473218003));
#3626=CARTESIAN_POINT('Ctrl Pts',(516.155763542584,47.4742613445884,8.7032693876761));
#3627=CARTESIAN_POINT('Ctrl Pts',(515.789510371459,47.4742613445893,8.70326938767742));
#3628=CARTESIAN_POINT('',(517.166444471588,58.9194156671374,7.13470681817499));
#3629=CARTESIAN_POINT('Ctrl Pts',(517.166444471586,58.9194156671416,7.13470681817399));
#3630=CARTESIAN_POINT('Ctrl Pts',(517.139474939812,58.4797405756711,7.25881711854934));
#3631=CARTESIAN_POINT('Ctrl Pts',(517.114713642096,57.5949092242546,7.49301514500987));
#3632=CARTESIAN_POINT('Ctrl Pts',(517.103605973038,56.7028124618279,7.69798343732799));
#3633=CARTESIAN_POINT('Ctrl Pts',(517.102387669311,54.0069829206425,8.27036417729421));
#3634=CARTESIAN_POINT('Ctrl Pts',(517.184491209342,51.7206909749512,8.56135775232581));
#3635=CARTESIAN_POINT('Ctrl Pts',(517.29054901355,49.3554181255432,8.66603264537817));
#3636=CARTESIAN_POINT('Ctrl Pts',(517.293784772686,49.2834567446111,8.66902343784713));
#3637=CARTESIAN_POINT('Ctrl Pts',(517.29681101323,49.211481441498,8.67182958635716));
#3638=CARTESIAN_POINT('Ctrl Pts',(515.670173635286,60.6536331922968,6.60437105137569));
#3639=CARTESIAN_POINT('Ctrl Pts',(515.920404301922,60.6536331922966,6.60437105137671));
#3640=CARTESIAN_POINT('Ctrl Pts',(516.421026003955,60.5211447141672,6.64836179640659));
#3641=CARTESIAN_POINT('Ctrl Pts',(517.048677909362,59.8986063586265,6.84828956565303));
#3642=CARTESIAN_POINT('Ctrl Pts',(517.188696161101,59.2821773830374,7.03230741825819));
#3643=CARTESIAN_POINT('Ctrl Pts',(517.166444471586,58.9194156671416,7.13470681817399));
#3644=CARTESIAN_POINT('',(394.219420446639,58.9194156672693,7.13470681780178));
#3645=CARTESIAN_POINT('Ctrl Pts',(394.219420446629,58.919415667396,7.13470681776499));
#3646=CARTESIAN_POINT('Ctrl Pts',(394.189751527292,59.4030979552225,6.99817428451472));
#3647=CARTESIAN_POINT('Ctrl Pts',(394.416733544001,60.0913527146995,6.78790663980856));
#3648=CARTESIAN_POINT('Ctrl Pts',(395.153430564825,60.5815868921215,6.62804809422887));
#3649=CARTESIAN_POINT('Ctrl Pts',(395.528018282795,60.6536331923451,6.60437105090348));
#3650=CARTESIAN_POINT('Ctrl Pts',(395.715691282766,60.6536331923445,6.6043710509044));
#3651=CARTESIAN_POINT('',(394.089053905295,49.2114814417209,8.6718295866784));
#3652=CARTESIAN_POINT('Ctrl Pts',(394.089053905299,49.2114814417189,8.67182958667847));
#3653=CARTESIAN_POINT('Ctrl Pts',(394.092080145799,49.2834567438413,8.66902343820189));
#3654=CARTESIAN_POINT('Ctrl Pts',(394.095314888288,49.3554182488346,8.66603276048207));
#3655=CARTESIAN_POINT('Ctrl Pts',(394.20143162274,51.7206840278328,8.56135171846455));
#3656=CARTESIAN_POINT('Ctrl Pts',(394.28338846185,54.0069746529345,8.27036140021794));
#3657=CARTESIAN_POINT('Ctrl Pts',(394.282196331037,56.7028094761836,7.6979851210103));
#3658=CARTESIAN_POINT('Ctrl Pts',(394.271047497956,57.5949033965265,7.49301697789682));
#3659=CARTESIAN_POINT('Ctrl Pts',(394.246389978458,58.4797405753379,7.25881711834004));
#3660=CARTESIAN_POINT('Ctrl Pts',(394.219420446638,58.9194156672678,7.13470681780112));
#3661=CARTESIAN_POINT('Ctrl Pts',(395.596354547164,47.474261344795,8.7032693881116));
#3662=CARTESIAN_POINT('Ctrl Pts',(395.352185766407,47.4742613447995,8.70326938811248));
#3663=CARTESIAN_POINT('Ctrl Pts',(394.863677377647,47.6038577677623,8.70389407266896));
#3664=CARTESIAN_POINT('Ctrl Pts',(394.230778243122,48.2196702225263,8.70120954260869));
#3665=CARTESIAN_POINT('Ctrl Pts',(394.073586877071,48.8436177410133,8.68617173089863));
#3666=CARTESIAN_POINT('Ctrl Pts',(394.089053905298,49.2114814417184,8.67182958667858));
#3667=CARTESIAN_POINT('Ctrl Pts',(517.166444471586,58.9194156671416,7.13470681817399));
#3668=CARTESIAN_POINT('Ctrl Pts',(517.139474939812,58.4797405756711,7.25881711854934));
#3669=CARTESIAN_POINT('Ctrl Pts',(517.114713642096,57.5949092242546,7.49301514500987));
#3670=CARTESIAN_POINT('Ctrl Pts',(517.103605973038,56.7028124618279,7.69798343732799));
#3671=CARTESIAN_POINT('Ctrl Pts',(517.102387669311,54.0069829206425,8.27036417729421));
#3672=CARTESIAN_POINT('Ctrl Pts',(517.184491209342,51.7206909749512,8.56135775232581));
#3673=CARTESIAN_POINT('Ctrl Pts',(517.29054901355,49.3554181255432,8.66603264537817));
#3674=CARTESIAN_POINT('Ctrl Pts',(517.293784772686,49.2834567446111,8.66902343784713));
#3675=CARTESIAN_POINT('Ctrl Pts',(517.29681101323,49.211481441498,8.67182958635716));
#3676=CARTESIAN_POINT('Ctrl Pts',(517.225013905702,58.916068178521,7.13565173824416));
#3677=CARTESIAN_POINT('Ctrl Pts',(517.197663164374,58.4778772892033,7.25931066662283));
#3678=CARTESIAN_POINT('Ctrl Pts',(517.173979935649,57.5936076066291,7.49332793964403));
#3679=CARTESIAN_POINT('Ctrl Pts',(517.16380167187,56.7024555297885,7.6980577335482));
#3680=CARTESIAN_POINT('Ctrl Pts',(517.165734369666,54.0084098037639,8.27005847785262));
#3681=CARTESIAN_POINT('Ctrl Pts',(517.2499534402,51.7232157887392,8.56107818123066));
#3682=CARTESIAN_POINT('Ctrl Pts',(517.356768923625,49.3584012905367,8.66590607317495));
#3683=CARTESIAN_POINT('Ctrl Pts',(517.359979973635,49.2863959219445,8.66890387227092));
#3684=CARTESIAN_POINT('Ctrl Pts',(517.362944427402,49.2142746555325,8.67172068548319));
#3685=CARTESIAN_POINT('Ctrl Pts',(517.289846323576,58.9058934880989,7.11377964891871));
#3686=CARTESIAN_POINT('Ctrl Pts',(517.2607306624,58.4752951126793,7.23894810964364));
#3687=CARTESIAN_POINT('Ctrl Pts',(517.240009072253,57.5845037054857,7.46951981497893));
#3688=CARTESIAN_POINT('Ctrl Pts',(517.229839647212,56.6989451036884,7.67434716161781));
#3689=CARTESIAN_POINT('Ctrl Pts',(517.235836724745,54.0039891654382,8.24243474734115));
#3690=CARTESIAN_POINT('Ctrl Pts',(517.322679148661,51.7250946018443,8.52939928973631));
#3691=CARTESIAN_POINT('Ctrl Pts',(517.429885457656,49.3603466822178,8.63515714477211));
#3692=CARTESIAN_POINT('Ctrl Pts',(517.433115774985,49.288533380655,8.63803142657075));
#3693=CARTESIAN_POINT('Ctrl Pts',(517.435981167691,49.2161677028762,8.64103341299619));
#3694=CARTESIAN_POINT('Ctrl Pts',(517.342534945501,58.8896519940415,7.06776046715357));
#3695=CARTESIAN_POINT('Ctrl Pts',(517.313383413868,58.4610114248518,7.19304633147834));
#3696=CARTESIAN_POINT('Ctrl Pts',(517.292948826005,57.5714284610107,7.42163095372895));
#3697=CARTESIAN_POINT('Ctrl Pts',(517.28302855284,56.6874537542857,7.62463064709211));
#3698=CARTESIAN_POINT('Ctrl Pts',(517.289717962623,53.9964471508184,8.1869274462651));
#3699=CARTESIAN_POINT('Ctrl Pts',(517.376631805529,51.7211682262215,8.47004531909239));
#3700=CARTESIAN_POINT('Ctrl Pts',(517.483871081523,49.3602090030263,8.57451564593492));
#3701=CARTESIAN_POINT('Ctrl Pts',(517.487100504074,49.2884647983169,8.57743527702085));
#3702=CARTESIAN_POINT('Ctrl Pts',(517.489968503768,49.2160932900858,8.58055041368543));
#3703=CARTESIAN_POINT('Ctrl Pts',(517.355853742232,58.8850043016584,7.0542070837486));
#3704=CARTESIAN_POINT('Ctrl Pts',(517.326665403233,58.4570842352823,7.17959967802229));
#3705=CARTESIAN_POINT('Ctrl Pts',(517.306320496368,57.5675728921099,7.40753934995256));
#3706=CARTESIAN_POINT('Ctrl Pts',(517.296385631045,56.684181668622,7.61006920164409));
#3707=CARTESIAN_POINT('Ctrl Pts',(517.30312405663,53.9941341704192,8.17070995638066));
#3708=CARTESIAN_POINT('Ctrl Pts',(517.389944329332,51.7200057215168,8.45268012974014));
#3709=CARTESIAN_POINT('Ctrl Pts',(517.497132627778,49.3600554693333,8.55684070360485));
#3710=CARTESIAN_POINT('Ctrl Pts',(517.500364937619,49.2883398219732,8.55976724718878));
#3711=CARTESIAN_POINT('Ctrl Pts',(517.503236335415,49.2159670630152,8.56291766337691));
#3712=CARTESIAN_POINT('Ctrl Pts',(517.368000378832,58.8801438216944,7.03964363137293));
#3713=CARTESIAN_POINT('Ctrl Pts',(517.338817923374,58.4528593986156,7.16514021813112));
#3714=CARTESIAN_POINT('Ctrl Pts',(517.318478864093,57.5635157923469,7.39243537860982));
#3715=CARTESIAN_POINT('Ctrl Pts',(517.308490498706,56.680657112599,7.59446635468171));
#3716=CARTESIAN_POINT('Ctrl Pts',(517.315085463571,53.9916368643774,8.15339388843661));
#3717=CARTESIAN_POINT('Ctrl Pts',(517.401664122445,51.7186419481266,8.43420133777476));
#3718=CARTESIAN_POINT('Ctrl Pts',(517.508756849611,49.3597798996674,8.53801789674323));
#3719=CARTESIAN_POINT('Ctrl Pts',(517.511993065776,49.2880936517723,8.54095317523293));
#3720=CARTESIAN_POINT('Ctrl Pts',(517.514872738564,49.2157271158596,8.54413813337183));
#3721=CARTESIAN_POINT('Ctrl Pts',(517.377100169263,58.8759503604192,7.02677710287395));
#3722=CARTESIAN_POINT('Ctrl Pts',(517.347928112196,58.4492446390284,7.1523919626136));
#3723=CARTESIAN_POINT('Ctrl Pts',(517.327563427145,57.5599574264847,7.37911064675417));
#3724=CARTESIAN_POINT('Ctrl Pts',(517.317475178914,56.6775900457563,7.58073638608069));
#3725=CARTESIAN_POINT('Ctrl Pts',(517.323803299707,53.9893911149966,8.13820612851164));
#3726=CARTESIAN_POINT('Ctrl Pts',(517.410066313794,51.7174006611643,8.41801586914165));
#3727=CARTESIAN_POINT('Ctrl Pts',(517.517033081658,49.3594532134646,8.52155982036325));
#3728=CARTESIAN_POINT('Ctrl Pts',(517.520274424772,49.2877959948579,8.52450028186696));
#3729=CARTESIAN_POINT('Ctrl Pts',(517.523164268207,49.2154375544358,8.52771511091743));
#3730=CARTESIAN_POINT('Ctrl Pts',(517.383728292699,58.8725222118311,7.01608145525712));
#3731=CARTESIAN_POINT('Ctrl Pts',(517.354598420898,58.4461656415866,7.14176119814255));
#3732=CARTESIAN_POINT('Ctrl Pts',(517.334153832078,57.5570602974021,7.36806116405194));
#3733=CARTESIAN_POINT('Ctrl Pts',(517.323973643745,56.6750077250483,7.56933622841712));
#3734=CARTESIAN_POINT('Ctrl Pts',(517.329981389418,53.9875424827416,8.12564392485392));
#3735=CARTESIAN_POINT('Ctrl Pts',(517.415914502253,51.7162960446342,8.40469231083657));
#3736=CARTESIAN_POINT('Ctrl Pts',(517.522760313,49.3591351463695,8.50798707258797));
#3737=CARTESIAN_POINT('Ctrl Pts',(517.526005979487,49.2874991664419,8.51093444688169));
#3738=CARTESIAN_POINT('Ctrl Pts',(517.528906658364,49.2151523937994,8.51417069224665));
#3739=CARTESIAN_POINT('Ctrl Pts',(517.386821313024,58.8707870244593,7.01061051436605));
#3740=CARTESIAN_POINT('Ctrl Pts',(517.357708099749,58.4446432733768,7.13633913558525));
#3741=CARTESIAN_POINT('Ctrl Pts',(517.337224541008,57.5555731927333,7.36240962509645));
#3742=CARTESIAN_POINT('Ctrl Pts',(517.326982701823,56.6737088846248,7.56352083575865));
#3743=CARTESIAN_POINT('Ctrl Pts',(517.332802352366,53.9865817446851,8.11924383986075));
#3744=CARTESIAN_POINT('Ctrl Pts',(517.418548151551,51.7157364888712,8.39790031847147));
#3745=CARTESIAN_POINT('Ctrl Pts',(517.525322583186,49.3589571809362,8.50108380415388));
#3746=CARTESIAN_POINT('Ctrl Pts',(517.528570955226,49.2873336208522,8.50403328924785));
#3747=CARTESIAN_POINT('Ctrl Pts',(517.531477603848,49.2149925303991,8.50728094700212));
#3748=CARTESIAN_POINT('Ctrl Pts',(517.388311087707,58.8699146363721,7.0078456563324));
#3749=CARTESIAN_POINT('Ctrl Pts',(517.359212963222,58.4438475385795,7.13358890123444));
#3750=CARTESIAN_POINT('Ctrl Pts',(517.338699733551,57.554833080009,7.35955805622686));
#3751=CARTESIAN_POINT('Ctrl Pts',(517.328428947233,56.6730412654668,7.56058008693694));
#3752=CARTESIAN_POINT('Ctrl Pts',(517.334143603096,53.986103522762,8.11601419335859));
#3753=CARTESIAN_POINT('Ctrl Pts',(517.419788593893,51.7154405618643,8.39448541921957));
#3754=CARTESIAN_POINT('Ctrl Pts',(517.526526665706,49.3588638046654,8.49760483476665));
#3755=CARTESIAN_POINT('Ctrl Pts',(517.529776296121,49.2872456278359,8.50055619692679));
#3756=CARTESIAN_POINT('Ctrl Pts',(517.532686234228,49.2149082889179,8.50380890347304));
#3757=CARTESIAN_POINT('',(517.532686234222,49.2149082889182,8.50380890347267));
#3758=CARTESIAN_POINT('Origin',(517.296811013223,49.2017419263721,8.42201937470618));
#3759=CARTESIAN_POINT('',(517.388311087709,58.869914636366,7.00784565633346));
#3760=CARTESIAN_POINT('Ctrl Pts',(517.532686234228,49.2149082889179,8.50380890347304));
#3761=CARTESIAN_POINT('Ctrl Pts',(517.529776296121,49.2872456278359,8.50055619692679));
#3762=CARTESIAN_POINT('Ctrl Pts',(517.526526665706,49.3588638046654,8.49760483476665));
#3763=CARTESIAN_POINT('Ctrl Pts',(517.419788593893,51.7154405618643,8.39448541921957));
#3764=CARTESIAN_POINT('Ctrl Pts',(517.334143603096,53.986103522762,8.11601419335859));
#3765=CARTESIAN_POINT('Ctrl Pts',(517.328428947233,56.6730412654668,7.56058008693694));
#3766=CARTESIAN_POINT('Ctrl Pts',(517.338699733551,57.554833080009,7.35955805622686));
#3767=CARTESIAN_POINT('Ctrl Pts',(517.359212963222,58.4438475385795,7.13358890123444));
#3768=CARTESIAN_POINT('Ctrl Pts',(517.388311087707,58.8699146363721,7.0078456563324));
#3769=CARTESIAN_POINT('Origin',(517.166444471588,58.8515002537633,6.89410861239273));
#3770=CARTESIAN_POINT('Ctrl Pts',(517.330500093722,49.5610517925958,9.03117775329499));
#3771=CARTESIAN_POINT('Ctrl Pts',(518.484644215548,47.5851523116168,6.02078516886553));
#3772=CARTESIAN_POINT('Ctrl Pts',(519.638788337373,45.6092528306379,3.01039258443607));
#3773=CARTESIAN_POINT('Ctrl Pts',(520.792932459199,43.6333533496589,6.61637411525362E-12));
#3774=CARTESIAN_POINT('Ctrl Pts',(517.330500093722,50.5852751608183,8.86499292981237));
#3775=CARTESIAN_POINT('Ctrl Pts',(518.484644215548,48.3116011217025,5.90999528654378));
#3776=CARTESIAN_POINT('Ctrl Pts',(519.638788337373,46.0379270825868,2.95499764327521));
#3777=CARTESIAN_POINT('Ctrl Pts',(520.792932459199,43.764253043471,6.61637411525362E-12));
#3778=CARTESIAN_POINT('Ctrl Pts',(517.330500093722,57.8072577310295,7.29302477576922));
#3779=CARTESIAN_POINT('Ctrl Pts',(518.484644215548,58.8723230392938,4.86201651718169));
#3780=CARTESIAN_POINT('Ctrl Pts',(519.638788337373,59.9373883475581,2.43100825859415));
#3781=CARTESIAN_POINT('Ctrl Pts',(520.792932459199,61.0024536558224,6.61637411525362E-12));
#3782=CARTESIAN_POINT('Ctrl Pts',(517.330500093722,58.8314810992616,7.12683995228445));
#3783=CARTESIAN_POINT('Ctrl Pts',(518.484644215548,59.5987718493946,4.7512266348585));
#3784=CARTESIAN_POINT('Ctrl Pts',(519.638788337373,60.3660625995277,2.37561331743256));
#3785=CARTESIAN_POINT('Ctrl Pts',(520.792932459199,61.1333533496607,6.61637411525362E-12));
#3786=CARTESIAN_POINT('',(517.792932459199,59.1389124415673,6.17500000001058));
#3787=CARTESIAN_POINT('',(517.792932459199,48.7693656819556,7.82500000000696));
#3788=CARTESIAN_POINT('Origin',(517.792932459199,59.8709755367463,5.81284425726265));
#3789=CARTESIAN_POINT('',(493.467932459209,59.9093333602514,5.37441232850434));
#3790=CARTESIAN_POINT('',(493.467932459207,59.8204044151817,6.39087482184086));
#3791=CARTESIAN_POINT('',(475.067932459208,59.9093333602605,5.37441232843454));
#3792=CARTESIAN_POINT('Ctrl Pts',(493.467932459209,59.9093333602423,5.37441232850782));
#3793=CARTESIAN_POINT('Ctrl Pts',(490.401265792511,59.9093333602423,5.37441232849643));
#3794=CARTESIAN_POINT('Ctrl Pts',(487.334599125816,59.9093333602377,5.37441232848504));
#3795=CARTESIAN_POINT('Ctrl Pts',(481.201265792424,59.9093333602377,5.37441232846225));
#3796=CARTESIAN_POINT('Ctrl Pts',(478.134599125724,59.9093333602514,5.37441232844718));
#3797=CARTESIAN_POINT('Ctrl Pts',(475.067932459031,59.9093333602514,5.37441232843579));
#3798=CARTESIAN_POINT('',(475.067932459206,59.8204044151817,6.39087482184086));
#3799=CARTESIAN_POINT('',(474.417932459203,59.9093333602605,5.37441232843123));
#3800=CARTESIAN_POINT('',(474.417932459203,59.8204044151817,6.39087482184086));
#3801=CARTESIAN_POINT('',(456.017932459206,59.9093333602423,5.37441232837009));
#3802=CARTESIAN_POINT('Ctrl Pts',(474.417932459201,59.9093333602423,5.37441232843697));
#3803=CARTESIAN_POINT('Ctrl Pts',(471.351265792516,59.9093333602423,5.37441232842558));
#3804=CARTESIAN_POINT('Ctrl Pts',(468.284599125832,59.9093333602377,5.37441232841419));
#3805=CARTESIAN_POINT('Ctrl Pts',(462.151265792461,59.9093333602377,5.3744123283914));
#3806=CARTESIAN_POINT('Ctrl Pts',(459.084599125777,59.9093333602514,5.37441232837888));
#3807=CARTESIAN_POINT('Ctrl Pts',(456.017932459175,59.9093333602514,5.37441232836748));
#3808=CARTESIAN_POINT('',(456.017932459206,60.0232208706439,4.07267212794902));
#3809=CARTESIAN_POINT('',(456.017932459206,59.8204044151726,6.39087482183991));
#3810=CARTESIAN_POINT('',(455.367932459201,60.0232208706529,4.07267212794901));
#3811=CARTESIAN_POINT('',(486.742932459197,60.0232208706439,4.07267212794901));
#3812=CARTESIAN_POINT('',(455.367932459196,59.9093333602605,5.37441232836385));
#3813=CARTESIAN_POINT('Ctrl Pts',(455.367932459201,60.0232208706529,4.07267212794773));
#3814=CARTESIAN_POINT('Ctrl Pts',(455.367932459201,60.0013487047681,4.32267212794816));
#3815=CARTESIAN_POINT('Ctrl Pts',(455.367932459201,59.9794765388879,4.5726721279486));
#3816=CARTESIAN_POINT('Ctrl Pts',(455.367932459201,59.9576043730076,4.82267212794902));
#3817=CARTESIAN_POINT('Ctrl Pts',(455.367932459201,59.9415140354267,5.00658552808695));
#3818=CARTESIAN_POINT('Ctrl Pts',(455.367932459201,59.9254236978368,5.19049892822447));
#3819=CARTESIAN_POINT('Ctrl Pts',(455.367932459201,59.9093333602605,5.3744123283619));
#3820=CARTESIAN_POINT('',(436.967932459202,59.9093333602605,5.37441232829609));
#3821=CARTESIAN_POINT('Ctrl Pts',(455.367932459196,59.9093333602514,5.37441232836402));
#3822=CARTESIAN_POINT('Ctrl Pts',(452.301265792503,59.9093333602514,5.37441232835262));
#3823=CARTESIAN_POINT('Ctrl Pts',(449.234599125812,59.9093333602605,5.37441232834123));
#3824=CARTESIAN_POINT('Ctrl Pts',(443.101265792425,59.9093333602605,5.37441232831845));
#3825=CARTESIAN_POINT('Ctrl Pts',(440.034599125729,59.9093333602605,5.3744123283084));
#3826=CARTESIAN_POINT('Ctrl Pts',(436.967932459038,59.9093333602605,5.37441232829701));
#3827=CARTESIAN_POINT('',(436.967932459202,60.0232208706439,4.07267212794902));
#3828=CARTESIAN_POINT('',(436.967932459202,59.8204044151726,6.39087482184054));
#3829=CARTESIAN_POINT('',(436.317932459201,60.0232208706439,4.07267212794902));
#3830=CARTESIAN_POINT('',(486.742932459197,60.0232208706439,4.07267212794901));
#3831=CARTESIAN_POINT('',(436.317932459201,59.9093333602605,5.37441232829151));
#3832=CARTESIAN_POINT('',(436.317932459201,59.8204044151726,6.39087482184054));
#3833=CARTESIAN_POINT('',(417.9179324592,59.9093333602605,5.37441232822773));
#3834=CARTESIAN_POINT('Ctrl Pts',(436.317932459206,59.9093333602605,5.37441232829192));
#3835=CARTESIAN_POINT('Ctrl Pts',(433.251265792505,59.9093333602605,5.37441232828053));
#3836=CARTESIAN_POINT('Ctrl Pts',(430.184599125812,59.9093333602741,5.37441232826914));
#3837=CARTESIAN_POINT('Ctrl Pts',(424.051265792418,59.9093333602741,5.37441232824635));
#3838=CARTESIAN_POINT('Ctrl Pts',(420.984599125723,59.9093333602605,5.37441232823776));
#3839=CARTESIAN_POINT('Ctrl Pts',(417.917932459029,59.9093333602605,5.37441232822637));
#3840=CARTESIAN_POINT('',(417.9179324592,60.0232208706439,4.07267212794902));
#3841=CARTESIAN_POINT('',(417.9179324592,59.8204044151726,6.39087482184054));
#3842=CARTESIAN_POINT('',(417.267932459206,60.0232208706439,4.07267212794902));
#3843=CARTESIAN_POINT('',(486.742932459197,60.0232208706439,4.07267212794901));
#3844=CARTESIAN_POINT('',(417.267932459206,59.9093333602605,5.37441232822504));
#3845=CARTESIAN_POINT('',(417.267932459206,59.8204044151726,6.39087482184054));
#3846=CARTESIAN_POINT('',(398.867932459204,59.9093333602741,5.37441232815489));
#3847=CARTESIAN_POINT('Ctrl Pts',(417.267932459201,59.909333360265,5.37441232822358));
#3848=CARTESIAN_POINT('Ctrl Pts',(414.201265792517,59.909333360265,5.37441232821219));
#3849=CARTESIAN_POINT('Ctrl Pts',(411.134599125835,59.909333360265,5.37441232820079));
#3850=CARTESIAN_POINT('Ctrl Pts',(405.001265792462,59.909333360265,5.37441232817801));
#3851=CARTESIAN_POINT('Ctrl Pts',(401.93459912578,59.9093333602741,5.37441232816516));
#3852=CARTESIAN_POINT('Ctrl Pts',(398.867932459091,59.9093333602741,5.37441232815376));
#3853=CARTESIAN_POINT('',(398.867932459204,60.0232208706439,4.07267212794902));
#3854=CARTESIAN_POINT('',(398.867932459204,59.8204044151726,6.39087482184054));
#3855=CARTESIAN_POINT('',(398.217932459202,60.0232208706439,4.07267212794902));
#3856=CARTESIAN_POINT('',(486.742932459197,60.0232208706439,4.07267212794901));
#3857=CARTESIAN_POINT('',(398.217932459202,59.9093333601877,5.3744123283614));
#3858=CARTESIAN_POINT('',(398.217932459202,59.8204044151726,6.39087482184054));
#3859=CARTESIAN_POINT('',(394.374864441688,59.9093333601695,5.3744123283469));
#3860=CARTESIAN_POINT('Ctrl Pts',(398.217932459199,59.9093333602741,5.37441232815158));
#3861=CARTESIAN_POINT('Ctrl Pts',(397.524369025996,59.9093333602741,5.37441232814901));
#3862=CARTESIAN_POINT('Ctrl Pts',(396.830805592788,59.9093333602741,5.37441232814643));
#3863=CARTESIAN_POINT('Ctrl Pts',(395.54978292028,59.9093333602741,5.37441232814168));
#3864=CARTESIAN_POINT('Ctrl Pts',(394.96232368097,59.9093333602741,5.37441232814042));
#3865=CARTESIAN_POINT('Ctrl Pts',(394.374864441666,59.9093333602741,5.37441232813852));
#3866=CARTESIAN_POINT('Ctrl Pts',(391.710231562549,60.37953444687,-1.61014890753819E-7));
#3867=CARTESIAN_POINT('Ctrl Pts',(392.077667006372,60.3150164147829,0.737527348874954));
#3868=CARTESIAN_POINT('Ctrl Pts',(392.446933334223,60.2501029284818,1.47988375389397));
#3869=CARTESIAN_POINT('Ctrl Pts',(392.814316778574,60.1853695185948,2.2200016517539));
#3870=CARTESIAN_POINT('Ctrl Pts',(392.973884937995,60.1572534147597,2.54146211093221));
#3871=CARTESIAN_POINT('Ctrl Pts',(393.133098012842,60.1291709900458,2.86249973850993));
#3872=CARTESIAN_POINT('Ctrl Pts',(393.291652571068,60.1011685309767,3.18253253689951));
#3873=CARTESIAN_POINT('Ctrl Pts',(393.615646999918,60.0439475917998,3.83649572084857));
#3874=CARTESIAN_POINT('Ctrl Pts',(393.942122660102,59.9861415394811,4.49682549641844));
#3875=CARTESIAN_POINT('Ctrl Pts',(394.267797540021,59.9283448480811,5.15723207834537));
#3876=CARTESIAN_POINT('Ctrl Pts',(394.303498691043,59.9220090557452,5.22962720787686));
#3877=CARTESIAN_POINT('Ctrl Pts',(394.339190232306,59.9156733568192,5.30202321372757));
#3878=CARTESIAN_POINT('Ctrl Pts',(394.374867851123,59.9093385213774,5.37441177398406));
#3879=CARTESIAN_POINT('Ctrl Pts',(519.675633357633,60.3795344432114,-1.6030089511343E-7));
#3880=CARTESIAN_POINT('Ctrl Pts',(519.308201115668,60.3150169415402,0.737520956960139));
#3881=CARTESIAN_POINT('Ctrl Pts',(518.938938103898,60.2501038220966,1.47987091878142));
#3882=CARTESIAN_POINT('Ctrl Pts',(518.571557890662,60.1853708127268,2.21998246581002));
#3883=CARTESIAN_POINT('Ctrl Pts',(518.411986563142,60.1572540773466,2.5414493761581));
#3884=CARTESIAN_POINT('Ctrl Pts',(518.252770324539,60.1291710294072,2.86249344809807));
#3885=CARTESIAN_POINT('Ctrl Pts',(518.094212617217,60.1011679748189,3.18253264581806));
#3886=CARTESIAN_POINT('Ctrl Pts',(517.770222096122,60.0439476453783,3.83648803021143));
#3887=CARTESIAN_POINT('Ctrl Pts',(517.443750354547,59.9861423183325,4.49680983382328));
#3888=CARTESIAN_POINT('Ctrl Pts',(517.118079220268,59.9283465897533,5.15720846664623));
#3889=CARTESIAN_POINT('Ctrl Pts',(517.082374161857,59.9220101366642,5.22961148084555));
#3890=CARTESIAN_POINT('Ctrl Pts',(517.04667871346,59.9156737798483,5.30201537185429));
#3891=CARTESIAN_POINT('Ctrl Pts',(517.010997189098,59.9093382898062,5.37441181499902));
#3892=CARTESIAN_POINT('',(513.167932459207,60.0232208706529,4.07267212794902));
#3893=CARTESIAN_POINT('',(513.167932459207,59.8204044151817,6.39087482184086));
#3894=CARTESIAN_POINT('',(512.517932459205,60.0232208706529,4.07267212794902));
#3895=CARTESIAN_POINT('',(486.742932459197,60.0232208706439,4.07267212794901));
#3896=CARTESIAN_POINT('',(512.517932459205,59.8204044151817,6.39087482184086));
#3897=CARTESIAN_POINT('Origin',(512.342932459205,52.8833533496754,13.3879740340523));
#3898=CARTESIAN_POINT('',(512.342932459203,52.8833533496754,6.954018696437));
#3899=CARTESIAN_POINT('',(512.342932459205,52.8833533496754,13.3879740340523));
#3900=CARTESIAN_POINT('Ctrl Pts',(512.342932459205,52.8833533496663,6.95401869643675));
#3901=CARTESIAN_POINT('Ctrl Pts',(511.842932459194,52.8833533496663,6.95401869643671));
#3902=CARTESIAN_POINT('Ctrl Pts',(511.342932459181,52.8833533496754,6.95401869643635));
#3903=CARTESIAN_POINT('Ctrl Pts',(510.842932459173,52.8833533496754,6.95401869643665));
#3904=CARTESIAN_POINT('Origin',(512.342932459205,54.3833533496718,13.3879740340523));
#3905=CARTESIAN_POINT('Ctrl Pts',(512.342932459205,54.3833533496672,6.72645129514105));
#3906=CARTESIAN_POINT('Ctrl Pts',(512.342932459205,53.8848139062201,6.81170691928283));
#3907=CARTESIAN_POINT('Ctrl Pts',(512.342932459205,53.3847253914927,6.88757574394574));
#3908=CARTESIAN_POINT('Ctrl Pts',(512.342932459205,52.8833533496752,6.95401869643655));
#3909=CARTESIAN_POINT('Origin',(514.842932459205,52.8833533496754,13.3879740340523));
#3910=CARTESIAN_POINT('',(513.342932459207,52.8833533496754,6.95401869643542));
#3911=CARTESIAN_POINT('',(513.342932459207,52.8833533496754,13.3879740340523));
#3912=CARTESIAN_POINT('Ctrl Pts',(514.84293245921,52.8833533496754,6.95401869643546));
#3913=CARTESIAN_POINT('Ctrl Pts',(514.34293245921,52.8833533496754,6.95401869643575));
#3914=CARTESIAN_POINT('Ctrl Pts',(513.842932459206,52.8833533496663,6.95401869643605));
#3915=CARTESIAN_POINT('Ctrl Pts',(513.342932459207,52.8833533496663,6.95401869643635));
#3916=CARTESIAN_POINT('Origin',(513.342932459207,50.3833533496754,13.3879740340523));
#3917=CARTESIAN_POINT('',(513.342932459209,51.8833533496718,7.07385628655014));
#3918=CARTESIAN_POINT('',(513.342932459207,51.8833533496718,13.3879740340523));
#3919=CARTESIAN_POINT('Ctrl Pts',(513.342932459207,50.3833533496572,7.2063712531042));
#3920=CARTESIAN_POINT('Ctrl Pts',(513.342932459207,50.8841494158696,7.17153694872909));
#3921=CARTESIAN_POINT('Ctrl Pts',(513.342932459207,51.3842365041411,7.12735703634149));
#3922=CARTESIAN_POINT('Ctrl Pts',(513.342932459207,51.883353349672,7.07385628655031));
#3923=CARTESIAN_POINT('Ctrl Pts',(517.388311087706,58.8699146363682,7.00784565633644));
#3924=CARTESIAN_POINT('Ctrl Pts',(518.523184878204,59.6243942074655,4.6718971042265));
#3925=CARTESIAN_POINT('Ctrl Pts',(519.658058668702,60.3788737785627,2.33594855211656));
#3926=CARTESIAN_POINT('Ctrl Pts',(520.7929324592,61.13335334966,6.61637411525362E-12));
#3927=CARTESIAN_POINT('Ctrl Pts',(517.388311087706,59.4466619864166,6.91446845921085));
#3928=CARTESIAN_POINT('Ctrl Pts',(518.521339615536,60.0330788684499,4.60978457534952));
#3929=CARTESIAN_POINT('Ctrl Pts',(519.65990393137,60.6217362927121,2.30468388386795));
#3930=CARTESIAN_POINT('Ctrl Pts',(520.7929324592,61.2081531747454,6.61637411525362E-12));
#3931=CARTESIAN_POINT('Ctrl Pts',(516.898029856263,60.4450667834214,6.7528236046082));
#3932=CARTESIAN_POINT('Ctrl Pts',(518.175848102571,60.7428265667727,4.50183854276481));
#3933=CARTESIAN_POINT('Ctrl Pts',(519.452332039565,61.0398790390944,2.25098506185001));
#3934=CARTESIAN_POINT('Ctrl Pts',(520.730150285873,61.3376388224457,6.61637411525362E-12));
#3935=CARTESIAN_POINT('Ctrl Pts',(515.874097895378,60.7975506615509,6.69575536394974));
#3936=CARTESIAN_POINT('Ctrl Pts',(517.449392838476,60.99238870517,4.46391681265083));
#3937=CARTESIAN_POINT('Ctrl Pts',(519.023737384917,61.1885153060408,2.23183855130553));
#3938=CARTESIAN_POINT('Ctrl Pts',(520.599032328014,61.38335334966,6.61637411525362E-12));
#3939=CARTESIAN_POINT('Ctrl Pts',(515.436000401959,60.7975506615509,6.69575536394973));
#3940=CARTESIAN_POINT('Ctrl Pts',(517.138311087706,60.992818224254,4.46383690930203));
#3941=CARTESIAN_POINT('Ctrl Pts',(518.840621773453,61.188085786957,2.23191845465432));
#3942=CARTESIAN_POINT('Ctrl Pts',(520.5429324592,61.38335334966,6.61637411525362E-12));
#3943=CARTESIAN_POINT('Ctrl Pts',(517.388311087708,58.8699146363725,7.00784565633251));
#3944=CARTESIAN_POINT('Ctrl Pts',(517.400854236485,59.2790125208441,6.91714353689466));
#3945=CARTESIAN_POINT('Ctrl Pts',(517.229624286124,59.9581242379836,6.73546750886116));
#3946=CARTESIAN_POINT('Ctrl Pts',(516.529969298694,60.6564438172854,6.5071377989556));
#3947=CARTESIAN_POINT('Ctrl Pts',(515.961073094189,60.8217188955494,6.41951118529044));
#3948=CARTESIAN_POINT('Ctrl Pts',(515.670173635287,60.8244120546593,6.3887282358077));
#3949=CARTESIAN_POINT('Ctrl Pts',(515.652563121742,47.3584134922365,8.80266480743081));
#3950=CARTESIAN_POINT('Ctrl Pts',(517.282686234228,46.033393444711,5.86844320495608));
#3951=CARTESIAN_POINT('Ctrl Pts',(518.912809346714,44.7083733971855,2.93422160248134));
#3952=CARTESIAN_POINT('Ctrl Pts',(520.5429324592,43.38335334966,6.61248833466743E-12));
#3953=CARTESIAN_POINT('Ctrl Pts',(516.215094641555,47.3584134922366,8.8026648074308));
#3954=CARTESIAN_POINT('Ctrl Pts',(517.68191482678,46.0351348453256,5.86811925254995));
#3955=CARTESIAN_POINT('Ctrl Pts',(519.15091209906,44.706631996571,2.93454555488746));
#3956=CARTESIAN_POINT('Ctrl Pts',(520.617732284286,43.38335334966,6.61248833466743E-12));
#3957=CARTESIAN_POINT('Ctrl Pts',(517.188891077935,47.8246318928624,8.72761362936732));
#3958=CARTESIAN_POINT('Ctrl Pts',(518.375229322453,46.364713130081,5.81848720776309));
#3959=CARTESIAN_POINT('Ctrl Pts',(519.560879767313,44.906054189916,2.90912642161084));
#3960=CARTESIAN_POINT('Ctrl Pts',(520.747218011831,43.4461354271345,6.61248833466743E-12));
#3961=CARTESIAN_POINT('Ctrl Pts',(517.532686234228,48.7983118307272,8.57087201150018));
#3962=CARTESIAN_POINT('Ctrl Pts',(518.619017621361,47.057660079821,5.71397029122047));
#3963=CARTESIAN_POINT('Ctrl Pts',(519.706601072067,45.317905231752,2.85690172028633));
#3964=CARTESIAN_POINT('Ctrl Pts',(520.7929324592,43.5772534808459,6.61248833466743E-12));
#3965=CARTESIAN_POINT('Ctrl Pts',(517.532686234228,49.2149082889189,8.5038089034753));
#3966=CARTESIAN_POINT('Ctrl Pts',(518.619434975885,47.3543899758326,5.6692059356524));
#3967=CARTESIAN_POINT('Ctrl Pts',(519.706183717543,45.4938716627463,2.83460296782951));
#3968=CARTESIAN_POINT('Ctrl Pts',(520.7929324592,43.63335334966,6.61248833466743E-12));
#3969=CARTESIAN_POINT('Ctrl Pts',(515.789510371457,47.2470980646234,8.55615975794042));
#3970=CARTESIAN_POINT('Ctrl Pts',(516.213472617865,47.2591235785647,8.58278993825647));
#3971=CARTESIAN_POINT('Ctrl Pts',(517.171793541669,47.6876714465467,8.60758651404563));
#3972=CARTESIAN_POINT('Ctrl Pts',(517.543897051174,48.6650767254367,8.55998880629717));
#3973=CARTESIAN_POINT('Ctrl Pts',(517.532686234229,49.214908288916,8.5038089034732));
#3974=CARTESIAN_POINT('Ctrl Pts',(512.517932459154,52.058353350059,7.05471149766866));
#3975=CARTESIAN_POINT('Ctrl Pts',(512.517932459187,50.6339856598601,7.21368205561755));
#3976=CARTESIAN_POINT('Ctrl Pts',(512.517932459218,49.2033194226109,7.29627592063502));
#3977=CARTESIAN_POINT('Ctrl Pts',(512.51793245925,47.7784920529903,7.30312494953352));
#3978=CARTESIAN_POINT('Ctrl Pts',(506.384599125809,52.0583533499222,7.05471149769041));
#3979=CARTESIAN_POINT('Ctrl Pts',(506.384599125841,50.6339856597233,7.21368205563931));
#3980=CARTESIAN_POINT('Ctrl Pts',(506.384599125873,49.2033194224741,7.29627592065677));
#3981=CARTESIAN_POINT('Ctrl Pts',(506.384599125904,47.7784920528535,7.30312494955527));
#3982=CARTESIAN_POINT('Ctrl Pts',(500.251265792463,52.0583533497853,7.05471149771216));
#3983=CARTESIAN_POINT('Ctrl Pts',(500.251265792495,50.6339856595865,7.21368205566106));
#3984=CARTESIAN_POINT('Ctrl Pts',(500.251265792527,49.2033194223373,7.29627592067853));
#3985=CARTESIAN_POINT('Ctrl Pts',(500.251265792558,47.7784920527167,7.30312494957703));
#3986=CARTESIAN_POINT('Ctrl Pts',(494.117932459117,52.0583533496485,7.05471149773392));
#3987=CARTESIAN_POINT('Ctrl Pts',(494.117932459149,50.6339856594496,7.21368205568281));
#3988=CARTESIAN_POINT('Ctrl Pts',(494.117932459181,49.2033194222005,7.29627592070028));
#3989=CARTESIAN_POINT('Ctrl Pts',(494.117932459213,47.7784920525799,7.30312494959878));
#3990=CARTESIAN_POINT('',(512.51793245919,49.4010115027801,7.26265208582772));
#3991=CARTESIAN_POINT('',(509.860588582324,52.0583533496347,7.05471149771893));
#3992=CARTESIAN_POINT('Ctrl Pts',(512.517932459214,49.4010135327703,7.26263427255501));
#3993=CARTESIAN_POINT('Ctrl Pts',(512.463045024074,49.4069948881743,7.26236452898901));
#3994=CARTESIAN_POINT('Ctrl Pts',(512.408321863282,49.4144915645498,7.26202519941422));
#3995=CARTESIAN_POINT('Ctrl Pts',(512.353825980014,49.4234968289954,7.26161405592541));
#3996=CARTESIAN_POINT('Ctrl Pts',(512.203345693705,49.4483631985411,7.2604787593452));
#3997=CARTESIAN_POINT('Ctrl Pts',(512.055048020045,49.484658306389,7.25880309323998));
#3998=CARTESIAN_POINT('Ctrl Pts',(511.910218812917,49.5320342105096,7.25651234830465));
#3999=CARTESIAN_POINT('Ctrl Pts',(511.86884557788,49.5455680442929,7.25585795316918));
#4000=CARTESIAN_POINT('Ctrl Pts',(511.827755393498,49.5600061465202,7.25515303465974));
#4001=CARTESIAN_POINT('Ctrl Pts',(511.786978236316,49.5753403999124,7.2543950822727));
#4002=CARTESIAN_POINT('Ctrl Pts',(511.629071394525,49.6347212810662,7.25145996182932));
#4003=CARTESIAN_POINT('Ctrl Pts',(511.476579524902,49.7072693405451,7.24774728108567));
#4004=CARTESIAN_POINT('Ctrl Pts',(511.331097423522,49.7921505377885,7.24309419251569));
#4005=CARTESIAN_POINT('Ctrl Pts',(511.275694289013,49.8244753691153,7.24132218283559));
#4006=CARTESIAN_POINT('Ctrl Pts',(511.22130776175,49.8585888099623,7.23941322189564));
#4007=CARTESIAN_POINT('Ctrl Pts',(511.168025922173,49.8944446490509,7.23735640603276));
#4008=CARTESIAN_POINT('Ctrl Pts',(510.960307377126,50.0342281622706,7.22933793666578));
#4009=CARTESIAN_POINT('Ctrl Pts',(510.771256418685,50.1992249671918,7.21914900152709));
#4010=CARTESIAN_POINT('Ctrl Pts',(510.605064424366,50.3853707773559,7.20619460344605));
#4011=CARTESIAN_POINT('Ctrl Pts',(510.552976391022,50.4437127522894,7.20213442520483));
#4012=CARTESIAN_POINT('Ctrl Pts',(510.503133853585,50.5041320122164,7.19780229950108));
#4013=CARTESIAN_POINT('Ctrl Pts',(510.455665856811,50.5665027304509,7.19317979051156));
#4014=CARTESIAN_POINT('Ctrl Pts',(510.351331260998,50.7035934888559,7.18301952170201));
#4015=CARTESIAN_POINT('Ctrl Pts',(510.259206611856,50.8491396565163,7.1715250086781));
#4016=CARTESIAN_POINT('Ctrl Pts',(510.180157739528,51.0014592563948,7.15857896228881));
#4017=CARTESIAN_POINT('Ctrl Pts',(510.122898824851,51.1117916965185,7.14920151585891));
#4018=CARTESIAN_POINT('Ctrl Pts',(510.072500514379,51.2256778606446,7.13906318747887));
#4019=CARTESIAN_POINT('Ctrl Pts',(510.029291868039,51.3424766588143,7.12813672635814));
#4020=CARTESIAN_POINT('Ctrl Pts',(509.976647109248,51.4847825414914,7.114824091993));
#4021=CARTESIAN_POINT('Ctrl Pts',(509.934971151495,51.6306104648599,7.10041441083962));
#4022=CARTESIAN_POINT('Ctrl Pts',(509.904499875415,51.7786900682715,7.08493473036904));
#4023=CARTESIAN_POINT('Ctrl Pts',(509.88547658004,51.8711365423629,7.07527072636987));
#4024=CARTESIAN_POINT('Ctrl Pts',(509.87082035052,51.9644606045005,7.06519066133844));
#4025=CARTESIAN_POINT('Ctrl Pts',(509.860588582324,52.0583533496363,7.05471149771864));
#4026=CARTESIAN_POINT('',(512.517932459205,47.778492053003,7.30312494953348));
#4027=CARTESIAN_POINT('Ctrl Pts',(512.517932459212,47.7784920530161,7.3031249495334));
#4028=CARTESIAN_POINT('Ctrl Pts',(512.517932459201,48.3187136995709,7.30052814816066));
#4029=CARTESIAN_POINT('Ctrl Pts',(512.517932459189,48.8597747057922,7.28704273543082));
#4030=CARTESIAN_POINT('Ctrl Pts',(512.517932459176,49.4010135327748,7.26263427255481));
#4031=CARTESIAN_POINT('Ctrl Pts',(494.117932459212,47.7784920530394,7.30312494959661));
#4032=CARTESIAN_POINT('Ctrl Pts',(497.215265792549,47.7784920530348,7.30312494958598));
#4033=CARTESIAN_POINT('Ctrl Pts',(500.312599125884,47.7784920530166,7.30312494957535));
#4034=CARTESIAN_POINT('Ctrl Pts',(506.445932459212,47.778492053003,7.3031249495543));
#4035=CARTESIAN_POINT('Ctrl Pts',(509.481932459191,47.7784920529984,7.30312494954387));
#4036=CARTESIAN_POINT('Ctrl Pts',(512.517932459177,47.7784920529984,7.30312494953345));
#4037=CARTESIAN_POINT('Ctrl Pts',(509.86058858226,52.0583533496347,7.05471149771828));
#4038=CARTESIAN_POINT('Ctrl Pts',(507.710369874551,52.0583533496347,7.05471149772046));
#4039=CARTESIAN_POINT('Ctrl Pts',(505.560151166842,52.0583533496483,7.05471149772263));
#4040=CARTESIAN_POINT('Ctrl Pts',(500.312599125798,52.0583533496483,7.05471149772794));
#4041=CARTESIAN_POINT('Ctrl Pts',(497.215265792456,52.0583533496392,7.05471149773119));
#4042=CARTESIAN_POINT('Ctrl Pts',(494.117932459117,52.0583533496392,7.05471149773433));
#4043=CARTESIAN_POINT('Origin',(505.792932459199,47.9524915707316,7.68844224694707));
#4044=CARTESIAN_POINT('',(475.067932459201,47.7784920533077,7.30312494991231));
#4045=CARTESIAN_POINT('',(475.067932459206,48.0715994542697,7.95220348253318));
#4046=CARTESIAN_POINT('',(493.467932459207,47.7784920530348,7.30312494959888));
#4047=CARTESIAN_POINT('Ctrl Pts',(475.067932459211,47.778492053063,7.30312494966199));
#4048=CARTESIAN_POINT('Ctrl Pts',(481.201265792575,47.7784920531998,7.30312494964023));
#4049=CARTESIAN_POINT('Ctrl Pts',(487.334599125939,47.7784920533366,7.30312494961848));
#4050=CARTESIAN_POINT('Ctrl Pts',(493.467932459303,47.7784920534734,7.30312494959673));
#4051=CARTESIAN_POINT('',(493.467932459207,48.0715994542697,7.95220348253318));
#4052=CARTESIAN_POINT('',(512.517932459205,46.3197015009928,4.07267212794902));
#4053=CARTESIAN_POINT('',(512.517932459205,48.0715994542697,7.95220348253318));
#4054=CARTESIAN_POINT('',(513.167932459207,46.3197015009928,4.07267212794902));
#4055=CARTESIAN_POINT('',(480.742932459198,46.3197015009928,4.07267212794901));
#4056=CARTESIAN_POINT('',(513.167932459207,47.778492053003,7.30312494953127));
#4057=CARTESIAN_POINT('',(513.167932459207,48.0715994542697,7.95220348253318));
#4058=CARTESIAN_POINT('',(516.970959796522,47.778492053003,7.30312494951809));
#4059=CARTESIAN_POINT('Ctrl Pts',(513.167932459207,47.778492053003,7.30312494953124));
#4060=CARTESIAN_POINT('Ctrl Pts',(513.83362364084,47.778492053003,7.30312494952896));
#4061=CARTESIAN_POINT('Ctrl Pts',(514.499314822474,47.7784920529984,7.30312494952668));
#4062=CARTESIAN_POINT('Ctrl Pts',(515.766990601578,47.7784920529984,7.30312494952232));
#4063=CARTESIAN_POINT('Ctrl Pts',(516.368975199052,47.778492053003,7.30312494952023));
#4064=CARTESIAN_POINT('Ctrl Pts',(516.970959796522,47.778492053003,7.30312494951816));
#4065=CARTESIAN_POINT('Ctrl Pts',(516.970958024584,47.7784938963327,7.30312458602607));
#4066=CARTESIAN_POINT('Ctrl Pts',(517.307398967506,47.3772401805936,6.41454455192198));
#4067=CARTESIAN_POINT('Ctrl Pts',(517.643828842187,46.9752521398357,5.52431939253213));
#4068=CARTESIAN_POINT('Ctrl Pts',(517.976579584659,46.5770831964749,4.64257449455177));
#4069=CARTESIAN_POINT('Ctrl Pts',(518.000984852308,46.5478798968519,4.57790380419228));
#4070=CARTESIAN_POINT('Ctrl Pts',(518.02537032904,46.5186971284287,4.51327871113254));
#4071=CARTESIAN_POINT('Ctrl Pts',(518.049734567909,46.4895366797992,4.44870319991183));
#4072=CARTESIAN_POINT('Ctrl Pts',(518.471515382568,45.9847264189517,3.33080610999285));
#4073=CARTESIAN_POINT('Ctrl Pts',(518.896565997268,45.4750754284059,2.20223577606624));
#4074=CARTESIAN_POINT('Ctrl Pts',(519.319336064758,44.9674678316416,1.07817465697158));
#4075=CARTESIAN_POINT('Ctrl Pts',(519.454742862147,44.8048888690013,0.718155043688503));
#4076=CARTESIAN_POINT('Ctrl Pts',(519.589915726218,44.6425196614091,0.358597617016472));
#4077=CARTESIAN_POINT('Ctrl Pts',(519.724672365155,44.4805860735943,7.52738043415488E-12));
#4078=CARTESIAN_POINT('',(394.414905122039,47.7784920531849,7.30312494994019));
#4079=CARTESIAN_POINT('Ctrl Pts',(394.414906934754,47.7784939755694,7.30312454816603));
#4080=CARTESIAN_POINT('Ctrl Pts',(394.078465152071,47.3772393216182,6.41454213706465));
#4081=CARTESIAN_POINT('Ctrl Pts',(393.742034406442,46.9752502495302,5.52431464557332));
#4082=CARTESIAN_POINT('Ctrl Pts',(393.409282808399,46.5770802699984,4.64256750773528));
#4083=CARTESIAN_POINT('Ctrl Pts',(393.384878407357,46.5478780064463,4.57789911576921));
#4084=CARTESIAN_POINT('Ctrl Pts',(393.360493795808,46.5186962725039,4.51327631812665));
#4085=CARTESIAN_POINT('Ctrl Pts',(393.336130420551,46.4895368565949,4.44870309891066));
#4086=CARTESIAN_POINT('Ctrl Pts',(392.914341329159,45.9847166741596,3.33078412526583));
#4087=CARTESIAN_POINT('Ctrl Pts',(392.489282289937,45.4750555185846,2.20219152162464));
#4088=CARTESIAN_POINT('Ctrl Pts',(392.06650401386,44.967438018037,1.07810857993647));
#4089=CARTESIAN_POINT('Ctrl Pts',(391.931105522762,44.8048690131521,0.718111052189449));
#4090=CARTESIAN_POINT('Ctrl Pts',(391.795940949363,44.642509756209,0.35857568224053));
#4091=CARTESIAN_POINT('Ctrl Pts',(391.661192553247,44.4805860735807,3.97004507229176E-12));
#4092=CARTESIAN_POINT('',(398.217932459202,47.7784920531803,7.30312494992579));
#4093=CARTESIAN_POINT('Ctrl Pts',(394.414905122032,47.778492053189,7.30312494993879));
#4094=CARTESIAN_POINT('Ctrl Pts',(395.682580901088,47.7784920532173,7.3031249499343));
#4095=CARTESIAN_POINT('Ctrl Pts',(396.950256680143,47.7784920532456,7.3031249499298));
#4096=CARTESIAN_POINT('Ctrl Pts',(398.217932459199,47.7784920532739,7.30312494992531));
#4097=CARTESIAN_POINT('',(398.217932459202,46.3197015009928,4.07267212794902));
#4098=CARTESIAN_POINT('',(398.217932459202,48.0715994542697,7.95220348253181));
#4099=CARTESIAN_POINT('',(398.867932459204,46.3197015009928,4.07267212794902));
#4100=CARTESIAN_POINT('',(480.742932459198,46.3197015009928,4.07267212794901));
#4101=CARTESIAN_POINT('',(398.867932459204,47.7784920531803,7.30312494992352));
#4102=CARTESIAN_POINT('',(398.867932459204,48.0715994542697,7.95220348253181));
#4103=CARTESIAN_POINT('',(417.267932459206,47.7784920531485,7.30312494986039));
#4104=CARTESIAN_POINT('Ctrl Pts',(398.867932459204,47.7784920531849,7.30312494992352));
#4105=CARTESIAN_POINT('Ctrl Pts',(401.903932459254,47.7784920531849,7.30312494991309));
#4106=CARTESIAN_POINT('Ctrl Pts',(404.939932459295,47.7784920531803,7.30312494990266));
#4107=CARTESIAN_POINT('Ctrl Pts',(411.073265792718,47.7784920531622,7.30312494988161));
#4108=CARTESIAN_POINT('Ctrl Pts',(414.170599126091,47.7784920531576,7.303124949871));
#4109=CARTESIAN_POINT('Ctrl Pts',(417.267932459472,47.7784920531485,7.30312494986037));
#4110=CARTESIAN_POINT('',(417.267932459206,46.3197015009928,4.07267212794902));
#4111=CARTESIAN_POINT('',(417.267932459206,48.0715994542697,7.95220348253181));
#4112=CARTESIAN_POINT('',(417.9179324592,46.3197015009928,4.07267212794902));
#4113=CARTESIAN_POINT('',(480.742932459198,46.3197015009928,4.07267212794901));
#4114=CARTESIAN_POINT('',(417.9179324592,47.7784920531485,7.30312494985818));
#4115=CARTESIAN_POINT('',(417.9179324592,48.0715994542697,7.95220348253181));
#4116=CARTESIAN_POINT('',(436.317932459201,47.7784920531212,7.303124949795));
#4117=CARTESIAN_POINT('Ctrl Pts',(417.917932459204,47.7784920531485,7.30312494985817));
#4118=CARTESIAN_POINT('Ctrl Pts',(420.984599125891,47.778492053144,7.30312494984765));
#4119=CARTESIAN_POINT('Ctrl Pts',(424.051265792575,47.778492053144,7.30312494983712));
#4120=CARTESIAN_POINT('Ctrl Pts',(430.184599125946,47.7784920531258,7.30312494981607));
#4121=CARTESIAN_POINT('Ctrl Pts',(433.25126579263,47.7784920531258,7.30312494980549));
#4122=CARTESIAN_POINT('Ctrl Pts',(436.317932459231,47.7784920531212,7.30312494979497));
#4123=CARTESIAN_POINT('',(436.317932459201,46.3197015009928,4.07267212794902));
#4124=CARTESIAN_POINT('',(436.317932459201,48.0715994542697,7.95220348253181));
#4125=CARTESIAN_POINT('',(436.967932459202,46.3197015009928,4.07267212794902));
#4126=CARTESIAN_POINT('',(480.742932459198,46.3197015009928,4.07267212794901));
#4127=CARTESIAN_POINT('',(436.967932459206,47.7784920533668,7.303124950043));
#4128=CARTESIAN_POINT('',(436.967932459202,48.0715994542697,7.95220348253181));
#4129=CARTESIAN_POINT('',(455.367932459196,47.7784920530894,7.30312494973119));
#4130=CARTESIAN_POINT('Ctrl Pts',(436.967932459206,47.778492053121,7.30312494979275));
#4131=CARTESIAN_POINT('Ctrl Pts',(443.101265792534,47.7784920532578,7.303124949771));
#4132=CARTESIAN_POINT('Ctrl Pts',(449.234599125863,47.7784920533947,7.30312494974925));
#4133=CARTESIAN_POINT('Ctrl Pts',(455.367932459191,47.7784920535315,7.30312494972749));
#4134=CARTESIAN_POINT('',(455.367932459196,46.3197015010019,4.07267212794901));
#4135=CARTESIAN_POINT('Ctrl Pts',(455.367932459196,47.7784920530894,7.30312494972962));
#4136=CARTESIAN_POINT('Ctrl Pts',(455.367932459196,47.7073915789606,7.14567484356594));
#4137=CARTESIAN_POINT('Ctrl Pts',(455.367932459196,47.6362911048273,6.98822473740226));
#4138=CARTESIAN_POINT('Ctrl Pts',(455.367932459196,47.2629212460697,6.16140713014215));
#4139=CARTESIAN_POINT('Ctrl Pts',(455.367932459196,46.9606518614546,5.49203962904547));
#4140=CARTESIAN_POINT('Ctrl Pts',(455.367932459196,46.6583824768304,4.82267212794902));
#4141=CARTESIAN_POINT('Ctrl Pts',(455.367932459196,46.5454888182239,4.57267212794942));
#4142=CARTESIAN_POINT('Ctrl Pts',(455.367932459196,46.4325951595993,4.32267212795262));
#4143=CARTESIAN_POINT('Ctrl Pts',(455.367932459196,46.3197015009882,4.07267212795029));
#4144=CARTESIAN_POINT('',(456.017932459201,46.3197015009928,4.07267212794902));
#4145=CARTESIAN_POINT('',(480.742932459198,46.3197015009928,4.07267212794901));
#4146=CARTESIAN_POINT('',(456.017932459206,47.7784920530894,7.30312494972738));
#4147=CARTESIAN_POINT('',(456.017932459201,48.0715994542697,7.95220348253454));
#4148=CARTESIAN_POINT('',(474.417932459203,47.7784920530621,7.30312494966425));
#4149=CARTESIAN_POINT('Ctrl Pts',(456.017932459208,47.7784920530985,7.30312494972735));
#4150=CARTESIAN_POINT('Ctrl Pts',(459.053932459249,47.7784920530894,7.30312494971693));
#4151=CARTESIAN_POINT('Ctrl Pts',(462.089932459289,47.7784920530848,7.30312494970651));
#4152=CARTESIAN_POINT('Ctrl Pts',(468.223265792712,47.7784920530712,7.30312494968546));
#4153=CARTESIAN_POINT('Ctrl Pts',(471.320599126093,47.7784920530712,7.30312494967486));
#4154=CARTESIAN_POINT('Ctrl Pts',(474.417932459476,47.7784920530621,7.30312494966423));
#4155=CARTESIAN_POINT('',(474.417932459203,48.0715994542697,7.95220348253318));
#4156=CARTESIAN_POINT('Origin',(456.192932459205,54.3833533496718,13.3879740340523));
#4157=CARTESIAN_POINT('',(455.192932459204,54.3833533496718,6.7264512951261));
#4158=CARTESIAN_POINT('',(456.192932459205,54.3833533496718,6.72645129512618));
#4159=CARTESIAN_POINT('Ctrl Pts',(456.192932459219,54.3833533496809,6.72645129512486));
#4160=CARTESIAN_POINT('Ctrl Pts',(456.026265792534,54.3833533496809,6.72645129512482));
#4161=CARTESIAN_POINT('Ctrl Pts',(455.859599125847,54.3833533496809,6.72645129512478));
#4162=CARTESIAN_POINT('Ctrl Pts',(455.526265792514,54.3833533496809,6.72645129512469));
#4163=CARTESIAN_POINT('Ctrl Pts',(455.359599125873,54.3833533496809,6.72645129512467));
#4164=CARTESIAN_POINT('Ctrl Pts',(455.192932459227,54.3833533496809,6.72645129512465));
#4165=CARTESIAN_POINT('',(455.192932459204,54.3833533496718,0.200000000005095));
#4166=CARTESIAN_POINT('',(455.192932459204,54.3833533496718,13.3879740340523));
#4167=CARTESIAN_POINT('',(456.192932459205,54.3833533496718,0.200000000005095));
#4168=CARTESIAN_POINT('',(451.442932459204,54.3833533496718,0.200000000005099));
#4169=CARTESIAN_POINT('',(456.192932459205,54.3833533496718,13.3879740340523));
#4170=CARTESIAN_POINT('Origin',(455.192932459204,50.3833533496754,13.3879740340523));
#4171=CARTESIAN_POINT('',(456.192932459207,50.3833533496754,7.20637125321738));
#4172=CARTESIAN_POINT('',(456.192932459205,50.3833533496754,0.200000000005099));
#4173=CARTESIAN_POINT('',(456.192932459205,50.3833533496754,13.3879740340523));
#4174=CARTESIAN_POINT('',(455.192932459204,50.3833533496754,0.200000000005099));
#4175=CARTESIAN_POINT('',(450.942932459204,50.3833533496754,0.200000000005099));
#4176=CARTESIAN_POINT('',(455.192932459208,50.3833533496754,7.20637125321891));
#4177=CARTESIAN_POINT('',(455.192932459204,50.3833533496754,13.3879740340523));
#4178=CARTESIAN_POINT('Ctrl Pts',(455.19293245919,50.3833533496754,7.20637125321907));
#4179=CARTESIAN_POINT('Ctrl Pts',(455.359599125877,50.3833533496754,7.20637125321874));
#4180=CARTESIAN_POINT('Ctrl Pts',(455.526265792562,50.3833533496754,7.2063712532184));
#4181=CARTESIAN_POINT('Ctrl Pts',(455.859599125895,50.3833533496754,7.20637125321773));
#4182=CARTESIAN_POINT('Ctrl Pts',(456.026265792541,50.3833533496754,7.20637125321741));
#4183=CARTESIAN_POINT('Ctrl Pts',(456.192932459187,50.3833533496754,7.20637125321709));
#4184=CARTESIAN_POINT('Origin',(453.692932459205,52.8833533496754,13.3879740340523));
#4185=CARTESIAN_POINT('',(453.692932459201,51.8833533496718,7.07385628661868));
#4186=CARTESIAN_POINT('',(453.692932459205,52.8833533496754,6.95401869647195));
#4187=CARTESIAN_POINT('Ctrl Pts',(453.692932459178,52.8833518892954,6.9539910350401));
#4188=CARTESIAN_POINT('Ctrl Pts',(453.692932459186,52.5504419216894,6.99810412972589));
#4189=CARTESIAN_POINT('Ctrl Pts',(453.692932459193,52.2170565310279,7.03805373735847));
#4190=CARTESIAN_POINT('Ctrl Pts',(453.692932459201,51.8833522404173,7.07382874936276));
#4191=CARTESIAN_POINT('',(453.692932459205,51.8833533496718,0.200000000005095));
#4192=CARTESIAN_POINT('',(453.692932459205,51.8833533496718,13.3879740340523));
#4193=CARTESIAN_POINT('',(453.692932459205,52.8833533496754,0.200000000005095));
#4194=CARTESIAN_POINT('',(453.692932459205,57.1293671041713,0.200000000005099));
#4195=CARTESIAN_POINT('',(453.692932459205,52.8833533496754,13.3879740340523));
#4196=CARTESIAN_POINT('Origin',(456.192932459205,51.8833533496718,13.3879740340523));
#4197=CARTESIAN_POINT('',(457.692932459208,51.8833533496718,7.07385628661407));
#4198=CARTESIAN_POINT('',(457.692932459204,51.8833533496718,0.200000000005095));
#4199=CARTESIAN_POINT('',(457.692932459204,51.8833533496718,13.3879740340523));
#4200=CARTESIAN_POINT('',(456.192932459205,51.8833533496718,0.200000000005095));
#4201=CARTESIAN_POINT('',(451.442932459204,51.8833533496718,0.200000000005099));
#4202=CARTESIAN_POINT('',(456.192932459205,51.8833533496718,7.07385628661678));
#4203=CARTESIAN_POINT('',(456.192932459205,51.8833533496718,13.3879740340523));
#4204=CARTESIAN_POINT('Ctrl Pts',(456.192932459207,51.8833533496718,7.0738562866166));
#4205=CARTESIAN_POINT('Ctrl Pts',(456.692932459216,51.8833533496718,7.07385628661585));
#4206=CARTESIAN_POINT('Ctrl Pts',(457.192932459222,51.8833533496718,7.07385628661494));
#4207=CARTESIAN_POINT('Ctrl Pts',(457.692932459231,51.8833533496718,7.07385628661436));
#4208=CARTESIAN_POINT('Origin',(455.692932459206,52.3833533496736,13.3879740340523));
#4209=CARTESIAN_POINT('',(455.692932459206,55.3833533496754,0.200000000005092));
#4210=CARTESIAN_POINT('Origin',(455.692932459206,52.3833533496736,0.200000000005092));
#4211=CARTESIAN_POINT('',(455.692932459206,55.3833533496736,4.07267212794902));
#4212=CARTESIAN_POINT('',(455.692932459206,55.3833533496736,13.3879740340523));
#4213=CARTESIAN_POINT('',(456.017932459206,55.3656972265662,4.07267212794902));
#4214=CARTESIAN_POINT('Origin',(455.692932459206,52.3833533496736,4.07267212794902));
#4215=CARTESIAN_POINT('',(456.017932459197,55.3656429816886,6.54572699486104));
#4216=CARTESIAN_POINT('',(456.017932459201,55.3656972265617,13.3879740340523));
#4217=CARTESIAN_POINT('',(458.675276336089,52.7083533496716,6.97682062100954));
#4218=CARTESIAN_POINT('Ctrl Pts',(456.017932459195,55.3656123116409,6.54562154319365));
#4219=CARTESIAN_POINT('Ctrl Pts',(456.1668981158,55.3493793312654,6.54881477110292));
#4220=CARTESIAN_POINT('Ctrl Pts',(456.314273739897,55.3220273004771,6.55418945675127));
#4221=CARTESIAN_POINT('Ctrl Pts',(456.458853702945,55.2838510878432,6.56161757369597));
#4222=CARTESIAN_POINT('Ctrl Pts',(456.507305593211,55.2710574086476,6.5641068972475));
#4223=CARTESIAN_POINT('Ctrl Pts',(456.555443512326,55.2570480165591,6.56682640439515));
#4224=CARTESIAN_POINT('Ctrl Pts',(456.603222084794,55.2418337629748,6.56977000780195));
#4225=CARTESIAN_POINT('Ctrl Pts',(456.765462552414,55.1901711140407,6.57976552605492));
#4226=CARTESIAN_POINT('Ctrl Pts',(456.922556077603,55.1249379352638,6.59228733446862));
#4227=CARTESIAN_POINT('Ctrl Pts',(457.072923505723,55.0470411236814,6.60696268046415));
#4228=CARTESIAN_POINT('Ctrl Pts',(457.210495662657,54.9757728143032,6.62038925181408));
#4229=CARTESIAN_POINT('Ctrl Pts',(457.34243771218,54.8939039861181,6.63561701956699));
#4230=CARTESIAN_POINT('Ctrl Pts',(457.467540296007,54.8021246475888,6.65232282132111));
#4231=CARTESIAN_POINT('Ctrl Pts',(457.671630861679,54.6523971476094,6.67957642732741));
#4232=CARTESIAN_POINT('Ctrl Pts',(457.855407320737,54.4778491038623,6.71047444946568));
#4233=CARTESIAN_POINT('Ctrl Pts',(458.014862226574,54.2829542233059,6.74332692429797));
#4234=CARTESIAN_POINT('Ctrl Pts',(458.07271168909,54.2122473107271,6.75524564201563));
#4235=CARTESIAN_POINT('Ctrl Pts',(458.127359941405,54.1388626930807,6.76742167978198));
#4236=CARTESIAN_POINT('Ctrl Pts',(458.178615623119,54.0630155057611,6.77977596468744));
#4237=CARTESIAN_POINT('Ctrl Pts',(458.271324985441,53.9258259467661,6.80212193370457));
#4238=CARTESIAN_POINT('Ctrl Pts',(458.352418334504,53.781344244978,6.82492319064043));
#4239=CARTESIAN_POINT('Ctrl Pts',(458.421142172504,53.6310834611806,6.84772597844956));
#4240=CARTESIAN_POINT('Ctrl Pts',(458.460407383401,53.5452322989489,6.86075430018502));
#4241=CARTESIAN_POINT('Ctrl Pts',(458.495634712595,53.4574948764266,6.87378391699083));
#4242=CARTESIAN_POINT('Ctrl Pts',(458.526683625384,53.3681554584527,6.8867377430218));
#4243=CARTESIAN_POINT('Ctrl Pts',(458.576096229333,53.2259767835578,6.90735303089438));
#4244=CARTESIAN_POINT('Ctrl Pts',(458.614715820994,53.0803452072849,6.92768582582354));
#4245=CARTESIAN_POINT('Ctrl Pts',(458.642244424196,52.9324973897822,6.94747029005803));
#4246=CARTESIAN_POINT('Ctrl Pts',(458.65606178774,52.8582885013515,6.95740065713303));
#4247=CARTESIAN_POINT('Ctrl Pts',(458.667084984856,52.7835214197926,6.96719366294065));
#4248=CARTESIAN_POINT('Ctrl Pts',(458.675276336094,52.708353349677,6.97682062100877));
#4249=CARTESIAN_POINT('Ctrl Pts',(458.675276336091,52.7083533496625,3.69997212794902));
#4250=CARTESIAN_POINT('Ctrl Pts',(458.675276336091,52.7083533496625,3.76663879461568));
#4251=CARTESIAN_POINT('Ctrl Pts',(458.675276336091,52.7083533496625,3.83330546128235));
#4252=CARTESIAN_POINT('Ctrl Pts',(458.675276336091,52.7083533496625,3.89997212794902));
#4253=CARTESIAN_POINT('Ctrl Pts',(458.675276336091,52.7083533496625,3.95753879461568));
#4254=CARTESIAN_POINT('Ctrl Pts',(458.675276336091,52.7083533496625,4.01510546128235));
#4255=CARTESIAN_POINT('Ctrl Pts',(458.675276336091,52.7083533496625,4.07267212794902));
#4256=CARTESIAN_POINT('Ctrl Pts',(458.675276336091,52.7083533496625,4.32267212794901));
#4257=CARTESIAN_POINT('Ctrl Pts',(458.675276336091,52.7083533496625,4.57267212794901));
#4258=CARTESIAN_POINT('Ctrl Pts',(458.675276336091,52.7083533496625,4.82267212794901));
#4259=CARTESIAN_POINT('Ctrl Pts',(458.675276336091,52.7083533496625,5.54072162563586));
#4260=CARTESIAN_POINT('Ctrl Pts',(458.675276336091,52.7083533496625,6.2587711233227));
#4261=CARTESIAN_POINT('Ctrl Pts',(458.675276336091,52.7083533496625,6.97682062100956));
#4262=CARTESIAN_POINT('',(458.675276336089,52.058353349662,7.05471149776958));
#4263=CARTESIAN_POINT('',(458.675276336089,52.058353349662,13.3879740340523));
#4264=CARTESIAN_POINT('',(456.0179324592,49.4010130336295,7.26263865274507));
#4265=CARTESIAN_POINT('Ctrl Pts',(458.675276336091,52.0583533496562,7.05471149777054));
#4266=CARTESIAN_POINT('Ctrl Pts',(458.658853197942,51.9076421965334,7.07153203945389));
#4267=CARTESIAN_POINT('Ctrl Pts',(458.631052189485,51.7585873441221,7.08730033182866));
#4268=CARTESIAN_POINT('Ctrl Pts',(458.592194076412,51.6124457775282,7.10196463743491));
#4269=CARTESIAN_POINT('Ctrl Pts',(458.551970164182,51.4611675737544,7.11714436941265));
#4270=CARTESIAN_POINT('Ctrl Pts',(458.499898208999,51.3130112171002,7.13114124923044));
#4271=CARTESIAN_POINT('Ctrl Pts',(458.43633400248,51.1693711064682,7.14395432300599));
#4272=CARTESIAN_POINT('Ctrl Pts',(458.410070797431,51.1100224590861,7.14924837766831));
#4273=CARTESIAN_POINT('Ctrl Pts',(458.381845699442,51.0514447871161,7.15434097838545));
#4274=CARTESIAN_POINT('Ctrl Pts',(458.35168380431,50.9937363526202,7.15923460527858));
#4275=CARTESIAN_POINT('Ctrl Pts',(458.263135261097,50.8243173627491,7.17360119366867));
#4276=CARTESIAN_POINT('Ctrl Pts',(458.158717663658,50.6639780389956,7.18611468139803));
#4277=CARTESIAN_POINT('Ctrl Pts',(458.039970876709,50.5148222939192,7.19697666035647));
#4278=CARTESIAN_POINT('Ctrl Pts',(457.944733505747,50.3951963116933,7.20568819138838));
#4279=CARTESIAN_POINT('Ctrl Pts',(457.84027906898,50.2827638102114,7.2133391999193));
#4280=CARTESIAN_POINT('Ctrl Pts',(457.72740196627,50.1786048663788,7.22005102383042));
#4281=CARTESIAN_POINT('Ctrl Pts',(457.585435904652,50.0476036740813,7.22849251625051));
#4282=CARTESIAN_POINT('Ctrl Pts',(457.43144511652,49.9308949756582,7.23537579534773));
#4283=CARTESIAN_POINT('Ctrl Pts',(457.267711914008,49.8299159983033,7.24100619743868));
#4284=CARTESIAN_POINT('Ctrl Pts',(457.122988423429,49.7406608572952,7.24598289997343));
#4285=CARTESIAN_POINT('Ctrl Pts',(456.970653417242,49.663694638026,7.24998124639475));
#4286=CARTESIAN_POINT('Ctrl Pts',(456.812282988504,49.6000045343517,7.25316840682434));
#4287=CARTESIAN_POINT('Ctrl Pts',(456.791480724704,49.5916387153751,7.25358704654487));
#4288=CARTESIAN_POINT('Ctrl Pts',(456.770574329747,49.5835019490316,7.25399161642596));
#4289=CARTESIAN_POINT('Ctrl Pts',(456.749567375468,49.5755964688826,7.25438242443318));
#4290=CARTESIAN_POINT('Ctrl Pts',(456.60661935599,49.5218012963268,7.25704179284451));
#4291=CARTESIAN_POINT('Ctrl Pts',(456.459806337849,49.4790145820273,7.25905332146686));
#4292=CARTESIAN_POINT('Ctrl Pts',(456.310418309831,49.4475933428084,7.26050669575783));
#4293=CARTESIAN_POINT('Ctrl Pts',(456.2786090159,49.4409027970718,7.26081616372943));
#4294=CARTESIAN_POINT('Ctrl Pts',(456.246682972379,49.4347275549602,7.26110013790177));
#4295=CARTESIAN_POINT('Ctrl Pts',(456.214652633031,49.4290710628456,7.2613591734396));
#4296=CARTESIAN_POINT('Ctrl Pts',(456.149407366499,49.4175488828387,7.26188682450576));
#4297=CARTESIAN_POINT('Ctrl Pts',(456.083797875311,49.4081912073516,7.2623105782498));
#4298=CARTESIAN_POINT('Ctrl Pts',(456.0179324592,49.4010135327786,7.26263427269822));
#4299=CARTESIAN_POINT('',(456.017932459206,49.4010094727855,4.07267212794902));
#4300=CARTESIAN_POINT('',(456.017932459201,49.4010094727855,13.3879740340523));
#4301=CARTESIAN_POINT('',(455.367932459196,49.4010094727855,4.07267212794902));
#4302=CARTESIAN_POINT('Origin',(455.692932459206,52.3833533496736,4.07267212794902));
#4303=CARTESIAN_POINT('',(455.36793245918,49.4010115027708,7.26265208597348));
#4304=CARTESIAN_POINT('Ctrl Pts',(455.367932459196,49.401009472781,7.26266989924628));
#4305=CARTESIAN_POINT('Ctrl Pts',(455.367932459196,49.401009472781,6.44933730881386));
#4306=CARTESIAN_POINT('Ctrl Pts',(455.367932459196,49.401009472781,5.63600471838143));
#4307=CARTESIAN_POINT('Ctrl Pts',(455.367932459196,49.4010094727855,4.82267212794902));
#4308=CARTESIAN_POINT('Ctrl Pts',(455.367932459196,49.4010094727855,4.57267212794902));
#4309=CARTESIAN_POINT('Ctrl Pts',(455.367932459196,49.4010094727855,4.32267212794902));
#4310=CARTESIAN_POINT('Ctrl Pts',(455.367932459196,49.4010094727855,4.07267212794902));
#4311=CARTESIAN_POINT('',(452.710588582322,52.058353349662,7.05471149777654));
#4312=CARTESIAN_POINT('Ctrl Pts',(455.367932459193,49.4010135327681,7.26263427270035));
#4313=CARTESIAN_POINT('Ctrl Pts',(455.313045024046,49.4069948881716,7.26236452913418));
#4314=CARTESIAN_POINT('Ctrl Pts',(455.258321863272,49.4144915645465,7.26202519955918));
#4315=CARTESIAN_POINT('Ctrl Pts',(455.20382598002,49.4234968289893,7.26161405607021));
#4316=CARTESIAN_POINT('Ctrl Pts',(455.053345694095,49.4483631984711,7.26047875949214));
#4317=CARTESIAN_POINT('Ctrl Pts',(454.905048020637,49.4846583062318,7.25880309338987));
#4318=CARTESIAN_POINT('Ctrl Pts',(454.760218813663,49.5320342102545,7.25651234845806));
#4319=CARTESIAN_POINT('Ctrl Pts',(454.71884557838,49.5455680441051,7.255857953319));
#4320=CARTESIAN_POINT('Ctrl Pts',(454.677755393751,49.5600061464116,7.2551530348053));
#4321=CARTESIAN_POINT('Ctrl Pts',(454.636978236326,49.5753403998949,7.25439508241327));
#4322=CARTESIAN_POINT('Ctrl Pts',(454.479071394383,49.6347212811053,7.25145996196524));
#4323=CARTESIAN_POINT('Ctrl Pts',(454.326579524653,49.7072693406539,7.24774728121563));
#4324=CARTESIAN_POINT('Ctrl Pts',(454.181097423188,49.7921505379755,7.24309419263827));
#4325=CARTESIAN_POINT('Ctrl Pts',(454.125694288801,49.8244753692414,7.24132218296033));
#4326=CARTESIAN_POINT('Ctrl Pts',(454.071307761658,49.8585888100187,7.23941322202309));
#4327=CARTESIAN_POINT('Ctrl Pts',(454.018025922196,49.894444649029,7.23735640616359));
#4328=CARTESIAN_POINT('Ctrl Pts',(453.810307376124,50.034228162935,7.22933793675288));
#4329=CARTESIAN_POINT('Ctrl Pts',(453.621256416845,50.1992249687884,7.21914900154841));
#4330=CARTESIAN_POINT('Ctrl Pts',(453.455064421945,50.3853707800545,7.20619460337221));
#4331=CARTESIAN_POINT('Ctrl Pts',(453.402976389481,50.4437127541433,7.20213442518399));
#4332=CARTESIAN_POINT('Ctrl Pts',(453.353133852857,50.5041320131576,7.19780229954146));
#4333=CARTESIAN_POINT('Ctrl Pts',(453.305665856825,50.5665027304166,7.1931797906223));
#4334=CARTESIAN_POINT('Ctrl Pts',(453.201331261694,50.7035934879228,7.18301952187511));
#4335=CARTESIAN_POINT('Ctrl Pts',(453.109206613082,50.8491396545728,7.17152500893079));
#4336=CARTESIAN_POINT('Ctrl Pts',(453.030157741114,51.0014592533347,7.15857896264321));
#4337=CARTESIAN_POINT('Ctrl Pts',(452.972898825773,51.1117916944319,7.1492015161355));
#4338=CARTESIAN_POINT('Ctrl Pts',(452.922500514768,51.2256778595905,7.13906318766464));
#4339=CARTESIAN_POINT('Ctrl Pts',(452.879291868036,51.3424766588231,7.12813672644073));
#4340=CARTESIAN_POINT('Ctrl Pts',(452.8266471092,51.4847825416267,7.11482409205916));
#4341=CARTESIAN_POINT('Ctrl Pts',(452.784971151416,51.6306104651358,7.10041441088656));
#4342=CARTESIAN_POINT('Ctrl Pts',(452.754499875327,51.7786900687024,7.08493473039342));
#4343=CARTESIAN_POINT('Ctrl Pts',(452.735476579994,51.8711365426551,7.07527072640476));
#4344=CARTESIAN_POINT('Ctrl Pts',(452.720820350503,51.9644606046553,7.06519066138466));
#4345=CARTESIAN_POINT('Ctrl Pts',(452.710588582323,52.0583533496572,7.05471149777673));
#4346=CARTESIAN_POINT('',(452.710588582322,52.058353349662,4.07267212794902));
#4347=CARTESIAN_POINT('',(452.710588582322,52.058353349662,13.3879740340523));
#4348=CARTESIAN_POINT('',(452.710588582318,52.7083533496716,4.07267212794902));
#4349=CARTESIAN_POINT('Origin',(455.692932459206,52.3833533496736,4.07267212794902));
#4350=CARTESIAN_POINT('',(452.710588582322,52.7083533496716,6.97682062101399));
#4351=CARTESIAN_POINT('Ctrl Pts',(452.710588582318,52.7083533496716,6.97682062101397));
#4352=CARTESIAN_POINT('Ctrl Pts',(452.710588582318,52.7083533496716,6.00877112332565));
#4353=CARTESIAN_POINT('Ctrl Pts',(452.710588582313,52.7083533496716,5.04072162563733));
#4354=CARTESIAN_POINT('Ctrl Pts',(452.710588582313,52.7083533496716,4.072672127949));
#4355=CARTESIAN_POINT('',(455.367932459266,55.3656429816936,6.54572699485736));
#4356=CARTESIAN_POINT('Ctrl Pts',(452.710588582316,52.7083533496815,6.97682062101231));
#4357=CARTESIAN_POINT('Ctrl Pts',(452.726977549006,52.8587475160359,6.95755927332841));
#4358=CARTESIAN_POINT('Ctrl Pts',(452.754680852716,53.0073375114441,6.93765539807395));
#4359=CARTESIAN_POINT('Ctrl Pts',(452.793309613409,53.1528884112892,6.91735556430568));
#4360=CARTESIAN_POINT('Ctrl Pts',(452.833344100425,53.3037360053,6.89631700606918));
#4361=CARTESIAN_POINT('Ctrl Pts',(452.885113682105,53.4513191432097,6.87485327348558));
#4362=CARTESIAN_POINT('Ctrl Pts',(452.9481854599,53.5942736681992,6.85329461087604));
#4363=CARTESIAN_POINT('Ctrl Pts',(452.978467226257,53.662908415414,6.84294395315043));
#4364=CARTESIAN_POINT('Ctrl Pts',(453.011354276794,53.7304763823834,6.83257220919947));
#4365=CARTESIAN_POINT('Ctrl Pts',(453.046798701692,53.7968275385618,6.82222001816452));
#4366=CARTESIAN_POINT('Ctrl Pts',(453.135846612964,53.9635232004332,6.79621195084843));
#4367=CARTESIAN_POINT('Ctrl Pts',(453.24030743923,54.1211714862497,6.77053727799028));
#4368=CARTESIAN_POINT('Ctrl Pts',(453.358651271912,54.2677595378279,6.74588523339477));
#4369=CARTESIAN_POINT('Ctrl Pts',(453.477306523918,54.4147333328035,6.72116831745855));
#4370=CARTESIAN_POINT('Ctrl Pts',(453.609917944158,54.550589026911,6.69748166547547));
#4371=CARTESIAN_POINT('Ctrl Pts',(453.754943514473,54.6733155666516,6.67555334102578));
#4372=CARTESIAN_POINT('Ctrl Pts',(453.890882329012,54.788352523849,6.65499896275959));
#4373=CARTESIAN_POINT('Ctrl Pts',(454.03666918342,54.8909522965139,6.63615487097851));
#4374=CARTESIAN_POINT('Ctrl Pts',(454.190533416028,54.9799723440659,6.61953948882781));
#4375=CARTESIAN_POINT('Ctrl Pts',(454.33628639309,55.0642995247826,6.60380001921585));
#4376=CARTESIAN_POINT('Ctrl Pts',(454.489287566275,55.1364414131352,6.59006136449944));
#4377=CARTESIAN_POINT('Ctrl Pts',(454.648031802634,55.1954231612918,6.57872125185909));
#4378=CARTESIAN_POINT('Ctrl Pts',(454.656866030883,55.1987055370034,6.57809016662576));
#4379=CARTESIAN_POINT('Ctrl Pts',(454.665718045403,55.2019471538596,6.57746649604706));
#4380=CARTESIAN_POINT('Ctrl Pts',(454.674587586784,55.2051478431083,6.57685030364818));
#4381=CARTESIAN_POINT('Ctrl Pts',(454.794088783121,55.2482714024795,6.56854821386929));
#4382=CARTESIAN_POINT('Ctrl Pts',(454.916278216689,55.2837861920156,6.56164020406622));
#4383=CARTESIAN_POINT('Ctrl Pts',(455.04043343108,55.3114513320792,6.55623731504648));
#4384=CARTESIAN_POINT('Ctrl Pts',(455.148481259293,55.3355273108106,6.55153537459621));
#4385=CARTESIAN_POINT('Ctrl Pts',(455.257811996825,55.35361234235,6.54798208549415));
#4386=CARTESIAN_POINT('Ctrl Pts',(455.367932459302,55.365612311649,6.54562154319156));
#4387=CARTESIAN_POINT('',(455.367932459201,55.3656972265662,4.07267212794902));
#4388=CARTESIAN_POINT('Ctrl Pts',(455.367932459201,55.3656972265617,4.07267212794902));
#4389=CARTESIAN_POINT('Ctrl Pts',(455.367932459203,55.3656972265662,4.89708591961823));
#4390=CARTESIAN_POINT('Ctrl Pts',(455.367932459201,55.3656972265617,5.72149971128743));
#4391=CARTESIAN_POINT('Ctrl Pts',(455.367932459201,55.3656972265617,6.54591350295664));
#4392=CARTESIAN_POINT('Origin',(455.692932459206,52.3833533496736,4.07267212794902));
#4393=CARTESIAN_POINT('Origin',(399.042932459204,50.3833533496754,13.3879740340523));
#4394=CARTESIAN_POINT('',(399.042932459206,50.3833533496754,7.20637125333121));
#4395=CARTESIAN_POINT('',(399.042932459199,51.8833533496718,7.07385628668197));
#4396=CARTESIAN_POINT('Ctrl Pts',(399.042932459204,50.3833533496936,7.20637125332974));
#4397=CARTESIAN_POINT('Ctrl Pts',(399.042932459204,50.8841494158923,7.17153694892323));
#4398=CARTESIAN_POINT('Ctrl Pts',(399.042932459204,51.3842365041591,7.12735703650378));
#4399=CARTESIAN_POINT('Ctrl Pts',(399.042932459204,51.8833533496718,7.07385628668245));
#4400=CARTESIAN_POINT('',(399.042932459204,51.8833533496718,0.200000000005095));
#4401=CARTESIAN_POINT('',(399.042932459204,51.8833533496718,13.3879740340523));
#4402=CARTESIAN_POINT('',(399.042932459204,50.3833533496754,0.200000000005099));
#4403=CARTESIAN_POINT('',(399.042932459204,55.8793671041713,0.200000000005099));
#4404=CARTESIAN_POINT('',(399.042932459204,50.3833533496754,13.3879740340523));
#4405=CARTESIAN_POINT('Ctrl Pts',(400.542932459172,54.383353350122,6.72645129503336));
#4406=CARTESIAN_POINT('Ctrl Pts',(400.542932459202,53.0580660408833,6.95308972505511));
#4407=CARTESIAN_POINT('Ctrl Pts',(400.542932459232,51.7213875424151,7.11330045362875));
#4408=CARTESIAN_POINT('Ctrl Pts',(400.542932459262,50.3833533491986,7.20637125336117));
#4409=CARTESIAN_POINT('Ctrl Pts',(399.209599125828,54.3833533500923,6.72645129503809));
#4410=CARTESIAN_POINT('Ctrl Pts',(399.209599125858,53.0580660408536,6.95308972505984));
#4411=CARTESIAN_POINT('Ctrl Pts',(399.209599125888,51.7213875423854,7.11330045363348));
#4412=CARTESIAN_POINT('Ctrl Pts',(399.209599125918,50.3833533491688,7.2063712533659));
#4413=CARTESIAN_POINT('Ctrl Pts',(397.876265792485,54.3833533500625,6.72645129504282));
#4414=CARTESIAN_POINT('Ctrl Pts',(397.876265792515,53.0580660408238,6.95308972506456));
#4415=CARTESIAN_POINT('Ctrl Pts',(397.876265792545,51.7213875423556,7.1133004536382));
#4416=CARTESIAN_POINT('Ctrl Pts',(397.876265792575,50.3833533491391,7.20637125337063));
#4417=CARTESIAN_POINT('Ctrl Pts',(396.542932459141,54.3833533500328,6.72645129504755));
#4418=CARTESIAN_POINT('Ctrl Pts',(396.542932459171,53.0580660407941,6.95308972506929));
#4419=CARTESIAN_POINT('Ctrl Pts',(396.542932459201,51.7213875423259,7.11330045364293));
#4420=CARTESIAN_POINT('Ctrl Pts',(396.542932459231,50.3833533491094,7.20637125337536));
#4421=CARTESIAN_POINT('',(398.042932459202,50.3833533496754,7.20637125333282));
#4422=CARTESIAN_POINT('Ctrl Pts',(398.042932459221,50.3833533496754,7.20637125333344));
#4423=CARTESIAN_POINT('Ctrl Pts',(398.209599125896,50.3833533496754,7.20637125333311));
#4424=CARTESIAN_POINT('Ctrl Pts',(398.376265792572,50.3833533496754,7.20637125333278));
#4425=CARTESIAN_POINT('Ctrl Pts',(398.7095991259,50.3833533496754,7.20637125333211));
#4426=CARTESIAN_POINT('Ctrl Pts',(398.876265792553,50.3833533496754,7.20637125333177));
#4427=CARTESIAN_POINT('Ctrl Pts',(399.042932459206,50.3833533496754,7.20637125333143));
#4428=CARTESIAN_POINT('',(398.042932459202,51.8833533496718,7.07385628668395));
#4429=CARTESIAN_POINT('Ctrl Pts',(398.042932459202,51.8833533496809,7.07385628668263));
#4430=CARTESIAN_POINT('Ctrl Pts',(398.042932459202,51.3842365041638,7.12735703650483));
#4431=CARTESIAN_POINT('Ctrl Pts',(398.042932459202,50.884149415906,7.171536948924));
#4432=CARTESIAN_POINT('Ctrl Pts',(398.042932459202,50.3833533496936,7.20637125333173));
#4433=CARTESIAN_POINT('',(396.542932459204,51.8833533496718,7.07385628668383));
#4434=CARTESIAN_POINT('Ctrl Pts',(396.542932459197,51.8833533496809,7.07385628668494));
#4435=CARTESIAN_POINT('Ctrl Pts',(397.042932459196,51.8833533496809,7.07385628668436));
#4436=CARTESIAN_POINT('Ctrl Pts',(397.542932459196,51.8833533496718,7.07385628668378));
#4437=CARTESIAN_POINT('Ctrl Pts',(398.0429324592,51.8833533496718,7.0738562866832));
#4438=CARTESIAN_POINT('',(396.542932459206,52.8833533496754,6.95401869650587));
#4439=CARTESIAN_POINT('Ctrl Pts',(396.542932459175,52.8833518892905,6.95399103507452));
#4440=CARTESIAN_POINT('Ctrl Pts',(396.542932459183,52.5504419216882,6.99810412977058));
#4441=CARTESIAN_POINT('Ctrl Pts',(396.54293245919,52.2170565310301,7.03805373741352));
#4442=CARTESIAN_POINT('Ctrl Pts',(396.542932459198,51.8833522404229,7.07382874942823));
#4443=CARTESIAN_POINT('',(398.042932459202,52.8833533496754,6.95401869650441));
#4444=CARTESIAN_POINT('Ctrl Pts',(398.042932459202,52.8833533496754,6.95401869650393));
#4445=CARTESIAN_POINT('Ctrl Pts',(397.542932459191,52.8833533496754,6.95401869650416));
#4446=CARTESIAN_POINT('Ctrl Pts',(397.042932459181,52.8833533496754,6.95401869650434));
#4447=CARTESIAN_POINT('Ctrl Pts',(396.54293245917,52.8833533496754,6.95401869650463));
#4448=CARTESIAN_POINT('',(398.042932459207,54.3833533496718,6.72645129510937));
#4449=CARTESIAN_POINT('Ctrl Pts',(398.042932459202,54.3833533496718,6.72645129510967));
#4450=CARTESIAN_POINT('Ctrl Pts',(398.042932459202,53.8848139062248,6.81170691928442));
#4451=CARTESIAN_POINT('Ctrl Pts',(398.042932459202,53.3847253914884,6.88757574398143));
#4452=CARTESIAN_POINT('Ctrl Pts',(398.042932459202,52.8833533496664,6.95401869650525));
#4453=CARTESIAN_POINT('',(399.042932459206,54.3833533496718,6.72645129510948));
#4454=CARTESIAN_POINT('Ctrl Pts',(399.042932459192,54.3833533496718,6.72645129511037));
#4455=CARTESIAN_POINT('Ctrl Pts',(398.87626579251,54.3833533496718,6.72645129511032));
#4456=CARTESIAN_POINT('Ctrl Pts',(398.709599125832,54.3833533496718,6.72645129511028));
#4457=CARTESIAN_POINT('Ctrl Pts',(398.376265792504,54.3833533496718,6.72645129511019));
#4458=CARTESIAN_POINT('Ctrl Pts',(398.209599125857,54.3833533496718,6.72645129511013));
#4459=CARTESIAN_POINT('Ctrl Pts',(398.042932459207,54.3833533496718,6.72645129511006));
#4460=CARTESIAN_POINT('',(399.042932459206,52.8833533496754,6.95401869650275));
#4461=CARTESIAN_POINT('Ctrl Pts',(399.042932459204,52.8833533496665,6.95401869650465));
#4462=CARTESIAN_POINT('Ctrl Pts',(399.042932459204,53.3847253914885,6.88757574398111));
#4463=CARTESIAN_POINT('Ctrl Pts',(399.042932459204,53.88481390622,6.81170691928516));
#4464=CARTESIAN_POINT('Ctrl Pts',(399.042932459204,54.383353349667,6.72645129511076));
#4465=CARTESIAN_POINT('',(400.542932459207,52.8833533496754,6.95401869650329));
#4466=CARTESIAN_POINT('Ctrl Pts',(400.542932459202,52.8833533496754,6.95401869650249));
#4467=CARTESIAN_POINT('Ctrl Pts',(400.04293245921,52.8833533496754,6.95401869650278));
#4468=CARTESIAN_POINT('Ctrl Pts',(399.542932459215,52.88335334968,6.95401869650307));
#4469=CARTESIAN_POINT('Ctrl Pts',(399.042932459222,52.88335334968,6.95401869650336));
#4470=CARTESIAN_POINT('',(400.542932459207,51.8833533496718,7.07385628668047));
#4471=CARTESIAN_POINT('Ctrl Pts',(400.542932459228,51.8833522404121,7.07382874942476));
#4472=CARTESIAN_POINT('Ctrl Pts',(400.542932459221,52.2170565310204,7.03805373741078));
#4473=CARTESIAN_POINT('Ctrl Pts',(400.542932459213,52.5504419216795,6.99810412976854));
#4474=CARTESIAN_POINT('Ctrl Pts',(400.542932459206,52.8833518892829,6.95399103507315));
#4475=CARTESIAN_POINT('Ctrl Pts',(399.042932459199,51.8833533496718,7.07385628668195));
#4476=CARTESIAN_POINT('Ctrl Pts',(399.542932459208,51.8833533496718,7.07385628668121));
#4477=CARTESIAN_POINT('Ctrl Pts',(400.042932459219,51.8833533496718,7.07385628668029));
#4478=CARTESIAN_POINT('Ctrl Pts',(400.54293245923,51.8833533496718,7.07385628667971));
#4479=CARTESIAN_POINT('Origin',(396.542932459204,52.8833533496754,13.3879740340523));
#4480=CARTESIAN_POINT('',(396.542932459204,51.8833533496718,0.200000000005095));
#4481=CARTESIAN_POINT('',(396.542932459204,51.8833533496718,13.3879740340523));
#4482=CARTESIAN_POINT('',(396.542932459204,52.8833533496754,0.200000000005095));
#4483=CARTESIAN_POINT('',(396.542932459204,57.1293671041713,0.200000000005099));
#4484=CARTESIAN_POINT('',(396.542932459204,52.8833533496754,13.3879740340523));
#4485=CARTESIAN_POINT('Origin',(398.042932459202,51.8833533496718,13.3879740340523));
#4486=CARTESIAN_POINT('',(398.042932459202,50.3833533496754,0.200000000005099));
#4487=CARTESIAN_POINT('',(398.042932459202,50.3833533496754,13.3879740340523));
#4488=CARTESIAN_POINT('',(398.042932459202,51.8833533496718,0.200000000005095));
#4489=CARTESIAN_POINT('',(398.042932459202,56.629367104174,0.200000000005099));
#4490=CARTESIAN_POINT('',(398.042932459202,51.8833533496718,13.3879740340523));
#4491=CARTESIAN_POINT('Origin',(389.542932459203,61.3753808586716,0.200000000005095));
#4492=CARTESIAN_POINT('',(398.542932459204,55.3833533496754,0.200000000005092));
#4493=CARTESIAN_POINT('Origin',(398.542932459204,52.3833533496736,0.200000000005092));
#4494=CARTESIAN_POINT('',(400.542932459202,51.8833533496718,0.200000000005095));
#4495=CARTESIAN_POINT('',(400.542932459202,52.8833533496754,0.200000000005095));
#4496=CARTESIAN_POINT('',(400.542932459202,56.629367104174,0.200000000005099));
#4497=CARTESIAN_POINT('',(399.042932459204,52.8833533496754,0.200000000005095));
#4498=CARTESIAN_POINT('',(395.042932459203,52.8833533496754,0.200000000005099));
#4499=CARTESIAN_POINT('',(399.042932459204,54.3833533496718,0.200000000005095));
#4500=CARTESIAN_POINT('',(399.042932459204,57.1293671041713,0.200000000005099));
#4501=CARTESIAN_POINT('',(398.042932459202,54.3833533496718,0.200000000005095));
#4502=CARTESIAN_POINT('',(394.292932459202,54.3833533496718,0.200000000005099));
#4503=CARTESIAN_POINT('',(398.042932459202,52.8833533496754,0.200000000005095));
#4504=CARTESIAN_POINT('',(398.042932459202,57.879367104174,0.200000000005099));
#4505=CARTESIAN_POINT('',(393.792932459203,52.8833533496754,0.200000000005099));
#4506=CARTESIAN_POINT('',(393.042932459202,51.8833533496718,0.200000000005099));
#4507=CARTESIAN_POINT('',(393.792932459203,50.3833533496754,0.200000000005099));
#4508=CARTESIAN_POINT('',(393.042932459202,51.8833533496718,0.200000000005099));
#4509=CARTESIAN_POINT('Origin',(400.542932459202,51.8833533496718,13.3879740340523));
#4510=CARTESIAN_POINT('',(400.542932459202,52.8833533496754,13.3879740340523));
#4511=CARTESIAN_POINT('',(400.542932459202,51.8833533496718,13.3879740340523));
#4512=CARTESIAN_POINT('Origin',(398.042932459202,50.3833533496754,13.3879740340523));
#4513=CARTESIAN_POINT('Origin',(398.542932459204,52.3833533496736,13.3879740340523));
#4514=CARTESIAN_POINT('',(398.542932459204,55.3833533496736,4.07267212794902));
#4515=CARTESIAN_POINT('',(398.542932459204,55.3833533496736,13.3879740340523));
#4516=CARTESIAN_POINT('',(398.867932459204,55.3656972265662,4.07267212794902));
#4517=CARTESIAN_POINT('Origin',(398.542932459204,52.3833533496736,4.07267212794902));
#4518=CARTESIAN_POINT('',(398.8679324592,55.3656429816809,6.54572699481054));
#4519=CARTESIAN_POINT('',(398.867932459204,55.3656972265617,13.3879740340523));
#4520=CARTESIAN_POINT('',(401.525276336079,52.7083533496943,6.97682062104716));
#4521=CARTESIAN_POINT('Ctrl Pts',(398.867932459197,55.3656123116307,6.54562154314773));
#4522=CARTESIAN_POINT('Ctrl Pts',(399.016898115706,55.3493793312657,6.54881477105547));
#4523=CARTESIAN_POINT('Ctrl Pts',(399.164273739706,55.322027300508,6.55418945669871));
#4524=CARTESIAN_POINT('Ctrl Pts',(399.30885370267,55.2838510879125,6.56161757363729));
#4525=CARTESIAN_POINT('Ctrl Pts',(399.357305593028,55.2710574086983,6.56410689719289));
#4526=CARTESIAN_POINT('Ctrl Pts',(399.405443512234,55.257048016586,6.56682640434563));
#4527=CARTESIAN_POINT('Ctrl Pts',(399.453222084794,55.2418337629726,6.56977000775859));
#4528=CARTESIAN_POINT('Ctrl Pts',(399.615462552261,55.190171114087,6.57976552600389));
#4529=CARTESIAN_POINT('Ctrl Pts',(399.772556077308,55.1249379353865,6.59228733440518));
#4530=CARTESIAN_POINT('Ctrl Pts',(399.922923505305,55.0470411238993,6.60696268038581));
#4531=CARTESIAN_POINT('Ctrl Pts',(400.060495662387,54.9757728144731,6.62038925174754));
#4532=CARTESIAN_POINT('Ctrl Pts',(400.192437712054,54.8939039862157,6.63561701951703));
#4533=CARTESIAN_POINT('Ctrl Pts',(400.317540296016,54.8021246475867,6.65232282129235));
#4534=CARTESIAN_POINT('Ctrl Pts',(400.521630859692,54.6523971490705,6.67957642703726));
#4535=CARTESIAN_POINT('Ctrl Pts',(400.705407317145,54.4778491072661,6.71047444884459));
#4536=CARTESIAN_POINT('Ctrl Pts',(400.864862221876,54.2829542290442,6.74332692331873));
#4537=CARTESIAN_POINT('Ctrl Pts',(400.922711686135,54.212247314691,6.75524564134829));
#4538=CARTESIAN_POINT('Ctrl Pts',(400.977359940022,54.1388626951234,6.76742167944204));
#4539=CARTESIAN_POINT('Ctrl Pts',(401.028615623121,54.0630155057552,6.77977596468367));
#4540=CARTESIAN_POINT('Ctrl Pts',(401.121324984881,53.9258259475907,6.80212193357001));
#4541=CARTESIAN_POINT('Ctrl Pts',(401.202418333515,53.7813442467256,6.82492319036907));
#4542=CARTESIAN_POINT('Ctrl Pts',(401.271142171236,53.6310834639417,6.84772597803997));
#4543=CARTESIAN_POINT('Ctrl Pts',(401.310407382645,53.5452323008209,6.86075429991927));
#4544=CARTESIAN_POINT('Ctrl Pts',(401.345634712261,53.4574948773744,6.87378391686848));
#4545=CARTESIAN_POINT('Ctrl Pts',(401.376683625378,53.3681554584557,6.88673774303937));
#4546=CARTESIAN_POINT('Ctrl Pts',(401.426096228775,53.2259767851456,6.9073530306868));
#4547=CARTESIAN_POINT('Ctrl Pts',(401.464715820149,53.0803452104511,6.92768582540921));
#4548=CARTESIAN_POINT('Ctrl Pts',(401.492244423305,52.9324973945324,6.94747028945455));
#4549=CARTESIAN_POINT('Ctrl Pts',(401.506061787262,52.8582885045561,6.95740065674783));
#4550=CARTESIAN_POINT('Ctrl Pts',(401.517084984676,52.7835214214176,6.96719366276949));
#4551=CARTESIAN_POINT('Ctrl Pts',(401.52527633609,52.7083533497051,6.97682062104461));
#4552=CARTESIAN_POINT('',(401.525276336088,52.7083533496989,4.07267212794902));
#4553=CARTESIAN_POINT('Ctrl Pts',(401.525276336088,52.7083533496943,4.072672127949));
#4554=CARTESIAN_POINT('Ctrl Pts',(401.525276336088,52.7083533496943,5.04072162564839));
#4555=CARTESIAN_POINT('Ctrl Pts',(401.525276336088,52.7083533496943,6.00877112334777));
#4556=CARTESIAN_POINT('Ctrl Pts',(401.525276336088,52.7083533496943,6.97682062104716));
#4557=CARTESIAN_POINT('',(401.525276336095,52.0583533496847,4.07267212794902));
#4558=CARTESIAN_POINT('Origin',(398.542932459204,52.3833533496736,4.07267212794902));
#4559=CARTESIAN_POINT('',(401.525276336088,52.0583533496892,7.05471149782743));
#4560=CARTESIAN_POINT('',(401.52527633609,52.0583533496892,13.3879740340523));
#4561=CARTESIAN_POINT('',(398.867932459203,49.4010130336402,7.26263865289092));
#4562=CARTESIAN_POINT('Ctrl Pts',(401.525276336094,52.0583533496838,7.05471149782788));
#4563=CARTESIAN_POINT('Ctrl Pts',(401.508853197928,51.9076421963979,7.0715320395344));
#4564=CARTESIAN_POINT('Ctrl Pts',(401.481052189431,51.7585873438363,7.08730033192896));
#4565=CARTESIAN_POINT('Ctrl Pts',(401.442194076296,51.6124457771046,7.10196463755217));
#4566=CARTESIAN_POINT('Ctrl Pts',(401.401970163999,51.4611675731752,7.11714436954877));
#4567=CARTESIAN_POINT('Ctrl Pts',(401.349898208724,51.3130112163792,7.13114124938217));
#4568=CARTESIAN_POINT('Ctrl Pts',(401.286334002094,51.169371105619,7.14395432317069));
#4569=CARTESIAN_POINT('Ctrl Pts',(401.260070797156,51.1100224585394,7.14924837780666));
#4570=CARTESIAN_POINT('Ctrl Pts',(401.231845699298,51.051444786865,7.15434097849941));
#4571=CARTESIAN_POINT('Ctrl Pts',(401.201683804318,50.9937363526561,7.1592346053701));
#4572=CARTESIAN_POINT('Ctrl Pts',(401.113135261104,50.8243173627805,7.17360119376614));
#4573=CARTESIAN_POINT('Ctrl Pts',(401.008717663668,50.6639780390231,7.18611468150103));
#4574=CARTESIAN_POINT('Ctrl Pts',(400.889970876721,50.5148222939433,7.19697666046456));
#4575=CARTESIAN_POINT('Ctrl Pts',(400.794733505763,50.3951963117179,7.20568819150031));
#4576=CARTESIAN_POINT('Ctrl Pts',(400.690279069001,50.2827638102366,7.21333920003484));
#4577=CARTESIAN_POINT('Ctrl Pts',(400.577401966294,50.1786048664046,7.2200510239493));
#4578=CARTESIAN_POINT('Ctrl Pts',(400.435435904687,50.0476036741135,7.22849251637323));
#4579=CARTESIAN_POINT('Ctrl Pts',(400.281445116569,49.9308949756938,7.23537579547408));
#4580=CARTESIAN_POINT('Ctrl Pts',(400.117711914062,49.8299159983378,7.24100619756838));
#4581=CARTESIAN_POINT('Ctrl Pts',(399.97298842347,49.7406608573178,7.24598290010671));
#4582=CARTESIAN_POINT('Ctrl Pts',(399.820653417261,49.6636946380362,7.24998124653115));
#4583=CARTESIAN_POINT('Ctrl Pts',(399.662282988484,49.6000045343486,7.25316840696342));
#4584=CARTESIAN_POINT('Ctrl Pts',(399.641480724702,49.5916387153793,7.25358704668386));
#4585=CARTESIAN_POINT('Ctrl Pts',(399.620574329762,49.5835019490424,7.25399161656487));
#4586=CARTESIAN_POINT('Ctrl Pts',(399.5995673755,49.5755964688995,7.25438242457205));
#4587=CARTESIAN_POINT('Ctrl Pts',(399.456619356046,49.5218012963511,7.25704179298474));
#4588=CARTESIAN_POINT('Ctrl Pts',(399.309806337926,49.4790145820578,7.25905332160819));
#4589=CARTESIAN_POINT('Ctrl Pts',(399.16041830996,49.4475933428428,7.2605066959));
#4590=CARTESIAN_POINT('Ctrl Pts',(399.12860901596,49.4409027970899,7.26081616387257));
#4591=CARTESIAN_POINT('Ctrl Pts',(399.096682972369,49.4347275549647,7.26110013804573));
#4592=CARTESIAN_POINT('Ctrl Pts',(399.064652632953,49.4290710628388,7.26135917358425));
#4593=CARTESIAN_POINT('Ctrl Pts',(398.999407366093,49.4175488827755,7.26188682465336));
#4594=CARTESIAN_POINT('Ctrl Pts',(398.933797874573,49.4081912072841,7.26231057839785));
#4595=CARTESIAN_POINT('Ctrl Pts',(398.867932459203,49.401013532791,7.26263427284289));
#4596=CARTESIAN_POINT('',(398.867932459204,49.4010094727855,4.07267212794902));
#4597=CARTESIAN_POINT('',(398.867932459204,49.4010094727855,13.3879740340523));
#4598=CARTESIAN_POINT('',(398.217932459202,49.4010094727855,4.07267212794902));
#4599=CARTESIAN_POINT('Origin',(398.542932459204,52.3833533496736,4.07267212794902));
#4600=CARTESIAN_POINT('',(398.217932459229,49.4010132820341,7.26263647299419));
#4601=CARTESIAN_POINT('',(398.217932459202,49.4010094727855,13.3879740340523));
#4602=CARTESIAN_POINT('',(395.560588582316,52.0583533496892,7.05471149783369));
#4603=CARTESIAN_POINT('Ctrl Pts',(398.21793245921,49.4010135327625,7.26263427284585));
#4604=CARTESIAN_POINT('Ctrl Pts',(398.067083591548,49.4174524721532,7.26189291945029));
#4605=CARTESIAN_POINT('Ctrl Pts',(397.918017609,49.4452793733876,7.26063239379984));
#4606=CARTESIAN_POINT('Ctrl Pts',(397.771983992951,49.4841123266103,7.25880096151365));
#4607=CARTESIAN_POINT('Ctrl Pts',(397.620614738492,49.5243641216199,7.25690261408345));
#4608=CARTESIAN_POINT('Ctrl Pts',(397.472503486098,49.5764410117155,7.25439074021366));
#4609=CARTESIAN_POINT('Ctrl Pts',(397.329041739219,49.6399174245602,7.25115130096306));
#4610=CARTESIAN_POINT('Ctrl Pts',(397.261244465088,49.6699151616303,7.2496204040119));
#4611=CARTESIAN_POINT('Ctrl Pts',(397.194485577386,49.7024587719451,7.24792623300804));
#4612=CARTESIAN_POINT('Ctrl Pts',(397.128911939196,49.7375032119303,7.24605276215075));
#4613=CARTESIAN_POINT('Ctrl Pts',(396.953782672005,49.8310973339456,7.24104923348589));
#4614=CARTESIAN_POINT('Ctrl Pts',(396.788863908049,49.9415849081577,7.23482072130023));
#4615=CARTESIAN_POINT('Ctrl Pts',(396.636380903839,50.0670962767341,7.22708157959689));
#4616=CARTESIAN_POINT('Ctrl Pts',(396.484253931793,50.1923145891467,7.21936050799512));
#4617=CARTESIAN_POINT('Ctrl Pts',(396.344504714846,50.3324868957712,7.2101330913998));
#4618=CARTESIAN_POINT('Ctrl Pts',(396.219342958639,50.4857447036014,7.19908362678446));
#4619=CARTESIAN_POINT('Ctrl Pts',(396.108187715223,50.6218518456787,7.18927067779627));
#4620=CARTESIAN_POINT('Ctrl Pts',(396.009449994218,50.7671585550549,7.17809749481993));
#4621=CARTESIAN_POINT('Ctrl Pts',(395.924093071447,50.9199047717557,7.16542719236052));
#4622=CARTESIAN_POINT('Ctrl Pts',(395.855149502877,51.0432792904591,7.15519327297764));
#4623=CARTESIAN_POINT('Ctrl Pts',(395.794935488002,51.1715071136817,7.14398299960042));
#4624=CARTESIAN_POINT('Ctrl Pts',(395.743958619895,51.3036576537826,7.13174928945346));
#4625=CARTESIAN_POINT('Ctrl Pts',(395.689243388183,51.4454993888871,7.11861842617673));
#4626=CARTESIAN_POINT('Ctrl Pts',(395.64549838623,51.5910066437808,7.10438594924758));
#4627=CARTESIAN_POINT('Ctrl Pts',(395.612968332541,51.7389039113971,7.08907384661649));
#4628=CARTESIAN_POINT('Ctrl Pts',(395.58978057136,51.8443266246065,7.07815922033348));
#4629=CARTESIAN_POINT('Ctrl Pts',(395.57229111073,51.9509636678096,7.06669702500639));
#4630=CARTESIAN_POINT('Ctrl Pts',(395.560588582318,52.0583533496777,7.05471149783487));
#4631=CARTESIAN_POINT('',(395.560588582321,52.0583533496847,4.07267212794902));
#4632=CARTESIAN_POINT('',(395.560588582316,52.0583533496892,13.3879740340523));
#4633=CARTESIAN_POINT('',(395.560588582321,52.7083533496989,4.07267212794902));
#4634=CARTESIAN_POINT('Origin',(398.542932459204,52.3833533496736,4.07267212794902));
#4635=CARTESIAN_POINT('',(395.560588582327,52.7083533496989,6.97682062105015));
#4636=CARTESIAN_POINT('Ctrl Pts',(395.560588582321,52.7083533496943,6.97682062105014));
#4637=CARTESIAN_POINT('Ctrl Pts',(395.560588582321,52.7083533496943,6.00877112334975));
#4638=CARTESIAN_POINT('Ctrl Pts',(395.560588582321,52.7083533496852,5.04072162564937));
#4639=CARTESIAN_POINT('Ctrl Pts',(395.560588582321,52.7083533496852,4.07267212794899));
#4640=CARTESIAN_POINT('',(398.217932459267,55.3656429816893,6.54572699480954));
#4641=CARTESIAN_POINT('Ctrl Pts',(395.560588582315,52.7083533496937,6.97682062105019));
#4642=CARTESIAN_POINT('Ctrl Pts',(395.576909061388,52.8581184985195,6.9576398331704));
#4643=CARTESIAN_POINT('Ctrl Pts',(395.604470993124,53.0062908854115,6.93779665385249));
#4644=CARTESIAN_POINT('Ctrl Pts',(395.64297616962,53.1516292871483,6.91753115273438));
#4645=CARTESIAN_POINT('Ctrl Pts',(395.662389189745,53.2249040406939,6.90731396593334));
#4646=CARTESIAN_POINT('Ctrl Pts',(395.684583806078,53.2974585733461,6.89699027374693));
#4647=CARTESIAN_POINT('Ctrl Pts',(395.709521802982,53.3691346881414,6.88659574669089));
#4648=CARTESIAN_POINT('Ctrl Pts',(395.765370943808,53.529654775002,6.86331699629158));
#4649=CARTESIAN_POINT('Ctrl Pts',(395.834669494223,53.6848803995808,6.83980805601334));
#4650=CARTESIAN_POINT('Ctrl Pts',(395.91654721463,53.8331941139696,6.81652902624485));
#4651=CARTESIAN_POINT('Ctrl Pts',(395.997229275692,53.9793420050069,6.79358993986244));
#4652=CARTESIAN_POINT('Ctrl Pts',(396.09012580229,54.1187784956075,6.77087529447324));
#4653=CARTESIAN_POINT('Ctrl Pts',(396.194404125106,54.2499703366003,6.74887279339548));
#4654=CARTESIAN_POINT('Ctrl Pts',(396.352802326632,54.4492500249085,6.71545111470268));
#4655=CARTESIAN_POINT('Ctrl Pts',(396.535879392693,54.6275062094462,6.6840149408613));
#4656=CARTESIAN_POINT('Ctrl Pts',(396.739173878035,54.7804679810468,6.65625870396703));
#4657=CARTESIAN_POINT('Ctrl Pts',(396.822243265425,54.8429706143061,6.64491706038441));
#4658=CARTESIAN_POINT('Ctrl Pts',(396.908688296024,54.9012503336099,6.63418972643858));
#4659=CARTESIAN_POINT('Ctrl Pts',(396.998204585848,54.9550167907196,6.62418927666943));
#4660=CARTESIAN_POINT('Ctrl Pts',(397.139370427271,55.0398056841502,6.60841871793604));
#4661=CARTESIAN_POINT('Ctrl Pts',(397.287332687812,55.1128615198824,6.59455384363783));
#4662=CARTESIAN_POINT('Ctrl Pts',(397.440613319597,55.1734168925634,6.58294596163922));
#4663=CARTESIAN_POINT('Ctrl Pts',(397.493061463965,55.1941371681239,6.57897408428076));
#4664=CARTESIAN_POINT('Ctrl Pts',(397.546132287508,55.2133938233433,6.5752660304115));
#4665=CARTESIAN_POINT('Ctrl Pts',(397.599766577229,55.2311559013039,6.57183443606429));
#4666=CARTESIAN_POINT('Ctrl Pts',(397.742027986397,55.2782686393229,6.56273235882843));
#4667=CARTESIAN_POINT('Ctrl Pts',(397.887608840168,55.3146530344746,6.55562030771636));
#4668=CARTESIAN_POINT('Ctrl Pts',(398.035299642811,55.3400088043464,6.55064949551757));
#4669=CARTESIAN_POINT('Ctrl Pts',(398.095850378235,55.3504042418787,6.5486115464449));
#4670=CARTESIAN_POINT('Ctrl Pts',(398.156755766852,55.3589458083004,6.54693292676267));
#4671=CARTESIAN_POINT('Ctrl Pts',(398.217932459305,55.3656123116435,6.54562154314476));
#4672=CARTESIAN_POINT('',(398.217932459202,55.3656972265662,4.07267212794902));
#4673=CARTESIAN_POINT('',(398.217932459202,55.3656972265617,13.3879740340523));
#4674=CARTESIAN_POINT('Origin',(398.542932459204,52.3833533496736,4.07267212794902));
#4675=CARTESIAN_POINT('Origin',(399.042932459204,54.3833533496718,13.3879740340523));
#4676=CARTESIAN_POINT('',(398.042932459202,54.3833533496718,13.3879740340523));
#4677=CARTESIAN_POINT('',(399.042932459204,54.3833533496718,13.3879740340523));
#4678=CARTESIAN_POINT('Origin',(455.692932459197,52.7083533496625,4.07267212794902));
#4679=CARTESIAN_POINT('Ctrl Pts',(455.367932459196,55.3656972265981,4.07267212794902));
#4680=CARTESIAN_POINT('Ctrl Pts',(455.367932459196,56.9182051079633,4.07267212794902));
#4681=CARTESIAN_POINT('Ctrl Pts',(455.367932459201,58.4707129893241,4.07267212794902));
#4682=CARTESIAN_POINT('Ctrl Pts',(455.367932459201,60.0232208706893,4.07267212794902));
#4683=CARTESIAN_POINT('',(456.017932459201,52.5458533496658,4.07267212794902));
#4684=CARTESIAN_POINT('Ctrl Pts',(455.367932459183,-22.8166466503399,2.94767212794901));
#4685=CARTESIAN_POINT('Ctrl Pts',(455.367932459183,-22.8166466503399,4.82267212794902));
#4686=CARTESIAN_POINT('Ctrl Pts',(455.367932459183,-22.8166466503399,7.82267212794902));
#4687=CARTESIAN_POINT('Ctrl Pts',(455.367932459183,-22.8166466503399,15.322672127949));
#4688=CARTESIAN_POINT('Ctrl Pts',(455.367932459196,43.383353349659,2.94767212794901));
#4689=CARTESIAN_POINT('Ctrl Pts',(455.367932459196,43.383353349659,4.82267212794902));
#4690=CARTESIAN_POINT('Ctrl Pts',(455.367932459196,43.383353349659,7.82267212794902));
#4691=CARTESIAN_POINT('Ctrl Pts',(455.367932459196,43.383353349659,15.322672127949));
#4692=CARTESIAN_POINT('Ctrl Pts',(455.367932459201,61.3833533496609,2.94767212794901));
#4693=CARTESIAN_POINT('Ctrl Pts',(455.367932459201,61.3833533496609,4.82267212794902));
#4694=CARTESIAN_POINT('Ctrl Pts',(455.367932459201,61.3833533496609,7.82267212794902));
#4695=CARTESIAN_POINT('Ctrl Pts',(455.367932459201,61.3833533496609,15.322672127949));
#4696=CARTESIAN_POINT('Ctrl Pts',(455.367932459201,64.0833533496561,2.94767212794901));
#4697=CARTESIAN_POINT('Ctrl Pts',(455.367932459201,64.0833533496561,4.82267212794902));
#4698=CARTESIAN_POINT('Ctrl Pts',(455.367932459201,64.0833533496561,7.82267212794902));
#4699=CARTESIAN_POINT('Ctrl Pts',(455.367932459201,64.0833533496561,15.322672127949));
#4700=CARTESIAN_POINT('Ctrl Pts',(455.367932459302,55.3656123116515,6.54562154319108));
#4701=CARTESIAN_POINT('Ctrl Pts',(455.367932459267,56.9040360029758,6.24299458537949));
#4702=CARTESIAN_POINT('Ctrl Pts',(455.367932459232,58.4237223329226,5.85117681540678));
#4703=CARTESIAN_POINT('Ctrl Pts',(455.367932459198,59.9093333606735,5.37441232822954));
#4704=CARTESIAN_POINT('Origin',(456.017932459201,52.38335334966,6.32267212794902));
#4705=CARTESIAN_POINT('Ctrl Pts',(456.017932459091,59.909333360251,5.37441232836748));
#4706=CARTESIAN_POINT('Ctrl Pts',(456.017932459125,58.4237223326286,5.85117681548484));
#4707=CARTESIAN_POINT('Ctrl Pts',(456.01793245916,56.9040360028179,6.24299458541241));
#4708=CARTESIAN_POINT('Ctrl Pts',(456.017932459195,55.3656123116333,6.54562154319515));
#4709=CARTESIAN_POINT('Ctrl Pts',(455.367932459198,59.9093333606735,5.37441232822954));
#4710=CARTESIAN_POINT('Ctrl Pts',(455.367932459252,57.5733786826745,6.12407035669177));
#4711=CARTESIAN_POINT('Ctrl Pts',(455.367932459308,55.1531762545343,6.66370618886629));
#4712=CARTESIAN_POINT('Ctrl Pts',(455.367932459363,52.7083533497364,6.97682062100345));
#4713=CARTESIAN_POINT('Ctrl Pts',(449.23459912581,59.9093333605367,5.37441232825129));
#4714=CARTESIAN_POINT('Ctrl Pts',(449.234599125865,57.5733786825377,6.12407035671353));
#4715=CARTESIAN_POINT('Ctrl Pts',(449.23459912592,55.1531762543975,6.66370618888804));
#4716=CARTESIAN_POINT('Ctrl Pts',(449.234599125975,52.7083533495996,6.97682062102521));
#4717=CARTESIAN_POINT('Ctrl Pts',(443.101265792423,59.9093333603999,5.37441232827305));
#4718=CARTESIAN_POINT('Ctrl Pts',(443.101265792477,57.5733786824009,6.12407035673528));
#4719=CARTESIAN_POINT('Ctrl Pts',(443.101265792533,55.1531762542607,6.6637061889098));
#4720=CARTESIAN_POINT('Ctrl Pts',(443.101265792588,52.7083533494628,6.97682062104696));
#4721=CARTESIAN_POINT('Ctrl Pts',(436.967932459035,59.9093333602631,5.3744123282948));
#4722=CARTESIAN_POINT('Ctrl Pts',(436.96793245909,57.5733786822641,6.12407035675703));
#4723=CARTESIAN_POINT('Ctrl Pts',(436.967932459145,55.1531762541239,6.66370618893155));
#4724=CARTESIAN_POINT('Ctrl Pts',(436.967932459201,52.708353349326,6.97682062106871));
#4725=CARTESIAN_POINT('',(436.967932459206,52.7083533496716,6.976820621024));
#4726=CARTESIAN_POINT('Ctrl Pts',(436.967932459202,52.7083533496761,6.97682062102382));
#4727=CARTESIAN_POINT('Ctrl Pts',(440.034599125893,52.7083533496761,6.97682062102187));
#4728=CARTESIAN_POINT('Ctrl Pts',(443.101265792588,52.7083533496716,6.97682062101991));
#4729=CARTESIAN_POINT('Ctrl Pts',(448.348817833621,52.7083533496716,6.97682062101656));
#4730=CARTESIAN_POINT('Ctrl Pts',(450.529703207965,52.7083533496716,6.9768206210146));
#4731=CARTESIAN_POINT('Ctrl Pts',(452.710588582306,52.7083533496716,6.97682062101288));
#4732=CARTESIAN_POINT('Ctrl Pts',(436.967932459035,59.9093333602631,5.3744123282948));
#4733=CARTESIAN_POINT('Ctrl Pts',(436.96793245909,57.5733786822641,6.12407035675703));
#4734=CARTESIAN_POINT('Ctrl Pts',(436.967932459145,55.1531762541239,6.66370618893155));
#4735=CARTESIAN_POINT('Ctrl Pts',(436.967932459201,52.708353349326,6.97682062106871));
#4736=CARTESIAN_POINT('Origin',(455.692932459197,52.058353349662,6.32267212794902));
#4737=CARTESIAN_POINT('',(394.572125857269,52.0583533496892,7.05471149783506));
#4738=CARTESIAN_POINT('Ctrl Pts',(395.560588582316,52.0583533496847,7.05471149783409));
#4739=CARTESIAN_POINT('Ctrl Pts',(395.231101007305,52.0583533496847,7.05471149783456));
#4740=CARTESIAN_POINT('Ctrl Pts',(394.901613432303,52.0583533496847,7.05471149783507));
#4741=CARTESIAN_POINT('Ctrl Pts',(394.572125857292,52.0583533496847,7.05471149783549));
#4742=CARTESIAN_POINT('',(393.377594431715,52.0583533496847,4.07267212794902));
#4743=CARTESIAN_POINT('Ctrl Pts',(393.377740585483,52.0583974281136,4.07272403541493));
#4744=CARTESIAN_POINT('Ctrl Pts',(393.479804292875,52.0583964410914,4.32276911485637));
#4745=CARTESIAN_POINT('Ctrl Pts',(393.58142089938,52.0583944148116,4.57280745772106));
#4746=CARTESIAN_POINT('Ctrl Pts',(393.682522673754,52.0583916883822,4.82273283318658));
#4747=CARTESIAN_POINT('Ctrl Pts',(393.982448762438,52.0583836002222,5.56415543224826));
#4748=CARTESIAN_POINT('Ctrl Pts',(394.279652632361,52.0583680060519,6.30905512481612));
#4749=CARTESIAN_POINT('Ctrl Pts',(394.572276894276,52.0583662007691,7.05478872887655));
#4750=CARTESIAN_POINT('',(455.692932459197,52.058353349662,4.07267212794902));
#4751=CARTESIAN_POINT('Ctrl Pts',(297.531773789701,52.7083533497307,-109.177327872036));
#4752=CARTESIAN_POINT('Ctrl Pts',(297.531773789701,52.7083533497307,4.82267212794902));
#4753=CARTESIAN_POINT('Ctrl Pts',(297.531773789701,52.7083533497307,7.82267212794902));
#4754=CARTESIAN_POINT('Ctrl Pts',(297.531773789701,52.7083533497307,44.4726741279876));
#4755=CARTESIAN_POINT('Ctrl Pts',(446.692932459198,52.7083533496716,-109.177327872036));
#4756=CARTESIAN_POINT('Ctrl Pts',(446.692932459198,52.7083533496716,4.82267212794902));
#4757=CARTESIAN_POINT('Ctrl Pts',(446.692932459198,52.7083533496716,7.82267212794902));
#4758=CARTESIAN_POINT('Ctrl Pts',(446.692932459198,52.7083533496716,44.4726741279876));
#4759=CARTESIAN_POINT('Ctrl Pts',(464.692932459197,52.7083533496625,-109.177327872036));
#4760=CARTESIAN_POINT('Ctrl Pts',(464.692932459197,52.7083533496625,4.82267212794902));
#4761=CARTESIAN_POINT('Ctrl Pts',(464.692932459197,52.7083533496625,7.82267212794902));
#4762=CARTESIAN_POINT('Ctrl Pts',(464.692932459197,52.7083533496625,44.4726741279876));
#4763=CARTESIAN_POINT('',(393.401422671022,52.7083533496943,4.07267212794902));
#4764=CARTESIAN_POINT('Ctrl Pts',(393.40142267102,52.7083533496761,4.07267212794902));
#4765=CARTESIAN_POINT('Ctrl Pts',(394.121144641451,52.7083533496761,4.07267212794902));
#4766=CARTESIAN_POINT('Ctrl Pts',(394.840866611887,52.7083533496943,4.07267212794902));
#4767=CARTESIAN_POINT('Ctrl Pts',(395.560588582321,52.7083533496943,4.07267212794902));
#4768=CARTESIAN_POINT('',(394.583246100813,52.7083533496943,6.97682062105157));
#4769=CARTESIAN_POINT('Ctrl Pts',(394.583417553221,52.7083677306095,6.97690748165988));
#4770=CARTESIAN_POINT('Ctrl Pts',(394.296046834239,52.7083685761346,6.25727567242827));
#4771=CARTESIAN_POINT('Ctrl Pts',(394.004555027176,52.7083844281624,5.53828970640321));
#4772=CARTESIAN_POINT('Ctrl Pts',(393.710800059845,52.7083930126794,4.82273863330078));
#4773=CARTESIAN_POINT('Ctrl Pts',(393.608256048776,52.7083960093633,4.57295399875469));
#4774=CARTESIAN_POINT('Ctrl Pts',(393.505158125138,52.7083981352861,4.32291043512105));
#4775=CARTESIAN_POINT('Ctrl Pts',(393.401579163701,52.7083994941748,4.07272834709269));
#4776=CARTESIAN_POINT('Ctrl Pts',(394.583246100806,52.7083533496852,6.97682062105159));
#4777=CARTESIAN_POINT('Ctrl Pts',(394.909026927971,52.7083533496852,6.97682062105138));
#4778=CARTESIAN_POINT('Ctrl Pts',(395.234807755141,52.7083533496852,6.97682062105117));
#4779=CARTESIAN_POINT('Ctrl Pts',(395.560588582312,52.7083533496852,6.97682062105096));
#4780=CARTESIAN_POINT('Origin',(455.692932459197,52.7083533496625,4.07267212794902));
#4781=CARTESIAN_POINT('Ctrl Pts',(393.4015791637,52.7083994941709,4.07272834709051));
#4782=CARTESIAN_POINT('Ctrl Pts',(393.393530969909,52.4922299756803,4.07272735614155));
#4783=CARTESIAN_POINT('Ctrl Pts',(393.385585226473,52.2755340755257,4.07272593792627));
#4784=CARTESIAN_POINT('Ctrl Pts',(393.377740585484,52.0583974281004,4.07272403541751));
#4785=CARTESIAN_POINT('Ctrl Pts',(398.2179324592,59.9093333603565,5.37441232812488));
#4786=CARTESIAN_POINT('Ctrl Pts',(398.217932459254,57.5733786824693,6.1240703566155));
#4787=CARTESIAN_POINT('Ctrl Pts',(398.21793245931,55.1531762544396,6.66370618883825));
#4788=CARTESIAN_POINT('Ctrl Pts',(398.217932459365,52.7083533497432,6.97682062104202));
#4789=CARTESIAN_POINT('Ctrl Pts',(396.936909786637,59.9093333603279,5.37441232812943));
#4790=CARTESIAN_POINT('Ctrl Pts',(396.936909786692,57.5733786824407,6.12407035662004));
#4791=CARTESIAN_POINT('Ctrl Pts',(396.936909786747,55.1531762544111,6.6637061888428));
#4792=CARTESIAN_POINT('Ctrl Pts',(396.936909786803,52.7083533497146,6.97682062104656));
#4793=CARTESIAN_POINT('Ctrl Pts',(395.655887114075,59.9093333602994,5.37441232813397));
#4794=CARTESIAN_POINT('Ctrl Pts',(395.65588711413,57.5733786824121,6.12407035662459));
#4795=CARTESIAN_POINT('Ctrl Pts',(395.655887114185,55.1531762543825,6.66370618884734));
#4796=CARTESIAN_POINT('Ctrl Pts',(395.65588711424,52.708353349686,6.97682062105111));
#4797=CARTESIAN_POINT('Ctrl Pts',(394.374864441513,59.9093333602708,5.37441232813851));
#4798=CARTESIAN_POINT('Ctrl Pts',(394.374864441567,57.5733786823836,6.12407035662913));
#4799=CARTESIAN_POINT('Ctrl Pts',(394.374864441623,55.1531762543539,6.66370618885188));
#4800=CARTESIAN_POINT('Ctrl Pts',(394.374864441678,52.7083533496575,6.97682062105565));
#4801=CARTESIAN_POINT('Ctrl Pts',(394.37486444151,59.9093333601147,5.3744123281886));
#4802=CARTESIAN_POINT('Ctrl Pts',(394.57253007562,57.5726860903753,6.12429262427051));
#4803=CARTESIAN_POINT('Ctrl Pts',(394.617886688053,55.1554670725282,6.66341279817951));
#4804=CARTESIAN_POINT('Ctrl Pts',(394.58324610081,52.7083533496853,6.97682062105194));
#4805=CARTESIAN_POINT('Ctrl Pts',(398.217932459305,55.3656123116172,6.54562154314994));
#4806=CARTESIAN_POINT('Ctrl Pts',(398.217932459269,56.9040360028485,6.24299458530658));
#4807=CARTESIAN_POINT('Ctrl Pts',(398.217932459234,58.4237223327002,5.85117681531264));
#4808=CARTESIAN_POINT('Ctrl Pts',(398.2179324592,59.9093333603565,5.37441232812488));
#4809=CARTESIAN_POINT('Ctrl Pts',(394.622765710397,47.8150704254589,7.88679217622092));
#4810=CARTESIAN_POINT('Ctrl Pts',(393.635758837165,46.7074778000705,5.25611199615195));
#4811=CARTESIAN_POINT('Ctrl Pts',(392.648438543388,45.5952970384254,2.62752521118544));
#4812=CARTESIAN_POINT('Ctrl Pts',(391.661192553247,44.4805860735788,3.05130920530416E-12));
#4813=CARTESIAN_POINT('Ctrl Pts',(394.612130845309,51.8894027552391,7.18329924793082));
#4814=CARTESIAN_POINT('Ctrl Pts',(393.625660824065,51.192138956561,4.76919233966536));
#4815=CARTESIAN_POINT('Ctrl Pts',(392.638583658662,50.4893735296625,2.35699068499142));
#4816=CARTESIAN_POINT('Ctrl Pts',(391.651654373542,49.7837419535726,-0.0542334555546857));
#4817=CARTESIAN_POINT('Ctrl Pts',(394.598106030409,55.9625906355567,6.47287964945564));
#4818=CARTESIAN_POINT('Ctrl Pts',(393.612350213057,55.6762542425723,4.27610597509852));
#4819=CARTESIAN_POINT('Ctrl Pts',(392.625797361047,55.3832188568035,2.08097799341411));
#4820=CARTESIAN_POINT('Ctrl Pts',(391.639368050956,55.0868709337019,-0.113422002339901));
#4821=CARTESIAN_POINT('Ctrl Pts',(394.571680382907,60.0333387188292,5.74769341426876));
#4822=CARTESIAN_POINT('Ctrl Pts',(393.589098343473,60.1593898838912,3.77095228768013));
#4823=CARTESIAN_POINT('Ctrl Pts',(392.604634312427,60.2766463891057,1.79472637043198));
#4824=CARTESIAN_POINT('Ctrl Pts',(391.619783849268,60.3899516723189,-0.181496879941038));
#4825=CARTESIAN_POINT('Ctrl Pts',(394.572125857266,52.0583533496846,7.05471149783514));
#4826=CARTESIAN_POINT('Ctrl Pts',(394.543692702485,50.6369718260385,7.21334877635707));
#4827=CARTESIAN_POINT('Ctrl Pts',(394.488949755087,49.2076083521309,7.29625530440669));
#4828=CARTESIAN_POINT('Ctrl Pts',(394.41490512204,47.7784920531803,7.30312494993884));
#4829=CARTESIAN_POINT('Origin',(398.217932459202,52.38335334966,6.32267212794902));
#4830=CARTESIAN_POINT('Ctrl Pts',(398.217932459202,47.7784920531858,7.30312494992573));
#4831=CARTESIAN_POINT('Ctrl Pts',(398.21793245919,48.3187136996819,7.30052814851685));
#4832=CARTESIAN_POINT('Ctrl Pts',(398.217932459178,48.8597747058431,7.28704273575318));
#4833=CARTESIAN_POINT('Ctrl Pts',(398.217932459166,49.4010135327646,7.26263427284576));
#4834=CARTESIAN_POINT('',(398.217932459202,52.5458533496658,4.07267212794902));
#4835=CARTESIAN_POINT('Origin',(455.692932459197,52.7083533496625,4.07267212794902));
#4836=CARTESIAN_POINT('',(398.867932459204,52.5458533496658,4.07267212794902));
#4837=CARTESIAN_POINT('Origin',(398.867932459204,52.38335334966,6.32267212794902));
#4838=CARTESIAN_POINT('Ctrl Pts',(398.867932459202,49.4010135327579,7.26263427284439));
#4839=CARTESIAN_POINT('Ctrl Pts',(398.867932459214,48.8597747058371,7.28704273575149));
#4840=CARTESIAN_POINT('Ctrl Pts',(398.867932459226,48.3187136996766,7.30052814851488));
#4841=CARTESIAN_POINT('Ctrl Pts',(398.867932459238,47.7784920531812,7.30312494992351));
#4842=CARTESIAN_POINT('Ctrl Pts',(417.267932459381,52.0583533500372,7.0547114977718));
#4843=CARTESIAN_POINT('Ctrl Pts',(417.267932459413,50.6339856599016,7.21368205578928));
#4844=CARTESIAN_POINT('Ctrl Pts',(417.267932459445,49.2033194227102,7.2962759208818));
#4845=CARTESIAN_POINT('Ctrl Pts',(417.267932459476,47.7784920531406,7.30312494986042));
#4846=CARTESIAN_POINT('Ctrl Pts',(411.134599125957,52.0583533499004,7.05471149779355));
#4847=CARTESIAN_POINT('Ctrl Pts',(411.134599125989,50.6339856597648,7.21368205581103));
#4848=CARTESIAN_POINT('Ctrl Pts',(411.134599126021,49.2033194225734,7.29627592090355));
#4849=CARTESIAN_POINT('Ctrl Pts',(411.134599126053,47.7784920530038,7.30312494988217));
#4850=CARTESIAN_POINT('Ctrl Pts',(405.001265792533,52.0583533497635,7.05471149781531));
#4851=CARTESIAN_POINT('Ctrl Pts',(405.001265792565,50.633985659628,7.21368205583279));
#4852=CARTESIAN_POINT('Ctrl Pts',(405.001265792597,49.2033194224366,7.29627592092531));
#4853=CARTESIAN_POINT('Ctrl Pts',(405.001265792629,47.7784920528669,7.30312494990393));
#4854=CARTESIAN_POINT('Ctrl Pts',(398.867932459109,52.0583533496267,7.05471149783706));
#4855=CARTESIAN_POINT('Ctrl Pts',(398.867932459142,50.6339856594912,7.21368205585454));
#4856=CARTESIAN_POINT('Ctrl Pts',(398.867932459173,49.2033194222998,7.29627592094706));
#4857=CARTESIAN_POINT('Ctrl Pts',(398.867932459205,47.7784920527301,7.30312494992568));
#4858=CARTESIAN_POINT('',(417.267932459199,52.0583533496756,7.05471149781236));
#4859=CARTESIAN_POINT('Ctrl Pts',(417.267932459383,52.0583533496756,7.05471149781203));
#4860=CARTESIAN_POINT('Ctrl Pts',(414.170599126005,52.0583533496756,7.05471149781517));
#4861=CARTESIAN_POINT('Ctrl Pts',(411.073265792622,52.0583533496847,7.0547114978183));
#4862=CARTESIAN_POINT('Ctrl Pts',(405.825713751528,52.0583533496847,7.05471149782361));
#4863=CARTESIAN_POINT('Ctrl Pts',(403.67549504381,52.0583533496847,7.05471149782559));
#4864=CARTESIAN_POINT('Ctrl Pts',(401.525276336097,52.0583533496847,7.05471149782763));
#4865=CARTESIAN_POINT('Ctrl Pts',(417.267932459476,47.7784920531406,7.30312494986042));
#4866=CARTESIAN_POINT('Ctrl Pts',(417.267932459445,49.2033194227102,7.2962759208818));
#4867=CARTESIAN_POINT('Ctrl Pts',(417.267932459413,50.6339856599016,7.21368205578928));
#4868=CARTESIAN_POINT('Ctrl Pts',(417.267932459381,52.0583533500372,7.0547114977718));
#4869=CARTESIAN_POINT('Ctrl Pts',(398.21793245915,52.0583533497673,7.05471149782206));
#4870=CARTESIAN_POINT('Ctrl Pts',(398.217932459182,50.6339856597372,7.21368205583335));
#4871=CARTESIAN_POINT('Ctrl Pts',(398.217932459214,49.2033194226517,7.296275920931));
#4872=CARTESIAN_POINT('Ctrl Pts',(398.217932459246,47.7784920531858,7.30312494992573));
#4873=CARTESIAN_POINT('Ctrl Pts',(396.950256680079,52.0583533497391,7.05471149782656));
#4874=CARTESIAN_POINT('Ctrl Pts',(396.950256680111,50.6339856597089,7.21368205583785));
#4875=CARTESIAN_POINT('Ctrl Pts',(396.950256680143,49.2033194226234,7.29627592093549));
#4876=CARTESIAN_POINT('Ctrl Pts',(396.950256680175,47.7784920531575,7.30312494993022));
#4877=CARTESIAN_POINT('Ctrl Pts',(395.682580901008,52.0583533497108,7.05471149783105));
#4878=CARTESIAN_POINT('Ctrl Pts',(395.68258090104,50.6339856596806,7.21368205584234));
#4879=CARTESIAN_POINT('Ctrl Pts',(395.682580901072,49.2033194225952,7.29627592093999));
#4880=CARTESIAN_POINT('Ctrl Pts',(395.682580901103,47.7784920531293,7.30312494993472));
#4881=CARTESIAN_POINT('Ctrl Pts',(394.414905121936,52.0583533496825,7.05471149783555));
#4882=CARTESIAN_POINT('Ctrl Pts',(394.414905121968,50.6339856596524,7.21368205584684));
#4883=CARTESIAN_POINT('Ctrl Pts',(394.414905122,49.2033194225669,7.29627592094448));
#4884=CARTESIAN_POINT('Ctrl Pts',(394.414905122032,47.778492053101,7.30312494993922));
#4885=CARTESIAN_POINT('Origin',(455.692932459197,52.7083533496625,4.07267212794902));
#4886=CARTESIAN_POINT('',(398.867932459204,52.5458533496658,4.07267212794902));
#4887=CARTESIAN_POINT('',(398.217932459202,52.5458533496658,4.07267212794902));
#4888=CARTESIAN_POINT('Origin',(398.217932459202,52.38335334966,6.32267212794902));
#4889=CARTESIAN_POINT('Origin',(398.867932459204,52.38335334966,6.32267212794902));
#4890=CARTESIAN_POINT('Ctrl Pts',(398.867932459092,59.9093333602739,5.37441232815375));
#4891=CARTESIAN_POINT('Ctrl Pts',(398.867932459127,58.4237223326489,5.8511768153273));
#4892=CARTESIAN_POINT('Ctrl Pts',(398.867932459162,56.9040360028304,6.24299458531054));
#4893=CARTESIAN_POINT('Ctrl Pts',(398.867932459197,55.3656123116331,6.54562154314725));
#4894=CARTESIAN_POINT('Origin',(456.017932459201,52.38335334966,6.32267212794902));
#4895=CARTESIAN_POINT('Ctrl Pts',(456.017932459207,49.4010135327576,7.26263427269916));
#4896=CARTESIAN_POINT('Ctrl Pts',(456.017932459219,48.8597747058049,7.28704273559055));
#4897=CARTESIAN_POINT('Ctrl Pts',(456.017932459231,48.3187136996131,7.30052814833695));
#4898=CARTESIAN_POINT('Ctrl Pts',(456.017932459243,47.778492053087,7.30312494972739));
#4899=CARTESIAN_POINT('',(456.017932459201,52.5458533496658,4.07267212794902));
#4900=CARTESIAN_POINT('Ctrl Pts',(455.367932459183,-22.8166466503399,2.94767212794901));
#4901=CARTESIAN_POINT('Ctrl Pts',(455.367932459183,-22.8166466503399,4.82267212794902));
#4902=CARTESIAN_POINT('Ctrl Pts',(455.367932459183,-22.8166466503399,7.82267212794902));
#4903=CARTESIAN_POINT('Ctrl Pts',(455.367932459183,-22.8166466503399,15.322672127949));
#4904=CARTESIAN_POINT('Ctrl Pts',(455.367932459196,43.383353349659,2.94767212794901));
#4905=CARTESIAN_POINT('Ctrl Pts',(455.367932459196,43.383353349659,4.82267212794902));
#4906=CARTESIAN_POINT('Ctrl Pts',(455.367932459196,43.383353349659,7.82267212794902));
#4907=CARTESIAN_POINT('Ctrl Pts',(455.367932459196,43.383353349659,15.322672127949));
#4908=CARTESIAN_POINT('Ctrl Pts',(455.367932459201,61.3833533496609,2.94767212794901));
#4909=CARTESIAN_POINT('Ctrl Pts',(455.367932459201,61.3833533496609,4.82267212794902));
#4910=CARTESIAN_POINT('Ctrl Pts',(455.367932459201,61.3833533496609,7.82267212794902));
#4911=CARTESIAN_POINT('Ctrl Pts',(455.367932459201,61.3833533496609,15.322672127949));
#4912=CARTESIAN_POINT('Ctrl Pts',(455.367932459201,64.0833533496561,2.94767212794901));
#4913=CARTESIAN_POINT('Ctrl Pts',(455.367932459201,64.0833533496561,4.82267212794902));
#4914=CARTESIAN_POINT('Ctrl Pts',(455.367932459201,64.0833533496561,7.82267212794902));
#4915=CARTESIAN_POINT('Ctrl Pts',(455.367932459201,64.0833533496561,15.322672127949));
#4916=CARTESIAN_POINT('Ctrl Pts',(455.367932459201,46.3197015010155,4.07267212794901));
#4917=CARTESIAN_POINT('Ctrl Pts',(455.367932459201,47.3468041582828,4.07267212794901));
#4918=CARTESIAN_POINT('Ctrl Pts',(455.367932459196,48.3739068155364,4.07267212794902));
#4919=CARTESIAN_POINT('Ctrl Pts',(455.367932459196,49.4010094727946,4.07267212794902));
#4920=CARTESIAN_POINT('Ctrl Pts',(455.3679324592,47.7784920530819,7.30312494972965));
#4921=CARTESIAN_POINT('Ctrl Pts',(455.367932459188,48.3187136996107,7.30052814833909));
#4922=CARTESIAN_POINT('Ctrl Pts',(455.367932459176,48.8597747058052,7.28704273559243));
#4923=CARTESIAN_POINT('Ctrl Pts',(455.367932459164,49.4010135327606,7.26263427270069));
#4924=CARTESIAN_POINT('Origin',(455.692932459197,52.7083533496625,4.07267212794902));
#4925=CARTESIAN_POINT('Ctrl Pts',(474.41793245938,52.0583533500265,7.05471149771256));
#4926=CARTESIAN_POINT('Ctrl Pts',(474.417932459412,50.6339856598617,7.21368205568707));
#4927=CARTESIAN_POINT('Ctrl Pts',(474.417932459444,49.2033194226444,7.29627592073367));
#4928=CARTESIAN_POINT('Ctrl Pts',(474.417932459476,47.778492053053,7.30312494966427));
#4929=CARTESIAN_POINT('Ctrl Pts',(468.284599125954,52.0583533498897,7.05471149773431));
#4930=CARTESIAN_POINT('Ctrl Pts',(468.284599125986,50.6339856597249,7.21368205570882));
#4931=CARTESIAN_POINT('Ctrl Pts',(468.284599126018,49.2033194225076,7.29627592075542));
#4932=CARTESIAN_POINT('Ctrl Pts',(468.284599126049,47.7784920529162,7.30312494968602));
#4933=CARTESIAN_POINT('Ctrl Pts',(462.151265792528,52.0583533497529,7.05471149775607));
#4934=CARTESIAN_POINT('Ctrl Pts',(462.15126579256,50.6339856595881,7.21368205573057));
#4935=CARTESIAN_POINT('Ctrl Pts',(462.151265792592,49.2033194223708,7.29627592077718));
#4936=CARTESIAN_POINT('Ctrl Pts',(462.151265792623,47.7784920527794,7.30312494970778));
#4937=CARTESIAN_POINT('Ctrl Pts',(456.017932459101,52.0583533496161,7.05471149777782));
#4938=CARTESIAN_POINT('Ctrl Pts',(456.017932459133,50.6339856594513,7.21368205575233));
#4939=CARTESIAN_POINT('Ctrl Pts',(456.017932459165,49.203319422234,7.29627592079893));
#4940=CARTESIAN_POINT('Ctrl Pts',(456.017932459197,47.7784920526426,7.30312494972953));
#4941=CARTESIAN_POINT('',(474.417932459201,52.0583533496529,7.05471149775372));
#4942=CARTESIAN_POINT('Ctrl Pts',(474.41793245938,52.0583533496549,7.05471149775404));
#4943=CARTESIAN_POINT('Ctrl Pts',(469.170380418277,52.0583533495379,7.05471149777265));
#4944=CARTESIAN_POINT('Ctrl Pts',(463.922828377175,52.0583533494208,7.05471149779126));
#4945=CARTESIAN_POINT('Ctrl Pts',(458.675276336072,52.0583533493038,7.05471149780987));
#4946=CARTESIAN_POINT('Ctrl Pts',(474.417932459476,47.778492053053,7.30312494966427));
#4947=CARTESIAN_POINT('Ctrl Pts',(474.417932459444,49.2033194226444,7.29627592073367));
#4948=CARTESIAN_POINT('Ctrl Pts',(474.417932459412,50.6339856598617,7.21368205568707));
#4949=CARTESIAN_POINT('Ctrl Pts',(474.41793245938,52.0583533500265,7.05471149771256));
#4950=CARTESIAN_POINT('Ctrl Pts',(455.367932459141,52.058353350082,7.05471149772651));
#4951=CARTESIAN_POINT('Ctrl Pts',(455.367932459173,50.6339856599097,7.21368205571913));
#4952=CARTESIAN_POINT('Ctrl Pts',(455.367932459205,49.2033194226835,7.29627592078297));
#4953=CARTESIAN_POINT('Ctrl Pts',(455.367932459236,47.7784920530819,7.30312494972965));
#4954=CARTESIAN_POINT('Ctrl Pts',(449.234599125797,52.0583533499452,7.05471149774827));
#4955=CARTESIAN_POINT('Ctrl Pts',(449.234599125829,50.6339856597728,7.21368205574089));
#4956=CARTESIAN_POINT('Ctrl Pts',(449.234599125861,49.2033194225467,7.29627592080473));
#4957=CARTESIAN_POINT('Ctrl Pts',(449.234599125893,47.7784920529451,7.30312494975141));
#4958=CARTESIAN_POINT('Ctrl Pts',(443.101265792454,52.0583533498084,7.05471149777002));
#4959=CARTESIAN_POINT('Ctrl Pts',(443.101265792486,50.6339856596361,7.21368205576264));
#4960=CARTESIAN_POINT('Ctrl Pts',(443.101265792518,49.2033194224099,7.29627592082648));
#4961=CARTESIAN_POINT('Ctrl Pts',(443.101265792549,47.7784920528083,7.30312494977316));
#4962=CARTESIAN_POINT('Ctrl Pts',(436.96793245911,52.0583533496716,7.05471149779177));
#4963=CARTESIAN_POINT('Ctrl Pts',(436.967932459142,50.6339856594993,7.2136820557844));
#4964=CARTESIAN_POINT('Ctrl Pts',(436.967932459174,49.2033194222731,7.29627592084823));
#4965=CARTESIAN_POINT('Ctrl Pts',(436.967932459206,47.7784920526715,7.30312494979492));
#4966=CARTESIAN_POINT('',(436.967932459202,52.058353349662,7.05471149779199));
#4967=CARTESIAN_POINT('Ctrl Pts',(436.96793245911,52.0583533496716,7.05471149779177));
#4968=CARTESIAN_POINT('Ctrl Pts',(436.967932459142,50.6339856594993,7.2136820557844));
#4969=CARTESIAN_POINT('Ctrl Pts',(436.967932459174,49.2033194222731,7.29627592084823));
#4970=CARTESIAN_POINT('Ctrl Pts',(436.967932459206,47.7784920526715,7.30312494979492));
#4971=CARTESIAN_POINT('Ctrl Pts',(452.710588582318,52.058353349662,7.05471149777633));
#4972=CARTESIAN_POINT('Ctrl Pts',(450.560369874586,52.058353349662,7.05471149777852));
#4973=CARTESIAN_POINT('Ctrl Pts',(448.410151166852,52.0583533496529,7.0547114977807));
#4974=CARTESIAN_POINT('Ctrl Pts',(443.162599125785,52.0583533496529,7.05471149778601));
#4975=CARTESIAN_POINT('Ctrl Pts',(440.06526579245,52.0583533496711,7.05471149778863));
#4976=CARTESIAN_POINT('Ctrl Pts',(436.967932459111,52.0583533496711,7.05471149779177));
#4977=CARTESIAN_POINT('Origin',(436.967932459202,52.38335334966,6.32267212794902));
#4978=CARTESIAN_POINT('',(436.967932459202,52.7083533496625,4.07267212794902));
#4979=CARTESIAN_POINT('',(436.967932459202,52.7083533496625,6.32267212794902));
#4980=CARTESIAN_POINT('',(436.967932459202,52.5458533496658,4.07267212794902));
#4981=CARTESIAN_POINT('Origin',(436.317932459201,52.38335334966,6.32267212794902));
#4982=CARTESIAN_POINT('',(436.317932459201,52.058353349662,7.0547114977935));
#4983=CARTESIAN_POINT('Ctrl Pts',(436.317932459316,47.7784920531256,7.30312494979497));
#4984=CARTESIAN_POINT('Ctrl Pts',(436.317932459284,49.2033194227152,7.29627592083179));
#4985=CARTESIAN_POINT('Ctrl Pts',(436.317932459252,50.6339856599279,7.21368205575266));
#4986=CARTESIAN_POINT('Ctrl Pts',(436.31793245922,52.0583533500857,7.05471149774624));
#4987=CARTESIAN_POINT('',(436.317932459201,52.0583533496711,4.07267212794902));
#4988=CARTESIAN_POINT('',(436.317932459201,52.0583533496711,6.32267212794902));
#4989=CARTESIAN_POINT('',(436.317932459201,52.5458533496658,4.07267212794902));
#4990=CARTESIAN_POINT('Origin',(436.967932459202,52.38335334966,6.32267212794902));
#4991=CARTESIAN_POINT('',(436.967932459202,52.0583533496711,4.07267212794902));
#4992=CARTESIAN_POINT('',(436.967932459202,52.5458533496658,4.07267212794902));
#4993=CARTESIAN_POINT('',(436.967932459202,52.0583533496711,6.32267212794902));
#4994=CARTESIAN_POINT('Origin',(455.692932459197,52.058353349662,6.32267212794902));
#4995=CARTESIAN_POINT('',(417.917932459204,52.0583533496756,7.05471149781247));
#4996=CARTESIAN_POINT('Ctrl Pts',(436.31793245922,52.0583533496714,7.05471149779247));
#4997=CARTESIAN_POINT('Ctrl Pts',(430.184599125849,52.0583533495346,7.05471149781423));
#4998=CARTESIAN_POINT('Ctrl Pts',(424.051265792478,52.0583533493978,7.05471149783598));
#4999=CARTESIAN_POINT('Ctrl Pts',(417.917932459107,52.058353349261,7.05471149785774));
#5000=CARTESIAN_POINT('',(417.917932459204,52.0583533496756,4.07267212794902));
#5001=CARTESIAN_POINT('',(417.917932459204,52.0583533496756,6.32267212794902));
#5002=CARTESIAN_POINT('',(455.692932459197,52.058353349662,4.07267212794902));
#5003=CARTESIAN_POINT('Origin',(417.917932459204,52.38335334966,6.32267212794902));
#5004=CARTESIAN_POINT('',(417.917932459204,52.5458533496658,4.07267212794902));
#5005=CARTESIAN_POINT('Ctrl Pts',(417.917932459107,52.0583533496753,7.05471149781151));
#5006=CARTESIAN_POINT('Ctrl Pts',(417.91793245914,50.6339856595175,7.21368205581792));
#5007=CARTESIAN_POINT('Ctrl Pts',(417.917932459172,49.2033194223047,7.29627592089705));
#5008=CARTESIAN_POINT('Ctrl Pts',(417.917932459203,47.7784920527152,7.30312494986023));
#5009=CARTESIAN_POINT('Origin',(455.692932459197,52.7083533496625,4.07267212794902));
#5010=CARTESIAN_POINT('',(455.692932459197,52.058353349662,4.07267212794902));
#5011=CARTESIAN_POINT('',(417.267932459201,52.0583533496756,4.07267212794902));
#5012=CARTESIAN_POINT('',(417.267932459201,52.5458533496658,4.07267212794902));
#5013=CARTESIAN_POINT('',(455.692932459197,52.058353349662,4.07267212794902));
#5014=CARTESIAN_POINT('',(417.267932459201,52.7083533496625,4.07267212794902));
#5015=CARTESIAN_POINT('Ctrl Pts',(401.525276336088,52.7083533496943,4.07267212794901));
#5016=CARTESIAN_POINT('Ctrl Pts',(406.772828377125,52.7083533496943,4.07267212794901));
#5017=CARTESIAN_POINT('Ctrl Pts',(412.020380418164,52.7083533496852,4.07267212794901));
#5018=CARTESIAN_POINT('Ctrl Pts',(417.267932459206,52.7083533496852,4.07267212794901));
#5019=CARTESIAN_POINT('',(417.267932459201,52.5458533496658,4.07267212794902));
#5020=CARTESIAN_POINT('',(417.917932459204,52.7083533496625,4.07267212794902));
#5021=CARTESIAN_POINT('',(417.917932459204,52.5458533496658,4.07267212794902));
#5022=CARTESIAN_POINT('',(436.317932459201,52.7083533496625,4.07267212794902));
#5023=CARTESIAN_POINT('Ctrl Pts',(417.917932459204,52.7083533496852,4.07267212794902));
#5024=CARTESIAN_POINT('Ctrl Pts',(424.051265792534,52.7083533496852,4.07267212794902));
#5025=CARTESIAN_POINT('Ctrl Pts',(430.184599125869,52.7083533496852,4.07267212794902));
#5026=CARTESIAN_POINT('Ctrl Pts',(436.317932459201,52.7083533496852,4.07267212794902));
#5027=CARTESIAN_POINT('',(436.317932459201,52.5458533496658,4.07267212794902));
#5028=CARTESIAN_POINT('Ctrl Pts',(436.967932459202,52.7083533496852,4.07267212794901));
#5029=CARTESIAN_POINT('Ctrl Pts',(442.215484500239,52.7083533496852,4.07267212794901));
#5030=CARTESIAN_POINT('Ctrl Pts',(447.463036541274,52.7083533496761,4.07267212794901));
#5031=CARTESIAN_POINT('Ctrl Pts',(452.710588582313,52.7083533496716,4.07267212794901));
#5032=CARTESIAN_POINT('Origin',(417.917932459204,52.38335334966,6.32267212794902));
#5033=CARTESIAN_POINT('',(417.917932459204,52.7083533496625,6.97682062103879));
#5034=CARTESIAN_POINT('Ctrl Pts',(417.917932459029,59.909333360262,5.37441232822636));
#5035=CARTESIAN_POINT('Ctrl Pts',(417.917932459083,57.5733786822426,6.12407035672357));
#5036=CARTESIAN_POINT('Ctrl Pts',(417.917932459139,55.1531762540764,6.66370618892918));
#5037=CARTESIAN_POINT('Ctrl Pts',(417.917932459194,52.7083533492488,6.97682062109174));
#5038=CARTESIAN_POINT('',(417.917932459204,52.7083533496625,6.32267212794902));
#5039=CARTESIAN_POINT('Origin',(417.267932459201,52.38335334966,6.32267212794902));
#5040=CARTESIAN_POINT('',(417.267932459199,52.708353349658,6.9768206210402));
#5041=CARTESIAN_POINT('Ctrl Pts',(417.267932459366,52.7083533496585,6.97682062103972));
#5042=CARTESIAN_POINT('Ctrl Pts',(417.267932459311,55.1531762544943,6.66370618884976));
#5043=CARTESIAN_POINT('Ctrl Pts',(417.267932459255,57.5733786826648,6.12407035661503));
#5044=CARTESIAN_POINT('Ctrl Pts',(417.267932459201,59.9093333606843,5.37441232808849));
#5045=CARTESIAN_POINT('',(417.267932459201,52.7083533496625,6.32267212794902));
#5046=CARTESIAN_POINT('Ctrl Pts',(297.531773789701,52.7083533497307,-109.177327872036));
#5047=CARTESIAN_POINT('Ctrl Pts',(297.531773789701,52.7083533497307,4.82267212794902));
#5048=CARTESIAN_POINT('Ctrl Pts',(297.531773789701,52.7083533497307,7.82267212794902));
#5049=CARTESIAN_POINT('Ctrl Pts',(297.531773789701,52.7083533497307,44.4726741279876));
#5050=CARTESIAN_POINT('Ctrl Pts',(446.692932459198,52.7083533496716,-109.177327872036));
#5051=CARTESIAN_POINT('Ctrl Pts',(446.692932459198,52.7083533496716,4.82267212794902));
#5052=CARTESIAN_POINT('Ctrl Pts',(446.692932459198,52.7083533496716,7.82267212794902));
#5053=CARTESIAN_POINT('Ctrl Pts',(446.692932459198,52.7083533496716,44.4726741279876));
#5054=CARTESIAN_POINT('Ctrl Pts',(464.692932459197,52.7083533496625,-109.177327872036));
#5055=CARTESIAN_POINT('Ctrl Pts',(464.692932459197,52.7083533496625,4.82267212794902));
#5056=CARTESIAN_POINT('Ctrl Pts',(464.692932459197,52.7083533496625,7.82267212794902));
#5057=CARTESIAN_POINT('Ctrl Pts',(464.692932459197,52.7083533496625,44.4726741279876));
#5058=CARTESIAN_POINT('',(436.317932459201,52.7083533496625,6.97682062102569));
#5059=CARTESIAN_POINT('Ctrl Pts',(417.917932459195,52.7083533496852,6.97682062103665));
#5060=CARTESIAN_POINT('Ctrl Pts',(420.984599125891,52.7083533496852,6.97682062103469));
#5061=CARTESIAN_POINT('Ctrl Pts',(424.051265792586,52.7083533496761,6.97682062103274));
#5062=CARTESIAN_POINT('Ctrl Pts',(430.184599125976,52.7083533496761,6.97682062102882));
#5063=CARTESIAN_POINT('Ctrl Pts',(433.251265792669,52.7083533496761,6.97682062102551));
#5064=CARTESIAN_POINT('Ctrl Pts',(436.317932459365,52.7083533496761,6.97682062102355));
#5065=CARTESIAN_POINT('',(436.317932459201,52.7083533496625,6.32267212794902));
#5066=CARTESIAN_POINT('Ctrl Pts',(297.531773789701,52.7083533497307,-109.177327872036));
#5067=CARTESIAN_POINT('Ctrl Pts',(297.531773789701,52.7083533497307,4.82267212794902));
#5068=CARTESIAN_POINT('Ctrl Pts',(297.531773789701,52.7083533497307,7.82267212794902));
#5069=CARTESIAN_POINT('Ctrl Pts',(297.531773789701,52.7083533497307,44.4726741279876));
#5070=CARTESIAN_POINT('Ctrl Pts',(446.692932459198,52.7083533496716,-109.177327872036));
#5071=CARTESIAN_POINT('Ctrl Pts',(446.692932459198,52.7083533496716,4.82267212794902));
#5072=CARTESIAN_POINT('Ctrl Pts',(446.692932459198,52.7083533496716,7.82267212794902));
#5073=CARTESIAN_POINT('Ctrl Pts',(446.692932459198,52.7083533496716,44.4726741279876));
#5074=CARTESIAN_POINT('Ctrl Pts',(464.692932459197,52.7083533496625,-109.177327872036));
#5075=CARTESIAN_POINT('Ctrl Pts',(464.692932459197,52.7083533496625,4.82267212794902));
#5076=CARTESIAN_POINT('Ctrl Pts',(464.692932459197,52.7083533496625,7.82267212794902));
#5077=CARTESIAN_POINT('Ctrl Pts',(464.692932459197,52.7083533496625,44.4726741279876));
#5078=CARTESIAN_POINT('Ctrl Pts',(401.525276336079,52.7083533496943,6.97682062104623));
#5079=CARTESIAN_POINT('Ctrl Pts',(403.706161710491,52.7083533496943,6.97682062104484));
#5080=CARTESIAN_POINT('Ctrl Pts',(405.887047084902,52.7083533496943,6.97682062104345));
#5081=CARTESIAN_POINT('Ctrl Pts',(411.134599125994,52.7083533496943,6.9768206210401));
#5082=CARTESIAN_POINT('Ctrl Pts',(414.201265792681,52.7083533496943,6.97682062103798));
#5083=CARTESIAN_POINT('Ctrl Pts',(417.267932459365,52.7083533496943,6.97682062103602));
#5084=CARTESIAN_POINT('Origin',(436.317932459201,52.38335334966,6.32267212794902));
#5085=CARTESIAN_POINT('Ctrl Pts',(436.317932459367,52.7083533496592,6.97682062102648));
#5086=CARTESIAN_POINT('Ctrl Pts',(436.317932459312,55.1531762544868,6.66370618886392));
#5087=CARTESIAN_POINT('Ctrl Pts',(436.317932459256,57.573378682653,6.12407035665831));
#5088=CARTESIAN_POINT('Ctrl Pts',(436.317932459202,59.9093333606724,5.3744123281611));
#5089=CARTESIAN_POINT('Ctrl Pts',(297.531773789701,52.7083533497307,-109.177327872036));
#5090=CARTESIAN_POINT('Ctrl Pts',(297.531773789701,52.7083533497307,4.82267212794902));
#5091=CARTESIAN_POINT('Ctrl Pts',(297.531773789701,52.7083533497307,7.82267212794902));
#5092=CARTESIAN_POINT('Ctrl Pts',(297.531773789701,52.7083533497307,44.4726741279876));
#5093=CARTESIAN_POINT('Ctrl Pts',(446.692932459198,52.7083533496716,-109.177327872036));
#5094=CARTESIAN_POINT('Ctrl Pts',(446.692932459198,52.7083533496716,4.82267212794902));
#5095=CARTESIAN_POINT('Ctrl Pts',(446.692932459198,52.7083533496716,7.82267212794902));
#5096=CARTESIAN_POINT('Ctrl Pts',(446.692932459198,52.7083533496716,44.4726741279876));
#5097=CARTESIAN_POINT('Ctrl Pts',(464.692932459197,52.7083533496625,-109.177327872036));
#5098=CARTESIAN_POINT('Ctrl Pts',(464.692932459197,52.7083533496625,4.82267212794902));
#5099=CARTESIAN_POINT('Ctrl Pts',(464.692932459197,52.7083533496625,7.82267212794902));
#5100=CARTESIAN_POINT('Ctrl Pts',(464.692932459197,52.7083533496625,44.4726741279876));
#5101=CARTESIAN_POINT('Origin',(455.692932459197,52.058353349662,6.32267212794902));
#5102=CARTESIAN_POINT('',(417.267932459201,52.0583533496756,6.32267212794902));
#5103=CARTESIAN_POINT('Origin',(417.267932459201,52.38335334966,6.32267212794902));
#5104=CARTESIAN_POINT('Origin',(455.692932459197,52.058353349662,6.32267212794902));
#5105=CARTESIAN_POINT('Ctrl Pts',(436.317932459202,59.9093333606724,5.3744123281611));
#5106=CARTESIAN_POINT('Ctrl Pts',(436.317932459256,57.573378682653,6.12407035665831));
#5107=CARTESIAN_POINT('Ctrl Pts',(436.317932459312,55.1531762544868,6.66370618886392));
#5108=CARTESIAN_POINT('Ctrl Pts',(436.317932459367,52.7083533496592,6.97682062102648));
#5109=CARTESIAN_POINT('Ctrl Pts',(430.184599125811,59.9093333605356,5.37441232818285));
#5110=CARTESIAN_POINT('Ctrl Pts',(430.184599125865,57.5733786825162,6.12407035668006));
#5111=CARTESIAN_POINT('Ctrl Pts',(430.184599125921,55.15317625435,6.66370618888567));
#5112=CARTESIAN_POINT('Ctrl Pts',(430.184599125976,52.7083533495224,6.97682062104824));
#5113=CARTESIAN_POINT('Ctrl Pts',(424.05126579242,59.9093333603988,5.3744123282046));
#5114=CARTESIAN_POINT('Ctrl Pts',(424.051265792474,57.5733786823794,6.12407035670181));
#5115=CARTESIAN_POINT('Ctrl Pts',(424.05126579253,55.1531762542132,6.66370618890743));
#5116=CARTESIAN_POINT('Ctrl Pts',(424.051265792585,52.7083533493856,6.97682062106999));
#5117=CARTESIAN_POINT('Ctrl Pts',(417.917932459029,59.909333360262,5.37441232822636));
#5118=CARTESIAN_POINT('Ctrl Pts',(417.917932459083,57.5733786822426,6.12407035672357));
#5119=CARTESIAN_POINT('Ctrl Pts',(417.917932459139,55.1531762540764,6.66370618892918));
#5120=CARTESIAN_POINT('Ctrl Pts',(417.917932459194,52.7083533492488,6.97682062109174));
#5121=CARTESIAN_POINT('Ctrl Pts',(417.267932459201,59.9093333606843,5.37441232808849));
#5122=CARTESIAN_POINT('Ctrl Pts',(417.267932459255,57.5733786826648,6.12407035661503));
#5123=CARTESIAN_POINT('Ctrl Pts',(417.267932459311,55.1531762544943,6.66370618884976));
#5124=CARTESIAN_POINT('Ctrl Pts',(417.267932459366,52.7083533496585,6.97682062103972));
#5125=CARTESIAN_POINT('Ctrl Pts',(411.134599125831,59.9093333605475,5.37441232811025));
#5126=CARTESIAN_POINT('Ctrl Pts',(411.134599125886,57.573378682528,6.12407035663678));
#5127=CARTESIAN_POINT('Ctrl Pts',(411.134599125941,55.1531762543575,6.66370618887151));
#5128=CARTESIAN_POINT('Ctrl Pts',(411.134599125997,52.7083533495217,6.97682062106147));
#5129=CARTESIAN_POINT('Ctrl Pts',(405.001265792462,59.9093333604107,5.374412328132));
#5130=CARTESIAN_POINT('Ctrl Pts',(405.001265792517,57.5733786823912,6.12407035665853));
#5131=CARTESIAN_POINT('Ctrl Pts',(405.001265792572,55.1531762542207,6.66370618889327));
#5132=CARTESIAN_POINT('Ctrl Pts',(405.001265792627,52.7083533493849,6.97682062108322));
#5133=CARTESIAN_POINT('Ctrl Pts',(398.867932459092,59.9093333602739,5.37441232815375));
#5134=CARTESIAN_POINT('Ctrl Pts',(398.867932459147,57.5733786822544,6.12407035668029));
#5135=CARTESIAN_POINT('Ctrl Pts',(398.867932459202,55.1531762540839,6.66370618891502));
#5136=CARTESIAN_POINT('Ctrl Pts',(398.867932459258,52.7083533492481,6.97682062110498));
#5137=CARTESIAN_POINT('Ctrl Pts',(436.31793245922,52.0583533500857,7.05471149774624));
#5138=CARTESIAN_POINT('Ctrl Pts',(436.317932459252,50.6339856599279,7.21368205575266));
#5139=CARTESIAN_POINT('Ctrl Pts',(436.317932459284,49.2033194227152,7.29627592083179));
#5140=CARTESIAN_POINT('Ctrl Pts',(436.317932459316,47.7784920531256,7.30312494979497));
#5141=CARTESIAN_POINT('Ctrl Pts',(430.184599125849,52.0583533499489,7.054711497768));
#5142=CARTESIAN_POINT('Ctrl Pts',(430.184599125881,50.6339856597911,7.21368205577442));
#5143=CARTESIAN_POINT('Ctrl Pts',(430.184599125913,49.2033194225783,7.29627592085355));
#5144=CARTESIAN_POINT('Ctrl Pts',(430.184599125945,47.7784920529888,7.30312494981672));
#5145=CARTESIAN_POINT('Ctrl Pts',(424.051265792478,52.0583533498121,7.05471149778975));
#5146=CARTESIAN_POINT('Ctrl Pts',(424.05126579251,50.6339856596543,7.21368205579617));
#5147=CARTESIAN_POINT('Ctrl Pts',(424.051265792542,49.2033194224415,7.2962759208753));
#5148=CARTESIAN_POINT('Ctrl Pts',(424.051265792574,47.778492052852,7.30312494983848));
#5149=CARTESIAN_POINT('Ctrl Pts',(417.917932459107,52.0583533496753,7.05471149781151));
#5150=CARTESIAN_POINT('Ctrl Pts',(417.91793245914,50.6339856595175,7.21368205581792));
#5151=CARTESIAN_POINT('Ctrl Pts',(417.917932459172,49.2033194223047,7.29627592089705));
#5152=CARTESIAN_POINT('Ctrl Pts',(417.917932459203,47.7784920527152,7.30312494986023));
#5153=CARTESIAN_POINT('Ctrl Pts',(474.4179324592,59.9093333606614,5.37441232830222));
#5154=CARTESIAN_POINT('Ctrl Pts',(474.417932459255,57.5733786826268,6.12407035674657));
#5155=CARTESIAN_POINT('Ctrl Pts',(474.41793245931,55.1531762544526,6.66370618889693));
#5156=CARTESIAN_POINT('Ctrl Pts',(474.417932459365,52.7083533496247,6.9768206210046));
#5157=CARTESIAN_POINT('Ctrl Pts',(468.28459912583,59.9093333605246,5.37441232832397));
#5158=CARTESIAN_POINT('Ctrl Pts',(468.284599125885,57.57337868249,6.12407035676832));
#5159=CARTESIAN_POINT('Ctrl Pts',(468.28459912594,55.1531762543158,6.66370618891869));
#5160=CARTESIAN_POINT('Ctrl Pts',(468.284599125996,52.7083533494879,6.97682062102636));
#5161=CARTESIAN_POINT('Ctrl Pts',(462.15126579246,59.9093333603878,5.37441232834572));
#5162=CARTESIAN_POINT('Ctrl Pts',(462.151265792515,57.5733786823532,6.12407035679008));
#5163=CARTESIAN_POINT('Ctrl Pts',(462.15126579257,55.153176254179,6.66370618894044));
#5164=CARTESIAN_POINT('Ctrl Pts',(462.151265792626,52.7083533493511,6.97682062104811));
#5165=CARTESIAN_POINT('Ctrl Pts',(456.017932459091,59.909333360251,5.37441232836748));
#5166=CARTESIAN_POINT('Ctrl Pts',(456.017932459145,57.5733786822164,6.12407035681183));
#5167=CARTESIAN_POINT('Ctrl Pts',(456.0179324592,55.1531762540422,6.66370618896219));
#5168=CARTESIAN_POINT('Ctrl Pts',(456.017932459256,52.7083533492143,6.97682062106986));
#5169=CARTESIAN_POINT('',(474.417932459203,52.7083533496261,6.97682062100581));
#5170=CARTESIAN_POINT('Ctrl Pts',(474.417932459365,52.7083533496247,6.9768206210046));
#5171=CARTESIAN_POINT('Ctrl Pts',(474.41793245931,55.1531762544526,6.66370618889693));
#5172=CARTESIAN_POINT('Ctrl Pts',(474.417932459255,57.5733786826268,6.12407035674657));
#5173=CARTESIAN_POINT('Ctrl Pts',(474.4179324592,59.9093333606614,5.37441232830222));
#5174=CARTESIAN_POINT('Ctrl Pts',(458.675276336151,52.7083533496625,6.97682062101019));
#5175=CARTESIAN_POINT('Ctrl Pts',(460.856161710535,52.7083533496625,6.9768206210088));
#5176=CARTESIAN_POINT('Ctrl Pts',(463.037047084927,52.7083533496625,6.97682062100741));
#5177=CARTESIAN_POINT('Ctrl Pts',(468.284599125996,52.7083533496625,6.97682062100406));
#5178=CARTESIAN_POINT('Ctrl Pts',(471.351265792682,52.708353349658,6.97682062100252));
#5179=CARTESIAN_POINT('Ctrl Pts',(474.417932459367,52.708353349658,6.97682062100057));
#5180=CARTESIAN_POINT('Origin',(457.692932459204,51.8833533496718,13.3879740340523));
#5181=CARTESIAN_POINT('',(457.692932459204,52.8833533496754,0.200000000005095));
#5182=CARTESIAN_POINT('',(457.692932459204,56.629367104174,0.200000000005099));
#5183=CARTESIAN_POINT('',(457.692932459202,52.8833533496754,6.954018696469));
#5184=CARTESIAN_POINT('Ctrl Pts',(457.692932459229,51.883352240412,7.07382874935871));
#5185=CARTESIAN_POINT('Ctrl Pts',(457.692932459222,52.2170565310203,7.03805373735546));
#5186=CARTESIAN_POINT('Ctrl Pts',(457.692932459214,52.5504419216795,6.99810412972397));
#5187=CARTESIAN_POINT('Ctrl Pts',(457.692932459207,52.8833518892833,6.95399103503934));
#5188=CARTESIAN_POINT('',(457.692932459204,52.8833533496754,13.3879740340523));
#5189=CARTESIAN_POINT('Ctrl Pts',(457.692932459173,54.3833533501223,6.7264512950486));
#5190=CARTESIAN_POINT('Ctrl Pts',(457.692932459203,53.058066040877,6.95308972502775));
#5191=CARTESIAN_POINT('Ctrl Pts',(457.692932459233,51.7213875424054,7.11330045355832));
#5192=CARTESIAN_POINT('Ctrl Pts',(457.692932459263,50.3833533491887,7.20637125324783));
#5193=CARTESIAN_POINT('Ctrl Pts',(456.35959912583,54.3833533500926,6.72645129505333));
#5194=CARTESIAN_POINT('Ctrl Pts',(456.35959912586,53.0580660408473,6.95308972503248));
#5195=CARTESIAN_POINT('Ctrl Pts',(456.35959912589,51.7213875423757,7.11330045356305));
#5196=CARTESIAN_POINT('Ctrl Pts',(456.35959912592,50.383353349159,7.20637125325256));
#5197=CARTESIAN_POINT('Ctrl Pts',(455.026265792487,54.3833533500628,6.72645129505805));
#5198=CARTESIAN_POINT('Ctrl Pts',(455.026265792517,53.0580660408175,6.95308972503721));
#5199=CARTESIAN_POINT('Ctrl Pts',(455.026265792547,51.721387542346,7.11330045356777));
#5200=CARTESIAN_POINT('Ctrl Pts',(455.026265792577,50.3833533491292,7.20637125325729));
#5201=CARTESIAN_POINT('Ctrl Pts',(453.692932459144,54.3833533500331,6.72645129506278));
#5202=CARTESIAN_POINT('Ctrl Pts',(453.692932459174,53.0580660407878,6.95308972504194));
#5203=CARTESIAN_POINT('Ctrl Pts',(453.692932459204,51.7213875423162,7.1133004535725));
#5204=CARTESIAN_POINT('Ctrl Pts',(453.692932459234,50.3833533490995,7.20637125326202));
#5205=CARTESIAN_POINT('Ctrl Pts',(456.192932459205,50.3833533496799,7.20637125321665));
#5206=CARTESIAN_POINT('Ctrl Pts',(456.192932459205,50.8841494158923,7.17153694882532));
#5207=CARTESIAN_POINT('Ctrl Pts',(456.192932459205,51.3842365041591,7.12735703642161));
#5208=CARTESIAN_POINT('Ctrl Pts',(456.192932459205,51.8833533496671,7.07385628661689));
#5209=CARTESIAN_POINT('',(455.192932459202,51.8833533496718,7.0738562866189));
#5210=CARTESIAN_POINT('Ctrl Pts',(455.192932459204,51.8833533496717,7.07385628661756));
#5211=CARTESIAN_POINT('Ctrl Pts',(455.192932459204,51.3842365041636,7.12735703642262));
#5212=CARTESIAN_POINT('Ctrl Pts',(455.192932459204,50.8841494158787,7.17153694882815));
#5213=CARTESIAN_POINT('Ctrl Pts',(455.192932459204,50.3833533496663,7.2063712532196));
#5214=CARTESIAN_POINT('Ctrl Pts',(453.692932459205,51.8833533496718,7.07385628661958));
#5215=CARTESIAN_POINT('Ctrl Pts',(454.192932459205,51.8833533496718,7.073856286619));
#5216=CARTESIAN_POINT('Ctrl Pts',(454.692932459209,51.8833533496718,7.07385628661842));
#5217=CARTESIAN_POINT('Ctrl Pts',(455.192932459208,51.8833533496718,7.07385628661784));
#5218=CARTESIAN_POINT('',(455.192932459208,52.8833533496754,6.95401869647062));
#5219=CARTESIAN_POINT('Ctrl Pts',(455.192932459202,52.88335334968,6.95401869647003));
#5220=CARTESIAN_POINT('Ctrl Pts',(454.692932459193,52.88335334968,6.95401869647026));
#5221=CARTESIAN_POINT('Ctrl Pts',(454.192932459187,52.8833533496754,6.95401869647044));
#5222=CARTESIAN_POINT('Ctrl Pts',(453.69293245918,52.8833533496754,6.95401869647074));
#5223=CARTESIAN_POINT('Ctrl Pts',(455.192932459204,54.3833533496809,6.72645129512342));
#5224=CARTESIAN_POINT('Ctrl Pts',(455.192932459204,53.8848139062338,6.81170691928184));
#5225=CARTESIAN_POINT('Ctrl Pts',(455.192932459204,53.3847253914883,6.88757574396405));
#5226=CARTESIAN_POINT('Ctrl Pts',(455.192932459204,52.8833533496573,6.95401869647269));
#5227=CARTESIAN_POINT('',(456.192932459201,52.8833533496754,6.95401869647045));
#5228=CARTESIAN_POINT('Ctrl Pts',(456.192932459205,52.8833533496662,6.95401869647092));
#5229=CARTESIAN_POINT('Ctrl Pts',(456.192932459205,53.3847253914928,6.88757574396304));
#5230=CARTESIAN_POINT('Ctrl Pts',(456.192932459205,53.8848139062383,6.81170691928105));
#5231=CARTESIAN_POINT('Ctrl Pts',(456.192932459205,54.3833533496807,6.72645129512372));
#5232=CARTESIAN_POINT('Ctrl Pts',(457.692932459204,52.8833533496754,6.95401869646859));
#5233=CARTESIAN_POINT('Ctrl Pts',(457.192932459209,52.8833533496754,6.95401869646888));
#5234=CARTESIAN_POINT('Ctrl Pts',(456.692932459216,52.88335334968,6.95401869646918));
#5235=CARTESIAN_POINT('Ctrl Pts',(456.192932459223,52.88335334968,6.95401869646947));
#5236=CARTESIAN_POINT('Ctrl Pts',(514.842932459175,54.3833533501225,6.72645129506386));
#5237=CARTESIAN_POINT('Ctrl Pts',(514.842932459205,53.0580660408741,6.95308972499981));
#5238=CARTESIAN_POINT('Ctrl Pts',(514.842932459236,51.7213875424028,7.11330045348705));
#5239=CARTESIAN_POINT('Ctrl Pts',(514.842932459266,50.3833533491894,7.20637125313375));
#5240=CARTESIAN_POINT('Ctrl Pts',(513.50959912583,54.3833533500928,6.72645129506859));
#5241=CARTESIAN_POINT('Ctrl Pts',(513.50959912586,53.0580660408444,6.95308972500454));
#5242=CARTESIAN_POINT('Ctrl Pts',(513.50959912589,51.721387542373,7.11330045349178));
#5243=CARTESIAN_POINT('Ctrl Pts',(513.50959912592,50.3833533491597,7.20637125313848));
#5244=CARTESIAN_POINT('Ctrl Pts',(512.176265792485,54.383353350063,6.72645129507332));
#5245=CARTESIAN_POINT('Ctrl Pts',(512.176265792515,53.0580660408147,6.95308972500926));
#5246=CARTESIAN_POINT('Ctrl Pts',(512.176265792545,51.7213875423433,7.1133004534965));
#5247=CARTESIAN_POINT('Ctrl Pts',(512.176265792575,50.3833533491299,7.20637125314321));
#5248=CARTESIAN_POINT('Ctrl Pts',(510.842932459139,54.3833533500333,6.72645129507805));
#5249=CARTESIAN_POINT('Ctrl Pts',(510.84293245917,53.0580660407849,6.95308972501399));
#5250=CARTESIAN_POINT('Ctrl Pts',(510.8429324592,51.7213875423135,7.11330045350123));
#5251=CARTESIAN_POINT('Ctrl Pts',(510.84293245923,50.3833533491002,7.20637125314794));
#5252=CARTESIAN_POINT('Ctrl Pts',(513.342932459207,52.88335334968,6.95401869643533));
#5253=CARTESIAN_POINT('Ctrl Pts',(513.342932459207,53.3847253915019,6.88757574394415));
#5254=CARTESIAN_POINT('Ctrl Pts',(513.342932459207,53.8848139062473,6.81170691927846));
#5255=CARTESIAN_POINT('Ctrl Pts',(513.342932459207,54.3833533496897,6.72645129513747));
#5256=CARTESIAN_POINT('Ctrl Pts',(513.342932459209,51.8833533496718,7.07385628655006));
#5257=CARTESIAN_POINT('Ctrl Pts',(513.84293245922,51.8833533496718,7.07385628654931));
#5258=CARTESIAN_POINT('Ctrl Pts',(514.342932459228,51.8833533496718,7.07385628654839));
#5259=CARTESIAN_POINT('Ctrl Pts',(514.842932459235,51.8833533496718,7.07385628654781));
#5260=CARTESIAN_POINT('',(512.34293245921,51.8833533496718,7.07385628655122));
#5261=CARTESIAN_POINT('Ctrl Pts',(512.342932459205,51.8833533496582,7.07385628655295));
#5262=CARTESIAN_POINT('Ctrl Pts',(512.342932459205,51.384236504141,7.12735703634277));
#5263=CARTESIAN_POINT('Ctrl Pts',(512.342932459205,50.8841494158787,7.17153694872989));
#5264=CARTESIAN_POINT('Ctrl Pts',(512.342932459205,50.38335334968,7.20637125310462));
#5265=CARTESIAN_POINT('Ctrl Pts',(510.842932459195,51.8833533496672,7.07385628655304));
#5266=CARTESIAN_POINT('Ctrl Pts',(511.342932459199,51.8833533496672,7.07385628655246));
#5267=CARTESIAN_POINT('Ctrl Pts',(511.842932459203,51.8833533496672,7.07385628655189));
#5268=CARTESIAN_POINT('Ctrl Pts',(512.342932459205,51.8833533496672,7.07385628655131));
#5269=CARTESIAN_POINT('Ctrl Pts',(493.467932459207,52.0583533500721,7.05471149768733));
#5270=CARTESIAN_POINT('Ctrl Pts',(493.467932459239,50.6339856598864,7.21368205565051));
#5271=CARTESIAN_POINT('Ctrl Pts',(493.467932459271,49.2033194226493,7.29627592068361));
#5272=CARTESIAN_POINT('Ctrl Pts',(493.467932459303,47.7784920530394,7.30312494959881));
#5273=CARTESIAN_POINT('Ctrl Pts',(487.334599125843,52.0583533499353,7.05471149770909));
#5274=CARTESIAN_POINT('Ctrl Pts',(487.334599125875,50.6339856597496,7.21368205567226));
#5275=CARTESIAN_POINT('Ctrl Pts',(487.334599125908,49.2033194225125,7.29627592070537));
#5276=CARTESIAN_POINT('Ctrl Pts',(487.334599125939,47.7784920529026,7.30312494962057));
#5277=CARTESIAN_POINT('Ctrl Pts',(481.20126579248,52.0583533497985,7.05471149773084));
#5278=CARTESIAN_POINT('Ctrl Pts',(481.201265792512,50.6339856596128,7.21368205569402));
#5279=CARTESIAN_POINT('Ctrl Pts',(481.201265792544,49.2033194223757,7.29627592072712));
#5280=CARTESIAN_POINT('Ctrl Pts',(481.201265792575,47.7784920527658,7.30312494964232));
#5281=CARTESIAN_POINT('Ctrl Pts',(475.067932459116,52.0583533496617,7.05471149775259));
#5282=CARTESIAN_POINT('Ctrl Pts',(475.067932459148,50.633985659476,7.21368205571577));
#5283=CARTESIAN_POINT('Ctrl Pts',(475.06793245918,49.2033194222389,7.29627592074888));
#5284=CARTESIAN_POINT('Ctrl Pts',(475.067932459211,47.778492052629,7.30312494966407));
#5285=CARTESIAN_POINT('',(475.067932459206,52.058353349662,7.0547114977528));
#5286=CARTESIAN_POINT('Ctrl Pts',(475.067932459116,52.0583533496617,7.05471149775259));
#5287=CARTESIAN_POINT('Ctrl Pts',(475.067932459148,50.633985659476,7.21368205571577));
#5288=CARTESIAN_POINT('Ctrl Pts',(475.06793245918,49.2033194222389,7.29627592074888));
#5289=CARTESIAN_POINT('Ctrl Pts',(475.067932459211,47.778492052629,7.30312494966407));
#5290=CARTESIAN_POINT('',(493.467932459209,52.0583533496483,7.05471149773462));
#5291=CARTESIAN_POINT('Ctrl Pts',(493.467932459207,52.0583533496483,7.05471149773519));
#5292=CARTESIAN_POINT('Ctrl Pts',(490.401265792525,52.0583533496483,7.0547114977383));
#5293=CARTESIAN_POINT('Ctrl Pts',(487.334599125843,52.0583533496483,7.0547114977414));
#5294=CARTESIAN_POINT('Ctrl Pts',(481.201265792481,52.0583533496483,7.05471149774761));
#5295=CARTESIAN_POINT('Ctrl Pts',(478.134599125797,52.0583533496483,7.05471149775111));
#5296=CARTESIAN_POINT('Ctrl Pts',(475.067932459179,52.0583533496483,7.05471149775421));
#5297=CARTESIAN_POINT('Ctrl Pts',(493.467932459303,47.7784920530394,7.30312494959881));
#5298=CARTESIAN_POINT('Ctrl Pts',(493.467932459271,49.2033194226493,7.29627592068361));
#5299=CARTESIAN_POINT('Ctrl Pts',(493.467932459239,50.6339856598864,7.21368205565051));
#5300=CARTESIAN_POINT('Ctrl Pts',(493.467932459207,52.0583533500721,7.05471149768733));
#5301=CARTESIAN_POINT('Ctrl Pts',(493.467932459205,59.9093333606693,5.3744123283685));
#5302=CARTESIAN_POINT('Ctrl Pts',(493.467932459259,57.573378682629,6.12407035678666));
#5303=CARTESIAN_POINT('Ctrl Pts',(493.467932459315,55.153176254453,6.66370618891001));
#5304=CARTESIAN_POINT('Ctrl Pts',(493.46793245937,52.7083533496268,6.97682062099119));
#5305=CARTESIAN_POINT('Ctrl Pts',(487.334599125814,59.9093333605325,5.37441232839025));
#5306=CARTESIAN_POINT('Ctrl Pts',(487.334599125868,57.5733786824922,6.12407035680842));
#5307=CARTESIAN_POINT('Ctrl Pts',(487.334599125924,55.1531762543161,6.66370618893176));
#5308=CARTESIAN_POINT('Ctrl Pts',(487.334599125979,52.70835334949,6.97682062101294));
#5309=CARTESIAN_POINT('Ctrl Pts',(481.201265792423,59.9093333603957,5.37441232841201));
#5310=CARTESIAN_POINT('Ctrl Pts',(481.201265792477,57.5733786823554,6.12407035683017));
#5311=CARTESIAN_POINT('Ctrl Pts',(481.201265792533,55.1531762541793,6.66370618895352));
#5312=CARTESIAN_POINT('Ctrl Pts',(481.201265792588,52.7083533493532,6.9768206210347));
#5313=CARTESIAN_POINT('Ctrl Pts',(475.067932459032,59.9093333602589,5.37441232843376));
#5314=CARTESIAN_POINT('Ctrl Pts',(475.067932459086,57.5733786822186,6.12407035685193));
#5315=CARTESIAN_POINT('Ctrl Pts',(475.067932459142,55.1531762540425,6.66370618897527));
#5316=CARTESIAN_POINT('Ctrl Pts',(475.067932459197,52.7083533492164,6.97682062105645));
#5317=CARTESIAN_POINT('',(475.067932459206,52.7083533496261,6.97682062100412));
#5318=CARTESIAN_POINT('Ctrl Pts',(475.067932459032,59.9093333602589,5.37441232843376));
#5319=CARTESIAN_POINT('Ctrl Pts',(475.067932459086,57.5733786822186,6.12407035685193));
#5320=CARTESIAN_POINT('Ctrl Pts',(475.067932459142,55.1531762540425,6.66370618897527));
#5321=CARTESIAN_POINT('Ctrl Pts',(475.067932459197,52.7083533492164,6.97682062105645));
#5322=CARTESIAN_POINT('',(493.467932459209,52.7083533496261,6.97682062099201));
#5323=CARTESIAN_POINT('Ctrl Pts',(493.46793245937,52.7083533496268,6.97682062099119));
#5324=CARTESIAN_POINT('Ctrl Pts',(493.467932459315,55.153176254453,6.66370618891001));
#5325=CARTESIAN_POINT('Ctrl Pts',(493.467932459259,57.573378682629,6.12407035678666));
#5326=CARTESIAN_POINT('Ctrl Pts',(493.467932459205,59.9093333606693,5.3744123283685));
#5327=CARTESIAN_POINT('Ctrl Pts',(475.067932459197,52.708353349658,6.97682062099991));
#5328=CARTESIAN_POINT('Ctrl Pts',(478.134599125892,52.708353349658,6.97682062099795));
#5329=CARTESIAN_POINT('Ctrl Pts',(481.20126579259,52.7083533496489,6.97682062099599));
#5330=CARTESIAN_POINT('Ctrl Pts',(487.334599125916,52.7083533496489,6.97682062099207));
#5331=CARTESIAN_POINT('Ctrl Pts',(490.401265792543,52.708353349658,6.97682062098952));
#5332=CARTESIAN_POINT('Ctrl Pts',(493.467932459184,52.708353349658,6.97682062098757));
#5333=CARTESIAN_POINT('Ctrl Pts',(516.970959796432,52.0583533496696,7.05471149770741));
#5334=CARTESIAN_POINT('Ctrl Pts',(516.970959796464,50.6339856596022,7.21368205562403));
#5335=CARTESIAN_POINT('Ctrl Pts',(516.970959796496,49.2033194224872,7.29627592062347));
#5336=CARTESIAN_POINT('Ctrl Pts',(516.970959796527,47.7784920529999,7.30312494951816));
#5337=CARTESIAN_POINT('Ctrl Pts',(515.703284017325,52.0583533496413,7.0547114977119));
#5338=CARTESIAN_POINT('Ctrl Pts',(515.703284017357,50.633985659574,7.21368205562853));
#5339=CARTESIAN_POINT('Ctrl Pts',(515.703284017389,49.2033194224589,7.29627592062796));
#5340=CARTESIAN_POINT('Ctrl Pts',(515.70328401742,47.7784920529716,7.30312494952266));
#5341=CARTESIAN_POINT('Ctrl Pts',(514.435608238218,52.058353349613,7.0547114977164));
#5342=CARTESIAN_POINT('Ctrl Pts',(514.43560823825,50.6339856595457,7.21368205563303));
#5343=CARTESIAN_POINT('Ctrl Pts',(514.435608238282,49.2033194224306,7.29627592063246));
#5344=CARTESIAN_POINT('Ctrl Pts',(514.435608238314,47.7784920529434,7.30312494952715));
#5345=CARTESIAN_POINT('Ctrl Pts',(513.167932459111,52.0583533495847,7.0547114977209));
#5346=CARTESIAN_POINT('Ctrl Pts',(513.167932459144,50.6339856595174,7.21368205563752));
#5347=CARTESIAN_POINT('Ctrl Pts',(513.167932459175,49.2033194224024,7.29627592063696));
#5348=CARTESIAN_POINT('Ctrl Pts',(513.167932459207,47.7784920529151,7.30312494953165));
#5349=CARTESIAN_POINT('',(515.825276336091,52.0583533496347,7.05471149771192));
#5350=CARTESIAN_POINT('',(513.167932459204,49.4010115027721,7.26265208582644));
#5351=CARTESIAN_POINT('Ctrl Pts',(515.82527633609,52.0583533496427,7.05471149771161));
#5352=CARTESIAN_POINT('Ctrl Pts',(515.808915326066,51.9082127969464,7.07146835592632));
#5353=CARTESIAN_POINT('Ctrl Pts',(515.781255625044,51.7596563652178,7.08718756917628));
#5354=CARTESIAN_POINT('Ctrl Pts',(515.742588745044,51.6139341923402,7.10181525721116));
#5355=CARTESIAN_POINT('Ctrl Pts',(515.702730966897,51.4637239339016,7.11689346224125));
#5356=CARTESIAN_POINT('Ctrl Pts',(515.651177550203,51.3165253706563,7.1308120002996));
#5357=CARTESIAN_POINT('Ctrl Pts',(515.588247779826,51.1737080011421,7.1435672245967));
#5358=CARTESIAN_POINT('Ctrl Pts',(515.576525381475,51.1471043430177,7.14594323549547));
#5359=CARTESIAN_POINT('Ctrl Pts',(515.564408231666,51.1206527059636,7.14827902605898));
#5360=CARTESIAN_POINT('Ctrl Pts',(515.551898394159,51.0943619360481,7.15057476752142));
#5361=CARTESIAN_POINT('Ctrl Pts',(515.472592266753,50.9276915738243,7.16512862282291));
#5362=CARTESIAN_POINT('Ctrl Pts',(515.378226154835,50.7690101394113,7.17793555847092));
#5363=CARTESIAN_POINT('Ctrl Pts',(515.270154095137,50.6202312661893,7.1891617339945));
#5364=CARTESIAN_POINT('Ctrl Pts',(515.150437946348,50.4554223990953,7.20159745977849));
#5365=CARTESIAN_POINT('Ctrl Pts',(515.013903280876,50.3027652059492,7.21209525921811));
#5366=CARTESIAN_POINT('Ctrl Pts',(514.86239065191,50.1648469916966,7.22093519972784));
#5367=CARTESIAN_POINT('Ctrl Pts',(514.72627532089,50.0409445585146,7.2288767913753));
#5368=CARTESIAN_POINT('Ctrl Pts',(514.579239662918,49.9300087854775,7.23541685631603));
#5369=CARTESIAN_POINT('Ctrl Pts',(514.423232931175,49.8333283927897,7.24081578364063));
#5370=CARTESIAN_POINT('Ctrl Pts',(514.300842762448,49.7574808351783,7.24505134206058));
#5371=CARTESIAN_POINT('Ctrl Pts',(514.172931173296,49.6904067776501,7.24858430852938));
#5372=CARTESIAN_POINT('Ctrl Pts',(514.040439354871,49.6327255047547,7.25151768845594));
#5373=CARTESIAN_POINT('Ctrl Pts',(513.900534765464,49.571817028316,7.25461518775119));
#5374=CARTESIAN_POINT('Ctrl Pts',(513.756392632824,49.5217616324465,7.25702650754397));
#5375=CARTESIAN_POINT('Ctrl Pts',(513.609300369583,49.482896514615,7.2588582827532));
#5376=CARTESIAN_POINT('Ctrl Pts',(513.46462343091,49.4446695804094,7.26065997934669));
#5377=CARTESIAN_POINT('Ctrl Pts',(513.317092451268,49.4172683632297,7.26190122199187));
#5378=CARTESIAN_POINT('Ctrl Pts',(513.1679324592,49.4010135327633,7.26263427255369));
#5379=CARTESIAN_POINT('',(516.813739061188,52.0583533496483,7.05471149771015));
#5380=CARTESIAN_POINT('Ctrl Pts',(516.813739061186,52.0583533496381,7.05471149771108));
#5381=CARTESIAN_POINT('Ctrl Pts',(516.484251486155,52.0583533496308,7.05471149771225));
#5382=CARTESIAN_POINT('Ctrl Pts',(516.154763911124,52.0583533496234,7.05471149771342));
#5383=CARTESIAN_POINT('Ctrl Pts',(515.825276336093,52.0583533496161,7.05471149771459));
#5384=CARTESIAN_POINT('Ctrl Pts',(516.970959796522,47.778492053003,7.30312494951814));
#5385=CARTESIAN_POINT('Ctrl Pts',(516.896915162892,49.2076083626036,7.29625530403846));
#5386=CARTESIAN_POINT('Ctrl Pts',(516.84217221588,50.636971832377,7.21334877542113));
#5387=CARTESIAN_POINT('Ctrl Pts',(516.813739061189,52.0583533496483,7.05471149770994));
#5388=CARTESIAN_POINT('Ctrl Pts',(513.167932459207,49.401009472781,7.2626698990992));
#5389=CARTESIAN_POINT('Ctrl Pts',(513.167932459207,48.8605017710006,7.28703615096026));
#5390=CARTESIAN_POINT('Ctrl Pts',(513.167932459207,48.3195531325055,7.30052411307306));
#5391=CARTESIAN_POINT('Ctrl Pts',(513.167932459207,47.7784920530121,7.30312494953118));
#5392=CARTESIAN_POINT('Origin',(398.042932459202,54.3833533496718,13.3879740340523));
#5393=CARTESIAN_POINT('',(398.042932459202,52.8833533496754,13.3879740340523));
#5394=CARTESIAN_POINT('Origin',(398.042932459202,52.8833533496754,13.3879740340523));
#5395=CARTESIAN_POINT('Origin',(399.042932459204,52.8833533496754,13.3879740340523));
#5396=CARTESIAN_POINT('',(399.042932459204,52.8833533496754,13.3879740340523));
#5397=CARTESIAN_POINT('Origin',(400.542932459202,52.8833533496754,13.3879740340523));
#5398=CARTESIAN_POINT('Origin',(396.542932459204,51.8833533496718,13.3879740340523));
#5399=CARTESIAN_POINT('Origin',(396.542932459204,51.8833533496718,13.3879740340523));
#5400=CARTESIAN_POINT('Origin',(446.692932459205,61.3753808586716,0.200000000005095));
#5401=CARTESIAN_POINT('',(456.192932459205,55.8793671041713,0.200000000005099));
#5402=CARTESIAN_POINT('',(456.192932459205,52.8833533496754,0.200000000005095));
#5403=CARTESIAN_POINT('',(452.192932459204,52.8833533496754,0.200000000005099));
#5404=CARTESIAN_POINT('',(456.192932459205,57.1293671041713,0.200000000005099));
#5405=CARTESIAN_POINT('',(455.192932459204,52.8833533496754,0.200000000005095));
#5406=CARTESIAN_POINT('',(455.192932459204,57.879367104174,0.200000000005099));
#5407=CARTESIAN_POINT('',(450.942932459204,52.8833533496754,0.200000000005099));
#5408=CARTESIAN_POINT('',(455.192932459204,51.8833533496718,0.200000000005095));
#5409=CARTESIAN_POINT('',(450.192932459204,51.8833533496718,0.200000000005099));
#5410=CARTESIAN_POINT('',(455.192932459204,56.629367104174,0.200000000005099));
#5411=CARTESIAN_POINT('Origin',(455.192932459204,54.3833533496718,13.3879740340523));
#5412=CARTESIAN_POINT('',(455.192932459204,52.8833533496754,13.3879740340523));
#5413=CARTESIAN_POINT('Origin',(455.192932459204,52.8833533496754,13.3879740340523));
#5414=CARTESIAN_POINT('Origin',(456.192932459205,52.8833533496754,13.3879740340523));
#5415=CARTESIAN_POINT('',(456.192932459205,52.8833533496754,13.3879740340523));
#5416=CARTESIAN_POINT('Origin',(457.692932459204,52.8833533496754,13.3879740340523));
#5417=CARTESIAN_POINT('Origin',(453.692932459205,51.8833533496718,13.3879740340523));
#5418=CARTESIAN_POINT('',(455.192932459204,51.8833533496718,13.3879740340523));
#5419=CARTESIAN_POINT('Origin',(455.192932459204,51.8833533496718,13.3879740340523));
#5420=CARTESIAN_POINT('Origin',(456.192932459205,50.3833533496754,13.3879740340523));
#5421=CARTESIAN_POINT('Ctrl Pts',(517.29681101323,49.2114814414962,8.67182958635723));
#5422=CARTESIAN_POINT('Ctrl Pts',(517.317433717545,48.7209965072022,8.69095244528286));
#5423=CARTESIAN_POINT('Ctrl Pts',(517.001952067871,47.8343676187366,8.70639473218003));
#5424=CARTESIAN_POINT('Ctrl Pts',(516.155763542584,47.4742613445884,8.7032693876761));
#5425=CARTESIAN_POINT('Ctrl Pts',(515.789510371459,47.4742613445893,8.70326938767742));
#5426=CARTESIAN_POINT('Ctrl Pts',(517.355596270272,49.2139642984157,8.67173278558037));
#5427=CARTESIAN_POINT('Ctrl Pts',(517.369845189059,48.7076537894793,8.69135606960873));
#5428=CARTESIAN_POINT('Ctrl Pts',(517.039293100583,47.8021974838274,8.70664717835636));
#5429=CARTESIAN_POINT('Ctrl Pts',(516.169594061418,47.4253897208026,8.7030427589895));
#5430=CARTESIAN_POINT('Ctrl Pts',(515.789510371458,47.4197899695788,8.7031206496464));
#5431=CARTESIAN_POINT('Ctrl Pts',(517.458028548811,49.2168120409584,8.63363949347772));
#5432=CARTESIAN_POINT('Ctrl Pts',(517.461548631082,48.6838593725427,8.66390746739878));
#5433=CARTESIAN_POINT('Ctrl Pts',(517.104574958069,47.7457744955651,8.68616400559291));
#5434=CARTESIAN_POINT('Ctrl Pts',(516.193671002157,47.3399799677019,8.67742653582068));
#5435=CARTESIAN_POINT('Ctrl Pts',(515.789510371458,47.3248545030137,8.67052149182362));
#5436=CARTESIAN_POINT('Ctrl Pts',(517.518182669669,49.21591918669,8.54547342582219));
#5437=CARTESIAN_POINT('Ctrl Pts',(517.524812723216,48.6689377564796,8.59447859172296));
#5438=CARTESIAN_POINT('Ctrl Pts',(517.154683159653,47.7024277068565,8.63388468648372));
#5439=CARTESIAN_POINT('Ctrl Pts',(516.209195886058,47.2785947870788,8.61426316111323));
#5440=CARTESIAN_POINT('Ctrl Pts',(515.789510371458,47.2639117148336,8.59339313848847));
#5441=CARTESIAN_POINT('Ctrl Pts',(517.532686234229,49.214908288916,8.5038089034732));
#5442=CARTESIAN_POINT('Ctrl Pts',(517.543897051174,48.6650767254367,8.55998880629717));
#5443=CARTESIAN_POINT('Ctrl Pts',(517.171793541669,47.6876714465467,8.60758651404563));
#5444=CARTESIAN_POINT('Ctrl Pts',(516.213472617865,47.2591235785647,8.58278993825647));
#5445=CARTESIAN_POINT('Ctrl Pts',(515.789510371457,47.2470980646234,8.55615975794042));
#5446=CARTESIAN_POINT('Ctrl Pts',(393.853178684298,49.2149082891203,8.50380890379515));
#5447=CARTESIAN_POINT('Ctrl Pts',(393.844770571598,48.8025346165286,8.54594383093778));
#5448=CARTESIAN_POINT('Ctrl Pts',(394.036963026781,48.1115422452726,8.58874601030416));
#5449=CARTESIAN_POINT('Ctrl Pts',(394.755022325576,47.4175228163135,8.59491167502783));
#5450=CARTESIAN_POINT('Ctrl Pts',(395.313713049546,47.2551150741123,8.57391321192136));
#5451=CARTESIAN_POINT('Ctrl Pts',(395.596354547159,47.2470980648127,8.55615975837635));
#5452=CARTESIAN_POINT('Ctrl Pts',(393.872516770378,49.2162561528234,8.55936160026041));
#5453=CARTESIAN_POINT('Ctrl Pts',(393.868760075028,48.8066917863204,8.59425635866517));
#5454=CARTESIAN_POINT('Ctrl Pts',(394.061060548679,48.1248608514771,8.62842936534135));
#5455=CARTESIAN_POINT('Ctrl Pts',(394.768591996487,47.4412020033948,8.6331224997095));
#5456=CARTESIAN_POINT('Ctrl Pts',(395.317494982503,47.2799339220585,8.61839750026865));
#5457=CARTESIAN_POINT('Ctrl Pts',(395.59635454716,47.2695162650946,8.60580426577623));
#5458=CARTESIAN_POINT('Ctrl Pts',(393.942021755807,49.2166059880703,8.64374505707032));
#5459=CARTESIAN_POINT('Ctrl Pts',(393.938399148199,48.8195835574611,8.66437342693965));
#5460=CARTESIAN_POINT('Ctrl Pts',(394.12163247768,48.158664525663,8.6844017986664));
#5461=CARTESIAN_POINT('Ctrl Pts',(394.802526290184,47.4995503945875,8.68695436074742));
#5462=CARTESIAN_POINT('Ctrl Pts',(395.329161575489,47.347365824301,8.68243978830828));
#5463=CARTESIAN_POINT('Ctrl Pts',(395.596354547161,47.3380978871316,8.67909848416));
#5464=CARTESIAN_POINT('Ctrl Pts',(394.044964962516,49.2133435844069,8.67175698609607));
#5465=CARTESIAN_POINT('Ctrl Pts',(394.033035477457,48.8366060240048,8.68643474449362));
#5466=CARTESIAN_POINT('Ctrl Pts',(394.198043628676,48.2014433230695,8.70155800591542));
#5467=CARTESIAN_POINT('Ctrl Pts',(394.845333710225,47.5725721291267,8.70391550926402));
#5468=CARTESIAN_POINT('Ctrl Pts',(395.345283621037,47.4361818549902,8.70315137567271));
#5469=CARTESIAN_POINT('Ctrl Pts',(395.596354547163,47.4334078135349,8.70315783459115));
#5470=CARTESIAN_POINT('Ctrl Pts',(394.089053905298,49.2114814417184,8.67182958667858));
#5471=CARTESIAN_POINT('Ctrl Pts',(394.073586877071,48.8436177410133,8.68617173089863));
#5472=CARTESIAN_POINT('Ctrl Pts',(394.230778243122,48.2196702225263,8.70120954260869));
#5473=CARTESIAN_POINT('Ctrl Pts',(394.863677377647,47.6038577677623,8.70389407266896));
#5474=CARTESIAN_POINT('Ctrl Pts',(395.352185766407,47.4742613447995,8.70326938811248));
#5475=CARTESIAN_POINT('Ctrl Pts',(395.596354547164,47.474261344795,8.7032693881116));
#5476=CARTESIAN_POINT('',(393.853178684296,49.2149082891183,8.50380890379499));
#5477=CARTESIAN_POINT('Origin',(394.089053905295,49.2017419265767,8.42201937502803));
#5478=CARTESIAN_POINT('Ctrl Pts',(393.853178684298,49.2149082891203,8.50380890379515));
#5479=CARTESIAN_POINT('Ctrl Pts',(393.844770571598,48.8025346165286,8.54594383093778));
#5480=CARTESIAN_POINT('Ctrl Pts',(394.036963026781,48.1115422452726,8.58874601030416));
#5481=CARTESIAN_POINT('Ctrl Pts',(394.755022325576,47.4175228163135,8.59491167502783));
#5482=CARTESIAN_POINT('Ctrl Pts',(395.313713049546,47.2551150741123,8.57391321192136));
#5483=CARTESIAN_POINT('Ctrl Pts',(395.596354547159,47.2470980648127,8.55615975837635));
#5484=CARTESIAN_POINT('Ctrl Pts',(393.997553830518,58.8699146364811,7.00784565596434));
#5485=CARTESIAN_POINT('Ctrl Pts',(394.02665195505,58.4438475382392,7.13358890103055));
#5486=CARTESIAN_POINT('Ctrl Pts',(394.046998615906,57.5545602187373,7.35947775596335));
#5487=CARTESIAN_POINT('Ctrl Pts',(394.057332957112,56.6728748144181,7.56052681219874));
#5488=CARTESIAN_POINT('Ctrl Pts',(394.05160296539,53.9859202884154,8.11598657725479));
#5489=CARTESIAN_POINT('Ctrl Pts',(393.96617386254,51.7153560766366,8.39459786521936));
#5490=CARTESIAN_POINT('Ctrl Pts',(393.859336504405,49.3588650826931,8.49760283403868));
#5491=CARTESIAN_POINT('Ctrl Pts',(393.856088622363,49.2872456270437,8.50055619728819));
#5492=CARTESIAN_POINT('Ctrl Pts',(393.853178684299,49.214908289121,8.50380890379504));
#5493=CARTESIAN_POINT('Ctrl Pts',(393.999043605201,58.8707870245685,7.01061051399792));
#5494=CARTESIAN_POINT('Ctrl Pts',(394.028156818523,58.4446432730367,7.13633913538132));
#5495=CARTESIAN_POINT('Ctrl Pts',(394.04847380845,57.5553003314618,7.36232932483301));
#5496=CARTESIAN_POINT('Ctrl Pts',(394.058779202522,56.6735424335762,7.56346756102064));
#5497=CARTESIAN_POINT('Ctrl Pts',(394.05294421612,53.9863985103385,8.11921622375711));
#5498=CARTESIAN_POINT('Ctrl Pts',(393.967414304883,51.7156520036435,8.3980127644715));
#5499=CARTESIAN_POINT('Ctrl Pts',(393.860540586925,49.358958458964,8.50108180342591));
#5500=CARTESIAN_POINT('Ctrl Pts',(393.857293963259,49.2873336200601,8.50403328960918));
#5501=CARTESIAN_POINT('Ctrl Pts',(393.854387314679,49.2149925306024,8.50728094732412));
#5502=CARTESIAN_POINT('Ctrl Pts',(394.002136622133,58.8725222143408,7.01608146413278));
#5503=CARTESIAN_POINT('Ctrl Pts',(394.031266851643,58.4461647939592,7.14176028209217));
#5504=CARTESIAN_POINT('Ctrl Pts',(394.051544881023,57.5567902587546,7.367982092483));
#5505=CARTESIAN_POINT('Ctrl Pts',(394.061788713676,56.6748424775222,7.56928319189506));
#5506=CARTESIAN_POINT('Ctrl Pts',(394.055765434629,53.9873611088971,8.12561660273921));
#5507=CARTESIAN_POINT('Ctrl Pts',(393.970047442718,51.7162120688315,8.40480401799658));
#5508=CARTESIAN_POINT('Ctrl Pts',(393.863102862817,49.3591364191285,8.50798509491306));
#5509=CARTESIAN_POINT('Ctrl Pts',(393.859858915425,49.2874991547375,8.51093449802769));
#5510=CARTESIAN_POINT('Ctrl Pts',(393.856958254006,49.2151523948544,8.51417070771907));
#5511=CARTESIAN_POINT('Ctrl Pts',(394.008764742813,58.8759503648592,7.02677711918643));
#5512=CARTESIAN_POINT('Ctrl Pts',(394.037937392266,58.4492432535783,7.1523904573242));
#5513=CARTESIAN_POINT('Ctrl Pts',(394.058135438352,57.5596888662998,7.37903226518712));
#5514=CARTESIAN_POINT('Ctrl Pts',(394.068287420098,56.6774253703796,7.58068343523885));
#5515=CARTESIAN_POINT('Ctrl Pts',(394.061943650524,53.9892107163342,8.13817896709342));
#5516=CARTESIAN_POINT('Ctrl Pts',(393.975895349456,51.7173169190206,8.41812725108694));
#5517=CARTESIAN_POINT('Ctrl Pts',(393.868830095913,49.3594544843651,8.52155785733601));
#5518=CARTESIAN_POINT('Ctrl Pts',(393.865590453777,49.2877959765002,8.52450036809653));
#5519=CARTESIAN_POINT('Ctrl Pts',(393.862700639162,49.2154375561785,8.52771513857463));
#5520=CARTESIAN_POINT('Ctrl Pts',(394.017864525326,58.8801438317631,7.03964366935208));
#5521=CARTESIAN_POINT('Ctrl Pts',(394.047048420145,58.4528558860769,7.16513645200638));
#5522=CARTESIAN_POINT('Ctrl Pts',(394.067221146428,57.5632551885651,7.3923603269149));
#5523=CARTESIAN_POINT('Ctrl Pts',(394.077273355743,56.6804959912867,7.59441419084695));
#5524=CARTESIAN_POINT('Ctrl Pts',(394.0706622285,53.9914617100927,8.15336753789565));
#5525=CARTESIAN_POINT('Ctrl Pts',(393.984296145681,51.7185597311454,8.43431046955224));
#5526=CARTESIAN_POINT('Ctrl Pts',(393.877106345145,49.3597811535927,8.53801599622686));
#5527=CARTESIAN_POINT('Ctrl Pts',(393.873871756675,49.2880936052165,8.54095338549424));
#5528=CARTESIAN_POINT('Ctrl Pts',(393.870992154436,49.2157271195962,8.5441381965461));
#5529=CARTESIAN_POINT('Ctrl Pts',(394.030011148039,58.8850043213802,7.0542071589551));
#5530=CARTESIAN_POINT('Ctrl Pts',(394.059201708043,58.4570787178459,7.17959376974372));
#5531=CARTESIAN_POINT('Ctrl Pts',(394.079380205078,57.5673181332921,7.40746695795708));
#5532=CARTESIAN_POINT('Ctrl Pts',(394.089379143419,56.6840228835137,7.61001744871224));
#5533=CARTESIAN_POINT('Ctrl Pts',(394.082624142752,53.9939628760013,8.17068423918679));
#5534=CARTESIAN_POINT('Ctrl Pts',(393.996014864485,51.7199244629082,8.45278791455984));
#5535=CARTESIAN_POINT('Ctrl Pts',(393.888730566699,49.3600567161511,8.55683887611157));
#5536=CARTESIAN_POINT('Ctrl Pts',(393.885499820877,49.288339750511,8.55976760317917));
#5537=CARTESIAN_POINT('Ctrl Pts',(393.882628532388,49.2159670701967,8.5629177875308));
#5538=CARTESIAN_POINT('Ctrl Pts',(394.043329947946,58.8896520116708,7.06776053424734));
#5539=CARTESIAN_POINT('Ctrl Pts',(394.072483986113,58.4610049026284,7.19303947941151));
#5540=CARTESIAN_POINT('Ctrl Pts',(394.092753585071,57.5711821359878,7.42156148036835));
#5541=CARTESIAN_POINT('Ctrl Pts',(394.102737498838,56.6872995105986,7.62458024934627));
#5542=CARTESIAN_POINT('Ctrl Pts',(394.096031122035,53.996281406022,8.18690250530399));
#5543=CARTESIAN_POINT('Ctrl Pts',(394.009326084966,51.721089026977,8.47014990371732));
#5544=CARTESIAN_POINT('Ctrl Pts',(393.901992145134,49.360210220195,8.57451385607422));
#5545=CARTESIAN_POINT('Ctrl Pts',(393.898764245067,49.2884647099189,8.57743565735597));
#5546=CARTESIAN_POINT('Ctrl Pts',(393.895896369798,49.2160932965079,8.58055052457076));
#5547=CARTESIAN_POINT('Ctrl Pts',(394.096018483266,58.9058935652156,7.11377994566569));
#5548=CARTESIAN_POINT('Ctrl Pts',(394.125138216228,58.4752846083132,7.23893676134597));
#5549=CARTESIAN_POINT('Ctrl Pts',(394.145691625687,57.584256212196,7.46945204453449));
#5550=CARTESIAN_POINT('Ctrl Pts',(394.155926226054,56.6987876700809,7.67429499972239));
#5551=CARTESIAN_POINT('Ctrl Pts',(394.149911862552,54.0038227098738,8.24241010910892));
#5552=CARTESIAN_POINT('Ctrl Pts',(394.0632784044,51.7250136287418,8.52950726143725));
#5553=CARTESIAN_POINT('Ctrl Pts',(393.955977625684,49.3603479559978,8.63515564999757));
#5554=CARTESIAN_POINT('Ctrl Pts',(393.95274873884,49.2885332604717,8.63803236681184));
#5555=CARTESIAN_POINT('Ctrl Pts',(393.949883548738,49.2161677306122,8.64103389993128));
#5556=CARTESIAN_POINT('Ctrl Pts',(394.160851012522,58.9160681786451,7.1356517378718));
#5557=CARTESIAN_POINT('Ctrl Pts',(394.188201753895,58.4778772888684,7.25931066641386));
#5558=CARTESIAN_POINT('Ctrl Pts',(394.211781204402,57.5936017788998,7.49332977253103));
#5559=CARTESIAN_POINT('Ctrl Pts',(394.222000632202,56.7024525441439,7.6980594172304));
#5560=CARTESIAN_POINT('Ctrl Pts',(394.220041761492,54.0084015360548,8.27005570077654));
#5561=CARTESIAN_POINT('Ctrl Pts',(394.135969391879,51.723208841622,8.5610721473695));
#5562=CARTESIAN_POINT('Ctrl Pts',(394.029094978213,49.358401413826,8.66590618827922));
#5563=CARTESIAN_POINT('Ctrl Pts',(394.02588494485,49.2863959211714,8.668903872626));
#5564=CARTESIAN_POINT('Ctrl Pts',(394.022920491126,49.2142746557518,8.6717206858047));
#5565=CARTESIAN_POINT('Ctrl Pts',(394.219420446638,58.9194156672678,7.13470681780112));
#5566=CARTESIAN_POINT('Ctrl Pts',(394.246389978458,58.4797405753379,7.25881711834004));
#5567=CARTESIAN_POINT('Ctrl Pts',(394.271047497956,57.5949033965265,7.49301697789682));
#5568=CARTESIAN_POINT('Ctrl Pts',(394.282196331037,56.7028094761836,7.6979851210103));
#5569=CARTESIAN_POINT('Ctrl Pts',(394.28338846185,54.0069746529345,8.27036140021794));
#5570=CARTESIAN_POINT('Ctrl Pts',(394.20143162274,51.7206840278328,8.56135171846455));
#5571=CARTESIAN_POINT('Ctrl Pts',(394.095314888288,49.3554182488346,8.66603276048207));
#5572=CARTESIAN_POINT('Ctrl Pts',(394.092080145799,49.2834567438413,8.66902343820189));
#5573=CARTESIAN_POINT('Ctrl Pts',(394.089053905299,49.2114814417189,8.67182958667847));
#5574=CARTESIAN_POINT('',(393.997553830518,58.8699146364843,7.00784565596501));
#5575=CARTESIAN_POINT('Origin',(394.219420446639,58.8515002538725,6.89410861202436));
#5576=CARTESIAN_POINT('Ctrl Pts',(393.997553830518,58.8699146364811,7.00784565596434));
#5577=CARTESIAN_POINT('Ctrl Pts',(394.02665195505,58.4438475382392,7.13358890103055));
#5578=CARTESIAN_POINT('Ctrl Pts',(394.046998615906,57.5545602187373,7.35947775596335));
#5579=CARTESIAN_POINT('Ctrl Pts',(394.057332957112,56.6728748144181,7.56052681219874));
#5580=CARTESIAN_POINT('Ctrl Pts',(394.05160296539,53.9859202884154,8.11598657725479));
#5581=CARTESIAN_POINT('Ctrl Pts',(393.96617386254,51.7153560766366,8.39459786521936));
#5582=CARTESIAN_POINT('Ctrl Pts',(393.859336504405,49.3588650826931,8.49760283403868));
#5583=CARTESIAN_POINT('Ctrl Pts',(393.856088622363,49.2872456270437,8.50055619728819));
#5584=CARTESIAN_POINT('Ctrl Pts',(393.853178684299,49.214908289121,8.50380890379504));
#5585=CARTESIAN_POINT('Ctrl Pts',(515.670173635286,60.6536331922968,6.60437105137569));
#5586=CARTESIAN_POINT('Ctrl Pts',(515.920404301922,60.6536331922966,6.60437105137671));
#5587=CARTESIAN_POINT('Ctrl Pts',(516.421026003955,60.5211447141672,6.64836179640659));
#5588=CARTESIAN_POINT('Ctrl Pts',(517.048677909362,59.8986063586265,6.84828956565303));
#5589=CARTESIAN_POINT('Ctrl Pts',(517.188696161101,59.2821773830374,7.03230741825819));
#5590=CARTESIAN_POINT('Ctrl Pts',(517.166444471586,58.9194156671416,7.13470681817399));
#5591=CARTESIAN_POINT('Ctrl Pts',(515.670173635287,60.7063247841952,6.58700117149017));
#5592=CARTESIAN_POINT('Ctrl Pts',(515.93023985581,60.7006656903826,6.58875729129536));
#5593=CARTESIAN_POINT('Ctrl Pts',(516.444897149118,60.5567479203489,6.63669479986959));
#5594=CARTESIAN_POINT('Ctrl Pts',(517.087980276511,59.9174350707775,6.84248631691882));
#5595=CARTESIAN_POINT('Ctrl Pts',(517.236242080022,59.2889568649182,7.03034472130018));
#5596=CARTESIAN_POINT('Ctrl Pts',(517.2185061908,58.9164401217011,7.13554674712523));
#5597=CARTESIAN_POINT('Ctrl Pts',(515.670173635287,60.7877041693581,6.52480243379792));
#5598=CARTESIAN_POINT('Ctrl Pts',(515.947355307419,60.7748266069396,6.53685191138827));
#5599=CARTESIAN_POINT('Ctrl Pts',(516.486650807747,60.6131870350658,6.59830285841768));
#5600=CARTESIAN_POINT('Ctrl Pts',(517.156692565112,59.9449408688532,6.81462192664227));
#5601=CARTESIAN_POINT('Ctrl Pts',(517.319395957523,59.2941369790728,7.00449872681613));
#5602=CARTESIAN_POINT('Ctrl Pts',(517.30937220121,58.9032169319177,7.10856616510487));
#5603=CARTESIAN_POINT('Ctrl Pts',(515.670173635287,60.8207854534325,6.43018047750892));
#5604=CARTESIAN_POINT('Ctrl Pts',(515.9581753973,60.8133315366406,6.45613646048244));
#5605=CARTESIAN_POINT('Ctrl Pts',(516.518913721222,60.647037584656,6.53618545839354));
#5606=CARTESIAN_POINT('Ctrl Pts',(517.210737522656,59.9564674427298,6.76132223183981));
#5607=CARTESIAN_POINT('Ctrl Pts',(517.380794955408,59.2852121603833,6.94601497868451));
#5608=CARTESIAN_POINT('Ctrl Pts',(517.370433791512,58.8803832934182,7.04102395273622));
#5609=CARTESIAN_POINT('Ctrl Pts',(515.670173635287,60.8244120546593,6.3887282358077));
#5610=CARTESIAN_POINT('Ctrl Pts',(515.961073094189,60.8217188955494,6.41951118529044));
#5611=CARTESIAN_POINT('Ctrl Pts',(516.529969298694,60.6564438172854,6.5071377989556));
#5612=CARTESIAN_POINT('Ctrl Pts',(517.229624286124,59.9581242379836,6.73546750886116));
#5613=CARTESIAN_POINT('Ctrl Pts',(517.400854236485,59.2790125208441,6.91714353689466));
#5614=CARTESIAN_POINT('Ctrl Pts',(517.388311087708,58.8699146363725,7.00784565633251));
#5615=CARTESIAN_POINT('Ctrl Pts',(395.715691282767,60.8244120546907,6.38872823534117));
#5616=CARTESIAN_POINT('Ctrl Pts',(395.497516688594,60.8223921853591,6.4118154474527));
#5617=CARTESIAN_POINT('Ctrl Pts',(395.068414116664,60.7305046152463,6.47221615270311));
#5618=CARTESIAN_POINT('Ctrl Pts',(394.245050540061,60.1685844710255,6.67529396705947));
#5619=CARTESIAN_POINT('Ctrl Pts',(393.980829632163,59.4153784825475,6.88690949664868));
#5620=CARTESIAN_POINT('Ctrl Pts',(393.997553830513,58.8699146366261,7.00784565593243));
#5621=CARTESIAN_POINT('Ctrl Pts',(395.715691282767,60.8195765863888,6.44399789093967));
#5622=CARTESIAN_POINT('Ctrl Pts',(395.500397555154,60.8127340284402,6.46222610486359));
#5623=CARTESIAN_POINT('Ctrl Pts',(395.079250510089,60.7177407920542,6.51424104428614));
#5624=CARTESIAN_POINT('Ctrl Pts',(394.269294592318,60.1626401659932,6.70876581449743));
#5625=CARTESIAN_POINT('Ctrl Pts',(394.008602887332,59.4217570508874,6.92341888499602));
#5626=CARTESIAN_POINT('Ctrl Pts',(394.021390225441,58.8838728460223,7.05208338446749));
#5627=CARTESIAN_POINT('Ctrl Pts',(395.715691282767,60.7776779028035,6.53746351449042));
#5628=CARTESIAN_POINT('Ctrl Pts',(395.509599653796,60.7684559680969,6.54474146436499));
#5629=CARTESIAN_POINT('Ctrl Pts',(395.105918334839,60.6764205492541,6.58045470627075));
#5630=CARTESIAN_POINT('Ctrl Pts',(394.323968013371,60.1423507077213,6.75857210314936));
#5631=CARTESIAN_POINT('Ctrl Pts',(394.074526135166,59.4236014513126,6.97585651062598));
#5632=CARTESIAN_POINT('Ctrl Pts',(394.089224782767,58.9060577434254,7.11584672721071));
#5633=CARTESIAN_POINT('Ctrl Pts',(395.715691282766,60.6931518862651,6.5913436409883));
#5634=CARTESIAN_POINT('Ctrl Pts',(395.522497047008,60.6900125272304,6.59235963878384));
#5635=CARTESIAN_POINT('Ctrl Pts',(395.139179104848,60.611501864428,6.6182458268153));
#5636=CARTESIAN_POINT('Ctrl Pts',(394.388908591259,60.1078160538207,6.78280668935057));
#5637=CARTESIAN_POINT('Ctrl Pts',(394.155182226412,59.4106170784018,6.99605825598275));
#5638=CARTESIAN_POINT('Ctrl Pts',(394.18037415722,58.9171840083168,7.13533676447803));
#5639=CARTESIAN_POINT('Ctrl Pts',(395.715691282766,60.6536331923445,6.6043710509044));
#5640=CARTESIAN_POINT('Ctrl Pts',(395.528018282795,60.6536331923451,6.60437105090348));
#5641=CARTESIAN_POINT('Ctrl Pts',(395.153430564825,60.5815868921215,6.62804809422887));
#5642=CARTESIAN_POINT('Ctrl Pts',(394.416733544001,60.0913527146995,6.78790663980856));
#5643=CARTESIAN_POINT('Ctrl Pts',(394.189751527292,59.4030979552225,6.99817428451472));
#5644=CARTESIAN_POINT('Ctrl Pts',(394.219420446629,58.919415667396,7.13470681776499));
#5645=CARTESIAN_POINT('Ctrl Pts',(395.715691282767,60.8244120546907,6.38872823534117));
#5646=CARTESIAN_POINT('Ctrl Pts',(395.497516688594,60.8223921853591,6.4118154474527));
#5647=CARTESIAN_POINT('Ctrl Pts',(395.068414116664,60.7305046152463,6.47221615270311));
#5648=CARTESIAN_POINT('Ctrl Pts',(394.245050540061,60.1685844710255,6.67529396705947));
#5649=CARTESIAN_POINT('Ctrl Pts',(393.980829632163,59.4153784825475,6.88690949664868));
#5650=CARTESIAN_POINT('Ctrl Pts',(393.997553830513,58.8699146366261,7.00784565593243));
#5651=CARTESIAN_POINT('Ctrl Pts',(516.76759800222,47.8100219694646,7.87480151277686));
#5652=CARTESIAN_POINT('Ctrl Pts',(517.753106391862,46.7040978185389,5.24812481582729));
#5653=CARTESIAN_POINT('Ctrl Pts',(518.738926335539,45.593603415508,2.62353311182047));
#5654=CARTESIAN_POINT('Ctrl Pts',(519.724672365156,44.4805860735869,3.07365244367475E-12));
#5655=CARTESIAN_POINT('Ctrl Pts',(516.778230715652,51.8862245184299,7.17229556983385));
#5656=CARTESIAN_POINT('Ctrl Pts',(517.763203681975,51.1900028926029,4.76186275299793));
#5657=CARTESIAN_POINT('Ctrl Pts',(518.748780739082,50.4883014366808,2.35332722010098));
#5658=CARTESIAN_POINT('Ctrl Pts',(519.734210544861,49.7837419535838,-0.0542334555544195));
#5659=CARTESIAN_POINT('Ctrl Pts',(516.792252381105,55.9612853976662,6.46286656126146));
#5660=CARTESIAN_POINT('Ctrl Pts',(517.776512730172,55.6753629960279,4.26943605934461));
#5661=CARTESIAN_POINT('Ctrl Pts',(518.761566277066,55.382768604104,2.07764395772474));
#5662=CARTESIAN_POINT('Ctrl Pts',(519.746496867447,55.0868709337162,-0.113422002339395));
#5663=CARTESIAN_POINT('Ctrl Pts',(516.818663173224,60.0339131979403,5.73868340364748));
#5664=CARTESIAN_POINT('Ctrl Pts',(517.799758694471,60.1597448383739,3.7649474367442));
#5665=CARTESIAN_POINT('Ctrl Pts',(518.782726926884,60.2768185381649,1.79172381900137));
#5666=CARTESIAN_POINT('Ctrl Pts',(519.766081069135,60.3899516723362,-0.181496879940301));
#5667=CARTESIAN_POINT('',(518.008270486687,52.0583533496392,4.07267212794902));
#5668=CARTESIAN_POINT('Ctrl Pts',(518.008124474748,52.0583971358685,4.07272414362662));
#5669=CARTESIAN_POINT('Ctrl Pts',(517.906060761508,52.0583961389273,4.3227692648261));
#5670=CARTESIAN_POINT('Ctrl Pts',(517.804444165722,52.0583941080806,4.57280760480603));
#5671=CARTESIAN_POINT('Ctrl Pts',(517.703342417832,52.0583913840882,4.8227329315859));
#5672=CARTESIAN_POINT('Ctrl Pts',(517.403462012225,52.0583833043866,5.56404265105631));
#5673=CARTESIAN_POINT('Ctrl Pts',(517.106257255432,52.0583677797522,6.30894110905028));
#5674=CARTESIAN_POINT('Ctrl Pts',(516.813588248677,52.0583661388417,7.05478863172353));
#5675=CARTESIAN_POINT('',(517.984442247382,52.7083533496398,4.07267212794901));
#5676=CARTESIAN_POINT('Ctrl Pts',(518.008124474748,52.0583971358806,4.07272414362581));
#5677=CARTESIAN_POINT('Ctrl Pts',(518.000282985553,52.2754442762824,4.07272625471561));
#5678=CARTESIAN_POINT('Ctrl Pts',(517.992337358561,52.4921413740379,4.07272752870925));
#5679=CARTESIAN_POINT('Ctrl Pts',(517.98428590772,52.7083991833078,4.07272845631728));
#5680=CARTESIAN_POINT('Ctrl Pts',(516.802447606847,52.7083676728768,6.97690737235739));
#5681=CARTESIAN_POINT('Ctrl Pts',(517.08986612885,52.708368439129,6.25715594836744));
#5682=CARTESIAN_POINT('Ctrl Pts',(517.381359140361,52.7083841205671,5.53817033981498));
#5683=CARTESIAN_POINT('Ctrl Pts',(517.675065044921,52.7083926922264,4.82273872994033));
#5684=CARTESIAN_POINT('Ctrl Pts',(517.77764876377,52.7083956860807,4.57285735546457));
#5685=CARTESIAN_POINT('Ctrl Pts',(517.880747012794,52.708397839639,4.32281379464639));
#5686=CARTESIAN_POINT('Ctrl Pts',(517.984285907719,52.708399183311,4.07272845631882));
#5687=CARTESIAN_POINT('Ctrl Pts',(395.733301796867,47.3584134923784,8.80266480776185));
#5688=CARTESIAN_POINT('Ctrl Pts',(394.103178684313,46.0333934448025,5.86844320517566));
#5689=CARTESIAN_POINT('Ctrl Pts',(392.473055571759,44.7083733972267,2.93422160258948));
#5690=CARTESIAN_POINT('Ctrl Pts',(390.842932459205,43.3833533496509,3.30513394430909E-12));
#5691=CARTESIAN_POINT('Ctrl Pts',(395.17077027703,47.3584134923721,8.80266480776285));
#5692=CARTESIAN_POINT('Ctrl Pts',(393.703950091744,46.0351348454128,5.86811925277019));
#5693=CARTESIAN_POINT('Ctrl Pts',(392.234952819404,44.7066319966094,2.93454555499596));
#5694=CARTESIAN_POINT('Ctrl Pts',(390.768132634119,43.38335334965,3.30513394430909E-12));
#5695=CARTESIAN_POINT('Ctrl Pts',(394.196962769473,47.8246187693621,8.7276157423233));
#5696=CARTESIAN_POINT('Ctrl Pts',(393.01062452491,46.3647000065269,5.81848932060825));
#5697=CARTESIAN_POINT('Ctrl Pts',(391.824983679005,44.9060524226978,2.90912642171836));
#5698=CARTESIAN_POINT('Ctrl Pts',(390.638645434443,43.4461336598625,3.30513394430909E-12));
#5699=CARTESIAN_POINT('Ctrl Pts',(393.853178684295,48.7983118309238,8.57087201182122));
#5700=CARTESIAN_POINT('Ctrl Pts',(392.766847297122,47.0576600799494,5.7139702914334));
#5701=CARTESIAN_POINT('Ctrl Pts',(391.679263846375,45.3179052318122,2.85690172039112));
#5702=CARTESIAN_POINT('Ctrl Pts',(390.592932459202,43.5772534808378,3.30513394430909E-12));
#5703=CARTESIAN_POINT('Ctrl Pts',(393.853178684298,49.214908289134,8.50380890379302));
#5704=CARTESIAN_POINT('Ctrl Pts',(392.766429942599,47.3543899759735,5.66920593586311));
#5705=CARTESIAN_POINT('Ctrl Pts',(391.679681200901,45.493871662813,2.83460296793321));
#5706=CARTESIAN_POINT('Ctrl Pts',(390.592932459202,43.6333533496525,3.30513394430909E-12));
#5707=CARTESIAN_POINT('',(393.592932459203,48.7693656819465,7.82500000000365));
#5708=CARTESIAN_POINT('Ctrl Pts',(394.055364824614,49.5610517924676,9.03117775311995));
#5709=CARTESIAN_POINT('Ctrl Pts',(392.901220702811,47.5851523115281,6.02078516874773));
#5710=CARTESIAN_POINT('Ctrl Pts',(391.747076581007,45.6092528305886,3.01039258437552));
#5711=CARTESIAN_POINT('Ctrl Pts',(390.592932459203,43.6333533496491,3.30513394430909E-12));
#5712=CARTESIAN_POINT('Ctrl Pts',(394.055364824614,50.5852751606548,8.86499292964497));
#5713=CARTESIAN_POINT('Ctrl Pts',(392.901220702811,48.3116011215691,5.90999528643108));
#5714=CARTESIAN_POINT('Ctrl Pts',(391.747076581007,46.0379270824834,2.95499764321719));
#5715=CARTESIAN_POINT('Ctrl Pts',(390.592932459203,43.7642530433976,3.30513394430909E-12));
#5716=CARTESIAN_POINT('Ctrl Pts',(394.055364824614,57.8072577311235,7.29302477561725));
#5717=CARTESIAN_POINT('Ctrl Pts',(392.901220702811,58.8723230393882,4.86201651707927));
#5718=CARTESIAN_POINT('Ctrl Pts',(391.747076581007,59.9373883476529,2.43100825854129));
#5719=CARTESIAN_POINT('Ctrl Pts',(390.592932459203,61.0024536559177,3.30513394430909E-12));
#5720=CARTESIAN_POINT('Ctrl Pts',(394.055364824614,58.8314810993059,7.12683995214337));
#5721=CARTESIAN_POINT('Ctrl Pts',(392.901220702811,59.5987718494215,4.75122663476335));
#5722=CARTESIAN_POINT('Ctrl Pts',(391.747076581007,60.3660625995371,2.37561331738333));
#5723=CARTESIAN_POINT('Ctrl Pts',(390.592932459203,61.1333533496528,3.30513394430909E-12));
#5724=CARTESIAN_POINT('',(393.592932459203,59.1389124415582,6.17500000000727));
#5725=CARTESIAN_POINT('Ctrl Pts',(393.997553830518,58.8699146364741,7.00784565596663));
#5726=CARTESIAN_POINT('Ctrl Pts',(392.862680040079,59.6243942075329,4.67189710397886));
#5727=CARTESIAN_POINT('Ctrl Pts',(391.727806249641,60.3788737785916,2.33594855199108));
#5728=CARTESIAN_POINT('Ctrl Pts',(390.592932459202,61.1333533496504,3.30513394430909E-12));
#5729=CARTESIAN_POINT('Ctrl Pts',(393.997553830517,59.3024751489932,6.9378127581257));
#5730=CARTESIAN_POINT('Ctrl Pts',(392.863115876527,59.9317800457647,4.62515042562254));
#5731=CARTESIAN_POINT('Ctrl Pts',(391.727370413192,60.5601483216933,2.31266233250646));
#5732=CARTESIAN_POINT('Ctrl Pts',(390.592932459202,61.1894532184648,3.30513394430909E-12));
#5733=CARTESIAN_POINT('Ctrl Pts',(394.35453888035,60.313478734962,6.77412812024551));
#5734=CARTESIAN_POINT('Ctrl Pts',(393.115665414304,60.6496188015167,4.5160031821512));
#5735=CARTESIAN_POINT('Ctrl Pts',(391.877519070761,60.9844327684777,2.25812493809762));
#5736=CARTESIAN_POINT('Ctrl Pts',(390.638645604714,61.3205728350324,3.30513394430909E-12));
#5737=CARTESIAN_POINT('Ctrl Pts',(395.365734524988,60.7975506615767,6.69575536359502));
#5738=CARTESIAN_POINT('Ctrl Pts',(393.833958393401,60.9909997083222,4.46417520722019));
#5739=CARTESIAN_POINT('Ctrl Pts',(392.299908765705,61.189904302906,2.23158015637813));
#5740=CARTESIAN_POINT('Ctrl Pts',(390.768132634118,61.3833533496514,3.30513394430909E-12));
#5741=CARTESIAN_POINT('Ctrl Pts',(395.94986451619,60.7975506615725,6.69575536359569));
#5742=CARTESIAN_POINT('Ctrl Pts',(394.247553830528,60.9928182242653,4.4638369090649));
#5743=CARTESIAN_POINT('Ctrl Pts',(392.545243144866,61.1880857869581,2.2319184545341));
#5744=CARTESIAN_POINT('Ctrl Pts',(390.842932459204,61.3833533496509,3.30513394430909E-12));
#5745=CARTESIAN_POINT('Origin',(513.342932459207,51.8833533496718,13.3879740340523));
#5746=CARTESIAN_POINT('Origin',(512.342932459205,51.8833533496718,13.3879740340523));
#5747=CARTESIAN_POINT('',(512.342932459205,51.8833533496718,13.3879740340523));
#5748=CARTESIAN_POINT('Origin',(510.842932459207,51.8833533496718,13.3879740340523));
#5749=CARTESIAN_POINT('Origin',(513.342932459207,52.8833533496754,13.3879740340523));
#5750=CARTESIAN_POINT('Origin',(512.842932459207,52.3833533496736,13.3879740340523));
#5751=CARTESIAN_POINT('',(512.842932459207,55.3833533496736,4.07267212794902));
#5752=CARTESIAN_POINT('',(512.842932459207,55.3833533496736,13.3879740340523));
#5753=CARTESIAN_POINT('',(513.167932459207,55.3656972265617,4.07267212794902));
#5754=CARTESIAN_POINT('Origin',(512.842932459207,52.3833533496736,4.07267212794902));
#5755=CARTESIAN_POINT('',(513.167932459207,55.3656972265617,13.3879740340523));
#5756=CARTESIAN_POINT('',(515.825276336097,52.7083533496398,4.07267212794902));
#5757=CARTESIAN_POINT('Ctrl Pts',(515.825276336097,52.7083533496398,4.072672127949));
#5758=CARTESIAN_POINT('Ctrl Pts',(515.825276336097,52.7083533496398,4.32267212794901));
#5759=CARTESIAN_POINT('Ctrl Pts',(515.825276336097,52.7083533496398,4.57267212794901));
#5760=CARTESIAN_POINT('Ctrl Pts',(515.825276336097,52.7083533496398,4.82267212794902));
#5761=CARTESIAN_POINT('Ctrl Pts',(515.825276336097,52.7083533496398,5.54072162562445));
#5762=CARTESIAN_POINT('Ctrl Pts',(515.825276336097,52.7083533496352,6.2587711232999));
#5763=CARTESIAN_POINT('Ctrl Pts',(515.825276336097,52.7083533496261,6.97682062097534));
#5764=CARTESIAN_POINT('',(515.825276336091,52.0583533496347,4.07267212794902));
#5765=CARTESIAN_POINT('Origin',(512.842932459207,52.3833533496736,4.07267212794902));
#5766=CARTESIAN_POINT('',(515.825276336091,52.0583533496347,13.3879740340523));
#5767=CARTESIAN_POINT('',(513.167932459207,49.4010094727855,4.07267212794902));
#5768=CARTESIAN_POINT('',(513.167932459207,49.4010094727855,13.3879740340523));
#5769=CARTESIAN_POINT('',(512.517932459205,49.4010094727855,4.07267212794902));
#5770=CARTESIAN_POINT('Origin',(512.842932459207,52.3833533496736,4.07267212794902));
#5771=CARTESIAN_POINT('',(512.517932459205,49.4010094727855,13.3879740340523));
#5772=CARTESIAN_POINT('',(509.860588582324,52.0583533496347,13.3879740340523));
#5773=CARTESIAN_POINT('Ctrl Pts',(509.860588582319,52.7083533496352,6.97682062097774));
#5774=CARTESIAN_POINT('Ctrl Pts',(509.860588582319,52.7083533496352,6.2587711233015));
#5775=CARTESIAN_POINT('Ctrl Pts',(509.860588582314,52.7083533496398,5.54072162562525));
#5776=CARTESIAN_POINT('Ctrl Pts',(509.860588582314,52.7083533496398,4.82267212794901));
#5777=CARTESIAN_POINT('Ctrl Pts',(509.860588582314,52.7083533496398,4.57267212794901));
#5778=CARTESIAN_POINT('Ctrl Pts',(509.860588582314,52.7083533496398,4.32267212794901));
#5779=CARTESIAN_POINT('Ctrl Pts',(509.860588582314,52.7083533496398,4.07267212794901));
#5780=CARTESIAN_POINT('Ctrl Pts',(509.860588582314,52.7083533496398,4.01510546128235));
#5781=CARTESIAN_POINT('Ctrl Pts',(509.860588582314,52.7083533496398,3.95753879461568));
#5782=CARTESIAN_POINT('Ctrl Pts',(509.860588582314,52.7083533496398,3.89997212794902));
#5783=CARTESIAN_POINT('Ctrl Pts',(509.860588582314,52.7083533496398,3.83330546128235));
#5784=CARTESIAN_POINT('Ctrl Pts',(509.860588582314,52.7083533496398,3.76663879461568));
#5785=CARTESIAN_POINT('Ctrl Pts',(509.860588582314,52.7083533496398,3.69997212794902));
#5786=CARTESIAN_POINT('',(512.517932459205,55.3656972265617,4.07267212794902));
#5787=CARTESIAN_POINT('',(512.517932459205,55.3656972265617,13.3879740340523));
#5788=CARTESIAN_POINT('Origin',(512.842932459207,52.3833533496736,4.07267212794902));
#5789=CARTESIAN_POINT('Origin',(455.692932459197,52.7083533496625,4.07267212794902));
#5790=CARTESIAN_POINT('',(513.167932459207,52.5458533496658,4.07267212794902));
#5791=CARTESIAN_POINT('',(512.517932459205,52.5458533496658,4.07267212794902));
#5792=CARTESIAN_POINT('Origin',(513.167932459207,52.38335334966,6.32267212794902));
#5793=CARTESIAN_POINT('Origin',(512.517932459205,52.38335334966,6.32267212794902));
#5794=CARTESIAN_POINT('Origin',(455.692932459197,52.7083533496625,4.07267212794902));
#5795=CARTESIAN_POINT('',(512.517932459205,52.5458533496658,4.07267212794902));
#5796=CARTESIAN_POINT('',(513.167932459207,52.5458533496658,4.07267212794902));
#5797=CARTESIAN_POINT('Origin',(512.517932459205,52.38335334966,6.32267212794902));
#5798=CARTESIAN_POINT('Origin',(513.167932459207,52.38335334966,6.32267212794902));
#5799=CARTESIAN_POINT('Ctrl Pts',(398.867932459193,52.7083533496943,2.94767212794902));
#5800=CARTESIAN_POINT('Ctrl Pts',(398.867932459193,52.7083533496943,4.82267212794902));
#5801=CARTESIAN_POINT('Ctrl Pts',(398.867932459193,52.7083533496943,7.82267212794902));
#5802=CARTESIAN_POINT('Ctrl Pts',(398.867932459193,52.7083533496943,15.322672127949));
#5803=CARTESIAN_POINT('Ctrl Pts',(446.692932459198,52.7083533496716,2.94767212794902));
#5804=CARTESIAN_POINT('Ctrl Pts',(446.692932459198,52.7083533496716,4.82267212794902));
#5805=CARTESIAN_POINT('Ctrl Pts',(446.692932459198,52.7083533496716,7.82267212794902));
#5806=CARTESIAN_POINT('Ctrl Pts',(446.692932459198,52.7083533496716,15.322672127949));
#5807=CARTESIAN_POINT('Ctrl Pts',(464.692932459197,52.7083533496625,2.94767212794902));
#5808=CARTESIAN_POINT('Ctrl Pts',(464.692932459197,52.7083533496625,4.82267212794902));
#5809=CARTESIAN_POINT('Ctrl Pts',(464.692932459197,52.7083533496625,7.82267212794902));
#5810=CARTESIAN_POINT('Ctrl Pts',(464.692932459197,52.7083533496625,15.322672127949));
#5811=CARTESIAN_POINT('Ctrl Pts',(607.042970929342,52.7083533496034,2.94767212794902));
#5812=CARTESIAN_POINT('Ctrl Pts',(607.042970929342,52.7083533496034,4.82267212794902));
#5813=CARTESIAN_POINT('Ctrl Pts',(607.042970929342,52.7083533496034,7.82267212794902));
#5814=CARTESIAN_POINT('Ctrl Pts',(607.042970929342,52.7083533496034,15.322672127949));
#5815=CARTESIAN_POINT('Origin',(455.692932459197,52.058353349662,6.32267212794902));
#5816=CARTESIAN_POINT('Origin',(493.467932459207,52.38335334966,6.32267212794902));
#5817=CARTESIAN_POINT('',(493.467932459207,52.7083533496261,6.32267212794902));
#5818=CARTESIAN_POINT('Origin',(493.467932459207,52.38335334966,6.32267212794902));
#5819=CARTESIAN_POINT('',(493.467932459207,52.0583533496483,6.32267212794902));
#5820=CARTESIAN_POINT('Ctrl Pts',(398.867932459193,52.7083533496943,2.94767212794902));
#5821=CARTESIAN_POINT('Ctrl Pts',(398.867932459193,52.7083533496943,4.82267212794902));
#5822=CARTESIAN_POINT('Ctrl Pts',(398.867932459193,52.7083533496943,7.82267212794902));
#5823=CARTESIAN_POINT('Ctrl Pts',(398.867932459193,52.7083533496943,15.322672127949));
#5824=CARTESIAN_POINT('Ctrl Pts',(446.692932459198,52.7083533496716,2.94767212794902));
#5825=CARTESIAN_POINT('Ctrl Pts',(446.692932459198,52.7083533496716,4.82267212794902));
#5826=CARTESIAN_POINT('Ctrl Pts',(446.692932459198,52.7083533496716,7.82267212794902));
#5827=CARTESIAN_POINT('Ctrl Pts',(446.692932459198,52.7083533496716,15.322672127949));
#5828=CARTESIAN_POINT('Ctrl Pts',(464.692932459197,52.7083533496625,2.94767212794902));
#5829=CARTESIAN_POINT('Ctrl Pts',(464.692932459197,52.7083533496625,4.82267212794902));
#5830=CARTESIAN_POINT('Ctrl Pts',(464.692932459197,52.7083533496625,7.82267212794902));
#5831=CARTESIAN_POINT('Ctrl Pts',(464.692932459197,52.7083533496625,15.322672127949));
#5832=CARTESIAN_POINT('Ctrl Pts',(607.042970929342,52.7083533496034,2.94767212794902));
#5833=CARTESIAN_POINT('Ctrl Pts',(607.042970929342,52.7083533496034,4.82267212794902));
#5834=CARTESIAN_POINT('Ctrl Pts',(607.042970929342,52.7083533496034,7.82267212794902));
#5835=CARTESIAN_POINT('Ctrl Pts',(607.042970929342,52.7083533496034,15.322672127949));
#5836=CARTESIAN_POINT('',(475.067932459206,52.7083533496261,6.32267212794902));
#5837=CARTESIAN_POINT('Origin',(455.692932459197,52.058353349662,6.32267212794902));
#5838=CARTESIAN_POINT('',(475.067932459206,52.0583533496529,6.32267212794902));
#5839=CARTESIAN_POINT('Origin',(475.067932459206,52.38335334966,6.32267212794902));
#5840=CARTESIAN_POINT('Origin',(475.067932459206,52.38335334966,6.32267212794902));
#5841=CARTESIAN_POINT('Origin',(474.417932459203,52.38335334966,6.32267212794902));
#5842=CARTESIAN_POINT('',(474.417932459203,52.7083533496261,6.32267212794902));
#5843=CARTESIAN_POINT('Origin',(474.417932459203,52.38335334966,6.32267212794902));
#5844=CARTESIAN_POINT('',(474.417932459203,52.0583533496529,6.32267212794902));
#5845=CARTESIAN_POINT('Ctrl Pts',(398.867932459193,52.7083533496943,2.94767212794902));
#5846=CARTESIAN_POINT('Ctrl Pts',(398.867932459193,52.7083533496943,4.82267212794902));
#5847=CARTESIAN_POINT('Ctrl Pts',(398.867932459193,52.7083533496943,7.82267212794902));
#5848=CARTESIAN_POINT('Ctrl Pts',(398.867932459193,52.7083533496943,15.322672127949));
#5849=CARTESIAN_POINT('Ctrl Pts',(446.692932459198,52.7083533496716,2.94767212794902));
#5850=CARTESIAN_POINT('Ctrl Pts',(446.692932459198,52.7083533496716,4.82267212794902));
#5851=CARTESIAN_POINT('Ctrl Pts',(446.692932459198,52.7083533496716,7.82267212794902));
#5852=CARTESIAN_POINT('Ctrl Pts',(446.692932459198,52.7083533496716,15.322672127949));
#5853=CARTESIAN_POINT('Ctrl Pts',(464.692932459197,52.7083533496625,2.94767212794902));
#5854=CARTESIAN_POINT('Ctrl Pts',(464.692932459197,52.7083533496625,4.82267212794902));
#5855=CARTESIAN_POINT('Ctrl Pts',(464.692932459197,52.7083533496625,7.82267212794902));
#5856=CARTESIAN_POINT('Ctrl Pts',(464.692932459197,52.7083533496625,15.322672127949));
#5857=CARTESIAN_POINT('Ctrl Pts',(607.042970929342,52.7083533496034,2.94767212794902));
#5858=CARTESIAN_POINT('Ctrl Pts',(607.042970929342,52.7083533496034,4.82267212794902));
#5859=CARTESIAN_POINT('Ctrl Pts',(607.042970929342,52.7083533496034,7.82267212794902));
#5860=CARTESIAN_POINT('Ctrl Pts',(607.042970929342,52.7083533496034,15.322672127949));
#5861=CARTESIAN_POINT('Origin',(455.692932459197,52.058353349662,6.32267212794902));
#5862=CARTESIAN_POINT('Ctrl Pts',(398.867932459193,52.7083533496943,2.94767212794902));
#5863=CARTESIAN_POINT('Ctrl Pts',(398.867932459193,52.7083533496943,4.82267212794902));
#5864=CARTESIAN_POINT('Ctrl Pts',(398.867932459193,52.7083533496943,7.82267212794902));
#5865=CARTESIAN_POINT('Ctrl Pts',(398.867932459193,52.7083533496943,15.322672127949));
#5866=CARTESIAN_POINT('Ctrl Pts',(446.692932459198,52.7083533496716,2.94767212794902));
#5867=CARTESIAN_POINT('Ctrl Pts',(446.692932459198,52.7083533496716,4.82267212794902));
#5868=CARTESIAN_POINT('Ctrl Pts',(446.692932459198,52.7083533496716,7.82267212794902));
#5869=CARTESIAN_POINT('Ctrl Pts',(446.692932459198,52.7083533496716,15.322672127949));
#5870=CARTESIAN_POINT('Ctrl Pts',(464.692932459197,52.7083533496625,2.94767212794902));
#5871=CARTESIAN_POINT('Ctrl Pts',(464.692932459197,52.7083533496625,4.82267212794902));
#5872=CARTESIAN_POINT('Ctrl Pts',(464.692932459197,52.7083533496625,7.82267212794902));
#5873=CARTESIAN_POINT('Ctrl Pts',(464.692932459197,52.7083533496625,15.322672127949));
#5874=CARTESIAN_POINT('Ctrl Pts',(607.042970929342,52.7083533496034,2.94767212794902));
#5875=CARTESIAN_POINT('Ctrl Pts',(607.042970929342,52.7083533496034,4.82267212794902));
#5876=CARTESIAN_POINT('Ctrl Pts',(607.042970929342,52.7083533496034,7.82267212794902));
#5877=CARTESIAN_POINT('Ctrl Pts',(607.042970929342,52.7083533496034,15.322672127949));
#5878=CARTESIAN_POINT('Ctrl Pts',(515.825276336093,52.7083533496489,4.07267212794902));
#5879=CARTESIAN_POINT('Ctrl Pts',(516.544998306522,52.7083533496489,4.07267212794901));
#5880=CARTESIAN_POINT('Ctrl Pts',(517.264720276958,52.7083533496489,4.07267212794901));
#5881=CARTESIAN_POINT('Ctrl Pts',(517.984442247387,52.7083533496489,4.07267212794901));
#5882=CARTESIAN_POINT('Origin',(455.692932459197,52.058353349662,6.32267212794902));
#5883=CARTESIAN_POINT('',(455.692932459197,52.058353349662,4.07267212794902));
#5884=CARTESIAN_POINT('Origin',(455.692932459197,52.7083533496625,4.07267212794902));
#5885=UNCERTAINTY_MEASURE_WITH_UNIT(LENGTH_MEASURE(0.01),#5889,
'DISTANCE_ACCURACY_VALUE',
'Maximum model space distance between geometric entities at asserted c
onnectivities');
#5886=UNCERTAINTY_MEASURE_WITH_UNIT(LENGTH_MEASURE(0.01),#5889,
'DISTANCE_ACCURACY_VALUE',
'Maximum model space distance between geometric entities at asserted c
onnectivities');
#5887=(
GEOMETRIC_REPRESENTATION_CONTEXT(3)
GLOBAL_UNCERTAINTY_ASSIGNED_CONTEXT((#5885))
GLOBAL_UNIT_ASSIGNED_CONTEXT((#5889,#5891,#5892))
REPRESENTATION_CONTEXT('','3D')
);
#5888=(
GEOMETRIC_REPRESENTATION_CONTEXT(3)
GLOBAL_UNCERTAINTY_ASSIGNED_CONTEXT((#5886))
GLOBAL_UNIT_ASSIGNED_CONTEXT((#5889,#5891,#5892))
REPRESENTATION_CONTEXT('','3D')
);
#5889=(
LENGTH_UNIT()
NAMED_UNIT(*)
SI_UNIT(.MILLI.,.METRE.)
);
#5890=(
LENGTH_UNIT()
NAMED_UNIT(*)
SI_UNIT($,.METRE.)
);
#5891=(
NAMED_UNIT(*)
PLANE_ANGLE_UNIT()
SI_UNIT($,.RADIAN.)
);
#5892=(
NAMED_UNIT(*)
SI_UNIT($,.STERADIAN.)
SOLID_ANGLE_UNIT()
);
#5893=SHAPE_DEFINITION_REPRESENTATION(#5894,#5895);
#5894=PRODUCT_DEFINITION_SHAPE('',$,#5897);
#5895=SHAPE_REPRESENTATION('',(#2596,#2583),#5887);
#5896=PRODUCT_DEFINITION_CONTEXT('part definition',#5901,'design');
#5897=PRODUCT_DEFINITION(
'_CHERRYMX CAD_CAM KEYCAPS.0a65399a-5414-456f-92bb-ff9080eeff1a',
'_CHERRYMX CAD_CAM KEYCAPS.0a65399a-5414-456f-92bb-ff9080eeff1a',#5898,
#5896);
#5898=PRODUCT_DEFINITION_FORMATION('',$,#5903);
#5899=PRODUCT_RELATED_PRODUCT_CATEGORY(
'_CHERRYMX CAD_CAM KEYCAPS.0a65399a-5414-456f-92bb-ff9080eeff1a',
'_CHERRYMX CAD_CAM KEYCAPS.0a65399a-5414-456f-92bb-ff9080eeff1a',(#5903));
#5900=APPLICATION_PROTOCOL_DEFINITION('international standard',
'automotive_design',2009,#5901);
#5901=APPLICATION_CONTEXT(
'Core Data for Automotive Mechanical Design Process');
#5902=PRODUCT_CONTEXT('part definition',#5901,'mechanical');
#5903=PRODUCT(
'_CHERRYMX CAD_CAM KEYCAPS.0a65399a-5414-456f-92bb-ff9080eeff1a',
'_CHERRYMX CAD_CAM KEYCAPS.0a65399a-5414-456f-92bb-ff9080eeff1a',$,(#5902));
#5904=PRESENTATION_STYLE_ASSIGNMENT((#5906));
#5905=PRESENTATION_STYLE_ASSIGNMENT((#5907));
#5906=SURFACE_STYLE_USAGE(.BOTH.,#5908);
#5907=SURFACE_STYLE_USAGE(.BOTH.,#5909);
#5908=SURFACE_SIDE_STYLE('',(#5910));
#5909=SURFACE_SIDE_STYLE('',(#5911));
#5910=SURFACE_STYLE_FILL_AREA(#5912);
#5911=SURFACE_STYLE_FILL_AREA(#5913);
#5912=FILL_AREA_STYLE('Steel - Satin',(#5914));
#5913=FILL_AREA_STYLE('Generic',(#5915));
#5914=FILL_AREA_STYLE_COLOUR('Steel - Satin',#5916);
#5915=FILL_AREA_STYLE_COLOUR('Generic',#5917);
#5916=COLOUR_RGB('Steel - Satin',0.627450980392157,0.627450980392157,0.627450980392157);
#5917=COLOUR_RGB('Generic',1.,1.,1.);
ENDSEC;
END-ISO-10303-21;
